ts_local,ts_unix,muestra_id,boot_id,episodio_id,luz_raw,luz_mv,temp_aire_c,hum_aire_pct,suelo_raw,suelo_mv,termistor_raw,termistor_mv,hora_del_dia,es_noche,etiqueta,etiqueta_origen,observacion_manual,wifi_rssi,errores
2026-09-12 19:48:02-03:00,1789253282,2,16,1,1923,1667.0,21.0,47.0,1099,1018.0,4095,3124.0,19.8,False,marchita,corregida,False,-91,
2026-09-12 19:48:32-03:00,1789253312,3,16,1,1911,1662.0,21.0,47.0,1102,1015.0,4095,3124.0,19.8,False,marchita,corregida,False,-93,
2026-09-12 19:49:02-03:00,1789253342,4,16,1,1911,1666.0,21.0,47.0,1098,1015.0,4095,3124.0,19.816666666666663,False,marchita,corregida,False,-87,
2026-09-12 19:49:32-03:00,1789253372,5,16,1,1920,1665.0,21.0,47.0,1105,1019.0,4095,3124.0,19.816666666666663,False,marchita,corregida,False,-87,
2026-09-12 19:52:08-03:00,1789253528,6,16,1,1923,1674.0,21.0,47.0,1104,1019.0,4095,3124.0,19.866666666666667,False,marchita,corregida,False,-95,
2026-09-12 19:52:35-03:00,1789253555,7,16,1,1919,1668.0,21.0,47.0,1094,1013.0,4095,3124.0,19.866666666666667,False,marchita,corregida,False,-95,
2026-09-12 19:53:08-03:00,1789253588,8,16,1,1920,1667.0,21.0,47.0,1095,1016.0,4095,3124.0,19.883333333333333,False,marchita,corregida,False,-88,
2026-09-12 19:53:35-03:00,1789253615,9,16,1,1918,1671.0,21.0,47.0,1097,1016.0,4095,3124.0,19.883333333333333,False,marchita,corregida,False,-91,
2026-09-12 19:54:05-03:00,1789253645,10,16,1,1915,1668.0,21.0,47.0,1101,1015.0,4095,3124.0,19.9,False,marchita,corregida,False,-90,
2026-09-12 19:54:38-03:00,1789253678,11,16,1,1915,1666.0,21.0,47.0,1102,1019.0,4095,3124.0,19.9,False,marchita,corregida,False,-91,
2026-09-12 19:55:06-03:00,1789253706,12,16,1,1927,1668.0,21.0,47.0,1103,1019.0,4095,3124.0,19.916666666666668,False,marchita,corregida,False,-90,
2026-09-12 19:55:36-03:00,1789253736,13,16,1,1914,1669.0,21.0,47.0,1093,1015.0,4095,3124.0,19.916666666666668,False,marchita,corregida,False,-95,
2026-09-12 19:56:08-03:00,1789253768,14,16,1,1927,1671.0,21.0,47.0,1093,1016.0,4095,3124.0,19.933333333333334,False,marchita,corregida,False,-89,
2026-09-12 19:56:36-03:00,1789253796,15,16,1,1909,1668.0,21.0,47.0,1098,1019.0,4095,3124.0,19.933333333333334,False,marchita,corregida,False,-91,
2026-09-12 19:57:06-03:00,1789253826,16,16,1,1915,1667.0,21.0,47.0,1099,1015.0,4095,3124.0,19.95,False,marchita,corregida,False,-94,
2026-09-12 19:57:36-03:00,1789253856,17,16,1,1920,1665.0,21.0,47.0,1099,1013.0,4095,3124.0,19.95,False,marchita,corregida,False,-92,
2026-09-12 19:58:06-03:00,1789253886,18,16,1,1915,1666.0,21.0,47.0,1102,1015.0,4095,3124.0,19.966666666666665,False,marchita,corregida,False,-91,
2026-09-12 19:58:36-03:00,1789253916,19,16,1,1906,1664.0,21.0,47.0,1098,1013.0,4095,3124.0,19.966666666666665,False,marchita,corregida,False,-91,
2026-09-12 19:59:08-03:00,1789253948,20,16,1,1917,1661.0,21.0,47.0,1094,1015.0,4095,3124.0,19.98333333333333,False,marchita,corregida,False,-91,
2026-09-12 19:59:38-03:00,1789253978,21,16,1,1912,1660.0,21.0,47.0,1104,1019.0,4095,3124.0,19.98333333333333,False,marchita,corregida,False,-88,
2026-09-12 20:00:06-03:00,1789254006,22,16,1,1953,1693.0,21.0,47.0,1098,1015.0,4095,3124.0,20.0,True,marchita,corregida,False,-93,
2026-09-12 20:00:36-03:00,1789254036,23,16,1,1931,1674.0,21.0,47.0,1099,1017.0,4095,3124.0,20.0,True,marchita,corregida,False,-90,
2026-09-12 20:01:06-03:00,1789254066,24,16,1,1915,1659.0,21.0,47.0,1095,1013.0,4095,3124.0,20.016666666666666,True,marchita,corregida,False,-89,
2026-09-12 20:01:36-03:00,1789254096,25,16,1,1915,1668.0,21.0,47.0,1098,1015.0,4095,3124.0,20.016666666666666,True,marchita,corregida,False,-89,
2026-09-12 20:02:08-03:00,1789254128,26,16,1,1917,1667.0,21.0,47.0,1100,1015.0,4095,3124.0,20.03333333333333,True,marchita,corregida,False,-90,
2026-09-12 20:02:36-03:00,1789254156,27,16,1,1907,1660.0,21.0,47.0,1098,1013.0,4095,3124.0,20.03333333333333,True,marchita,corregida,False,-91,
2026-09-12 20:03:06-03:00,1789254186,28,16,1,1922,1670.0,21.0,47.0,1104,1019.0,4095,3124.0,20.05,True,marchita,corregida,False,-93,
2026-09-12 20:03:36-03:00,1789254216,29,16,1,1910,1661.0,21.0,47.0,1101,1018.0,4095,3124.0,20.05,True,marchita,corregida,False,-90,
2026-09-12 20:04:06-03:00,1789254246,30,16,1,1912,1664.0,21.0,47.0,1097,1015.0,4095,3124.0,20.066666666666663,True,marchita,corregida,False,-91,
2026-09-12 20:06:43-03:00,1789254403,31,16,1,1913,1668.0,21.0,47.0,1097,1015.0,4095,3124.0,20.1,True,marchita,corregida,False,-93,
2026-09-12 20:07:14-03:00,1789254434,32,16,1,1918,1665.0,21.0,47.0,1096,1015.0,4095,3124.0,20.116666666666667,True,marchita,corregida,False,-93,
2026-09-12 20:07:42-03:00,1789254462,33,16,1,1918,1668.0,21.0,47.0,1095,1015.0,4095,3124.0,20.116666666666667,True,marchita,corregida,False,-87,
2026-09-12 20:08:12-03:00,1789254492,34,16,1,1915,1668.0,21.0,47.0,1102,1015.0,4095,3124.0,20.133333333333333,True,marchita,corregida,False,-91,
2026-09-12 20:08:42-03:00,1789254522,35,16,1,1913,1668.0,21.0,47.0,1104,1020.0,4095,3124.0,20.133333333333333,True,marchita,corregida,False,-92,
2026-09-12 20:09:12-03:00,1789254552,36,16,1,1910,1660.0,21.0,47.0,1096,1016.0,4095,3124.0,20.15,True,marchita,corregida,False,-92,
2026-09-12 20:09:42-03:00,1789254582,37,16,1,1915,1661.0,21.0,47.0,1099,1016.0,4095,3124.0,20.15,True,marchita,corregida,False,-93,
2026-09-12 20:10:14-03:00,1789254614,38,16,1,1909,1664.0,21.0,47.0,1102,1019.0,4095,3124.0,20.166666666666668,True,marchita,corregida,False,-91,
2026-09-12 20:10:42-03:00,1789254642,39,16,1,1906,1660.0,21.0,47.0,1101,1015.0,4095,3124.0,20.166666666666668,True,marchita,corregida,False,-94,
2026-09-12 20:11:12-03:00,1789254672,40,16,1,1942,1691.0,21.0,47.0,1099,1016.0,4095,3124.0,20.183333333333334,True,marchita,corregida,False,-91,
2026-09-12 20:11:44-03:00,1789254704,41,16,1,1936,1683.0,21.0,47.0,1101,1018.0,4095,3124.0,20.183333333333334,True,marchita,corregida,False,-89,
2026-09-12 20:12:12-03:00,1789254732,42,16,1,1918,1668.0,21.0,47.0,1102,1015.0,4095,3124.0,20.2,True,marchita,corregida,False,-88,
2026-09-12 20:12:42-03:00,1789254762,43,16,1,1909,1658.0,21.0,47.0,1091,1011.0,4095,3124.0,20.2,True,marchita,corregida,False,-90,
2026-09-12 20:13:12-03:00,1789254792,44,16,1,1910,1659.0,21.0,47.0,1099,1015.0,4095,3124.0,20.216666666666665,True,marchita,corregida,False,-92,
2026-09-12 20:13:42-03:00,1789254822,45,16,1,1915,1664.0,21.0,47.0,1098,1015.0,4095,3124.0,20.216666666666665,True,marchita,corregida,False,-92,
2026-09-12 20:14:12-03:00,1789254852,46,16,1,1909,1662.0,21.0,47.0,1089,1010.0,4095,3124.0,20.23333333333333,True,marchita,corregida,False,-90,
2026-09-12 20:14:44-03:00,1789254884,47,16,1,1918,1667.0,21.0,47.0,1097,1012.0,4095,3124.0,20.23333333333333,True,marchita,corregida,False,-88,
2026-09-12 20:15:12-03:00,1789254912,48,16,1,1910,1662.0,21.0,47.0,1089,1008.0,4095,3124.0,20.25,True,marchita,corregida,False,-96,
2026-09-12 20:15:44-03:00,1789254944,49,16,1,1917,1667.0,21.0,47.0,1091,1009.0,4095,3124.0,20.25,True,marchita,corregida,False,-90,
2026-09-12 20:16:12-03:00,1789254972,50,16,1,1918,1668.0,21.0,47.0,1100,1014.0,4095,3124.0,20.266666666666666,True,marchita,corregida,False,-88,
2026-09-12 20:16:42-03:00,1789255002,51,16,1,1919,1668.0,21.0,47.0,1090,1011.0,4095,3124.0,20.266666666666666,True,marchita,corregida,False,-88,
2026-09-12 20:17:12-03:00,1789255032,52,16,1,1919,1668.0,21.0,47.0,1099,1015.0,4095,3124.0,20.28333333333333,True,marchita,corregida,False,-93,
2026-09-12 20:17:44-03:00,1789255064,53,16,1,1915,1665.0,21.0,46.0,1097,1015.0,4095,3124.0,20.28333333333333,True,marchita,corregida,False,-93,
2026-09-12 20:18:12-03:00,1789255092,54,16,1,1919,1668.0,21.0,46.0,1099,1015.0,4095,3124.0,20.3,True,marchita,corregida,False,-94,
2026-09-12 20:19:27-03:00,1789255167,55,18,1,1910,1664.0,21.0,46.0,1093,1013.0,4095,3124.0,20.316666666666663,True,marchita,corregida,False,-86,
2026-09-12 20:19:57-03:00,1789255197,56,18,1,1914,1665.0,21.0,46.0,1092,1009.0,4095,3124.0,20.316666666666663,True,marchita,corregida,False,-88,
2026-09-12 20:20:24-03:00,1789255224,57,18,1,1919,1667.0,21.0,46.0,1097,1012.0,4095,3124.0,20.33333333333333,True,marchita,corregida,False,-87,
2026-09-12 20:21:54-03:00,1789255314,58,18,1,1839,1605.0,21.0,46.0,1077,996.0,4095,3124.0,20.35,True,marchita,corregida,False,-96,
2026-09-12 20:24:29-03:00,1789255469,60,20,1,707,703.0,21.0,46.0,1110,1026.0,4095,3124.0,20.4,True,marchita,corregida,False,-91,
2026-09-12 20:24:57-03:00,1789255497,61,20,1,493,534.0,21.0,46.0,1152,1056.0,1819,1786.0,20.4,True,marchita,corregida,False,-91,
2026-09-12 20:25:29-03:00,1789255529,62,20,1,666,674.0,21.0,46.0,1173,1072.0,4095,3124.0,20.416666666666668,True,marchita,corregida,False,-97,
2026-09-12 20:25:57-03:00,1789255557,63,20,1,577,602.0,21.0,46.0,1168,1070.0,4095,3124.0,20.416666666666668,True,marchita,corregida,False,-93,
2026-09-12 20:26:27-03:00,1789255587,64,20,1,432,486.0,25.8,73.0,1167,1067.0,3280,2709.0,20.433333333333334,True,marchita,corregida,False,-96,
2026-09-12 20:26:57-03:00,1789255617,65,20,1,624,638.0,24.5,77.0,1159,1064.0,4095,3124.0,20.433333333333334,True,marchita,corregida,False,-92,
2026-09-12 20:27:27-03:00,1789255647,66,20,1,605,620.0,23.4,75.0,1153,1062.0,4095,3124.0,20.45,True,marchita,corregida,False,-95,
2026-09-12 20:27:57-03:00,1789255677,67,20,1,802,780.0,22.6,72.0,1156,1061.0,4095,3124.0,20.45,True,marchita,corregida,False,-91,
2026-09-12 20:28:27-03:00,1789255707,68,20,1,663,672.0,22.6,71.0,1157,1061.0,4095,3124.0,20.466666666666665,True,marchita,corregida,False,-94,
2026-09-12 20:28:57-03:00,1789255737,69,20,1,2011,1740.0,22.2,67.0,1167,1071.0,4095,3124.0,20.466666666666665,True,marchita,corregida,False,-93,
2026-09-12 20:29:27-03:00,1789255767,70,20,1,2734,2317.0,22.2,62.0,1131,1043.0,4095,3124.0,20.48333333333333,True,marchita,corregida,False,-91,
2026-09-12 20:29:57-03:00,1789255797,71,20,1,2762,2341.0,21.8,58.0,1127,1038.0,4095,3124.0,20.48333333333333,True,marchita,corregida,False,-95,
2026-09-12 20:30:27-03:00,1789255827,72,20,1,2722,2305.0,21.8,54.0,1104,1020.0,4095,3124.0,20.5,True,marchita,corregida,False,-88,
2026-09-12 20:30:57-03:00,1789255857,73,20,1,2727,2311.0,21.4,52.0,1096,1016.0,4095,3124.0,20.5,True,marchita,corregida,False,-92,
2026-09-12 20:31:27-03:00,1789255887,74,20,1,2734,2319.0,21.4,50.0,1098,1018.0,4095,3124.0,20.516666666666666,True,marchita,corregida,False,-86,
2026-09-12 20:31:57-03:00,1789255917,75,20,1,2724,2314.0,21.4,49.0,1106,1022.0,4095,3124.0,20.516666666666666,True,marchita,corregida,False,-87,
2026-09-12 20:32:27-03:00,1789255947,76,20,1,2737,2318.0,21.4,48.0,1109,1022.0,4095,3124.0,20.53333333333333,True,marchita,corregida,False,-87,
2026-09-12 20:32:57-03:00,1789255977,77,20,1,2762,2340.0,21.4,48.0,1357,1221.0,4095,3124.0,20.53333333333333,True,marchita,corregida,False,-91,
2026-09-12 20:33:27-03:00,1789256007,78,20,1,2762,2336.0,21.0,47.0,1317,1190.0,4095,3124.0,20.55,True,marchita,corregida,False,-84,
2026-09-12 20:33:57-03:00,1789256037,79,20,1,2768,2344.0,21.0,47.0,1289,1167.0,4095,3124.0,20.55,True,marchita,corregida,False,-86,
2026-09-12 20:34:27-03:00,1789256067,80,20,1,2775,2344.0,21.0,47.0,1274,1158.0,4095,3124.0,20.566666666666663,True,marchita,corregida,False,-85,
2026-09-12 20:34:57-03:00,1789256097,81,20,1,2769,2348.0,21.0,47.0,1250,1139.0,4095,3124.0,20.566666666666663,True,marchita,corregida,False,-83,
2026-09-12 20:35:27-03:00,1789256127,82,20,1,2781,2354.0,21.0,47.0,1245,1133.0,4095,3124.0,20.58333333333333,True,marchita,corregida,False,-86,
2026-09-12 20:35:57-03:00,1789256157,83,20,1,2747,2324.0,21.0,47.0,1153,1053.0,4095,3124.0,20.58333333333333,True,marchita,corregida,False,-92,
2026-09-12 20:36:27-03:00,1789256187,84,20,1,1486,1325.0,21.0,47.0,1168,1069.0,4095,3124.0,20.6,True,marchita,corregida,False,-92,
2026-09-12 20:36:57-03:00,1789256217,85,20,1,2559,2177.0,21.0,47.0,1190,1089.0,4095,3124.0,20.6,True,marchita,corregida,False,-86,
2026-09-12 20:37:27-03:00,1789256247,86,20,1,2579,2192.0,21.0,47.0,1179,1080.0,4095,3124.0,20.616666666666667,True,marchita,corregida,False,-86,
2026-09-12 20:37:57-03:00,1789256277,87,20,1,2559,2177.0,21.0,47.0,1179,1081.0,4095,3124.0,20.616666666666667,True,marchita,corregida,False,-86,
2026-09-12 20:38:27-03:00,1789256307,88,20,1,2596,2208.0,21.0,47.0,1177,1080.0,4095,3124.0,20.633333333333333,True,marchita,corregida,False,-86,
2026-09-12 20:38:57-03:00,1789256337,89,20,1,2583,2196.0,21.0,47.0,1173,1075.0,4095,3124.0,20.633333333333333,True,marchita,corregida,False,-93,
2026-09-12 20:39:27-03:00,1789256367,90,20,1,2582,2192.0,21.0,47.0,1197,1091.0,4095,3124.0,20.65,True,marchita,corregida,False,-87,
2026-09-12 20:40:52-03:00,1789256452,91,22,1,2640,2242.0,21.0,46.0,4095,3124.0,1197,1092.0,20.666666666666668,True,marchita,corregida,False,-88,suelo_saturado
2026-09-12 20:41:22-03:00,1789256482,92,22,1,2624,2231.0,21.0,46.0,4095,3124.0,1198,1096.0,20.683333333333334,True,marchita,corregida,False,-94,suelo_saturado
2026-09-12 20:41:52-03:00,1789256512,93,22,1,2624,2230.0,21.0,46.0,4095,3124.0,1199,1095.0,20.683333333333334,True,marchita,corregida,False,-91,suelo_saturado
2026-09-12 20:43:22-03:00,1789256602,94,22,1,2623,2229.0,21.0,47.0,4095,3124.0,1193,1092.0,20.716666666666665,True,marchita,corregida,False,-92,suelo_saturado
2026-09-12 20:43:52-03:00,1789256632,95,22,1,2638,2239.0,21.0,46.0,4095,3124.0,1208,1101.0,20.716666666666665,True,marchita,corregida,False,-91,suelo_saturado
2026-09-12 20:44:22-03:00,1789256662,96,22,1,2639,2240.0,21.0,46.0,4095,3124.0,1200,1096.0,20.73333333333333,True,marchita,corregida,False,-95,suelo_saturado
2026-09-12 20:44:52-03:00,1789256692,97,22,1,2637,2238.0,21.0,46.0,4095,3124.0,1193,1091.0,20.73333333333333,True,marchita,corregida,False,-94,suelo_saturado
2026-09-12 20:45:22-03:00,1789256722,98,22,1,2613,2224.0,21.0,46.0,4095,3124.0,1187,1086.0,20.75,True,marchita,corregida,False,-93,suelo_saturado
2026-09-12 20:46:38-03:00,1789256798,99,24,1,2627,2231.0,21.0,47.0,4095,3124.0,1190,1089.0,20.766666666666666,True,marchita,corregida,False,-92,suelo_saturado
2026-09-12 20:47:08-03:00,1789256828,100,24,1,2625,2231.0,21.0,46.0,4095,3124.0,1197,1092.0,20.78333333333333,True,marchita,corregida,False,-95,suelo_saturado
2026-09-12 20:47:38-03:00,1789256858,101,24,1,2620,2225.0,21.0,46.0,4095,3124.0,1195,1091.0,20.78333333333333,True,marchita,corregida,False,-94,suelo_saturado
2026-09-12 20:48:08-03:00,1789256888,102,24,1,2628,2229.0,21.0,46.0,4095,3124.0,1195,1094.0,20.8,True,marchita,corregida,False,-95,suelo_saturado
2026-09-12 20:48:38-03:00,1789256918,103,24,1,934,881.0,21.0,46.0,4095,3124.0,1194,1090.0,20.8,True,marchita,corregida,False,-94,suelo_saturado
2026-09-12 20:49:08-03:00,1789256948,104,24,1,2624,2229.0,21.0,46.0,4095,3124.0,1192,1092.0,20.816666666666663,True,marchita,corregida,False,-96,suelo_saturado
2026-09-12 20:49:38-03:00,1789256978,105,24,1,2549,2170.0,21.0,46.0,4095,3124.0,1197,1096.0,20.816666666666663,True,marchita,corregida,False,-90,suelo_saturado
2026-09-12 20:54:45-03:00,1789257285,106,25,1,167,271.0,11.3,46.0,3557,2878.0,674,675.0,20.9,True,marchita,corregida,False,-71,
2026-09-12 20:55:13-03:00,1789257313,107,25,1,176,269.0,10.9,47.0,3583,2883.0,663,665.0,20.916666666666668,True,marchita,corregida,False,-74,
2026-09-12 20:55:43-03:00,1789257343,108,25,1,150,268.0,10.5,48.0,3573,2880.0,663,663.0,20.916666666666668,True,marchita,corregida,False,-76,
2026-09-12 20:56:13-03:00,1789257373,109,25,1,144,266.0,10.1,49.0,3606,2902.0,661,662.0,20.933333333333334,True,marchita,corregida,False,-75,
2026-09-12 20:56:43-03:00,1789257403,110,25,1,151,272.0,10.0,50.0,3615,2885.0,655,661.0,20.933333333333334,True,marchita,corregida,False,-73,
2026-09-12 20:57:13-03:00,1789257433,111,25,1,161,268.0,10.0,51.0,3600,2891.0,645,663.0,20.95,True,marchita,corregida,False,-73,
2026-09-12 20:57:43-03:00,1789257463,112,25,1,159,280.0,9.6,52.0,3600,2891.0,656,662.0,20.95,True,marchita,corregida,False,-73,
2026-09-12 20:58:13-03:00,1789257493,113,25,1,176,267.0,9.6,52.0,3611,2904.0,640,660.0,20.966666666666665,True,marchita,corregida,False,-73,
2026-09-12 20:58:43-03:00,1789257523,114,25,1,162,272.0,9.6,53.0,3615,2903.0,641,661.0,20.966666666666665,True,marchita,corregida,False,-72,
2026-09-12 20:59:13-03:00,1789257553,115,25,1,156,272.0,9.6,53.0,3646,2911.0,651,658.0,20.98333333333333,True,marchita,corregida,False,-74,
2026-09-12 20:59:43-03:00,1789257583,116,25,1,169,282.0,9.6,54.0,3647,2921.0,640,654.0,20.98333333333333,True,marchita,corregida,False,-74,
2026-09-12 21:00:13-03:00,1789257613,117,25,1,176,272.0,9.3,55.0,3645,2916.0,640,653.0,21.0,True,marchita,corregida,False,-74,
2026-09-12 21:00:43-03:00,1789257643,118,25,1,177,276.0,9.3,55.0,3674,2926.0,647,660.0,21.0,True,marchita,corregida,False,-73,
2026-09-12 21:01:13-03:00,1789257673,119,25,1,156,280.0,9.3,56.0,3687,2934.0,646,652.0,21.016666666666666,True,marchita,corregida,False,-73,
2026-09-12 21:01:43-03:00,1789257703,120,25,1,176,282.0,9.3,56.0,3634,2916.0,643,653.0,21.016666666666666,True,marchita,corregida,False,-74,
2026-09-12 21:02:13-03:00,1789257733,121,25,1,181,273.0,9.3,56.0,3648,2926.0,644,661.0,21.03333333333333,True,marchita,corregida,False,-78,
2026-09-12 21:02:43-03:00,1789257763,122,25,1,176,280.0,9.3,57.0,3695,2929.0,647,659.0,21.03333333333333,True,marchita,corregida,False,-74,
2026-09-12 21:03:13-03:00,1789257793,123,25,1,181,270.0,9.3,57.0,3664,2923.0,646,653.0,21.05,True,marchita,corregida,False,-75,
2026-09-12 21:03:43-03:00,1789257823,124,25,1,172,277.0,9.3,57.0,3660,2935.0,641,656.0,21.05,True,marchita,corregida,False,-76,
2026-09-12 21:04:13-03:00,1789257853,125,25,1,156,275.0,9.3,57.0,3696,2936.0,635,658.0,21.066666666666663,True,marchita,corregida,False,-75,
2026-09-12 21:04:43-03:00,1789257883,126,25,1,179,275.0,9.3,57.0,3686,2935.0,643,657.0,21.066666666666663,True,marchita,corregida,False,-74,
2026-09-12 21:05:13-03:00,1789257913,127,25,1,163,271.0,9.3,58.0,3685,2939.0,651,653.0,21.08333333333333,True,marchita,corregida,False,-74,
2026-09-12 21:05:43-03:00,1789257943,128,25,1,171,282.0,9.3,58.0,3700,2933.0,641,661.0,21.08333333333333,True,marchita,corregida,False,-75,
2026-09-12 21:06:13-03:00,1789257973,129,25,1,157,271.0,9.3,58.0,3675,2938.0,656,658.0,21.1,True,marchita,corregida,False,-76,
2026-09-12 21:06:43-03:00,1789258003,130,25,1,162,273.0,9.3,58.0,3668,2942.0,655,656.0,21.1,True,marchita,corregida,False,-73,
2026-09-12 21:07:13-03:00,1789258033,131,25,1,177,277.0,9.3,58.0,3696,2952.0,644,648.0,21.116666666666667,True,marchita,corregida,False,-75,
2026-09-12 21:07:43-03:00,1789258063,132,25,1,182,277.0,9.3,58.0,3723,2942.0,645,654.0,21.116666666666667,True,marchita,corregida,False,-75,
2026-09-12 21:08:13-03:00,1789258093,133,25,1,175,282.0,9.3,58.0,3622,2899.0,656,661.0,21.133333333333333,True,marchita,corregida,False,-76,
2026-09-12 21:08:43-03:00,1789258123,134,25,1,180,271.0,9.3,59.0,3594,2902.0,645,660.0,21.133333333333333,True,marchita,corregida,False,-76,
2026-09-12 21:09:13-03:00,1789258153,135,25,1,182,273.0,9.3,59.0,3610,2909.0,640,658.0,21.15,True,marchita,corregida,False,-75,
2026-09-12 21:09:43-03:00,1789258183,136,25,1,177,277.0,9.3,59.0,3599,2900.0,655,661.0,21.15,True,marchita,corregida,False,-74,
2026-09-12 21:10:13-03:00,1789258213,137,25,1,169,273.0,9.3,59.0,3616,2899.0,650,659.0,21.166666666666668,True,marchita,corregida,False,-74,
2026-09-12 21:10:43-03:00,1789258243,138,25,1,159,269.0,9.3,59.0,3634,2908.0,656,652.0,21.166666666666668,True,marchita,corregida,False,-74,
2026-09-12 21:11:13-03:00,1789258273,139,25,1,160,269.0,9.3,59.0,3611,2899.0,646,663.0,21.183333333333334,True,marchita,corregida,False,-75,
2026-09-12 21:12:13-03:00,1789258333,140,25,1,177,269.0,9.3,59.0,3600,2885.0,655,653.0,21.2,True,marchita,corregida,False,-73,
2026-09-12 21:12:43-03:00,1789258363,141,25,1,169,271.0,9.3,59.0,3595,2885.0,656,657.0,21.2,True,marchita,corregida,False,-81,
2026-09-12 21:13:13-03:00,1789258393,142,25,1,160,282.0,9.3,59.0,3595,2878.0,640,651.0,21.216666666666665,True,marchita,corregida,False,-71,
2026-09-12 21:13:43-03:00,1789258423,143,25,1,185,276.0,9.3,59.0,3583,2895.0,635,653.0,21.216666666666665,True,marchita,corregida,False,-75,
2026-09-12 21:14:13-03:00,1789258453,144,25,1,176,275.0,9.3,59.0,3575,2894.0,648,652.0,21.23333333333333,True,marchita,corregida,False,-75,
2026-09-12 21:14:43-03:00,1789258483,145,25,1,149,281.0,9.3,59.0,3583,2897.0,651,651.0,21.23333333333333,True,marchita,corregida,False,-81,
2026-09-12 21:15:13-03:00,1789258513,146,25,1,176,280.0,9.3,59.0,3610,2895.0,647,653.0,21.25,True,marchita,corregida,False,-80,
2026-09-12 21:15:43-03:00,1789258543,147,25,1,183,282.0,9.3,59.0,3583,2900.0,640,653.0,21.25,True,marchita,corregida,False,-78,
2026-09-12 21:16:13-03:00,1789258573,148,25,1,172,282.0,9.3,60.0,3583,2897.0,639,655.0,21.266666666666666,True,marchita,corregida,False,-73,
2026-09-12 21:16:43-03:00,1789258603,149,25,1,155,280.0,9.3,60.0,3627,2895.0,654,653.0,21.266666666666666,True,marchita,corregida,False,-75,
2026-09-12 21:17:13-03:00,1789258633,150,25,1,185,269.0,9.3,60.0,3633,2899.0,656,653.0,21.28333333333333,True,marchita,corregida,False,-83,
2026-09-12 21:17:43-03:00,1789258663,151,25,1,163,273.0,9.3,60.0,3617,2894.0,648,659.0,21.28333333333333,True,marchita,corregida,False,-75,
2026-09-12 21:18:13-03:00,1789258693,152,25,1,176,278.0,9.3,60.0,3600,2895.0,654,657.0,21.3,True,marchita,corregida,False,-75,
2026-09-12 21:18:43-03:00,1789258723,153,25,1,157,278.0,9.3,60.0,3583,2897.0,651,659.0,21.3,True,marchita,corregida,False,-76,
2026-09-12 21:19:13-03:00,1789258753,154,25,1,157,275.0,9.3,60.0,3583,2902.0,656,654.0,21.316666666666663,True,marchita,corregida,False,-75,
2026-09-12 21:19:43-03:00,1789258783,155,25,1,175,280.0,9.3,60.0,3645,2904.0,640,660.0,21.316666666666663,True,marchita,corregida,False,-74,
2026-09-12 21:20:13-03:00,1789258813,156,25,1,174,274.0,9.3,60.0,3615,2907.0,640,652.0,21.33333333333333,True,marchita,corregida,False,-76,
2026-09-12 21:20:43-03:00,1789258843,157,25,1,165,280.0,9.3,60.0,3596,2885.0,640,657.0,21.33333333333333,True,marchita,corregida,False,-74,
2026-09-12 21:21:13-03:00,1789258873,158,25,1,158,280.0,9.3,60.0,3564,2877.0,640,654.0,21.35,True,marchita,corregida,False,-75,
2026-09-12 21:21:43-03:00,1789258903,159,25,1,159,282.0,9.3,60.0,3579,2877.0,641,655.0,21.35,True,marchita,corregida,False,-77,
2026-09-12 21:22:13-03:00,1789258933,160,25,1,170,277.0,9.3,60.0,3543,2879.0,640,655.0,21.366666666666667,True,marchita,corregida,False,-77,
2026-09-12 21:22:43-03:00,1789258963,161,25,1,176,274.0,9.3,60.0,3559,2876.0,656,652.0,21.366666666666667,True,marchita,corregida,False,-74,
2026-09-12 21:23:13-03:00,1789258993,162,25,1,173,275.0,9.3,60.0,3583,2878.0,655,657.0,21.383333333333333,True,marchita,corregida,False,-73,
2026-09-12 21:23:43-03:00,1789259023,163,25,1,180,275.0,9.3,60.0,3536,2872.0,638,657.0,21.383333333333333,True,marchita,corregida,False,-75,
2026-09-12 21:24:13-03:00,1789259053,164,25,1,181,279.0,9.3,60.0,3573,2874.0,636,654.0,21.4,True,marchita,corregida,False,-75,
2026-09-12 21:24:43-03:00,1789259083,165,25,1,157,282.0,9.3,60.0,3551,2880.0,656,651.0,21.4,True,marchita,corregida,False,-73,
2026-09-12 21:25:13-03:00,1789259113,166,25,1,176,277.0,9.3,60.0,3551,2877.0,645,651.0,21.416666666666668,True,marchita,corregida,False,-75,
2026-09-12 21:25:43-03:00,1789259143,167,25,1,181,274.0,9.3,60.0,3571,2883.0,640,656.0,21.416666666666668,True,marchita,corregida,False,-78,
2026-09-12 21:26:13-03:00,1789259173,168,25,1,159,282.0,9.3,60.0,3555,2877.0,656,660.0,21.433333333333334,True,marchita,corregida,False,-74,
2026-09-12 21:26:43-03:00,1789259203,169,25,1,167,269.0,9.3,60.0,3583,2882.0,649,651.0,21.433333333333334,True,marchita,corregida,False,-78,
2026-09-12 21:27:13-03:00,1789259233,170,25,1,170,277.0,9.3,60.0,3600,2885.0,646,651.0,21.45,True,marchita,corregida,False,-77,
2026-09-12 21:27:43-03:00,1789259263,171,25,1,182,270.0,9.3,60.0,3574,2892.0,649,649.0,21.45,True,marchita,corregida,False,-78,
2026-09-12 21:28:13-03:00,1789259293,172,25,1,180,276.0,9.3,60.0,3583,2893.0,637,650.0,21.466666666666665,True,marchita,corregida,False,-77,
2026-09-12 21:28:43-03:00,1789259323,173,25,1,170,277.0,9.3,60.0,3579,2885.0,646,653.0,21.466666666666665,True,marchita,corregida,False,-73,
2026-09-12 21:29:13-03:00,1789259353,174,25,1,171,282.0,9.3,60.0,3582,2893.0,634,653.0,21.48333333333333,True,marchita,corregida,False,-74,
2026-09-12 21:29:43-03:00,1789259383,175,25,1,155,274.0,9.3,60.0,3600,2880.0,647,649.0,21.48333333333333,True,marchita,corregida,False,-78,
2026-09-12 21:30:13-03:00,1789259413,176,25,1,176,281.0,9.3,60.0,3606,2895.0,635,653.0,21.5,True,marchita,corregida,False,-76,
2026-09-12 21:30:43-03:00,1789259443,177,25,1,153,282.0,9.3,60.0,3583,2885.0,650,657.0,21.5,True,marchita,corregida,False,-75,
2026-09-12 21:31:13-03:00,1789259473,178,25,1,164,276.0,9.3,60.0,3583,2884.0,639,651.0,21.516666666666666,True,marchita,corregida,False,-76,
2026-09-12 21:31:43-03:00,1789259503,179,25,1,155,269.0,9.3,60.0,3603,2883.0,640,654.0,21.516666666666666,True,marchita,corregida,False,-73,
2026-09-12 21:32:13-03:00,1789259533,180,25,1,176,276.0,9.3,60.0,3583,2885.0,642,657.0,21.53333333333333,True,marchita,corregida,False,-75,
2026-09-12 21:32:43-03:00,1789259563,181,25,1,176,276.0,9.3,60.0,3600,2892.0,652,653.0,21.53333333333333,True,marchita,corregida,False,-76,
2026-09-12 21:33:13-03:00,1789259593,182,25,1,160,274.0,9.3,60.0,3567,2871.0,654,652.0,21.55,True,marchita,corregida,False,-76,
2026-09-12 21:33:43-03:00,1789259623,183,25,1,172,273.0,9.3,60.0,3560,2876.0,642,651.0,21.55,True,marchita,corregida,False,-75,
2026-09-12 21:34:13-03:00,1789259653,184,25,1,176,281.0,9.3,60.0,3556,2875.0,638,650.0,21.566666666666663,True,marchita,corregida,False,-75,
2026-09-12 21:34:43-03:00,1789259683,185,25,1,176,272.0,9.3,60.0,3594,2884.0,647,648.0,21.566666666666663,True,marchita,corregida,False,-77,
2026-09-12 21:35:13-03:00,1789259713,186,25,1,162,278.0,9.3,60.0,3577,2878.0,647,650.0,21.58333333333333,True,marchita,corregida,False,-79,
2026-09-12 21:35:43-03:00,1789259743,187,25,1,161,276.0,9.3,60.0,3570,2875.0,651,661.0,21.58333333333333,True,marchita,corregida,False,-76,
2026-09-12 21:36:13-03:00,1789259773,188,25,1,177,282.0,9.3,60.0,3580,2893.0,634,651.0,21.6,True,marchita,corregida,False,-75,
2026-09-12 21:36:43-03:00,1789259803,189,25,1,183,276.0,9.3,60.0,3563,2872.0,654,653.0,21.6,True,marchita,corregida,False,-78,
2026-09-12 21:37:13-03:00,1789259833,190,25,1,159,280.0,9.3,60.0,3559,2877.0,636,652.0,21.616666666666667,True,marchita,corregida,False,-73,
2026-09-12 21:37:43-03:00,1789259863,191,25,1,155,282.0,9.3,60.0,3555,2877.0,653,657.0,21.616666666666667,True,marchita,corregida,False,-73,
2026-09-12 21:38:13-03:00,1789259893,192,25,1,182,276.0,9.3,60.0,3573,2885.0,650,656.0,21.633333333333333,True,marchita,corregida,False,-75,
2026-09-12 21:38:43-03:00,1789259923,193,25,1,177,281.0,9.3,60.0,3567,2880.0,635,659.0,21.633333333333333,True,marchita,corregida,False,-74,
2026-09-12 21:39:13-03:00,1789259953,194,25,1,177,282.0,9.3,60.0,3582,2877.0,640,655.0,21.65,True,marchita,corregida,False,-74,
2026-09-12 21:39:43-03:00,1789259983,195,25,1,171,273.0,9.3,60.0,3561,2880.0,647,656.0,21.65,True,marchita,corregida,False,-76,
2026-09-12 21:40:13-03:00,1789260013,196,25,1,154,272.0,9.3,60.0,3551,2877.0,642,656.0,21.666666666666668,True,marchita,corregida,False,-74,
2026-09-12 21:40:43-03:00,1789260043,197,25,1,163,282.0,9.3,60.0,3561,2876.0,643,653.0,21.666666666666668,True,marchita,corregida,False,-74,
2026-09-12 21:41:13-03:00,1789260073,198,25,1,176,274.0,9.3,60.0,3558,2872.0,653,651.0,21.683333333333334,True,marchita,corregida,False,-75,
2026-09-12 21:41:43-03:00,1789260103,199,25,1,179,279.0,9.3,61.0,3568,2874.0,654,651.0,21.683333333333334,True,marchita,corregida,False,-74,
2026-09-12 21:42:13-03:00,1789260133,200,25,1,179,274.0,9.3,61.0,3550,2874.0,635,651.0,21.7,True,marchita,corregida,False,-75,
2026-09-12 21:42:43-03:00,1789260163,201,25,1,180,283.0,9.3,61.0,3552,2862.0,640,654.0,21.7,True,marchita,corregida,False,-75,
2026-09-12 21:43:13-03:00,1789260193,202,25,1,179,273.0,9.3,61.0,3550,2877.0,655,654.0,21.716666666666665,True,marchita,corregida,False,-74,
2026-09-12 21:43:43-03:00,1789260223,203,25,1,177,282.0,9.3,61.0,3561,2868.0,639,653.0,21.716666666666665,True,marchita,corregida,False,-75,
2026-09-12 21:44:13-03:00,1789260253,204,25,1,166,280.0,9.3,61.0,3546,2874.0,647,655.0,21.73333333333333,True,marchita,corregida,False,-75,
2026-09-12 21:44:43-03:00,1789260283,205,25,1,181,283.0,9.3,61.0,3553,2875.0,647,646.0,21.73333333333333,True,marchita,corregida,False,-75,
2026-09-12 21:45:13-03:00,1789260313,206,25,1,168,273.0,9.3,61.0,3549,2877.0,643,651.0,21.75,True,marchita,corregida,False,-75,
2026-09-12 21:45:43-03:00,1789260343,207,25,1,178,278.0,9.3,61.0,3547,2869.0,642,648.0,21.75,True,marchita,corregida,False,-75,
2026-09-12 21:46:13-03:00,1789260373,208,25,1,160,271.0,9.3,60.0,3576,2874.0,640,651.0,21.766666666666666,True,marchita,corregida,False,-75,
2026-09-12 21:46:43-03:00,1789260403,209,25,1,182,272.0,9.3,60.0,3508,2850.0,638,654.0,21.766666666666666,True,marchita,corregida,False,-73,
2026-09-12 21:47:13-03:00,1789260433,210,25,1,169,280.0,9.3,61.0,3535,2854.0,647,653.0,21.78333333333333,True,marchita,corregida,False,-74,
2026-09-12 21:47:43-03:00,1789260463,211,25,1,181,282.0,9.3,61.0,3536,2857.0,636,650.0,21.78333333333333,True,marchita,corregida,False,-74,
2026-09-12 21:48:13-03:00,1789260493,212,25,1,164,274.0,9.3,61.0,3530,2856.0,650,658.0,21.8,True,marchita,corregida,False,-76,
2026-09-12 21:48:43-03:00,1789260523,213,25,1,176,274.0,9.3,60.0,3527,2855.0,639,653.0,21.8,True,marchita,corregida,False,-76,
2026-09-12 21:49:13-03:00,1789260553,214,25,1,173,269.0,9.3,60.0,3511,2850.0,651,656.0,21.816666666666663,True,marchita,corregida,False,-75,
2026-09-12 21:49:43-03:00,1789260583,215,25,1,164,281.0,9.3,60.0,3515,2852.0,639,656.0,21.816666666666663,True,marchita,corregida,False,-77,
2026-09-12 21:50:13-03:00,1789260613,216,25,1,170,273.0,9.3,60.0,3527,2847.0,652,651.0,21.83333333333333,True,marchita,corregida,False,-74,
2026-09-12 21:50:43-03:00,1789260643,217,25,1,177,278.0,9.3,60.0,3523,2842.0,641,651.0,21.83333333333333,True,marchita,corregida,False,-82,
2026-09-12 21:51:13-03:00,1789260673,218,25,1,163,272.0,9.3,60.0,3522,2851.0,648,654.0,21.85,True,marchita,corregida,False,-77,
2026-09-12 21:51:43-03:00,1789260703,219,25,1,177,273.0,9.3,60.0,3504,2847.0,639,651.0,21.85,True,marchita,corregida,False,-74,
2026-09-12 21:52:13-03:00,1789260733,220,25,1,175,270.0,9.3,60.0,3503,2851.0,631,653.0,21.866666666666667,True,marchita,corregida,False,-74,
2026-09-12 21:52:43-03:00,1789260763,221,25,1,169,279.0,9.3,60.0,3519,2852.0,637,659.0,21.866666666666667,True,marchita,corregida,False,-78,
2026-09-12 21:53:13-03:00,1789260793,222,25,1,176,273.0,9.3,60.0,3521,2851.0,640,651.0,21.883333333333333,True,marchita,corregida,False,-79,
2026-09-12 21:53:43-03:00,1789260823,223,25,1,149,269.0,9.3,60.0,3523,2850.0,640,656.0,21.883333333333333,True,marchita,corregida,False,-75,
2026-09-12 21:54:13-03:00,1789260853,224,25,1,161,272.0,9.3,60.0,3511,2838.0,641,653.0,21.9,True,marchita,corregida,False,-75,
2026-09-12 21:54:43-03:00,1789260883,225,25,1,179,275.0,9.3,60.0,3522,2849.0,647,651.0,21.9,True,marchita,corregida,False,-75,
2026-09-12 21:55:13-03:00,1789260913,226,25,1,164,276.0,9.3,60.0,3526,2851.0,645,656.0,21.916666666666668,True,marchita,corregida,False,-75,
2026-09-12 21:55:43-03:00,1789260943,227,25,1,170,279.0,9.3,60.0,3511,2850.0,648,655.0,21.916666666666668,True,marchita,corregida,False,-75,
2026-09-12 21:56:13-03:00,1789260973,228,25,1,180,282.0,9.3,60.0,3519,2851.0,649,655.0,21.933333333333334,True,marchita,corregida,False,-75,
2026-09-12 21:56:43-03:00,1789261003,229,25,1,162,275.0,9.3,60.0,3512,2857.0,638,653.0,21.933333333333334,True,marchita,corregida,False,-73,
2026-09-12 21:57:13-03:00,1789261033,230,25,1,179,278.0,9.3,60.0,3527,2857.0,646,658.0,21.95,True,marchita,corregida,False,-74,
2026-09-12 21:57:43-03:00,1789261063,231,25,1,150,282.0,9.3,60.0,3522,2857.0,640,650.0,21.95,True,marchita,corregida,False,-76,
2026-09-12 21:58:13-03:00,1789261093,232,25,1,158,282.0,9.3,60.0,3553,2860.0,636,649.0,21.966666666666665,True,marchita,corregida,False,-73,
2026-09-12 21:58:43-03:00,1789261123,233,25,1,178,283.0,9.3,60.0,3522,2860.0,635,653.0,21.966666666666665,True,marchita,corregida,False,-71,
2026-09-12 21:59:13-03:00,1789261153,234,25,1,180,282.0,9.3,60.0,3529,2866.0,635,650.0,21.98333333333333,True,marchita,corregida,False,-75,
2026-09-12 21:59:43-03:00,1789261183,235,25,1,155,283.0,9.3,60.0,3528,2853.0,650,652.0,21.98333333333333,True,marchita,corregida,False,-78,
2026-09-12 22:00:13-03:00,1789261213,236,25,1,176,282.0,9.3,60.0,3522,2853.0,654,653.0,22.0,True,marchita,corregida,False,-75,
2026-09-12 22:00:43-03:00,1789261243,237,25,1,181,276.0,9.3,60.0,3504,2857.0,641,655.0,22.0,True,marchita,corregida,False,-72,
2026-09-12 22:01:13-03:00,1789261273,238,25,1,176,274.0,9.3,60.0,3506,2855.0,640,657.0,22.016666666666666,True,marchita,corregida,False,-75,
2026-09-12 22:01:43-03:00,1789261303,239,25,1,149,277.0,9.3,60.0,3536,2856.0,643,651.0,22.016666666666666,True,marchita,corregida,False,-73,
2026-09-12 22:02:13-03:00,1789261333,240,25,1,171,269.0,9.3,60.0,3543,2860.0,647,649.0,22.03333333333333,True,marchita,corregida,False,-73,
2026-09-12 22:02:43-03:00,1789261363,241,25,1,177,282.0,9.3,60.0,3537,2869.0,651,653.0,22.03333333333333,True,marchita,corregida,False,-73,
2026-09-12 22:03:13-03:00,1789261393,242,25,1,153,278.0,9.3,60.0,3519,2842.0,643,649.0,22.05,True,marchita,corregida,False,-74,
2026-09-12 22:03:43-03:00,1789261423,243,25,1,175,278.0,9.3,60.0,3520,2851.0,652,651.0,22.05,True,marchita,corregida,False,-75,
2026-09-12 22:04:13-03:00,1789261453,244,25,1,179,274.0,9.3,60.0,3532,2851.0,641,651.0,22.066666666666663,True,marchita,corregida,False,-76,
2026-09-12 22:04:43-03:00,1789261483,245,25,1,176,283.0,9.3,60.0,3518,2850.0,631,649.0,22.066666666666663,True,marchita,corregida,False,-76,
2026-09-12 22:05:13-03:00,1789261513,246,25,1,155,277.0,9.3,60.0,3504,2840.0,627,653.0,22.08333333333333,True,marchita,corregida,False,-76,
2026-09-12 22:05:43-03:00,1789261543,247,25,1,163,274.0,9.3,60.0,3508,2844.0,638,650.0,22.08333333333333,True,marchita,corregida,False,-75,
2026-09-12 22:06:13-03:00,1789261573,248,25,1,163,278.0,9.3,60.0,3529,2843.0,654,651.0,22.1,True,marchita,corregida,False,-75,
2026-09-12 22:06:43-03:00,1789261603,249,25,1,159,284.0,9.3,60.0,3515,2845.0,638,649.0,22.1,True,marchita,corregida,False,-76,
2026-09-12 22:07:13-03:00,1789261633,250,25,1,166,282.0,9.3,60.0,3510,2845.0,652,653.0,22.116666666666667,True,marchita,corregida,False,-72,
2026-09-12 22:07:43-03:00,1789261663,251,25,1,176,283.0,9.3,60.0,3504,2842.0,638,653.0,22.116666666666667,True,marchita,corregida,False,-74,
2026-09-12 22:08:13-03:00,1789261693,252,25,1,177,273.0,9.3,60.0,3478,2834.0,637,651.0,22.133333333333333,True,marchita,corregida,False,-78,
2026-09-12 22:08:43-03:00,1789261723,253,25,1,176,273.0,9.3,60.0,3509,2846.0,655,651.0,22.133333333333333,True,marchita,corregida,False,-73,
2026-09-12 22:09:13-03:00,1789261753,254,25,1,171,272.0,9.3,60.0,3493,2846.0,636,652.0,22.15,True,marchita,corregida,False,-80,
2026-09-12 22:09:43-03:00,1789261783,255,25,1,181,280.0,9.3,60.0,3498,2849.0,651,651.0,22.15,True,marchita,corregida,False,-73,
2026-09-12 22:10:13-03:00,1789261813,256,25,1,161,274.0,9.3,60.0,3511,2845.0,641,652.0,22.166666666666668,True,marchita,corregida,False,-72,
2026-09-12 22:10:43-03:00,1789261843,257,25,1,160,281.0,9.3,60.0,3504,2840.0,640,651.0,22.166666666666668,True,marchita,corregida,False,-76,
2026-09-12 22:11:13-03:00,1789261873,258,25,1,164,273.0,9.3,60.0,3497,2837.0,641,659.0,22.183333333333334,True,marchita,corregida,False,-74,
2026-09-12 22:11:43-03:00,1789261903,259,25,1,170,284.0,9.3,60.0,3534,2847.0,637,657.0,22.183333333333334,True,marchita,corregida,False,-74,
2026-09-12 22:12:13-03:00,1789261933,260,25,1,174,275.0,9.3,60.0,3517,2845.0,644,656.0,22.2,True,marchita,corregida,False,-74,
2026-09-12 22:12:43-03:00,1789261963,261,25,1,155,282.0,9.3,60.0,3530,2855.0,635,657.0,22.2,True,marchita,corregida,False,-76,
2026-09-12 22:13:13-03:00,1789261993,262,25,1,186,273.0,9.3,60.0,3473,2841.0,645,654.0,22.216666666666665,True,marchita,corregida,False,-76,
2026-09-12 22:13:43-03:00,1789262023,263,25,1,176,282.0,9.3,60.0,3523,2840.0,654,657.0,22.216666666666665,True,marchita,corregida,False,-78,
2026-09-12 22:14:13-03:00,1789262053,264,25,1,160,271.0,9.3,60.0,3498,2838.0,650,656.0,22.23333333333333,True,marchita,corregida,False,-78,
2026-09-12 22:14:43-03:00,1789262083,265,25,1,159,281.0,9.3,60.0,3474,2837.0,638,661.0,22.23333333333333,True,marchita,corregida,False,-77,
2026-09-12 22:15:13-03:00,1789262113,266,25,1,157,284.0,9.3,60.0,3491,2843.0,651,651.0,22.25,True,marchita,corregida,False,-79,
2026-09-12 22:15:43-03:00,1789262143,267,25,1,160,277.0,9.3,60.0,3490,2849.0,640,653.0,22.25,True,marchita,corregida,False,-78,
2026-09-12 22:16:13-03:00,1789262173,268,25,1,164,275.0,9.3,60.0,3506,2843.0,643,649.0,22.266666666666666,True,marchita,corregida,False,-76,
2026-09-12 22:16:43-03:00,1789262203,269,25,1,184,282.0,9.3,60.0,3520,2852.0,643,655.0,22.266666666666666,True,marchita,corregida,False,-76,
2026-09-12 22:17:13-03:00,1789262233,270,25,1,165,284.0,9.3,60.0,3506,2851.0,646,651.0,22.28333333333333,True,marchita,corregida,False,-76,
2026-09-12 22:17:43-03:00,1789262263,271,25,1,176,282.0,9.3,60.0,3493,2843.0,635,657.0,22.28333333333333,True,marchita,corregida,False,-76,
2026-09-12 22:18:13-03:00,1789262293,272,25,1,158,282.0,9.3,60.0,3470,2841.0,640,655.0,22.3,True,marchita,corregida,False,-75,
2026-09-12 22:18:43-03:00,1789262323,273,25,1,179,280.0,9.3,60.0,3498,2847.0,640,647.0,22.3,True,marchita,corregida,False,-76,
2026-09-12 22:19:13-03:00,1789262353,274,25,1,152,274.0,9.3,59.0,3504,2843.0,631,652.0,22.316666666666663,True,marchita,corregida,False,-75,
2026-09-12 22:19:43-03:00,1789262383,275,25,1,154,268.0,9.3,60.0,3519,2854.0,650,652.0,22.316666666666663,True,marchita,corregida,False,-75,
2026-09-12 22:20:13-03:00,1789262413,276,25,1,163,276.0,9.3,60.0,3517,2849.0,646,652.0,22.33333333333333,True,marchita,corregida,False,-73,
2026-09-12 22:20:43-03:00,1789262443,277,25,1,161,278.0,9.3,60.0,3534,2847.0,638,653.0,22.33333333333333,True,marchita,corregida,False,-73,
2026-09-12 22:21:13-03:00,1789262473,278,25,1,179,282.0,9.3,60.0,3521,2851.0,643,649.0,22.35,True,marchita,corregida,False,-74,
2026-09-12 22:21:45-03:00,1789262505,279,25,1,173,272.0,9.3,60.0,3537,2860.0,635,646.0,22.35,True,marchita,corregida,False,-74,
2026-09-12 22:22:13-03:00,1789262533,280,25,1,150,279.0,9.3,60.0,3536,2849.0,647,649.0,22.366666666666667,True,marchita,corregida,False,-83,
2026-09-12 22:22:43-03:00,1789262563,281,25,1,165,276.0,9.3,60.0,3536,2859.0,631,652.0,22.366666666666667,True,marchita,corregida,False,-75,
2026-09-12 22:23:13-03:00,1789262593,282,25,1,176,282.0,9.3,60.0,3527,2855.0,635,652.0,22.383333333333333,True,marchita,corregida,False,-74,
2026-09-12 22:23:43-03:00,1789262623,283,25,1,163,282.0,9.3,60.0,3517,2860.0,646,651.0,22.383333333333333,True,marchita,corregida,False,-77,
2026-09-12 22:24:13-03:00,1789262653,284,25,1,163,269.0,9.3,60.0,3543,2853.0,640,655.0,22.4,True,marchita,corregida,False,-73,
2026-09-12 22:24:43-03:00,1789262683,285,25,1,160,269.0,9.3,61.0,3520,2852.0,635,655.0,22.4,True,marchita,corregida,False,-73,
2026-09-12 22:25:13-03:00,1789262713,286,25,1,175,275.0,9.3,61.0,3535,2860.0,643,651.0,22.416666666666668,True,marchita,corregida,False,-77,
2026-09-12 22:25:43-03:00,1789262743,287,25,1,160,282.0,9.3,61.0,3545,2860.0,641,653.0,22.416666666666668,True,marchita,corregida,False,-74,
2026-09-12 22:26:13-03:00,1789262773,288,25,1,173,282.0,9.3,61.0,3547,2860.0,644,646.0,22.433333333333334,True,marchita,corregida,False,-76,
2026-09-12 22:26:43-03:00,1789262803,289,25,1,176,276.0,9.3,61.0,3539,2862.0,629,655.0,22.433333333333334,True,marchita,corregida,False,-77,
2026-09-12 22:27:13-03:00,1789262833,290,25,1,175,283.0,9.3,61.0,3557,2858.0,639,643.0,22.45,True,marchita,corregida,False,-77,
2026-09-12 22:27:43-03:00,1789262863,291,25,1,156,271.0,9.3,61.0,3536,2860.0,634,651.0,22.45,True,marchita,corregida,False,-77,
2026-09-12 22:28:13-03:00,1789262893,292,25,1,162,277.0,9.3,61.0,3524,2861.0,643,652.0,22.466666666666665,True,marchita,corregida,False,-77,
2026-09-12 22:28:43-03:00,1789262923,293,25,1,156,277.0,9.3,61.0,3561,2873.0,630,644.0,22.466666666666665,True,marchita,corregida,False,-80,
2026-09-12 22:29:13-03:00,1789262953,294,25,1,163,276.0,9.3,62.0,3567,2868.0,633,652.0,22.48333333333333,True,marchita,corregida,False,-78,
2026-09-12 22:29:43-03:00,1789262983,295,25,1,166,280.0,9.3,62.0,3546,2870.0,637,650.0,22.48333333333333,True,marchita,corregida,False,-77,
2026-09-12 22:30:13-03:00,1789263013,296,25,1,181,282.0,9.3,62.0,3543,2859.0,645,652.0,22.5,True,marchita,corregida,False,-77,
2026-09-12 22:30:43-03:00,1789263043,297,25,1,149,282.0,9.3,62.0,3538,2860.0,630,646.0,22.5,True,marchita,corregida,False,-77,
2026-09-12 22:31:13-03:00,1789263073,298,25,1,158,276.0,9.3,62.0,3522,2862.0,641,651.0,22.516666666666666,True,marchita,corregida,False,-78,
2026-09-12 22:31:43-03:00,1789263103,299,25,1,167,276.0,9.3,62.0,3545,2857.0,635,652.0,22.516666666666666,True,marchita,corregida,False,-77,
2026-09-12 22:32:13-03:00,1789263133,300,25,1,183,277.0,9.3,62.0,3546,2862.0,643,649.0,22.53333333333333,True,marchita,corregida,False,-79,
2026-09-12 22:32:43-03:00,1789263163,301,25,1,153,274.0,9.3,62.0,3552,2858.0,648,647.0,22.53333333333333,True,marchita,corregida,False,-79,
2026-09-12 22:33:15-03:00,1789263195,302,25,1,163,277.0,9.3,62.0,3522,2860.0,630,651.0,22.55,True,marchita,corregida,False,-79,
2026-09-12 22:33:43-03:00,1789263223,303,25,1,163,277.0,9.0,62.0,3551,2864.0,640,649.0,22.55,True,marchita,corregida,False,-76,
2026-09-12 22:34:13-03:00,1789263253,304,25,1,171,282.0,8.9,62.0,3538,2865.0,634,649.0,22.566666666666663,True,marchita,corregida,False,-79,
2026-09-12 22:34:43-03:00,1789263283,305,25,1,175,277.0,9.0,62.0,3542,2862.0,633,653.0,22.566666666666663,True,marchita,corregida,False,-85,
2026-09-12 22:35:13-03:00,1789263313,306,25,1,165,276.0,9.3,62.0,3536,2853.0,643,642.0,22.58333333333333,True,marchita,corregida,False,-80,
2026-09-12 22:35:43-03:00,1789263343,307,25,1,170,279.0,8.9,62.0,3537,2863.0,626,645.0,22.58333333333333,True,marchita,corregida,False,-76,
2026-09-12 22:36:13-03:00,1789263373,308,25,1,180,275.0,9.0,62.0,3539,2860.0,647,650.0,22.6,True,marchita,corregida,False,-77,
2026-09-12 22:36:43-03:00,1789263403,309,25,1,161,277.0,9.3,62.0,3533,2858.0,639,651.0,22.6,True,marchita,corregida,False,-79,
2026-09-12 22:37:13-03:00,1789263433,310,25,1,188,284.0,9.3,62.0,3574,2866.0,641,650.0,22.616666666666667,True,marchita,corregida,False,-79,
2026-09-12 22:37:43-03:00,1789263463,311,25,1,178,277.0,9.3,62.0,3558,2860.0,647,651.0,22.616666666666667,True,marchita,corregida,False,-82,
2026-09-12 22:38:13-03:00,1789263493,312,25,1,159,281.0,9.3,62.0,3543,2865.0,644,651.0,22.633333333333333,True,marchita,corregida,False,-78,
2026-09-12 22:38:43-03:00,1789263523,313,25,1,172,274.0,9.3,62.0,3534,2861.0,635,648.0,22.633333333333333,True,marchita,corregida,False,-78,
2026-09-12 22:39:13-03:00,1789263553,314,25,1,201,282.0,9.3,62.0,3536,2862.0,634,657.0,22.65,True,marchita,corregida,False,-78,
2026-09-12 22:39:43-03:00,1789263583,315,25,1,179,278.0,9.3,62.0,3554,2869.0,637,649.0,22.65,True,marchita,corregida,False,-77,
2026-09-12 22:40:13-03:00,1789263613,316,25,1,176,272.0,9.3,62.0,3545,2858.0,638,646.0,22.666666666666668,True,marchita,corregida,False,-77,
2026-09-12 22:40:43-03:00,1789263643,317,25,1,179,282.0,9.3,62.0,3540,2862.0,630,644.0,22.666666666666668,True,marchita,corregida,False,-77,
2026-09-12 22:41:13-03:00,1789263673,318,25,1,164,278.0,9.3,62.0,3541,2860.0,631,649.0,22.683333333333334,True,marchita,corregida,False,-77,
2026-09-12 22:41:43-03:00,1789263703,319,25,1,178,275.0,9.3,62.0,3514,2857.0,629,651.0,22.683333333333334,True,marchita,corregida,False,-77,
2026-09-12 22:42:13-03:00,1789263733,320,25,1,180,281.0,9.3,62.0,3527,2857.0,649,642.0,22.7,True,marchita,corregida,False,-77,
2026-09-12 22:42:43-03:00,1789263763,321,25,1,158,272.0,8.9,62.0,3536,2860.0,628,645.0,22.7,True,marchita,corregida,False,-81,
2026-09-12 22:43:13-03:00,1789263793,322,25,1,153,278.0,8.9,62.0,3535,2862.0,642,647.0,22.716666666666665,True,marchita,corregida,False,-75,
2026-09-12 22:43:43-03:00,1789263823,323,25,1,161,273.0,8.9,62.0,3545,2866.0,636,640.0,22.716666666666665,True,marchita,corregida,False,-76,
2026-09-12 22:44:13-03:00,1789263853,324,25,1,179,282.0,8.9,62.0,3554,2867.0,626,649.0,22.73333333333333,True,marchita,corregida,False,-76,
2026-09-12 22:44:43-03:00,1789263883,325,25,1,178,278.0,8.9,62.0,3551,2869.0,629,653.0,22.73333333333333,True,marchita,corregida,False,-76,
2026-09-12 22:45:13-03:00,1789263913,326,25,1,158,278.0,8.9,62.0,3519,2862.0,631,646.0,22.75,True,marchita,corregida,False,-73,
2026-09-12 22:45:43-03:00,1789263943,327,25,1,176,277.0,9.1,62.0,3527,2857.0,648,651.0,22.75,True,marchita,corregida,False,-73,
2026-09-12 22:46:13-03:00,1789263973,328,25,1,178,271.0,9.2,62.0,3555,2869.0,626,642.0,22.766666666666666,True,marchita,corregida,False,-72,
2026-09-12 22:46:43-03:00,1789264003,329,25,1,160,282.0,8.9,62.0,3551,2864.0,627,649.0,22.766666666666666,True,marchita,corregida,False,-74,
2026-09-12 22:47:13-03:00,1789264033,330,25,1,171,277.0,8.9,62.0,3553,2860.0,640,650.0,22.78333333333333,True,marchita,corregida,False,-77,
2026-09-12 22:47:43-03:00,1789264063,331,25,1,182,282.0,8.9,62.0,3556,2860.0,650,645.0,22.78333333333333,True,marchita,corregida,False,-84,
2026-09-12 22:48:13-03:00,1789264093,332,25,1,163,282.0,9.3,62.0,3536,2862.0,629,647.0,22.8,True,marchita,corregida,False,-75,
2026-09-12 22:48:43-03:00,1789264123,333,25,1,150,280.0,9.3,62.0,3540,2866.0,628,650.0,22.8,True,marchita,corregida,False,-77,
2026-09-12 22:49:13-03:00,1789264153,334,25,1,158,275.0,9.3,62.0,3554,2866.0,640,650.0,22.816666666666663,True,marchita,corregida,False,-76,
2026-09-12 22:49:43-03:00,1789264183,335,25,1,150,274.0,8.9,61.0,3555,2868.0,636,645.0,22.816666666666663,True,marchita,corregida,False,-73,
2026-09-12 22:50:13-03:00,1789264213,336,25,1,177,272.0,8.9,61.0,3553,2877.0,627,651.0,22.83333333333333,True,marchita,corregida,False,-74,
2026-09-12 22:50:43-03:00,1789264243,337,25,1,175,282.0,8.9,61.0,3534,2869.0,627,649.0,22.83333333333333,True,marchita,corregida,False,-81,
2026-09-12 22:51:13-03:00,1789264273,338,25,1,176,274.0,8.9,61.0,3545,2865.0,635,651.0,22.85,True,marchita,corregida,False,-82,
2026-09-12 22:51:43-03:00,1789264303,339,25,1,176,277.0,8.9,61.0,3546,2864.0,635,650.0,22.85,True,marchita,corregida,False,-73,
2026-09-12 22:52:13-03:00,1789264333,340,25,1,181,276.0,8.9,61.0,3542,2868.0,631,643.0,22.866666666666667,True,marchita,corregida,False,-72,
2026-09-12 22:52:45-03:00,1789264365,341,25,1,167,282.0,8.9,61.0,3546,2867.0,638,651.0,22.866666666666667,True,marchita,corregida,False,-79,
2026-09-12 22:53:13-03:00,1789264393,342,25,1,151,282.0,9.0,61.0,3553,2874.0,639,653.0,22.883333333333333,True,marchita,corregida,False,-73,
2026-09-12 22:53:43-03:00,1789264423,343,25,1,176,280.0,9.3,61.0,3563,2864.0,641,651.0,22.883333333333333,True,marchita,corregida,False,-73,
2026-09-12 22:54:13-03:00,1789264453,344,25,1,166,280.0,9.3,61.0,3543,2875.0,643,647.0,22.9,True,marchita,corregida,False,-75,
2026-09-12 22:54:43-03:00,1789264483,345,25,1,175,280.0,9.3,61.0,3561,2862.0,646,652.0,22.9,True,marchita,corregida,False,-75,
2026-09-12 22:55:13-03:00,1789264513,346,25,1,185,269.0,9.3,61.0,3553,2869.0,633,646.0,22.916666666666668,True,marchita,corregida,False,-74,
2026-09-12 22:55:43-03:00,1789264543,347,25,1,183,273.0,9.3,61.0,3563,2876.0,645,645.0,22.916666666666668,True,marchita,corregida,False,-73,
2026-09-12 22:56:13-03:00,1789264573,348,25,1,157,278.0,9.3,61.0,3550,2870.0,642,648.0,22.933333333333334,True,marchita,corregida,False,-76,
2026-09-12 22:56:43-03:00,1789264603,349,25,1,181,282.0,9.3,61.0,3567,2866.0,635,652.0,22.933333333333334,True,marchita,corregida,False,-73,
2026-09-12 22:57:13-03:00,1789264633,350,25,1,159,273.0,9.3,61.0,3543,2867.0,641,650.0,22.95,True,marchita,corregida,False,-73,
2026-09-12 22:57:43-03:00,1789264663,351,25,1,179,278.0,9.3,61.0,3614,2869.0,638,654.0,22.95,True,marchita,corregida,False,-74,
2026-09-12 22:58:13-03:00,1789264693,352,25,1,176,273.0,9.3,61.0,3551,2875.0,645,651.0,22.966666666666665,True,marchita,corregida,False,-72,
2026-09-12 22:58:43-03:00,1789264723,353,25,1,163,278.0,9.3,61.0,3551,2872.0,635,653.0,22.966666666666665,True,marchita,corregida,False,-74,
2026-09-12 22:59:13-03:00,1789264753,354,25,1,173,276.0,9.3,61.0,3565,2874.0,629,646.0,22.98333333333333,True,marchita,corregida,False,-78,
2026-09-12 22:59:43-03:00,1789264783,355,25,1,169,277.0,9.3,61.0,3568,2877.0,645,652.0,22.98333333333333,True,marchita,corregida,False,-77,
2026-09-12 23:00:13-03:00,1789264813,356,25,1,155,282.0,9.3,61.0,3555,2877.0,637,651.0,23.0,True,marchita,corregida,False,-72,
2026-09-12 23:00:43-03:00,1789264843,357,25,1,162,281.0,9.3,61.0,3562,2878.0,635,646.0,23.0,True,marchita,corregida,False,-76,
2026-09-12 23:01:13-03:00,1789264873,358,25,1,162,282.0,9.3,61.0,3567,2881.0,633,642.0,23.016666666666666,True,marchita,corregida,False,-71,
2026-09-12 23:01:43-03:00,1789264903,359,25,1,139,257.0,9.0,61.0,3549,2877.0,643,648.0,23.016666666666666,True,marchita,corregida,False,-76,
2026-09-12 23:02:13-03:00,1789264933,360,25,1,136,257.0,8.9,61.0,3571,2878.0,640,643.0,23.03333333333333,True,marchita,corregida,False,-78,
2026-09-12 23:02:43-03:00,1789264963,361,25,1,177,277.0,8.9,62.0,3581,2878.0,626,648.0,23.03333333333333,True,marchita,corregida,False,-75,
2026-09-12 23:03:13-03:00,1789264993,362,25,1,144,264.0,8.9,62.0,3573,2878.0,631,645.0,23.05,True,marchita,corregida,False,-72,
2026-09-12 23:03:43-03:00,1789265023,363,25,1,140,264.0,8.9,62.0,3558,2875.0,641,651.0,23.05,True,marchita,corregida,False,-73,
2026-09-12 23:04:13-03:00,1789265053,364,25,1,181,282.0,8.9,62.0,3568,2878.0,640,642.0,23.066666666666663,True,marchita,corregida,False,-74,
2026-09-12 23:04:43-03:00,1789265083,365,25,1,155,280.0,8.9,62.0,3569,2880.0,640,649.0,23.066666666666663,True,marchita,corregida,False,-76,
2026-09-12 23:05:13-03:00,1789265113,366,25,1,149,267.0,8.9,62.0,3563,2876.0,634,647.0,23.08333333333333,True,marchita,corregida,False,-74,
2026-09-12 23:05:43-03:00,1789265143,367,25,1,166,277.0,8.9,62.0,3549,2869.0,630,639.0,23.08333333333333,True,marchita,corregida,False,-72,
2026-09-12 23:06:13-03:00,1789265173,368,25,1,176,274.0,8.9,62.0,3570,2873.0,639,642.0,23.1,True,marchita,corregida,False,-78,
2026-09-12 23:06:43-03:00,1789265203,369,25,1,176,282.0,8.9,62.0,3581,2885.0,625,647.0,23.1,True,marchita,corregida,False,-74,
2026-09-12 23:07:13-03:00,1789265233,370,25,1,173,272.0,8.9,62.0,3581,2879.0,639,651.0,23.116666666666667,True,marchita,corregida,False,-75,
2026-09-12 23:07:43-03:00,1789265263,371,25,1,167,282.0,8.9,62.0,3571,2878.0,643,652.0,23.116666666666667,True,marchita,corregida,False,-72,
2026-09-12 23:08:13-03:00,1789265293,372,25,1,179,271.0,8.9,62.0,3575,2885.0,628,649.0,23.133333333333333,True,marchita,corregida,False,-75,
2026-09-12 23:08:43-03:00,1789265323,373,25,1,182,271.0,8.9,62.0,3577,2877.0,640,649.0,23.133333333333333,True,marchita,corregida,False,-79,
2026-09-12 23:09:13-03:00,1789265353,374,25,1,157,276.0,8.9,62.0,3594,2884.0,637,645.0,23.15,True,marchita,corregida,False,-73,
2026-09-12 23:09:43-03:00,1789265383,375,25,1,153,277.0,8.9,61.0,3595,2882.0,624,649.0,23.15,True,marchita,corregida,False,-78,
2026-09-12 23:10:13-03:00,1789265413,376,25,1,151,281.0,8.9,61.0,3568,2883.0,638,649.0,23.166666666666668,True,marchita,corregida,False,-75,
2026-09-12 23:10:43-03:00,1789265443,377,25,1,159,282.0,8.9,61.0,3571,2877.0,629,642.0,23.166666666666668,True,marchita,corregida,False,-72,
2026-09-12 23:11:13-03:00,1789265473,378,25,1,163,277.0,8.9,61.0,3563,2882.0,640,650.0,23.183333333333334,True,marchita,corregida,False,-72,
2026-09-12 23:11:43-03:00,1789265503,379,25,1,177,272.0,8.9,61.0,3568,2880.0,640,651.0,23.183333333333334,True,marchita,corregida,False,-77,
2026-09-12 23:12:13-03:00,1789265533,380,25,1,176,282.0,8.9,61.0,3564,2877.0,630,649.0,23.2,True,marchita,corregida,False,-78,
2026-09-12 23:12:43-03:00,1789265563,381,25,1,171,266.0,8.9,61.0,3553,2865.0,630,653.0,23.2,True,marchita,corregida,False,-78,
2026-09-12 23:13:13-03:00,1789265593,382,25,1,174,275.0,9.0,61.0,3551,2864.0,637,653.0,23.216666666666665,True,marchita,corregida,False,-78,
2026-09-12 23:13:43-03:00,1789265623,383,25,1,177,270.0,9.3,61.0,3563,2872.0,640,649.0,23.216666666666665,True,marchita,corregida,False,-76,
2026-09-12 23:14:13-03:00,1789265653,384,25,1,149,274.0,8.9,61.0,3563,2871.0,642,651.0,23.23333333333333,True,marchita,corregida,False,-77,
2026-09-12 23:14:43-03:00,1789265683,385,25,1,161,272.0,8.9,61.0,3567,2863.0,631,651.0,23.23333333333333,True,marchita,corregida,False,-76,
2026-09-12 23:15:13-03:00,1789265713,386,25,1,165,282.0,8.9,61.0,3549,2868.0,640,649.0,23.25,True,marchita,corregida,False,-76,
2026-09-12 23:15:43-03:00,1789265743,387,25,1,157,284.0,8.9,61.0,3565,2873.0,640,649.0,23.25,True,marchita,corregida,False,-79,
2026-09-12 23:16:13-03:00,1789265773,388,25,1,149,275.0,8.9,61.0,3560,2877.0,640,642.0,23.266666666666666,True,marchita,corregida,False,-75,
2026-09-12 23:16:43-03:00,1789265803,389,25,1,153,283.0,8.9,61.0,3575,2872.0,631,645.0,23.266666666666666,True,marchita,corregida,False,-75,
2026-09-12 23:17:13-03:00,1789265833,390,25,1,147,282.0,9.3,61.0,3523,2879.0,643,650.0,23.28333333333333,True,marchita,corregida,False,-73,
2026-09-12 23:17:45-03:00,1789265865,391,25,1,166,271.0,9.2,61.0,3549,2875.0,644,651.0,23.28333333333333,True,marchita,corregida,False,-78,
2026-09-12 23:18:13-03:00,1789265893,392,25,1,173,272.0,9.3,61.0,3559,2870.0,628,647.0,23.3,True,marchita,corregida,False,-75,
2026-09-12 23:18:43-03:00,1789265923,393,25,1,176,267.0,9.3,61.0,3535,2874.0,639,652.0,23.3,True,marchita,corregida,False,-74,
2026-09-12 23:19:13-03:00,1789265953,394,25,1,148,266.0,8.9,61.0,3574,2883.0,641,649.0,23.316666666666663,True,marchita,corregida,False,-75,
2026-09-12 23:19:43-03:00,1789265983,395,25,1,146,268.0,8.9,61.0,3559,2879.0,626,647.0,23.316666666666663,True,marchita,corregida,False,-77,
2026-09-12 23:20:15-03:00,1789266015,396,25,1,171,271.0,9.0,61.0,3579,2883.0,641,652.0,23.33333333333333,True,marchita,corregida,False,-76,
2026-09-12 23:20:43-03:00,1789266043,397,25,1,157,264.0,9.2,61.0,3569,2877.0,627,648.0,23.33333333333333,True,marchita,corregida,False,-76,
2026-09-12 23:21:13-03:00,1789266073,398,25,1,176,262.0,8.9,61.0,3541,2877.0,630,647.0,23.35,True,marchita,corregida,False,-74,
2026-09-12 23:21:43-03:00,1789266103,399,25,1,173,277.0,8.9,61.0,3570,2876.0,634,649.0,23.35,True,marchita,corregida,False,-77,
2026-09-12 23:22:13-03:00,1789266133,400,25,1,170,272.0,9.3,61.0,3583,2878.0,630,653.0,23.366666666666667,True,marchita,corregida,False,-77,
2026-09-12 23:22:43-03:00,1789266163,401,25,1,159,261.0,9.3,61.0,3559,2881.0,639,649.0,23.366666666666667,True,marchita,corregida,False,-75,
2026-09-12 23:23:13-03:00,1789266193,402,25,1,171,274.0,9.3,61.0,3570,2877.0,628,651.0,23.383333333333333,True,marchita,corregida,False,-76,
2026-09-12 23:23:43-03:00,1789266223,403,25,1,170,269.0,9.3,61.0,3551,2880.0,638,655.0,23.383333333333333,True,marchita,corregida,False,-73,
2026-09-12 23:24:13-03:00,1789266253,404,25,1,158,269.0,9.3,61.0,3578,2885.0,643,651.0,23.4,True,marchita,corregida,False,-76,
2026-09-12 23:24:43-03:00,1789266283,405,25,1,150,274.0,9.3,61.0,3600,2880.0,629,648.0,23.4,True,marchita,corregida,False,-73,
2026-09-12 23:25:13-03:00,1789266313,406,25,1,164,274.0,9.3,61.0,3570,2878.0,626,643.0,23.416666666666668,True,marchita,corregida,False,-75,
2026-09-12 23:25:43-03:00,1789266343,407,25,1,151,264.0,9.3,61.0,3582,2885.0,639,651.0,23.416666666666668,True,marchita,corregida,False,-75,
2026-09-12 23:26:13-03:00,1789266373,408,25,1,159,277.0,8.9,61.0,3565,2877.0,643,647.0,23.433333333333334,True,marchita,corregida,False,-72,
2026-09-12 23:26:43-03:00,1789266403,409,25,1,166,276.0,8.9,61.0,3565,2881.0,646,649.0,23.433333333333334,True,marchita,corregida,False,-73,
2026-09-12 23:27:13-03:00,1789266433,410,25,1,166,272.0,8.9,61.0,3569,2878.0,648,645.0,23.45,True,marchita,corregida,False,-74,
2026-09-12 23:27:45-03:00,1789266465,411,25,1,145,271.0,8.9,61.0,3568,2871.0,640,643.0,23.45,True,marchita,corregida,False,-73,
2026-09-12 23:28:13-03:00,1789266493,412,25,1,152,272.0,8.9,61.0,3558,2873.0,637,646.0,23.466666666666665,True,marchita,corregida,False,-75,
2026-09-12 23:28:43-03:00,1789266523,413,25,1,169,260.0,9.3,61.0,3561,2877.0,640,647.0,23.466666666666665,True,marchita,corregida,False,-75,
2026-09-12 23:29:13-03:00,1789266553,414,25,1,146,270.0,9.3,61.0,3568,2885.0,643,646.0,23.48333333333333,True,marchita,corregida,False,-76,
2026-09-12 23:29:43-03:00,1789266583,415,25,1,151,271.0,8.9,61.0,3564,2872.0,636,644.0,23.48333333333333,True,marchita,corregida,False,-74,
2026-09-12 23:30:13-03:00,1789266613,416,25,1,160,272.0,8.9,61.0,3547,2878.0,635,646.0,23.5,True,marchita,corregida,False,-72,
2026-09-12 23:30:43-03:00,1789266643,417,25,1,149,271.0,8.9,61.0,3578,2881.0,625,649.0,23.5,True,marchita,corregida,False,-74,
2026-09-12 23:31:13-03:00,1789266673,418,25,1,155,261.0,8.9,61.0,3568,2882.0,640,651.0,23.516666666666666,True,marchita,corregida,False,-73,
2026-09-12 23:31:43-03:00,1789266703,419,25,1,156,268.0,8.9,61.0,3622,2880.0,625,644.0,23.516666666666666,True,marchita,corregida,False,-73,
2026-09-12 23:32:13-03:00,1789266733,420,25,1,144,267.0,8.9,61.0,3578,2878.0,625,638.0,23.53333333333333,True,marchita,corregida,False,-74,
2026-09-12 23:32:43-03:00,1789266763,421,25,1,167,267.0,8.9,61.0,3573,2878.0,640,645.0,23.53333333333333,True,marchita,corregida,False,-80,
2026-09-12 23:33:13-03:00,1789266793,422,25,1,149,272.0,8.9,61.0,3576,2882.0,643,642.0,23.55,True,marchita,corregida,False,-79,
2026-09-12 23:33:43-03:00,1789266823,423,25,1,161,268.0,8.9,61.0,3574,2877.0,640,650.0,23.55,True,marchita,corregida,False,-75,
2026-09-12 23:34:13-03:00,1789266853,424,25,1,157,267.0,8.9,61.0,3569,2880.0,637,644.0,23.566666666666663,True,marchita,corregida,False,-79,
2026-09-12 23:34:43-03:00,1789266883,425,25,1,159,274.0,8.9,61.0,3605,2883.0,634,651.0,23.566666666666663,True,marchita,corregida,False,-76,
2026-09-12 23:35:13-03:00,1789266913,426,25,1,174,276.0,8.9,61.0,3574,2881.0,623,646.0,23.58333333333333,True,marchita,corregida,False,-77,
2026-09-12 23:35:43-03:00,1789266943,427,25,1,172,270.0,8.9,61.0,3570,2881.0,625,648.0,23.58333333333333,True,marchita,corregida,False,-77,
2026-09-12 23:36:13-03:00,1789266973,428,25,1,156,269.0,8.9,61.0,3578,2879.0,625,646.0,23.6,True,marchita,corregida,False,-77,
2026-09-12 23:36:43-03:00,1789267003,429,25,1,174,276.0,8.9,61.0,3553,2882.0,640,649.0,23.6,True,marchita,corregida,False,-74,
2026-09-12 23:37:13-03:00,1789267033,430,25,1,158,267.0,8.9,61.0,3563,2877.0,635,646.0,23.616666666666667,True,marchita,corregida,False,-76,
2026-09-12 23:37:43-03:00,1789267063,431,25,1,157,272.0,8.9,61.0,3565,2876.0,625,643.0,23.616666666666667,True,marchita,corregida,False,-75,
2026-09-12 23:38:13-03:00,1789267093,432,25,1,150,261.0,8.9,61.0,3583,2876.0,643,644.0,23.633333333333333,True,marchita,corregida,False,-85,
2026-09-12 23:38:43-03:00,1789267123,433,25,1,147,272.0,8.9,61.0,3581,2885.0,624,649.0,23.633333333333333,True,marchita,corregida,False,-76,
2026-09-12 23:39:13-03:00,1789267153,434,25,1,157,277.0,8.9,61.0,3578,2879.0,626,646.0,23.65,True,marchita,corregida,False,-77,
2026-09-12 23:39:43-03:00,1789267183,435,25,1,141,272.0,8.9,61.0,3594,2881.0,643,647.0,23.65,True,marchita,corregida,False,-73,
2026-09-12 23:40:13-03:00,1789267213,436,25,1,148,276.0,9.3,61.0,3574,2875.0,643,648.0,23.666666666666668,True,marchita,corregida,False,-74,
2026-09-12 23:40:43-03:00,1789267243,437,25,1,160,266.0,9.3,61.0,3573,2883.0,641,651.0,23.666666666666668,True,marchita,corregida,False,-76,
2026-09-12 23:41:13-03:00,1789267273,438,25,1,157,272.0,9.3,62.0,3583,2880.0,640,644.0,23.683333333333334,True,marchita,corregida,False,-80,
2026-09-12 23:41:43-03:00,1789267303,439,25,1,145,276.0,9.3,62.0,3567,2878.0,641,645.0,23.683333333333334,True,marchita,corregida,False,-74,
2026-09-12 23:42:13-03:00,1789267333,440,25,1,171,274.0,8.9,62.0,3566,2885.0,635,651.0,23.7,True,marchita,corregida,False,-79,
2026-09-12 23:42:43-03:00,1789267363,441,25,1,147,267.0,8.9,62.0,3570,2885.0,629,649.0,23.7,True,marchita,corregida,False,-72,
2026-09-12 23:43:13-03:00,1789267393,442,25,1,158,268.0,8.9,62.0,3573,2879.0,624,645.0,23.716666666666665,True,marchita,corregida,False,-73,
2026-09-12 23:43:43-03:00,1789267423,443,25,1,171,270.0,8.9,62.0,3575,2878.0,625,644.0,23.716666666666665,True,marchita,corregida,False,-71,
2026-09-12 23:44:13-03:00,1789267453,444,25,1,153,268.0,8.9,62.0,3583,2879.0,640,649.0,23.73333333333333,True,marchita,corregida,False,-75,
2026-09-12 23:44:43-03:00,1789267483,445,25,1,161,264.0,8.9,62.0,3558,2878.0,630,643.0,23.73333333333333,True,marchita,corregida,False,-73,
2026-09-12 23:45:13-03:00,1789267513,446,25,1,173,271.0,8.9,62.0,3554,2870.0,640,645.0,23.75,True,marchita,corregida,False,-74,
2026-09-12 23:45:43-03:00,1789267543,447,25,1,151,264.0,8.9,62.0,3583,2878.0,625,641.0,23.75,True,marchita,corregida,False,-74,
2026-09-12 23:46:13-03:00,1789267573,448,25,1,148,268.0,8.9,62.0,3583,2876.0,627,646.0,23.766666666666666,True,marchita,corregida,False,-77,
2026-09-12 23:46:43-03:00,1789267603,449,25,1,167,275.0,8.9,62.0,3561,2876.0,641,646.0,23.766666666666666,True,marchita,corregida,False,-75,
2026-09-12 23:47:13-03:00,1789267633,450,25,1,147,272.0,8.9,62.0,3553,2879.0,640,645.0,23.78333333333333,True,marchita,corregida,False,-71,
2026-09-12 23:47:43-03:00,1789267663,451,25,1,165,271.0,8.9,62.0,3562,2882.0,627,651.0,23.78333333333333,True,marchita,corregida,False,-75,
2026-09-12 23:48:13-03:00,1789267693,452,25,1,149,270.0,8.9,62.0,3543,2877.0,642,647.0,23.8,True,marchita,corregida,False,-75,
2026-09-12 23:48:43-03:00,1789267723,453,25,1,171,268.0,8.9,62.0,3607,2885.0,638,644.0,23.8,True,marchita,corregida,False,-77,
2026-09-12 23:49:13-03:00,1789267753,454,25,1,158,273.0,8.9,62.0,3570,2880.0,624,642.0,23.816666666666663,True,marchita,corregida,False,-77,
2026-09-12 23:49:43-03:00,1789267783,455,25,1,139,265.0,8.9,62.0,3573,2877.0,631,644.0,23.816666666666663,True,marchita,corregida,False,-75,
2026-09-12 23:50:13-03:00,1789267813,456,25,1,148,279.0,8.9,62.0,3563,2876.0,636,642.0,23.83333333333333,True,marchita,corregida,False,-76,
2026-09-12 23:50:43-03:00,1789267843,457,25,1,162,272.0,8.9,62.0,3577,2876.0,624,643.0,23.83333333333333,True,marchita,corregida,False,-78,
2026-09-12 23:51:13-03:00,1789267873,458,25,1,153,270.0,8.9,62.0,3565,2875.0,636,641.0,23.85,True,marchita,corregida,False,-76,
2026-09-12 23:51:43-03:00,1789267903,459,25,1,169,269.0,8.9,62.0,3568,2872.0,634,640.0,23.85,True,marchita,corregida,False,-77,
2026-09-12 23:52:13-03:00,1789267933,460,25,1,173,278.0,8.9,62.0,3568,2880.0,625,644.0,23.866666666666667,True,marchita,corregida,False,-78,
2026-09-12 23:52:43-03:00,1789267963,461,25,1,171,268.0,8.9,62.0,3559,2879.0,621,643.0,23.866666666666667,True,marchita,corregida,False,-78,
2026-09-12 23:53:13-03:00,1789267993,462,25,1,155,273.0,8.9,62.0,3565,2870.0,624,644.0,23.883333333333333,True,marchita,corregida,False,-79,
2026-09-12 23:53:43-03:00,1789268023,463,25,1,146,265.0,8.9,62.0,3581,2878.0,624,641.0,23.883333333333333,True,marchita,corregida,False,-80,
2026-09-12 23:54:13-03:00,1789268053,464,25,1,171,275.0,8.9,62.0,3567,2881.0,639,644.0,23.9,True,marchita,corregida,False,-79,
2026-09-12 23:54:43-03:00,1789268083,465,25,1,164,274.0,8.9,62.0,3568,2877.0,624,646.0,23.9,True,marchita,corregida,False,-81,
2026-09-12 23:55:13-03:00,1789268113,466,25,1,171,264.0,8.9,62.0,3549,2877.0,624,645.0,23.916666666666668,True,marchita,corregida,False,-80,
2026-09-12 23:55:43-03:00,1789268143,467,25,1,150,268.0,8.9,62.0,3563,2872.0,626,638.0,23.916666666666668,True,marchita,corregida,False,-77,
2026-09-12 23:56:13-03:00,1789268173,468,25,1,161,263.0,8.9,62.0,3555,2880.0,626,639.0,23.933333333333334,True,marchita,corregida,False,-80,
2026-09-12 23:56:43-03:00,1789268203,469,25,1,172,270.0,8.9,62.0,3568,2875.0,640,651.0,23.933333333333334,True,marchita,corregida,False,-80,
2026-09-12 23:57:13-03:00,1789268233,470,25,1,173,274.0,8.9,62.0,3582,2883.0,636,645.0,23.95,True,marchita,corregida,False,-82,
2026-09-12 23:57:43-03:00,1789268263,471,25,1,177,264.0,8.9,62.0,3571,2876.0,626,641.0,23.95,True,marchita,corregida,False,-80,
2026-09-12 23:58:13-03:00,1789268293,472,25,1,164,271.0,8.9,62.0,3539,2877.0,634,639.0,23.966666666666665,True,marchita,corregida,False,-79,
2026-09-12 23:58:43-03:00,1789268323,473,25,1,172,270.0,8.9,62.0,3568,2877.0,624,647.0,23.966666666666665,True,marchita,corregida,False,-77,
2026-09-12 23:59:13-03:00,1789268353,474,25,1,66,187.0,8.9,62.0,3580,2867.0,631,640.0,23.98333333333333,True,marchita,corregida,False,-74,
2026-09-12 23:59:43-03:00,1789268383,475,25,1,48,193.0,8.9,62.0,3555,2870.0,639,645.0,23.98333333333333,True,marchita,corregida,False,-80,
2026-09-13 00:00:13-03:00,1789268413,476,25,1,51,185.0,8.9,62.0,3568,2877.0,624,641.0,0.0,True,marchita,corregida,False,-79,
2026-09-13 00:00:43-03:00,1789268443,477,25,1,64,180.0,8.9,62.0,3582,2877.0,625,650.0,0.0,True,marchita,corregida,False,-75,
2026-09-13 00:01:13-03:00,1789268473,478,25,1,48,193.0,8.9,62.0,3565,2877.0,625,644.0,0.0166666666666666,True,marchita,corregida,False,-73,
2026-09-13 00:01:43-03:00,1789268503,479,25,1,65,187.0,8.9,62.0,3583,2875.0,626,649.0,0.0166666666666666,True,marchita,corregida,False,-76,
2026-09-13 00:02:13-03:00,1789268533,480,25,1,70,191.0,8.9,62.0,3555,2868.0,625,641.0,0.0333333333333333,True,marchita,corregida,False,-78,
2026-09-13 00:02:43-03:00,1789268563,481,25,1,51,183.0,8.9,62.0,3533,2862.0,619,641.0,0.0333333333333333,True,marchita,corregida,False,-76,
2026-09-13 00:03:13-03:00,1789268593,482,25,1,67,193.0,8.9,62.0,3575,2876.0,640,641.0,0.05,True,marchita,corregida,False,-78,
2026-09-13 00:03:43-03:00,1789268623,483,25,1,65,194.0,8.9,62.0,3571,2878.0,624,639.0,0.05,True,marchita,corregida,False,-79,
2026-09-13 00:04:15-03:00,1789268655,484,25,1,74,189.0,8.9,62.0,3556,2877.0,637,644.0,0.0666666666666666,True,marchita,corregida,False,-74,
2026-09-13 00:04:43-03:00,1789268683,485,25,1,48,188.0,8.9,62.0,3568,2880.0,631,649.0,0.0666666666666666,True,marchita,corregida,False,-78,
2026-09-13 00:05:13-03:00,1789268713,486,25,1,67,197.0,8.9,62.0,3568,2877.0,631,640.0,0.0833333333333333,True,marchita,corregida,False,-75,
2026-09-13 00:05:43-03:00,1789268743,487,25,1,68,185.0,8.9,62.0,3568,2875.0,627,640.0,0.0833333333333333,True,marchita,corregida,False,-73,
2026-09-13 00:06:13-03:00,1789268773,488,25,1,66,191.0,8.9,62.0,3568,2877.0,635,646.0,0.1,True,marchita,corregida,False,-78,
2026-09-13 00:06:43-03:00,1789268803,489,25,1,67,184.0,8.9,62.0,3550,2875.0,640,651.0,0.1,True,marchita,corregida,False,-75,
2026-09-13 00:07:13-03:00,1789268833,490,25,1,58,189.0,8.9,62.0,3552,2875.0,637,647.0,0.1166666666666666,True,marchita,corregida,False,-73,
2026-09-13 00:07:43-03:00,1789268863,491,25,1,49,193.0,8.9,62.0,3567,2880.0,637,647.0,0.1166666666666666,True,marchita,corregida,False,-74,
2026-09-13 00:08:13-03:00,1789268893,492,25,1,69,198.0,8.9,62.0,3568,2877.0,634,643.0,0.1333333333333333,True,marchita,corregida,False,-72,
2026-09-13 00:08:43-03:00,1789268923,493,25,1,70,191.0,8.9,62.0,3540,2878.0,630,649.0,0.1333333333333333,True,marchita,corregida,False,-72,
2026-09-13 00:09:13-03:00,1789268953,494,25,1,65,186.0,8.9,62.0,3579,2877.0,631,648.0,0.15,True,marchita,corregida,False,-75,
2026-09-13 00:09:43-03:00,1789268983,495,25,1,52,193.0,8.9,62.0,3561,2879.0,641,643.0,0.15,True,marchita,corregida,False,-75,
2026-09-13 00:10:13-03:00,1789269013,496,25,1,64,193.0,8.9,62.0,3573,2877.0,640,645.0,0.1666666666666666,True,marchita,corregida,False,-75,
2026-09-13 00:10:43-03:00,1789269043,497,25,1,57,191.0,8.9,62.0,3581,2877.0,624,644.0,0.1666666666666666,True,marchita,corregida,False,-76,
2026-09-13 00:11:13-03:00,1789269073,498,25,1,53,183.0,8.9,62.0,3555,2874.0,625,647.0,0.1833333333333333,True,marchita,corregida,False,-74,
2026-09-13 00:11:43-03:00,1789269103,499,25,1,67,189.0,8.9,62.0,3559,2871.0,640,645.0,0.1833333333333333,True,marchita,corregida,False,-74,
2026-09-13 00:12:13-03:00,1789269133,500,25,1,77,187.0,8.9,62.0,3568,2877.0,625,640.0,0.2,True,marchita,corregida,False,-75,
2026-09-13 00:12:43-03:00,1789269163,501,25,1,59,191.0,8.9,62.0,3568,2882.0,625,639.0,0.2,True,marchita,corregida,False,-74,
2026-09-13 00:13:13-03:00,1789269193,502,25,1,52,196.0,8.9,62.0,3575,2883.0,633,638.0,0.2166666666666666,True,marchita,corregida,False,-75,
2026-09-13 00:13:43-03:00,1789269223,503,25,1,62,193.0,8.9,62.0,3603,2883.0,624,644.0,0.2166666666666666,True,marchita,corregida,False,-73,
2026-09-13 00:14:13-03:00,1789269253,504,25,1,55,194.0,8.9,62.0,3563,2882.0,623,638.0,0.2333333333333333,True,marchita,corregida,False,-74,
2026-09-13 00:14:43-03:00,1789269283,505,25,1,68,187.0,8.9,62.0,3595,2878.0,638,647.0,0.2333333333333333,True,marchita,corregida,False,-75,
2026-09-13 00:15:13-03:00,1789269313,506,25,1,70,193.0,8.9,62.0,3611,2882.0,634,645.0,0.25,True,marchita,corregida,False,-84,
2026-09-13 00:15:43-03:00,1789269343,507,25,1,52,198.0,8.9,62.0,3583,2881.0,620,638.0,0.25,True,marchita,corregida,False,-77,
2026-09-13 00:16:13-03:00,1789269373,508,25,1,48,191.0,8.9,62.0,3599,2878.0,630,649.0,0.2666666666666666,True,marchita,corregida,False,-74,
2026-09-13 00:16:43-03:00,1789269403,509,25,1,69,200.0,8.9,62.0,3600,2879.0,630,643.0,0.2666666666666666,True,marchita,corregida,False,-76,
2026-09-13 00:17:13-03:00,1789269433,510,25,1,65,195.0,8.9,62.0,3583,2883.0,640,650.0,0.2833333333333333,True,marchita,corregida,False,-76,
2026-09-13 00:17:43-03:00,1789269463,511,25,1,71,193.0,8.9,62.0,3576,2885.0,639,647.0,0.2833333333333333,True,marchita,corregida,False,-75,
2026-09-13 00:18:13-03:00,1789269493,512,25,1,63,194.0,8.9,62.0,3558,2885.0,624,644.0,0.3,True,marchita,corregida,False,-79,
2026-09-13 00:18:43-03:00,1789269523,513,25,1,58,194.0,8.9,62.0,3570,2885.0,634,640.0,0.3,True,marchita,corregida,False,-77,
2026-09-13 00:19:13-03:00,1789269553,514,25,1,69,193.0,8.9,62.0,3601,2896.0,636,641.0,0.3166666666666666,True,marchita,corregida,False,-76,
2026-09-13 00:19:43-03:00,1789269583,515,25,1,48,194.0,8.9,62.0,3607,2892.0,623,647.0,0.3166666666666666,True,marchita,corregida,False,-72,
2026-09-13 00:20:13-03:00,1789269613,516,25,1,68,191.0,8.9,62.0,3597,2883.0,624,639.0,0.3333333333333333,True,marchita,corregida,False,-74,
2026-09-13 00:20:43-03:00,1789269643,517,25,1,77,193.0,8.9,62.0,3598,2884.0,637,643.0,0.3333333333333333,True,marchita,corregida,False,-73,
2026-09-13 00:21:13-03:00,1789269673,518,25,1,64,193.0,8.9,62.0,3582,2891.0,640,641.0,0.35,True,marchita,corregida,False,-73,
2026-09-13 00:21:43-03:00,1789269703,519,25,1,53,197.0,8.9,62.0,3600,2885.0,628,640.0,0.35,True,marchita,corregida,False,-72,
2026-09-13 00:22:13-03:00,1789269733,520,25,1,72,185.0,8.9,62.0,3580,2885.0,624,651.0,0.3666666666666666,True,marchita,corregida,False,-79,
2026-09-13 00:22:43-03:00,1789269763,521,25,1,70,193.0,8.9,62.0,3583,2891.0,624,641.0,0.3666666666666666,True,marchita,corregida,False,-72,
2026-09-13 00:23:13-03:00,1789269793,522,25,1,59,193.0,8.9,62.0,3595,2894.0,635,646.0,0.3833333333333333,True,marchita,corregida,False,-72,
2026-09-13 00:23:43-03:00,1789269823,523,25,1,49,193.0,8.9,62.0,3605,2894.0,637,643.0,0.3833333333333333,True,marchita,corregida,False,-74,
2026-09-13 00:24:13-03:00,1789269853,524,25,1,49,186.0,8.9,62.0,3605,2891.0,631,640.0,0.4,True,marchita,corregida,False,-73,
2026-09-13 00:24:43-03:00,1789269883,525,25,1,64,195.0,8.9,62.0,3566,2892.0,631,639.0,0.4,True,marchita,corregida,False,-76,
2026-09-13 00:25:13-03:00,1789269913,526,25,1,73,194.0,8.9,62.0,3581,2885.0,624,644.0,0.4166666666666667,True,marchita,corregida,False,-75,
2026-09-13 00:25:43-03:00,1789269943,527,25,1,55,193.0,8.9,62.0,3583,2885.0,627,648.0,0.4166666666666667,True,marchita,corregida,False,-75,
2026-09-13 00:26:13-03:00,1789269973,528,25,1,64,198.0,8.9,62.0,3606,2885.0,627,638.0,0.4333333333333333,True,marchita,corregida,False,-72,
2026-09-13 00:26:43-03:00,1789270003,529,25,1,45,193.0,8.9,62.0,3583,2885.0,624,649.0,0.4333333333333333,True,marchita,corregida,False,-79,
2026-09-13 00:27:13-03:00,1789270033,530,25,1,53,189.0,8.9,62.0,3568,2883.0,634,647.0,0.45,True,marchita,corregida,False,-77,
2026-09-13 00:27:43-03:00,1789270063,531,25,1,63,197.0,8.9,62.0,3600,2885.0,636,642.0,0.45,True,marchita,corregida,False,-76,
2026-09-13 00:28:13-03:00,1789270093,532,25,1,71,191.0,8.9,62.0,3573,2893.0,622,639.0,0.4666666666666667,True,marchita,corregida,False,-74,
2026-09-13 00:28:43-03:00,1789270123,533,25,1,54,188.0,8.9,62.0,3575,2885.0,621,645.0,0.4666666666666667,True,marchita,corregida,False,-74,
2026-09-13 00:29:13-03:00,1789270153,534,25,1,57,193.0,8.9,62.0,3583,2885.0,624,641.0,0.4833333333333333,True,marchita,corregida,False,-75,
2026-09-13 00:29:43-03:00,1789270183,535,25,1,51,188.0,8.9,62.0,3574,2879.0,639,643.0,0.4833333333333333,True,marchita,corregida,False,-73,
2026-09-13 00:30:15-03:00,1789270215,536,25,1,64,192.0,8.9,62.0,3571,2877.0,634,643.0,0.5,True,marchita,corregida,False,-75,
2026-09-13 00:30:43-03:00,1789270243,537,25,1,70,188.0,8.9,62.0,3595,2880.0,631,648.0,0.5,True,marchita,corregida,False,-73,
2026-09-13 00:31:13-03:00,1789270273,538,25,1,59,197.0,8.9,62.0,3568,2877.0,626,641.0,0.5166666666666667,True,marchita,corregida,False,-73,
2026-09-13 00:31:43-03:00,1789270303,539,25,1,48,191.0,8.9,62.0,3583,2878.0,624,642.0,0.5166666666666667,True,marchita,corregida,False,-73,
2026-09-13 00:32:13-03:00,1789270333,540,25,1,54,193.0,8.9,62.0,3582,2876.0,636,638.0,0.5333333333333333,True,marchita,corregida,False,-79,
2026-09-13 00:32:43-03:00,1789270363,541,25,1,56,191.0,8.9,62.0,3568,2880.0,639,644.0,0.5333333333333333,True,marchita,corregida,False,-78,
2026-09-13 00:33:13-03:00,1789270393,542,25,1,54,193.0,8.9,62.0,3569,2878.0,626,639.0,0.55,True,marchita,corregida,False,-78,
2026-09-13 00:33:43-03:00,1789270423,543,25,1,75,196.0,8.9,62.0,3568,2868.0,636,638.0,0.55,True,marchita,corregida,False,-76,
2026-09-13 00:34:13-03:00,1789270453,544,25,1,53,191.0,8.9,62.0,3571,2877.0,624,648.0,0.5666666666666667,True,marchita,corregida,False,-76,
2026-09-13 00:34:43-03:00,1789270483,545,25,1,69,195.0,8.9,62.0,3565,2872.0,624,645.0,0.5666666666666667,True,marchita,corregida,False,-77,
2026-09-13 00:35:13-03:00,1789270513,546,25,1,78,193.0,8.9,62.0,3551,2877.0,631,649.0,0.5833333333333334,True,marchita,corregida,False,-77,
2026-09-13 00:35:43-03:00,1789270543,547,25,1,50,192.0,8.9,62.0,3568,2873.0,624,645.0,0.5833333333333334,True,marchita,corregida,False,-76,
2026-09-13 00:36:13-03:00,1789270573,548,25,1,57,185.0,8.9,62.0,3546,2876.0,624,644.0,0.6,True,marchita,corregida,False,-76,
2026-09-13 00:36:43-03:00,1789270603,549,25,1,77,197.0,8.9,62.0,3557,2877.0,631,640.0,0.6,True,marchita,corregida,False,-76,
2026-09-13 00:37:13-03:00,1789270633,550,25,1,71,193.0,8.9,61.0,3574,2883.0,640,642.0,0.6166666666666667,True,marchita,corregida,False,-76,
2026-09-13 00:37:43-03:00,1789270663,551,25,1,71,187.0,8.9,61.0,3559,2884.0,640,642.0,0.6166666666666667,True,marchita,corregida,False,-73,
2026-09-13 00:38:13-03:00,1789270693,552,25,1,61,186.0,8.9,61.0,3571,2892.0,639,641.0,0.6333333333333333,True,marchita,corregida,False,-76,
2026-09-13 00:38:43-03:00,1789270723,553,25,1,64,185.0,8.9,61.0,3577,2885.0,634,640.0,0.6333333333333333,True,marchita,corregida,False,-75,
2026-09-13 00:39:13-03:00,1789270753,554,25,1,50,193.0,8.9,61.0,3598,2894.0,642,645.0,0.65,True,marchita,corregida,False,-75,
2026-09-13 00:39:43-03:00,1789270783,555,25,1,70,194.0,8.9,61.0,3575,2885.0,634,645.0,0.65,True,marchita,corregida,False,-74,
2026-09-13 00:40:13-03:00,1789270813,556,25,1,50,185.0,8.9,61.0,3600,2885.0,659,644.0,0.6666666666666666,True,marchita,corregida,False,-75,
2026-09-13 00:40:43-03:00,1789270843,557,25,1,49,200.0,8.9,61.0,3607,2881.0,639,639.0,0.6666666666666666,True,marchita,corregida,False,-73,
2026-09-13 00:41:13-03:00,1789270873,558,25,1,63,188.0,8.9,61.0,3521,2863.0,630,649.0,0.6833333333333333,True,marchita,corregida,False,-74,
2026-09-13 00:41:43-03:00,1789270903,559,25,1,59,189.0,8.9,61.0,3569,2881.0,649,644.0,0.6833333333333333,True,marchita,corregida,False,-74,
2026-09-13 00:42:13-03:00,1789270933,560,25,1,63,189.0,8.9,61.0,3600,2892.0,624,645.0,0.7,True,marchita,corregida,False,-74,
2026-09-13 00:42:43-03:00,1789270963,561,25,1,80,191.0,8.9,61.0,3575,2881.0,623,638.0,0.7,True,marchita,corregida,False,-75,
2026-09-13 00:43:13-03:00,1789270993,562,25,1,71,186.0,8.9,61.0,3599,2885.0,624,638.0,0.7166666666666667,True,marchita,corregida,False,-76,
2026-09-13 00:43:43-03:00,1789271023,563,25,1,71,193.0,8.9,61.0,3579,2881.0,627,640.0,0.7166666666666667,True,marchita,corregida,False,-78,
2026-09-13 00:44:13-03:00,1789271053,564,25,1,52,188.0,8.9,61.0,3556,2879.0,636,638.0,0.7333333333333333,True,marchita,corregida,False,-76,
2026-09-13 00:44:43-03:00,1789271083,565,25,1,50,191.0,8.9,61.0,3555,2878.0,630,639.0,0.7333333333333333,True,marchita,corregida,False,-74,
2026-09-13 00:45:13-03:00,1789271113,566,25,1,55,187.0,8.9,61.0,3557,2879.0,630,640.0,0.75,True,marchita,corregida,False,-79,
2026-09-13 00:45:43-03:00,1789271143,567,25,1,59,191.0,8.9,61.0,3566,2875.0,637,647.0,0.75,True,marchita,corregida,False,-75,
2026-09-13 00:46:13-03:00,1789271173,568,25,1,48,183.0,8.9,61.0,3571,2876.0,637,638.0,0.7666666666666667,True,marchita,corregida,False,-76,
2026-09-13 00:46:43-03:00,1789271203,569,25,1,71,191.0,8.9,61.0,3549,2877.0,627,643.0,0.7666666666666667,True,marchita,corregida,False,-76,
2026-09-13 00:47:13-03:00,1789271233,570,25,1,54,182.0,8.9,61.0,3568,2877.0,631,649.0,0.7833333333333333,True,marchita,corregida,False,-78,
2026-09-13 00:47:43-03:00,1789271263,571,25,1,66,186.0,8.9,61.0,3543,2876.0,624,648.0,0.7833333333333333,True,marchita,corregida,False,-78,
2026-09-13 00:48:13-03:00,1789271293,572,25,1,53,193.0,8.9,61.0,3565,2862.0,633,640.0,0.8,True,marchita,corregida,False,-78,
2026-09-13 00:48:43-03:00,1789271323,573,25,1,70,195.0,8.9,61.0,3541,2873.0,633,641.0,0.8,True,marchita,corregida,False,-75,
2026-09-13 00:49:13-03:00,1789271353,574,25,1,76,190.0,8.9,61.0,3571,2870.0,624,647.0,0.8166666666666667,True,marchita,corregida,False,-75,
2026-09-13 00:49:43-03:00,1789271383,575,25,1,53,189.0,8.9,61.0,3557,2870.0,624,648.0,0.8166666666666667,True,marchita,corregida,False,-77,
2026-09-13 00:50:13-03:00,1789271413,576,25,1,69,187.0,8.9,61.0,3547,2869.0,633,648.0,0.8333333333333334,True,marchita,corregida,False,-73,
2026-09-13 00:50:43-03:00,1789271443,577,25,1,50,198.0,8.9,61.0,3557,2860.0,640,647.0,0.8333333333333334,True,marchita,corregida,False,-77,
2026-09-13 00:51:13-03:00,1789271473,578,25,1,51,193.0,8.9,61.0,3536,2860.0,635,641.0,0.85,True,marchita,corregida,False,-75,
2026-09-13 00:51:43-03:00,1789271503,579,25,1,69,195.0,8.9,61.0,3531,2860.0,623,644.0,0.85,True,marchita,corregida,False,-76,
2026-09-13 00:52:13-03:00,1789271533,580,25,1,62,189.0,8.9,61.0,3549,2863.0,626,638.0,0.8666666666666667,True,marchita,corregida,False,-74,
2026-09-13 00:52:43-03:00,1789271563,581,25,1,64,193.0,8.9,61.0,3565,2876.0,624,643.0,0.8666666666666667,True,marchita,corregida,False,-77,
2026-09-13 00:53:13-03:00,1789271593,582,25,1,69,193.0,8.9,61.0,3539,2868.0,619,644.0,0.8833333333333333,True,marchita,corregida,False,-76,
2026-09-13 00:53:43-03:00,1789271623,583,25,1,51,190.0,8.9,61.0,3554,2873.0,623,640.0,0.8833333333333333,True,marchita,corregida,False,-75,
2026-09-13 00:54:13-03:00,1789271653,584,25,1,66,198.0,8.9,61.0,3569,2870.0,623,645.0,0.9,True,marchita,corregida,False,-77,
2026-09-13 00:54:43-03:00,1789271683,585,25,1,68,188.0,8.9,61.0,3563,2869.0,628,638.0,0.9,True,marchita,corregida,False,-83,
2026-09-13 00:55:13-03:00,1789271713,586,25,1,48,191.0,8.9,61.0,3541,2870.0,618,639.0,0.9166666666666666,True,marchita,corregida,False,-75,
2026-09-13 00:55:43-03:00,1789271743,587,25,1,61,193.0,8.9,61.0,3535,2868.0,621,638.0,0.9166666666666666,True,marchita,corregida,False,-78,
2026-09-13 00:56:13-03:00,1789271773,588,25,1,65,187.0,8.9,61.0,3536,2872.0,639,646.0,0.9333333333333332,True,marchita,corregida,False,-77,
2026-09-13 00:56:43-03:00,1789271803,589,25,1,64,183.0,8.9,61.0,3539,2872.0,640,644.0,0.9333333333333332,True,marchita,corregida,False,-77,
2026-09-13 00:57:13-03:00,1789271833,590,25,1,48,183.0,8.9,61.0,3573,2873.0,640,644.0,0.95,True,marchita,corregida,False,-79,
2026-09-13 00:57:43-03:00,1789271863,591,25,1,73,186.0,8.9,61.0,3549,2866.0,629,650.0,0.95,True,marchita,corregida,False,-80,
2026-09-13 00:58:13-03:00,1789271893,592,25,1,49,191.0,8.9,61.0,3538,2869.0,634,647.0,0.9666666666666668,True,marchita,corregida,False,-79,
2026-09-13 00:58:43-03:00,1789271923,593,25,1,55,185.0,8.9,61.0,3546,2876.0,633,646.0,0.9666666666666668,True,marchita,corregida,False,-79,
2026-09-13 00:59:13-03:00,1789271953,594,25,1,32,193.0,8.9,61.0,3535,2860.0,624,649.0,0.9833333333333332,True,marchita,corregida,False,-78,
2026-09-13 00:59:43-03:00,1789271983,595,25,1,45,190.0,8.9,61.0,3534,2862.0,624,645.0,0.9833333333333332,True,marchita,corregida,False,-77,
2026-09-13 01:00:13-03:00,1789272013,596,25,1,48,189.0,8.9,61.0,3552,2859.0,638,643.0,1.0,True,marchita,corregida,False,-79,
2026-09-13 01:00:43-03:00,1789272043,597,25,1,75,187.0,8.9,61.0,3568,2866.0,633,643.0,1.0,True,marchita,corregida,False,-78,
2026-09-13 01:01:13-03:00,1789272073,598,25,1,73,196.0,8.9,61.0,3547,2863.0,624,638.0,1.0166666666666666,True,marchita,corregida,False,-79,
2026-09-13 01:01:43-03:00,1789272103,599,25,1,48,188.0,8.9,61.0,3523,2854.0,634,647.0,1.0166666666666666,True,marchita,corregida,False,-80,
2026-09-13 01:02:15-03:00,1789272135,600,25,1,67,186.0,8.9,61.0,3550,2860.0,640,648.0,1.0333333333333334,True,marchita,corregida,False,-79,
2026-09-13 01:02:43-03:00,1789272163,601,25,1,48,192.0,8.9,61.0,3568,2860.0,644,640.0,1.0333333333333334,True,marchita,corregida,False,-85,
2026-09-13 01:03:13-03:00,1789272193,602,25,1,70,191.0,8.9,61.0,3518,2861.0,628,641.0,1.05,True,marchita,corregida,False,-79,
2026-09-13 01:03:43-03:00,1789272223,603,25,1,75,194.0,8.9,62.0,3546,2860.0,624,649.0,1.05,True,marchita,corregida,False,-77,
2026-09-13 01:04:13-03:00,1789272253,604,25,1,65,193.0,8.9,62.0,3536,2860.0,627,638.0,1.0666666666666669,True,marchita,corregida,False,-79,
2026-09-13 01:04:43-03:00,1789272283,605,25,1,47,195.0,8.9,62.0,3535,2860.0,624,650.0,1.0666666666666669,True,marchita,corregida,False,-79,
2026-09-13 01:05:13-03:00,1789272313,606,25,1,49,194.0,8.9,62.0,3515,2856.0,635,648.0,1.0833333333333333,True,marchita,corregida,False,-80,
2026-09-13 01:05:43-03:00,1789272343,607,25,1,71,190.0,8.9,62.0,3541,2860.0,624,647.0,1.0833333333333333,True,marchita,corregida,False,-80,
2026-09-13 01:06:13-03:00,1789272373,608,25,1,66,195.0,8.9,62.0,3559,2866.0,640,642.0,1.1,True,marchita,corregida,False,-80,
2026-09-13 01:06:43-03:00,1789272403,609,25,1,52,184.0,8.9,62.0,3537,2864.0,628,639.0,1.1,True,marchita,corregida,False,-79,
2026-09-13 01:07:13-03:00,1789272433,610,25,1,65,193.0,8.9,62.0,3583,2869.0,624,649.0,1.1166666666666667,True,marchita,corregida,False,-78,
2026-09-13 01:07:43-03:00,1789272463,611,25,1,54,196.0,8.9,62.0,3559,2877.0,624,642.0,1.1166666666666667,True,marchita,corregida,False,-80,
2026-09-13 01:08:13-03:00,1789272493,612,25,1,70,190.0,8.9,62.0,3533,2867.0,638,645.0,1.1333333333333333,True,marchita,corregida,False,-79,
2026-09-13 01:08:43-03:00,1789272523,613,25,1,48,196.0,8.9,62.0,3547,2868.0,650,640.0,1.1333333333333333,True,marchita,corregida,False,-79,
2026-09-13 01:09:13-03:00,1789272553,614,25,1,78,193.0,8.9,62.0,3556,2868.0,624,645.0,1.15,True,marchita,corregida,False,-79,
2026-09-13 01:09:43-03:00,1789272583,615,25,1,58,191.0,8.9,62.0,3555,2877.0,624,645.0,1.15,True,marchita,corregida,False,-79,
2026-09-13 01:10:13-03:00,1789272613,616,25,1,66,189.0,8.9,62.0,3558,2877.0,623,640.0,1.1666666666666667,True,marchita,corregida,False,-79,
2026-09-13 01:10:43-03:00,1789272643,617,25,1,57,193.0,8.9,62.0,3569,2877.0,640,646.0,1.1666666666666667,True,marchita,corregida,False,-80,
2026-09-13 01:11:13-03:00,1789272673,618,25,1,58,191.0,8.9,62.0,3569,2877.0,635,647.0,1.1833333333333331,True,marchita,corregida,False,-79,
2026-09-13 01:11:43-03:00,1789272703,619,25,1,50,196.0,8.9,62.0,3532,2864.0,635,648.0,1.1833333333333331,True,marchita,corregida,False,-77,
2026-09-13 01:12:13-03:00,1789272733,620,25,1,49,193.0,8.9,62.0,3568,2868.0,635,648.0,1.2,True,marchita,corregida,False,-77,
2026-09-13 01:12:43-03:00,1789272763,621,25,1,64,193.0,8.9,62.0,3567,2866.0,624,642.0,1.2,True,marchita,corregida,False,-79,
2026-09-13 01:13:13-03:00,1789272793,622,25,1,53,193.0,8.9,62.0,3568,2874.0,625,649.0,1.2166666666666668,True,marchita,corregida,False,-77,
2026-09-13 01:13:43-03:00,1789272823,623,25,1,64,191.0,8.9,62.0,3572,2875.0,631,649.0,1.2166666666666668,True,marchita,corregida,False,-80,
2026-09-13 01:14:13-03:00,1789272853,624,25,1,65,191.0,8.9,62.0,3551,2869.0,627,648.0,1.2333333333333334,True,marchita,corregida,False,-79,
2026-09-13 01:14:43-03:00,1789272883,625,25,1,62,193.0,8.9,62.0,3555,2867.0,636,641.0,1.2333333333333334,True,marchita,corregida,False,-74,
2026-09-13 01:15:13-03:00,1789272913,626,25,1,62,192.0,8.9,62.0,3531,2855.0,624,641.0,1.25,True,marchita,corregida,False,-80,
2026-09-13 01:15:43-03:00,1789272943,627,25,1,59,190.0,8.9,62.0,3524,2870.0,622,638.0,1.25,True,marchita,corregida,False,-79,
2026-09-13 01:16:13-03:00,1789272973,628,25,1,69,184.0,8.9,62.0,3552,2877.0,630,638.0,1.2666666666666666,True,marchita,corregida,False,-77,
2026-09-13 01:16:43-03:00,1789273003,629,25,1,69,197.0,8.9,62.0,3583,2877.0,636,644.0,1.2666666666666666,True,marchita,corregida,False,-77,
2026-09-13 01:17:13-03:00,1789273033,630,25,1,59,193.0,8.9,62.0,3558,2862.0,622,638.0,1.2833333333333332,True,marchita,corregida,False,-76,
2026-09-13 01:17:43-03:00,1789273063,631,25,1,65,192.0,8.9,62.0,3550,2870.0,630,649.0,1.2833333333333332,True,marchita,corregida,False,-75,
2026-09-13 01:18:13-03:00,1789273093,632,25,1,64,193.0,8.9,62.0,3563,2877.0,625,638.0,1.3,True,marchita,corregida,False,-77,
2026-09-13 01:18:43-03:00,1789273123,633,25,1,73,194.0,8.9,62.0,3570,2866.0,627,645.0,1.3,True,marchita,corregida,False,-80,
2026-09-13 01:19:13-03:00,1789273153,634,25,1,55,191.0,8.9,62.0,3567,2876.0,625,647.0,1.3166666666666669,True,marchita,corregida,False,-76,
2026-09-13 01:19:43-03:00,1789273183,635,25,1,78,192.0,8.9,62.0,3568,2876.0,641,646.0,1.3166666666666669,True,marchita,corregida,False,-75,
2026-09-13 01:20:13-03:00,1789273213,636,25,1,52,191.0,8.9,62.0,3553,2877.0,639,649.0,1.3333333333333333,True,marchita,corregida,False,-76,
2026-09-13 01:20:43-03:00,1789273243,637,25,1,64,185.0,8.9,62.0,3558,2878.0,636,641.0,1.3333333333333333,True,marchita,corregida,False,-76,
2026-09-13 01:21:13-03:00,1789273273,638,25,1,67,187.0,8.9,62.0,3568,2873.0,629,643.0,1.35,True,marchita,corregida,False,-72,
2026-09-13 01:21:43-03:00,1789273303,639,25,1,48,191.0,8.9,62.0,3549,2878.0,630,638.0,1.35,True,marchita,corregida,False,-75,
2026-09-13 01:22:13-03:00,1789273333,640,25,1,71,184.0,8.9,62.0,3571,2868.0,624,641.0,1.3666666666666667,True,marchita,corregida,False,-78,
2026-09-13 01:22:43-03:00,1789273363,641,25,1,51,184.0,8.9,62.0,3531,2862.0,622,638.0,1.3666666666666667,True,marchita,corregida,False,-77,
2026-09-13 01:23:13-03:00,1789273393,642,25,1,53,185.0,8.9,62.0,3551,2873.0,636,645.0,1.3833333333333333,True,marchita,corregida,False,-77,
2026-09-13 01:23:43-03:00,1789273423,643,25,1,60,195.0,8.9,62.0,3568,2877.0,624,639.0,1.3833333333333333,True,marchita,corregida,False,-80,
2026-09-13 01:24:13-03:00,1789273453,644,25,1,58,193.0,8.9,62.0,3562,2870.0,636,649.0,1.4,True,marchita,corregida,False,-77,
2026-09-13 01:24:43-03:00,1789273483,645,25,1,51,191.0,8.9,62.0,3580,2877.0,637,642.0,1.4,True,marchita,corregida,False,-78,
2026-09-13 01:25:13-03:00,1789273513,646,25,1,64,192.0,8.9,62.0,3549,2866.0,631,638.0,1.4166666666666667,True,marchita,corregida,False,-77,
2026-09-13 01:25:43-03:00,1789273543,647,25,1,62,186.0,8.9,62.0,3552,2875.0,639,648.0,1.4166666666666667,True,marchita,corregida,False,-77,
2026-09-13 01:26:13-03:00,1789273573,648,25,1,57,189.0,8.9,62.0,3571,2873.0,630,638.0,1.4333333333333331,True,marchita,corregida,False,-80,
2026-09-13 01:26:43-03:00,1789273603,649,25,1,74,194.0,8.9,62.0,3579,2878.0,621,641.0,1.4333333333333331,True,marchita,corregida,False,-79,
2026-09-13 01:27:13-03:00,1789273633,650,25,1,61,189.0,8.9,62.0,3522,2868.0,629,639.0,1.45,True,marchita,corregida,False,-75,
2026-09-13 01:27:43-03:00,1789273663,651,25,1,70,187.0,8.9,62.0,3543,2861.0,628,640.0,1.45,True,marchita,corregida,False,-75,
2026-09-13 01:28:13-03:00,1789273693,652,25,1,65,181.0,8.9,62.0,3550,2870.0,637,639.0,1.4666666666666668,True,marchita,corregida,False,-75,
2026-09-13 01:28:43-03:00,1789273723,653,25,1,48,192.0,8.9,63.0,3570,2865.0,625,638.0,1.4666666666666668,True,marchita,corregida,False,-78,
2026-09-13 01:29:13-03:00,1789273753,654,25,1,72,183.0,8.9,63.0,3611,2860.0,623,640.0,1.4833333333333334,True,marchita,corregida,False,-76,
2026-09-13 01:29:43-03:00,1789273783,655,25,1,47,190.0,8.9,63.0,3564,2864.0,622,646.0,1.4833333333333334,True,marchita,corregida,False,-81,
2026-09-13 01:30:13-03:00,1789273813,656,25,1,59,191.0,8.9,63.0,3541,2860.0,619,637.0,1.5,True,marchita,corregida,False,-69,
2026-09-13 01:30:43-03:00,1789273843,657,25,1,70,181.0,8.9,63.0,3565,2877.0,630,643.0,1.5,True,marchita,corregida,False,-76,
2026-09-13 01:31:13-03:00,1789273873,658,25,1,71,194.0,8.9,63.0,3556,2870.0,624,638.0,1.5166666666666666,True,marchita,corregida,False,-80,
2026-09-13 01:31:43-03:00,1789273903,659,25,1,17,144.0,8.9,63.0,3568,2872.0,624,638.0,1.5166666666666666,True,marchita,corregida,False,-81,
2026-09-13 01:32:13-03:00,1789273933,660,25,1,13,142.0,8.5,63.0,3567,2870.0,625,638.0,1.5333333333333332,True,marchita,corregida,False,-81,
2026-09-13 01:32:43-03:00,1789273963,661,25,1,14,142.0,8.5,63.0,3522,2853.0,634,636.0,1.5333333333333332,True,marchita,corregida,False,-81,
2026-09-13 01:33:13-03:00,1789273993,662,25,1,2,148.0,8.6,63.0,3549,2868.0,629,638.0,1.55,True,marchita,corregida,False,-81,
2026-09-13 01:33:43-03:00,1789274023,663,25,1,0,151.0,8.5,63.0,3539,2872.0,624,639.0,1.55,True,marchita,corregida,False,-81,luz_saturada
2026-09-13 01:34:13-03:00,1789274053,664,25,1,0,142.0,8.5,63.0,3563,2870.0,629,644.0,1.5666666666666669,True,marchita,corregida,False,-80,luz_saturada
2026-09-13 01:34:43-03:00,1789274083,665,25,1,0,143.0,8.5,63.0,3568,2874.0,627,641.0,1.5666666666666669,True,marchita,corregida,False,-81,luz_saturada
2026-09-13 01:35:13-03:00,1789274113,666,25,1,0,142.0,8.8,63.0,3541,2860.0,619,634.0,1.5833333333333337,True,marchita,corregida,False,-80,luz_saturada
2026-09-13 01:35:43-03:00,1789274143,667,25,1,8,151.0,8.5,63.0,3551,2870.0,626,638.0,1.5833333333333337,True,marchita,corregida,False,-81,
2026-09-13 01:36:13-03:00,1789274173,668,25,1,6,142.0,8.5,63.0,3566,2866.0,622,638.0,1.6,True,marchita,corregida,False,-82,
2026-09-13 01:36:43-03:00,1789274203,669,25,1,5,142.0,8.5,63.0,3543,2870.0,631,641.0,1.6,True,marchita,corregida,False,-81,
2026-09-13 01:37:13-03:00,1789274233,670,25,1,0,143.0,8.5,63.0,3531,2863.0,619,640.0,1.6166666666666667,True,marchita,corregida,False,-82,luz_saturada
2026-09-13 01:37:43-03:00,1789274263,671,25,1,0,148.0,8.5,62.0,3520,2860.0,615,636.0,1.6166666666666667,True,marchita,corregida,False,-81,luz_saturada
2026-09-13 01:38:13-03:00,1789274293,672,25,1,0,146.0,8.5,62.0,3547,2866.0,627,640.0,1.6333333333333333,True,marchita,corregida,False,-82,luz_saturada
2026-09-13 01:38:43-03:00,1789274323,673,25,1,3,149.0,8.5,62.0,3545,2862.0,630,637.0,1.6333333333333333,True,marchita,corregida,False,-81,
2026-09-13 01:39:13-03:00,1789274353,674,25,1,14,147.0,8.5,62.0,3550,2860.0,623,638.0,1.65,True,marchita,corregida,False,-81,
2026-09-13 01:39:43-03:00,1789274383,675,25,1,12,142.0,8.5,62.0,3526,2865.0,613,639.0,1.65,True,marchita,corregida,False,-82,
2026-09-13 01:40:13-03:00,1789274413,676,25,1,15,147.0,8.5,62.0,3535,2856.0,619,640.0,1.6666666666666663,True,marchita,corregida,False,-81,
2026-09-13 01:40:43-03:00,1789274443,677,25,1,1,142.0,8.5,62.0,3536,2864.0,624,637.0,1.6666666666666663,True,marchita,corregida,False,-81,
2026-09-13 01:41:13-03:00,1789274473,678,25,1,10,146.0,8.5,62.0,3550,2869.0,613,637.0,1.6833333333333331,True,marchita,corregida,False,-81,
2026-09-13 01:41:43-03:00,1789274503,679,25,1,5,147.0,8.5,62.0,3537,2868.0,614,638.0,1.6833333333333331,True,marchita,corregida,False,-81,
2026-09-13 01:42:13-03:00,1789274533,680,25,1,0,144.0,8.5,62.0,3562,2867.0,624,638.0,1.7,True,marchita,corregida,False,-81,luz_saturada
2026-09-13 01:42:43-03:00,1789274563,681,25,1,12,146.0,8.5,62.0,3530,2851.0,625,638.0,1.7,True,marchita,corregida,False,-89,
2026-09-13 01:43:13-03:00,1789274593,682,25,1,0,142.0,8.5,62.0,3514,2852.0,627,635.0,1.7166666666666668,True,marchita,corregida,False,-81,luz_saturada
2026-09-13 01:43:43-03:00,1789274623,683,25,1,16,142.0,8.5,62.0,3533,2855.0,624,638.0,1.7166666666666668,True,marchita,corregida,False,-81,
2026-09-13 01:44:13-03:00,1789274653,684,25,1,1,143.0,8.5,62.0,3527,2850.0,624,632.0,1.7333333333333334,True,marchita,corregida,False,-81,
2026-09-13 01:44:43-03:00,1789274683,685,25,1,3,146.0,8.5,62.0,3517,2856.0,619,638.0,1.7333333333333334,True,marchita,corregida,False,-81,
2026-09-13 01:45:13-03:00,1789274713,686,25,1,15,144.0,8.5,62.0,3517,2852.0,625,638.0,1.75,True,marchita,corregida,False,-81,
2026-09-13 01:45:43-03:00,1789274743,687,25,1,16,142.0,8.5,62.0,3539,2853.0,618,637.0,1.75,True,marchita,corregida,False,-81,
2026-09-13 01:46:13-03:00,1789274773,688,25,1,3,142.0,8.5,62.0,3533,2859.0,633,640.0,1.7666666666666666,True,marchita,corregida,False,-80,
2026-09-13 01:46:43-03:00,1789274803,689,25,1,0,143.0,8.5,62.0,3542,2860.0,624,638.0,1.7666666666666666,True,marchita,corregida,False,-81,luz_saturada
2026-09-13 01:47:13-03:00,1789274833,690,25,1,1,143.0,8.5,62.0,3543,2860.0,630,638.0,1.7833333333333332,True,marchita,corregida,False,-81,
2026-09-13 01:47:43-03:00,1789274863,691,25,1,0,142.0,8.5,62.0,3533,2860.0,625,639.0,1.7833333333333332,True,marchita,corregida,False,-81,luz_saturada
2026-09-13 01:48:13-03:00,1789274893,692,25,1,9,148.0,8.5,62.0,3535,2859.0,623,641.0,1.8,True,marchita,corregida,False,-82,
2026-09-13 01:48:43-03:00,1789274923,693,25,1,13,143.0,8.5,62.0,3518,2860.0,622,639.0,1.8,True,marchita,corregida,False,-81,
2026-09-13 01:49:13-03:00,1789274953,694,25,1,0,148.0,8.5,62.0,3541,2866.0,618,634.0,1.8166666666666669,True,marchita,corregida,False,-82,luz_saturada
2026-09-13 01:49:43-03:00,1789274983,695,25,1,0,150.0,8.5,62.0,3551,2866.0,617,638.0,1.8166666666666669,True,marchita,corregida,False,-81,luz_saturada
2026-09-13 01:50:13-03:00,1789275013,696,25,1,1,142.0,8.5,62.0,3562,2870.0,626,630.0,1.8333333333333333,True,marchita,corregida,False,-82,
2026-09-13 01:50:43-03:00,1789275043,697,25,1,16,147.0,8.5,62.0,3530,2855.0,626,638.0,1.8333333333333333,True,marchita,corregida,False,-79,
2026-09-13 01:51:13-03:00,1789275073,698,25,1,0,146.0,8.5,62.0,3563,2872.0,621,636.0,1.85,True,marchita,corregida,False,-81,luz_saturada
2026-09-13 01:51:43-03:00,1789275103,699,25,1,5,142.0,8.5,62.0,3579,2868.0,624,638.0,1.85,True,marchita,corregida,False,-82,
2026-09-13 01:52:13-03:00,1789275133,700,25,1,0,142.0,8.5,62.0,3571,2873.0,608,634.0,1.8666666666666667,True,marchita,corregida,False,-82,luz_saturada
2026-09-13 01:52:43-03:00,1789275163,701,25,1,0,148.0,8.5,62.0,3557,2862.0,632,638.0,1.8666666666666667,True,marchita,corregida,False,-80,luz_saturada
2026-09-13 01:53:13-03:00,1789275193,702,25,1,0,142.0,8.5,62.0,3557,2864.0,615,641.0,1.8833333333333333,True,marchita,corregida,False,-82,luz_saturada
2026-09-13 01:53:43-03:00,1789275223,703,25,1,12,153.0,8.5,62.0,3536,2864.0,626,639.0,1.8833333333333333,True,marchita,corregida,False,-82,
2026-09-13 01:54:13-03:00,1789275253,704,25,1,0,155.0,8.5,62.0,3538,2855.0,629,640.0,1.9,True,marchita,corregida,False,-81,luz_saturada
2026-09-13 01:54:43-03:00,1789275283,705,25,1,15,152.0,8.5,62.0,3524,2862.0,620,638.0,1.9,True,marchita,corregida,False,-81,
2026-09-13 01:55:13-03:00,1789275313,706,25,1,0,142.0,8.5,62.0,3543,2857.0,630,638.0,1.9166666666666663,True,marchita,corregida,False,-82,luz_saturada
2026-09-13 01:55:43-03:00,1789275343,707,25,1,10,142.0,8.5,62.0,3527,2854.0,624,642.0,1.9166666666666663,True,marchita,corregida,False,-81,
2026-09-13 01:56:13-03:00,1789275373,708,25,1,0,143.0,8.5,62.0,3533,2853.0,630,637.0,1.9333333333333331,True,marchita,corregida,False,-81,luz_saturada
2026-09-13 01:56:43-03:00,1789275403,709,25,1,2,150.0,8.5,62.0,3493,2838.0,624,638.0,1.9333333333333331,True,marchita,corregida,False,-82,
2026-09-13 01:57:13-03:00,1789275433,710,25,1,16,147.0,8.5,62.0,3517,2852.0,619,638.0,1.95,True,marchita,corregida,False,-81,
2026-09-13 01:57:43-03:00,1789275463,711,25,1,0,147.0,8.5,61.0,3536,2859.0,625,638.0,1.95,True,marchita,corregida,False,-81,luz_saturada
2026-09-13 01:58:13-03:00,1789275493,712,25,1,12,152.0,8.5,61.0,3526,2858.0,622,640.0,1.9666666666666668,True,marchita,corregida,False,-81,
2026-09-13 01:58:43-03:00,1789275523,713,25,1,7,143.0,8.6,61.0,3536,2856.0,622,638.0,1.9666666666666668,True,marchita,corregida,False,-81,
2026-09-13 01:59:13-03:00,1789275553,714,25,1,0,145.0,8.9,61.0,3534,2853.0,618,642.0,1.9833333333333332,True,marchita,corregida,False,-81,luz_saturada
2026-09-13 01:59:43-03:00,1789275583,715,25,1,1,144.0,8.5,61.0,3559,2852.0,624,642.0,1.9833333333333332,True,marchita,corregida,False,-81,
2026-09-13 02:00:13-03:00,1789275613,716,25,1,0,150.0,8.5,61.0,3550,2858.0,614,637.0,2.0,True,marchita,corregida,False,-82,luz_saturada
2026-09-13 02:00:43-03:00,1789275643,717,25,1,0,146.0,8.5,61.0,3536,2853.0,627,638.0,2.0,True,marchita,corregida,False,-81,luz_saturada
2026-09-13 02:01:13-03:00,1789275673,718,25,1,15,151.0,8.5,61.0,3523,2859.0,618,643.0,2.0166666666666666,True,marchita,corregida,False,-80,
2026-09-13 02:01:43-03:00,1789275703,719,25,1,11,142.0,8.5,61.0,3543,2858.0,631,641.0,2.0166666666666666,True,marchita,corregida,False,-82,
2026-09-13 02:02:13-03:00,1789275733,720,25,1,3,142.0,8.9,61.0,3533,2862.0,635,641.0,2.033333333333333,True,marchita,corregida,False,-80,
2026-09-13 02:02:43-03:00,1789275763,721,25,1,0,142.0,8.9,61.0,3535,2859.0,622,643.0,2.033333333333333,True,marchita,corregida,False,-81,luz_saturada
2026-09-13 02:03:13-03:00,1789275793,722,25,1,0,147.0,8.9,61.0,3534,2860.0,624,638.0,2.05,True,marchita,corregida,False,-82,luz_saturada
2026-09-13 02:03:43-03:00,1789275823,723,25,1,3,144.0,8.9,61.0,3536,2860.0,627,636.0,2.05,True,marchita,corregida,False,-81,
2026-09-13 02:04:13-03:00,1789275853,724,25,1,15,145.0,8.9,61.0,3530,2860.0,638,641.0,2.066666666666667,True,marchita,corregida,False,-82,
2026-09-13 02:04:43-03:00,1789275883,725,25,1,0,142.0,8.9,61.0,3517,2845.0,626,638.0,2.066666666666667,True,marchita,corregida,False,-82,luz_saturada
2026-09-13 02:05:13-03:00,1789275913,726,25,1,10,148.0,8.9,62.0,3533,2855.0,626,637.0,2.083333333333333,True,marchita,corregida,False,-81,
2026-09-13 02:05:43-03:00,1789275943,727,25,1,0,151.0,8.5,62.0,3535,2851.0,611,634.0,2.083333333333333,True,marchita,corregida,False,-81,luz_saturada
2026-09-13 02:06:13-03:00,1789275973,728,25,1,0,148.0,8.5,62.0,3530,2859.0,625,639.0,2.1,True,marchita,corregida,False,-81,luz_saturada
2026-09-13 02:06:43-03:00,1789276003,729,25,1,0,152.0,8.5,62.0,3495,2837.0,627,640.0,2.1,True,marchita,corregida,False,-81,luz_saturada
2026-09-13 02:07:13-03:00,1789276033,730,25,1,15,144.0,8.5,62.0,3536,2851.0,615,638.0,2.1166666666666667,True,marchita,corregida,False,-80,
2026-09-13 02:07:43-03:00,1789276063,731,25,1,4,154.0,8.5,62.0,3505,2852.0,625,643.0,2.1166666666666667,True,marchita,corregida,False,-82,
2026-09-13 02:08:13-03:00,1789276093,732,25,1,0,148.0,8.9,62.0,3504,2853.0,638,643.0,2.1333333333333333,True,marchita,corregida,False,-81,luz_saturada
2026-09-13 02:08:43-03:00,1789276123,733,25,1,16,144.0,8.9,62.0,3519,2863.0,634,638.0,2.1333333333333333,True,marchita,corregida,False,-82,
2026-09-13 02:09:13-03:00,1789276153,734,25,1,0,143.0,8.9,62.0,3523,2858.0,622,640.0,2.15,True,marchita,corregida,False,-80,luz_saturada
2026-09-13 02:09:43-03:00,1789276183,735,25,1,6,150.0,8.9,62.0,3541,2865.0,639,638.0,2.15,True,marchita,corregida,False,-81,
2026-09-13 02:10:13-03:00,1789276213,736,25,1,0,144.0,8.9,62.0,3531,2847.0,620,638.0,2.1666666666666665,True,marchita,corregida,False,-82,luz_saturada
2026-09-13 02:10:43-03:00,1789276243,737,25,1,13,145.0,8.9,62.0,3511,2845.0,611,636.0,2.1666666666666665,True,marchita,corregida,False,-81,
2026-09-13 02:11:13-03:00,1789276273,738,25,1,1,149.0,8.5,62.0,3512,2850.0,622,637.0,2.183333333333333,True,marchita,corregida,False,-81,
2026-09-13 02:11:43-03:00,1789276303,739,25,1,0,142.0,8.5,62.0,3507,2847.0,625,638.0,2.183333333333333,True,marchita,corregida,False,-80,luz_saturada
2026-09-13 02:12:13-03:00,1789276333,740,25,1,9,142.0,8.5,62.0,3509,2851.0,624,639.0,2.2,True,marchita,corregida,False,-82,
2026-09-13 02:12:43-03:00,1789276363,741,25,1,16,144.0,8.5,62.0,3506,2845.0,627,638.0,2.2,True,marchita,corregida,False,-81,
2026-09-13 02:13:13-03:00,1789276393,742,25,1,3,147.0,8.9,62.0,3507,2846.0,635,638.0,2.216666666666667,True,marchita,corregida,False,-80,
2026-09-13 02:13:43-03:00,1789276423,743,25,1,16,144.0,8.5,62.0,3523,2843.0,626,638.0,2.216666666666667,True,marchita,corregida,False,-82,
2026-09-13 02:14:13-03:00,1789276453,744,25,1,2,142.0,8.5,62.0,3516,2851.0,625,638.0,2.2333333333333334,True,marchita,corregida,False,-85,
2026-09-13 02:14:43-03:00,1789276483,745,25,1,1,145.0,8.8,62.0,3534,2855.0,629,641.0,2.2333333333333334,True,marchita,corregida,False,-81,
2026-09-13 02:15:13-03:00,1789276513,746,25,1,1,145.0,8.8,61.0,3511,2850.0,627,640.0,2.25,True,marchita,corregida,False,-81,
2026-09-13 02:15:43-03:00,1789276543,747,25,1,16,148.0,8.9,61.0,3514,2852.0,637,641.0,2.25,True,marchita,corregida,False,-81,
2026-09-13 02:16:13-03:00,1789276573,748,25,1,13,146.0,8.9,61.0,3528,2851.0,630,642.0,2.2666666666666666,True,marchita,corregida,False,-81,
2026-09-13 02:16:43-03:00,1789276603,749,25,1,16,143.0,8.9,61.0,3494,2851.0,635,638.0,2.2666666666666666,True,marchita,corregida,False,-81,
2026-09-13 02:17:13-03:00,1789276633,750,25,1,8,147.0,8.9,61.0,3518,2846.0,630,640.0,2.283333333333333,True,marchita,corregida,False,-81,
2026-09-13 02:17:43-03:00,1789276663,751,25,1,16,148.0,8.9,61.0,3501,2850.0,614,638.0,2.283333333333333,True,marchita,corregida,False,-81,
2026-09-13 02:18:13-03:00,1789276693,752,25,1,0,144.0,8.5,61.0,3521,2855.0,631,637.0,2.3,True,marchita,corregida,False,-81,luz_saturada
2026-09-13 02:18:43-03:00,1789276723,753,25,1,0,146.0,8.5,61.0,3504,2853.0,633,640.0,2.3,True,marchita,corregida,False,-81,luz_saturada
2026-09-13 02:19:13-03:00,1789276753,754,25,1,0,143.0,8.5,61.0,3503,2840.0,623,638.0,2.3166666666666664,True,marchita,corregida,False,-82,luz_saturada
2026-09-13 02:19:43-03:00,1789276783,755,25,1,3,142.0,8.9,61.0,3526,2842.0,629,643.0,2.3166666666666664,True,marchita,corregida,False,-81,
2026-09-13 02:20:13-03:00,1789276813,756,25,1,11,142.0,8.9,61.0,3494,2845.0,624,645.0,2.333333333333333,True,marchita,corregida,False,-82,
2026-09-13 02:20:43-03:00,1789276843,757,25,1,0,143.0,8.9,61.0,3517,2849.0,621,638.0,2.333333333333333,True,marchita,corregida,False,-82,luz_saturada
2026-09-13 02:21:13-03:00,1789276873,758,25,1,12,146.0,8.9,61.0,3513,2838.0,635,638.0,2.35,True,marchita,corregida,False,-81,
2026-09-13 02:21:43-03:00,1789276903,759,25,1,12,155.0,8.9,61.0,3513,2838.0,619,638.0,2.35,True,marchita,corregida,False,-81,
2026-09-13 02:22:13-03:00,1789276933,760,25,1,0,144.0,8.5,61.0,3506,2842.0,626,634.0,2.3666666666666667,True,marchita,corregida,False,-81,luz_saturada
2026-09-13 02:22:43-03:00,1789276963,761,25,1,0,148.0,8.5,61.0,3493,2838.0,614,638.0,2.3666666666666667,True,marchita,corregida,False,-79,luz_saturada
2026-09-13 02:23:13-03:00,1789276993,762,25,1,0,142.0,8.5,61.0,3495,2835.0,624,634.0,2.3833333333333333,True,marchita,corregida,False,-81,luz_saturada
2026-09-13 02:23:43-03:00,1789277023,763,25,1,14,152.0,8.5,61.0,3507,2832.0,624,638.0,2.3833333333333333,True,marchita,corregida,False,-81,
2026-09-13 02:24:13-03:00,1789277053,764,25,1,10,147.0,8.5,61.0,3502,2849.0,629,641.0,2.4,True,marchita,corregida,False,-80,
2026-09-13 02:24:43-03:00,1789277083,765,25,1,0,142.0,8.5,61.0,3504,2843.0,621,638.0,2.4,True,marchita,corregida,False,-81,luz_saturada
2026-09-13 02:25:13-03:00,1789277113,766,25,1,9,145.0,8.5,61.0,3510,2851.0,621,634.0,2.4166666666666665,True,marchita,corregida,False,-82,
2026-09-13 02:25:43-03:00,1789277143,767,25,1,0,154.0,8.5,61.0,3495,2833.0,614,638.0,2.4166666666666665,True,marchita,corregida,False,-81,luz_saturada
2026-09-13 02:26:13-03:00,1789277173,768,25,1,10,148.0,8.5,61.0,3501,2839.0,620,640.0,2.4333333333333336,True,marchita,corregida,False,-81,
2026-09-13 02:26:43-03:00,1789277203,769,25,1,0,144.0,8.5,61.0,3491,2837.0,631,640.0,2.4333333333333336,True,marchita,corregida,False,-81,luz_saturada
2026-09-13 02:27:13-03:00,1789277233,770,25,1,0,142.0,8.5,61.0,3507,2835.0,632,644.0,2.45,True,marchita,corregida,False,-79,luz_saturada
2026-09-13 02:27:43-03:00,1789277263,771,25,1,12,145.0,8.5,61.0,3498,2839.0,623,638.0,2.45,True,marchita,corregida,False,-80,
2026-09-13 02:28:13-03:00,1789277293,772,25,1,18,142.0,8.5,61.0,3504,2843.0,614,638.0,2.466666666666667,True,marchita,corregida,False,-81,
2026-09-13 02:28:43-03:00,1789277323,773,25,1,0,142.0,8.5,61.0,3514,2843.0,623,639.0,2.466666666666667,True,marchita,corregida,False,-81,luz_saturada
2026-09-13 02:29:13-03:00,1789277353,774,25,1,0,147.0,8.5,61.0,3497,2850.0,618,636.0,2.4833333333333334,True,marchita,corregida,False,-80,luz_saturada
2026-09-13 02:29:43-03:00,1789277383,775,25,1,16,144.0,8.5,61.0,3511,2849.0,617,640.0,2.4833333333333334,True,marchita,corregida,False,-78,
2026-09-13 02:30:13-03:00,1789277413,776,25,1,11,152.0,8.5,61.0,3497,2839.0,631,641.0,2.5,True,marchita,corregida,False,-80,
2026-09-13 02:30:43-03:00,1789277443,777,25,1,16,143.0,8.5,61.0,3504,2842.0,625,638.0,2.5,True,marchita,corregida,False,-79,
2026-09-13 02:31:13-03:00,1789277473,778,25,1,15,148.0,8.5,61.0,3510,2849.0,619,641.0,2.5166666666666666,True,marchita,corregida,False,-80,
2026-09-13 02:31:43-03:00,1789277503,779,25,1,0,143.0,8.5,61.0,3517,2851.0,625,642.0,2.5166666666666666,True,marchita,corregida,False,-79,luz_saturada
2026-09-13 02:32:13-03:00,1789277533,780,25,1,8,144.0,8.5,61.0,3498,2843.0,629,638.0,2.533333333333333,True,marchita,corregida,False,-84,
2026-09-13 02:32:43-03:00,1789277563,781,25,1,15,143.0,8.5,61.0,3523,2843.0,626,638.0,2.533333333333333,True,marchita,corregida,False,-80,
2026-09-13 02:33:13-03:00,1789277593,782,25,1,16,155.0,8.5,61.0,3505,2848.0,631,640.0,2.55,True,marchita,corregida,False,-80,
2026-09-13 02:33:43-03:00,1789277623,783,25,1,0,148.0,8.5,60.0,3488,2843.0,633,639.0,2.55,True,marchita,corregida,False,-80,luz_saturada
2026-09-13 02:34:13-03:00,1789277653,784,25,1,5,146.0,8.5,60.0,3521,2842.0,624,637.0,2.5666666666666664,True,marchita,corregida,False,-85,
2026-09-13 02:34:43-03:00,1789277683,785,25,1,0,142.0,8.5,61.0,3507,2846.0,624,637.0,2.5666666666666664,True,marchita,corregida,False,-79,luz_saturada
2026-09-13 02:35:13-03:00,1789277713,786,25,1,41,144.0,8.5,61.0,3505,2843.0,612,631.0,2.583333333333333,True,marchita,corregida,False,-80,
2026-09-13 02:35:43-03:00,1789277743,787,25,1,17,145.0,8.5,61.0,3520,2842.0,629,640.0,2.583333333333333,True,marchita,corregida,False,-79,
2026-09-13 02:36:13-03:00,1789277773,788,25,1,11,142.0,8.5,61.0,3515,2849.0,624,634.0,2.6,True,marchita,corregida,False,-83,
2026-09-13 02:36:43-03:00,1789277803,789,25,1,0,142.0,8.5,61.0,3529,2853.0,617,640.0,2.6,True,marchita,corregida,False,-80,luz_saturada
2026-09-13 02:37:13-03:00,1789277833,790,25,1,5,142.0,8.5,61.0,3521,2858.0,633,639.0,2.6166666666666667,True,marchita,corregida,False,-80,
2026-09-13 02:37:43-03:00,1789277863,791,25,1,0,144.0,8.7,61.0,3495,2846.0,622,642.0,2.6166666666666667,True,marchita,corregida,False,-80,luz_saturada
2026-09-13 02:38:13-03:00,1789277893,792,25,1,16,144.0,8.5,61.0,3503,2853.0,626,636.0,2.6333333333333333,True,marchita,corregida,False,-80,
2026-09-13 02:38:43-03:00,1789277923,793,25,1,1,145.0,8.8,61.0,3520,2858.0,625,646.0,2.6333333333333333,True,marchita,corregida,False,-81,
2026-09-13 02:39:13-03:00,1789277953,794,25,1,0,142.0,8.9,61.0,3527,2853.0,622,642.0,2.65,True,marchita,corregida,False,-83,luz_saturada
2026-09-13 02:39:43-03:00,1789277983,795,25,1,11,144.0,8.9,60.0,3515,2848.0,626,640.0,2.65,True,marchita,corregida,False,-85,
2026-09-13 02:40:13-03:00,1789278013,796,25,1,0,144.0,8.5,60.0,3501,2846.0,625,643.0,2.6666666666666665,True,marchita,corregida,False,-83,luz_saturada
2026-09-13 02:40:43-03:00,1789278043,797,25,1,9,142.0,8.5,60.0,3519,2855.0,624,642.0,2.6666666666666665,True,marchita,corregida,False,-80,
2026-09-13 02:41:13-03:00,1789278073,798,25,1,0,142.0,8.5,60.0,3518,2851.0,630,642.0,2.6833333333333336,True,marchita,corregida,False,-84,luz_saturada
2026-09-13 02:41:43-03:00,1789278103,799,25,1,6,142.0,8.9,60.0,3519,2857.0,621,637.0,2.6833333333333336,True,marchita,corregida,False,-80,
2026-09-13 02:42:13-03:00,1789278133,800,25,1,0,142.0,8.9,60.0,3505,2843.0,620,632.0,2.7,True,marchita,corregida,False,-81,luz_saturada
2026-09-13 02:42:43-03:00,1789278163,801,25,1,16,147.0,8.9,60.0,3495,2842.0,636,640.0,2.7,True,marchita,corregida,False,-81,
2026-09-13 02:43:13-03:00,1789278193,802,25,1,0,151.0,8.9,60.0,3510,2849.0,621,638.0,2.716666666666667,True,marchita,corregida,False,-80,luz_saturada
2026-09-13 02:43:43-03:00,1789278223,803,25,1,0,142.0,8.9,60.0,3462,2822.0,633,638.0,2.716666666666667,True,marchita,corregida,False,-79,luz_saturada
2026-09-13 02:44:13-03:00,1789278253,804,25,1,0,144.0,8.7,60.0,3471,2824.0,630,638.0,2.7333333333333334,True,marchita,corregida,False,-80,luz_saturada
2026-09-13 02:44:43-03:00,1789278283,805,25,1,6,142.0,8.5,61.0,3472,2815.0,629,638.0,2.7333333333333334,True,marchita,corregida,False,-80,
2026-09-13 02:45:13-03:00,1789278313,806,25,1,1,142.0,8.5,61.0,3465,2821.0,616,638.0,2.75,True,marchita,corregida,False,-79,
2026-09-13 02:45:43-03:00,1789278343,807,25,1,0,146.0,8.5,61.0,3499,2831.0,624,640.0,2.75,True,marchita,corregida,False,-81,luz_saturada
2026-09-13 02:46:13-03:00,1789278373,808,25,1,0,147.0,8.5,61.0,3473,2828.0,619,639.0,2.7666666666666666,True,marchita,corregida,False,-78,luz_saturada
2026-09-13 02:46:43-03:00,1789278403,809,25,1,7,151.0,8.5,61.0,3459,2824.0,628,639.0,2.7666666666666666,True,marchita,corregida,False,-81,
2026-09-13 02:47:13-03:00,1789278433,810,25,1,5,142.0,8.5,61.0,3472,2824.0,622,638.0,2.783333333333333,True,marchita,corregida,False,-80,
2026-09-13 02:47:43-03:00,1789278463,811,25,1,10,144.0,8.5,61.0,3485,2825.0,621,641.0,2.783333333333333,True,marchita,corregida,False,-82,
2026-09-13 02:48:13-03:00,1789278493,812,25,1,16,147.0,8.5,61.0,3465,2812.0,618,638.0,2.8,True,marchita,corregida,False,-79,
2026-09-13 02:48:43-03:00,1789278523,813,25,1,2,142.0,8.5,61.0,3461,2824.0,615,638.0,2.8,True,marchita,corregida,False,-80,
2026-09-13 02:49:13-03:00,1789278553,814,25,1,4,142.0,8.5,61.0,3463,2808.0,629,640.0,2.8166666666666664,True,marchita,corregida,False,-78,
2026-09-13 02:49:43-03:00,1789278583,815,25,1,0,148.0,8.5,60.0,3459,2808.0,610,630.0,2.8166666666666664,True,marchita,corregida,False,-78,luz_saturada
2026-09-13 02:50:13-03:00,1789278613,816,25,1,0,144.0,8.5,60.0,3469,2825.0,630,635.0,2.833333333333333,True,marchita,corregida,False,-80,luz_saturada
2026-09-13 02:50:43-03:00,1789278643,817,25,1,16,154.0,8.5,60.0,3472,2819.0,631,638.0,2.833333333333333,True,marchita,corregida,False,-81,
2026-09-13 02:51:13-03:00,1789278673,818,25,1,0,142.0,8.5,60.0,3458,2817.0,624,635.0,2.85,True,marchita,corregida,False,-82,luz_saturada
2026-09-13 02:51:43-03:00,1789278703,819,25,1,10,150.0,8.5,60.0,3424,2813.0,626,636.0,2.85,True,marchita,corregida,False,-81,
2026-09-13 02:52:13-03:00,1789278733,820,25,1,3,142.0,8.5,60.0,3454,2813.0,626,641.0,2.8666666666666667,True,marchita,corregida,False,-82,
2026-09-13 02:52:43-03:00,1789278763,821,25,1,32,143.0,8.5,60.0,3470,2822.0,619,640.0,2.8666666666666667,True,marchita,corregida,False,-79,
2026-09-13 02:53:13-03:00,1789278793,822,25,1,7,144.0,8.5,60.0,3472,2825.0,629,638.0,2.8833333333333333,True,marchita,corregida,False,-78,
2026-09-13 02:53:43-03:00,1789278823,823,25,1,0,144.0,8.5,60.0,3447,2815.0,624,634.0,2.8833333333333333,True,marchita,corregida,False,-82,luz_saturada
2026-09-13 02:54:13-03:00,1789278853,824,25,1,13,144.0,8.5,60.0,3442,2812.0,615,635.0,2.9,True,marchita,corregida,False,-79,
2026-09-13 02:54:43-03:00,1789278883,825,25,1,0,142.0,8.5,60.0,3467,2821.0,631,638.0,2.9,True,marchita,corregida,False,-82,luz_saturada
2026-09-13 02:55:13-03:00,1789278913,826,25,1,1,145.0,8.5,60.0,3477,2822.0,624,634.0,2.9166666666666665,True,marchita,corregida,False,-81,
2026-09-13 02:55:43-03:00,1789278943,827,25,1,14,145.0,8.5,60.0,3459,2815.0,623,637.0,2.9166666666666665,True,marchita,corregida,False,-79,
2026-09-13 02:56:13-03:00,1789278973,828,25,1,1,142.0,8.5,60.0,3442,2818.0,624,638.0,2.9333333333333336,True,marchita,corregida,False,-79,
2026-09-13 02:56:43-03:00,1789279003,829,25,1,0,142.0,8.5,60.0,3440,2808.0,619,638.0,2.9333333333333336,True,marchita,corregida,False,-81,luz_saturada
2026-09-13 02:57:13-03:00,1789279033,830,25,1,0,142.0,8.5,60.0,3473,2827.0,613,638.0,2.95,True,marchita,corregida,False,-81,luz_saturada
2026-09-13 02:57:43-03:00,1789279063,831,25,1,15,147.0,8.5,60.0,3477,2828.0,624,638.0,2.95,True,marchita,corregida,False,-81,
2026-09-13 02:58:13-03:00,1789279093,832,25,1,0,142.0,8.5,60.0,3468,2828.0,619,640.0,2.966666666666667,True,marchita,corregida,False,-82,luz_saturada
2026-09-13 02:58:43-03:00,1789279123,833,25,1,0,144.0,8.5,60.0,3460,2822.0,625,634.0,2.966666666666667,True,marchita,corregida,False,-81,luz_saturada
2026-09-13 02:59:13-03:00,1789279153,834,25,1,3,142.0,8.5,60.0,3475,2824.0,618,638.0,2.9833333333333334,True,marchita,corregida,False,-81,
2026-09-13 02:59:43-03:00,1789279183,835,25,1,9,142.0,8.5,60.0,3476,2833.0,623,638.0,2.9833333333333334,True,marchita,corregida,False,-81,
2026-09-13 03:00:13-03:00,1789279213,836,25,1,13,146.0,8.5,60.0,3491,2830.0,618,636.0,3.0,True,marchita,corregida,False,-81,
2026-09-13 03:00:43-03:00,1789279243,837,25,1,14,147.0,8.5,60.0,3486,2825.0,624,637.0,3.0,True,marchita,corregida,False,-82,
2026-09-13 03:01:13-03:00,1789279273,838,25,1,0,146.0,8.5,60.0,3472,2820.0,630,640.0,3.0166666666666666,True,marchita,corregida,False,-79,luz_saturada
2026-09-13 03:01:43-03:00,1789279303,839,25,1,5,148.0,8.5,60.0,3456,2819.0,619,638.0,3.0166666666666666,True,marchita,corregida,False,-81,
2026-09-13 03:02:13-03:00,1789279333,840,25,1,0,142.0,8.5,60.0,3470,2825.0,614,636.0,3.033333333333333,True,marchita,corregida,False,-84,luz_saturada
2026-09-13 03:02:43-03:00,1789279363,841,25,1,0,150.0,8.5,60.0,3472,2837.0,622,633.0,3.033333333333333,True,marchita,corregida,False,-81,luz_saturada
2026-09-13 03:03:13-03:00,1789279393,842,25,1,6,142.0,8.5,60.0,3456,2826.0,624,646.0,3.05,True,marchita,corregida,False,-81,
2026-09-13 03:03:43-03:00,1789279423,843,25,1,13,144.0,8.5,60.0,3458,2821.0,635,638.0,3.05,True,marchita,corregida,False,-81,
2026-09-13 03:04:13-03:00,1789279453,844,25,1,0,142.0,8.5,60.0,3499,2832.0,629,639.0,3.066666666666667,True,marchita,corregida,False,-81,luz_saturada
2026-09-13 03:04:43-03:00,1789279483,845,25,1,0,148.0,8.5,60.0,3494,2828.0,630,638.0,3.066666666666667,True,marchita,corregida,False,-83,luz_saturada
2026-09-13 03:05:13-03:00,1789279513,846,25,1,7,153.0,8.5,60.0,3471,2826.0,618,640.0,3.083333333333333,True,marchita,corregida,False,-80,
2026-09-13 03:05:43-03:00,1789279543,847,25,1,0,142.0,8.5,60.0,3470,2832.0,621,638.0,3.083333333333333,True,marchita,corregida,False,-82,luz_saturada
2026-09-13 03:06:13-03:00,1789279573,848,25,1,16,147.0,8.5,60.0,3479,2826.0,615,639.0,3.1,True,marchita,corregida,False,-82,
2026-09-13 03:06:43-03:00,1789279603,849,25,1,12,142.0,8.5,60.0,3490,2834.0,624,635.0,3.1,True,marchita,corregida,False,-82,
2026-09-13 03:07:13-03:00,1789279633,850,25,1,15,142.0,8.5,60.0,3477,2828.0,615,638.0,3.1166666666666667,True,marchita,corregida,False,-79,
2026-09-13 03:07:43-03:00,1789279663,851,25,1,13,148.0,8.5,60.0,3473,2828.0,623,638.0,3.1166666666666667,True,marchita,corregida,False,-80,
2026-09-13 03:08:13-03:00,1789279693,852,25,1,16,149.0,8.5,60.0,3466,2830.0,618,634.0,3.1333333333333333,True,marchita,corregida,False,-81,
2026-09-13 03:08:43-03:00,1789279723,853,25,1,13,147.0,8.5,60.0,3470,2824.0,611,635.0,3.1333333333333333,True,marchita,corregida,False,-78,
2026-09-13 03:09:13-03:00,1789279753,854,25,1,14,148.0,8.5,60.0,3491,2834.0,633,634.0,3.15,True,marchita,corregida,False,-78,
2026-09-13 03:09:43-03:00,1789279783,855,25,1,3,145.0,8.5,60.0,3465,2828.0,628,640.0,3.15,True,marchita,corregida,False,-79,
2026-09-13 03:10:13-03:00,1789279813,856,25,1,0,142.0,8.5,60.0,3471,2835.0,624,634.0,3.1666666666666665,True,marchita,corregida,False,-78,luz_saturada
2026-09-13 03:10:43-03:00,1789279843,857,25,1,0,147.0,8.5,60.0,3473,2831.0,630,638.0,3.1666666666666665,True,marchita,corregida,False,-78,luz_saturada
2026-09-13 03:11:13-03:00,1789279873,858,25,1,0,142.0,8.5,60.0,3477,2826.0,615,634.0,3.183333333333333,True,marchita,corregida,False,-78,luz_saturada
2026-09-13 03:11:43-03:00,1789279903,859,25,1,11,142.0,8.5,60.0,3482,2833.0,623,638.0,3.183333333333333,True,marchita,corregida,False,-78,
2026-09-13 03:12:13-03:00,1789279933,860,25,1,11,147.0,8.5,60.0,3501,2838.0,627,638.0,3.2,True,marchita,corregida,False,-78,
2026-09-13 03:12:43-03:00,1789279963,861,25,1,10,142.0,8.5,60.0,3478,2826.0,624,636.0,3.2,True,marchita,corregida,False,-79,
2026-09-13 03:13:13-03:00,1789279993,862,25,1,9,148.0,8.5,60.0,3493,2839.0,617,635.0,3.216666666666667,True,marchita,corregida,False,-77,
2026-09-13 03:13:43-03:00,1789280023,863,25,1,12,149.0,8.5,60.0,3489,2835.0,631,638.0,3.216666666666667,True,marchita,corregida,False,-78,
2026-09-13 03:14:13-03:00,1789280053,864,25,1,0,147.0,8.5,60.0,3485,2831.0,621,633.0,3.2333333333333334,True,marchita,corregida,False,-77,luz_saturada
2026-09-13 03:14:43-03:00,1789280083,865,25,1,0,150.0,8.5,60.0,3479,2831.0,624,638.0,3.2333333333333334,True,marchita,corregida,False,-80,luz_saturada
2026-09-13 03:15:13-03:00,1789280113,866,25,1,4,148.0,8.5,60.0,3463,2833.0,615,640.0,3.25,True,marchita,corregida,False,-78,
2026-09-13 03:15:43-03:00,1789280143,867,25,1,0,143.0,8.5,60.0,3491,2839.0,611,638.0,3.25,True,marchita,corregida,False,-78,luz_saturada
2026-09-13 03:16:13-03:00,1789280173,868,25,1,0,142.0,8.5,60.0,3494,2825.0,624,633.0,3.2666666666666666,True,marchita,corregida,False,-78,luz_saturada
2026-09-13 03:16:43-03:00,1789280203,869,25,1,4,142.0,8.5,60.0,3470,2813.0,612,634.0,3.2666666666666666,True,marchita,corregida,False,-77,
2026-09-13 03:17:13-03:00,1789280233,870,25,1,16,142.0,8.5,60.0,3463,2819.0,627,636.0,3.283333333333333,True,marchita,corregida,False,-78,
2026-09-13 03:17:43-03:00,1789280263,871,25,1,0,142.0,8.5,60.0,3459,2815.0,614,628.0,3.283333333333333,True,marchita,corregida,False,-80,luz_saturada
2026-09-13 03:18:13-03:00,1789280293,872,25,1,4,144.0,8.5,60.0,3467,2822.0,629,634.0,3.3,True,marchita,corregida,False,-76,
2026-09-13 03:18:43-03:00,1789280323,873,25,1,0,144.0,8.5,60.0,3469,2819.0,624,641.0,3.3,True,marchita,corregida,False,-77,luz_saturada
2026-09-13 03:19:13-03:00,1789280353,874,25,1,6,142.0,8.5,60.0,3465,2822.0,611,638.0,3.3166666666666664,True,marchita,corregida,False,-78,
2026-09-13 03:19:43-03:00,1789280383,875,25,1,14,142.0,8.5,60.0,3478,2818.0,617,638.0,3.3166666666666664,True,marchita,corregida,False,-78,
2026-09-13 03:20:13-03:00,1789280413,876,25,1,14,142.0,8.5,60.0,3456,2819.0,634,633.0,3.333333333333333,True,marchita,corregida,False,-78,
2026-09-13 03:20:43-03:00,1789280443,877,25,1,9,143.0,8.5,60.0,3481,2825.0,624,638.0,3.333333333333333,True,marchita,corregida,False,-77,
2026-09-13 03:21:13-03:00,1789280473,878,25,1,11,142.0,8.5,60.0,3444,2821.0,626,634.0,3.35,True,marchita,corregida,False,-81,
2026-09-13 03:21:43-03:00,1789280503,879,25,1,7,142.0,8.5,60.0,3471,2826.0,628,640.0,3.35,True,marchita,corregida,False,-78,
2026-09-13 03:22:13-03:00,1789280533,880,25,1,13,146.0,8.5,60.0,3469,2818.0,614,640.0,3.3666666666666667,True,marchita,corregida,False,-81,
2026-09-13 03:22:43-03:00,1789280563,881,25,1,0,146.0,8.5,59.0,3456,2820.0,627,638.0,3.3666666666666667,True,marchita,corregida,False,-78,luz_saturada
2026-09-13 03:23:13-03:00,1789280593,882,25,1,0,142.0,8.5,59.0,3475,2832.0,627,638.0,3.3833333333333333,True,marchita,corregida,False,-77,luz_saturada
2026-09-13 03:23:43-03:00,1789280623,883,25,1,0,142.0,8.5,59.0,3477,2822.0,619,634.0,3.3833333333333333,True,marchita,corregida,False,-77,luz_saturada
2026-09-13 03:24:13-03:00,1789280653,884,25,1,0,153.0,8.5,59.0,3479,2824.0,625,635.0,3.4,True,marchita,corregida,False,-78,luz_saturada
2026-09-13 03:24:43-03:00,1789280683,885,25,1,16,142.0,8.5,59.0,3479,2828.0,624,638.0,3.4,True,marchita,corregida,False,-78,
2026-09-13 03:25:13-03:00,1789280713,886,25,1,0,144.0,8.5,59.0,3461,2824.0,623,637.0,3.4166666666666665,True,marchita,corregida,False,-78,luz_saturada
2026-09-13 03:25:43-03:00,1789280743,887,25,1,16,142.0,8.5,59.0,3472,2822.0,635,638.0,3.4166666666666665,True,marchita,corregida,False,-78,
2026-09-13 03:26:13-03:00,1789280773,888,25,1,0,151.0,8.5,59.0,3472,2816.0,611,638.0,3.4333333333333336,True,marchita,corregida,False,-78,luz_saturada
2026-09-13 03:26:43-03:00,1789280803,889,25,1,5,144.0,8.5,59.0,3455,2819.0,624,633.0,3.4333333333333336,True,marchita,corregida,False,-77,
2026-09-13 03:27:13-03:00,1789280833,890,25,1,14,150.0,8.5,59.0,3450,2822.0,615,638.0,3.45,True,marchita,corregida,False,-77,
2026-09-13 03:27:43-03:00,1789280863,891,25,1,10,142.0,8.5,60.0,3473,2819.0,624,638.0,3.45,True,marchita,corregida,False,-78,
2026-09-13 03:28:13-03:00,1789280893,892,25,1,10,142.0,8.5,60.0,3455,2818.0,624,638.0,3.466666666666667,True,marchita,corregida,False,-77,
2026-09-13 03:28:43-03:00,1789280923,893,25,1,0,144.0,8.5,60.0,3456,2824.0,611,640.0,3.466666666666667,True,marchita,corregida,False,-78,luz_saturada
2026-09-13 03:29:13-03:00,1789280953,894,25,1,0,152.0,8.5,60.0,3479,2817.0,624,639.0,3.4833333333333334,True,marchita,corregida,False,-77,luz_saturada
2026-09-13 03:29:43-03:00,1789280983,895,25,1,13,153.0,8.5,60.0,3496,2830.0,627,634.0,3.4833333333333334,True,marchita,corregida,False,-78,
2026-09-13 03:30:13-03:00,1789281013,896,25,1,1,142.0,8.5,60.0,3471,2826.0,615,638.0,3.5,True,marchita,corregida,False,-77,
2026-09-13 03:30:43-03:00,1789281043,897,25,1,0,150.0,8.5,60.0,3490,2831.0,630,638.0,3.5,True,marchita,corregida,False,-78,luz_saturada
2026-09-13 03:31:13-03:00,1789281073,898,25,1,11,154.0,8.5,60.0,3465,2828.0,626,638.0,3.5166666666666666,True,marchita,corregida,False,-77,
2026-09-13 03:31:43-03:00,1789281103,899,25,1,3,142.0,8.5,60.0,3488,2827.0,617,638.0,3.5166666666666666,True,marchita,corregida,False,-77,
2026-09-13 03:32:13-03:00,1789281133,900,25,1,0,151.0,8.5,60.0,3467,2834.0,617,634.0,3.533333333333333,True,marchita,corregida,False,-78,luz_saturada
2026-09-13 03:32:43-03:00,1789281163,901,25,1,1,142.0,8.5,60.0,3457,2824.0,631,636.0,3.533333333333333,True,marchita,corregida,False,-78,
2026-09-13 03:33:13-03:00,1789281193,902,25,1,0,152.0,8.5,60.0,3478,2824.0,628,634.0,3.55,True,marchita,corregida,False,-78,luz_saturada
2026-09-13 03:33:43-03:00,1789281223,903,25,1,12,148.0,8.5,60.0,3486,2827.0,626,644.0,3.55,True,marchita,corregida,False,-78,
2026-09-13 03:34:13-03:00,1789281253,904,25,1,6,146.0,8.5,60.0,3462,2826.0,625,640.0,3.5666666666666664,True,marchita,corregida,False,-78,
2026-09-13 03:34:43-03:00,1789281283,905,25,1,16,143.0,8.5,60.0,3484,2832.0,635,642.0,3.5666666666666664,True,marchita,corregida,False,-78,
2026-09-13 03:35:13-03:00,1789281313,906,25,1,1,145.0,8.5,60.0,3488,2826.0,624,638.0,3.583333333333333,True,marchita,corregida,False,-77,
2026-09-13 03:35:43-03:00,1789281343,907,25,1,0,147.0,8.5,60.0,3474,2830.0,634,642.0,3.583333333333333,True,marchita,corregida,False,-78,luz_saturada
2026-09-13 03:36:13-03:00,1789281373,908,25,1,0,142.0,8.5,60.0,3515,2824.0,624,638.0,3.6,True,marchita,corregida,False,-83,luz_saturada
2026-09-13 03:36:43-03:00,1789281403,909,25,1,0,142.0,8.5,60.0,3472,2826.0,615,638.0,3.6,True,marchita,corregida,False,-78,luz_saturada
2026-09-13 03:37:13-03:00,1789281433,910,25,1,11,142.0,8.5,59.0,3472,2828.0,623,638.0,3.6166666666666663,True,marchita,corregida,False,-78,
2026-09-13 03:37:43-03:00,1789281463,911,25,1,7,153.0,8.5,59.0,3497,2833.0,617,638.0,3.6166666666666663,True,marchita,corregida,False,-77,
2026-09-13 03:38:13-03:00,1789281493,912,25,1,6,150.0,8.5,59.0,3501,2831.0,623,637.0,3.633333333333333,True,marchita,corregida,False,-78,
2026-09-13 03:38:43-03:00,1789281523,913,25,1,9,146.0,8.5,59.0,3482,2828.0,629,635.0,3.633333333333333,True,marchita,corregida,False,-78,
2026-09-13 03:39:13-03:00,1789281553,914,25,1,0,142.0,8.5,59.0,3490,2831.0,619,638.0,3.65,True,marchita,corregida,False,-78,luz_saturada
2026-09-13 03:39:43-03:00,1789281583,915,25,1,12,142.0,8.5,60.0,3469,2824.0,613,638.0,3.65,True,marchita,corregida,False,-78,
2026-09-13 03:40:13-03:00,1789281613,916,25,1,0,144.0,8.5,60.0,3456,2818.0,614,633.0,3.6666666666666665,True,marchita,corregida,False,-78,luz_saturada
2026-09-13 03:40:43-03:00,1789281643,917,25,1,0,142.0,8.5,60.0,3501,2826.0,611,638.0,3.6666666666666665,True,marchita,corregida,False,-78,luz_saturada
2026-09-13 03:41:13-03:00,1789281673,918,25,1,14,142.0,8.5,60.0,3487,2826.0,625,631.0,3.6833333333333336,True,marchita,corregida,False,-77,
2026-09-13 03:41:43-03:00,1789281703,919,25,1,5,144.0,8.5,60.0,3472,2824.0,617,628.0,3.6833333333333336,True,marchita,corregida,False,-78,
2026-09-13 03:42:13-03:00,1789281733,920,25,1,16,143.0,8.5,60.0,3440,2812.0,609,633.0,3.7,True,marchita,corregida,False,-78,
2026-09-13 03:42:43-03:00,1789281763,921,25,1,17,142.0,8.5,60.0,3456,2806.0,625,635.0,3.7,True,marchita,corregida,False,-78,
2026-09-13 03:43:13-03:00,1789281793,922,25,1,14,142.0,8.5,60.0,3472,2821.0,611,634.0,3.716666666666667,True,marchita,corregida,False,-78,
2026-09-13 03:43:43-03:00,1789281823,923,25,1,16,146.0,8.5,60.0,3465,2826.0,615,634.0,3.716666666666667,True,marchita,corregida,False,-78,
2026-09-13 03:44:13-03:00,1789281853,924,25,1,0,148.0,8.5,61.0,3488,2831.0,624,634.0,3.733333333333333,True,marchita,corregida,False,-78,luz_saturada
2026-09-13 03:44:43-03:00,1789281883,925,25,1,10,145.0,8.5,61.0,3489,2824.0,624,638.0,3.733333333333333,True,marchita,corregida,False,-83,
2026-09-13 03:45:13-03:00,1789281913,926,25,1,9,142.0,8.5,61.0,3455,2816.0,616,631.0,3.75,True,marchita,corregida,False,-77,
2026-09-13 03:45:43-03:00,1789281943,927,25,1,0,142.0,8.5,61.0,3475,2827.0,623,634.0,3.75,True,marchita,corregida,False,-77,luz_saturada
2026-09-13 03:46:13-03:00,1789281973,928,25,1,7,147.0,8.5,61.0,3485,2824.0,624,637.0,3.7666666666666666,True,marchita,corregida,False,-78,
2026-09-13 03:46:43-03:00,1789282003,929,25,1,0,146.0,8.5,61.0,3479,2827.0,624,634.0,3.7666666666666666,True,marchita,corregida,False,-78,luz_saturada
2026-09-13 03:47:13-03:00,1789282033,930,25,1,11,142.0,8.5,61.0,3466,2826.0,614,631.0,3.783333333333333,True,marchita,corregida,False,-84,
2026-09-13 03:47:43-03:00,1789282063,931,25,1,0,147.0,8.5,61.0,3487,2832.0,617,638.0,3.783333333333333,True,marchita,corregida,False,-78,luz_saturada
2026-09-13 03:48:13-03:00,1789282093,932,25,1,16,143.0,8.5,61.0,3483,2831.0,609,634.0,3.8,True,marchita,corregida,False,-78,
2026-09-13 03:48:43-03:00,1789282123,933,25,1,2,149.0,8.5,61.0,3477,2837.0,625,633.0,3.8,True,marchita,corregida,False,-78,
2026-09-13 03:49:13-03:00,1789282153,934,25,1,0,142.0,8.5,61.0,3467,2827.0,624,634.0,3.8166666666666655,True,marchita,corregida,False,-78,luz_saturada
2026-09-13 03:49:43-03:00,1789282183,935,25,1,0,147.0,8.5,61.0,3463,2819.0,617,634.0,3.8166666666666655,True,marchita,corregida,False,-77,luz_saturada
2026-09-13 03:50:13-03:00,1789282213,936,25,1,10,148.0,8.5,61.0,3487,2835.0,613,638.0,3.8333333333333335,True,marchita,corregida,False,-78,
2026-09-13 03:50:43-03:00,1789282243,937,25,1,11,147.0,8.5,61.0,3481,2828.0,617,638.0,3.8333333333333335,True,marchita,corregida,False,-78,
2026-09-13 03:51:13-03:00,1789282273,938,25,1,12,144.0,8.5,61.0,3487,2834.0,624,635.0,3.85,True,marchita,corregida,False,-78,
2026-09-13 03:51:43-03:00,1789282303,939,25,1,10,152.0,8.5,61.0,3458,2824.0,631,638.0,3.85,True,marchita,corregida,False,-78,
2026-09-13 03:52:13-03:00,1789282333,940,25,1,4,146.0,8.5,61.0,3466,2821.0,612,638.0,3.8666666666666663,True,marchita,corregida,False,-77,
2026-09-13 03:52:43-03:00,1789282363,941,25,1,1,146.0,8.5,61.0,3491,2824.0,624,638.0,3.8666666666666663,True,marchita,corregida,False,-84,
2026-09-13 03:53:13-03:00,1789282393,942,25,1,0,147.0,8.5,61.0,3458,2817.0,618,640.0,3.883333333333333,True,marchita,corregida,False,-77,luz_saturada
2026-09-13 03:53:43-03:00,1789282423,943,25,1,0,143.0,8.5,61.0,3489,2830.0,614,638.0,3.883333333333333,True,marchita,corregida,False,-78,luz_saturada
2026-09-13 03:54:13-03:00,1789282453,944,25,1,7,142.0,8.5,61.0,3466,2822.0,629,638.0,3.9,True,marchita,corregida,False,-78,
2026-09-13 03:54:43-03:00,1789282483,945,25,1,15,145.0,8.5,61.0,3477,2825.0,628,636.0,3.9,True,marchita,corregida,False,-78,
2026-09-13 03:55:13-03:00,1789282513,946,25,1,7,142.0,8.5,61.0,3478,2823.0,618,638.0,3.9166666666666665,True,marchita,corregida,False,-78,
2026-09-13 03:55:43-03:00,1789282543,947,25,1,0,142.0,8.5,61.0,3474,2824.0,626,638.0,3.9166666666666665,True,marchita,corregida,False,-78,luz_saturada
2026-09-13 03:56:13-03:00,1789282573,948,25,1,9,145.0,8.5,61.0,3470,2824.0,625,633.0,3.9333333333333336,True,marchita,corregida,False,-78,
2026-09-13 03:56:43-03:00,1789282603,949,25,1,16,142.0,8.5,61.0,3454,2819.0,627,639.0,3.9333333333333336,True,marchita,corregida,False,-77,
2026-09-13 03:57:13-03:00,1789282633,950,25,1,0,145.0,8.5,61.0,3472,2815.0,624,638.0,3.95,True,marchita,corregida,False,-78,luz_saturada
2026-09-13 03:57:43-03:00,1789282663,951,25,1,0,145.0,8.5,61.0,3487,2826.0,627,638.0,3.95,True,marchita,corregida,False,-83,luz_saturada
2026-09-13 03:58:13-03:00,1789282693,952,25,1,16,151.0,8.5,61.0,3471,2824.0,611,638.0,3.966666666666667,True,marchita,corregida,False,-78,
2026-09-13 03:58:43-03:00,1789282723,953,25,1,0,153.0,8.5,61.0,3485,2826.0,615,631.0,3.966666666666667,True,marchita,corregida,False,-78,luz_saturada
2026-09-13 03:59:13-03:00,1789282753,954,25,1,3,142.0,8.5,61.0,3472,2824.0,624,638.0,3.983333333333333,True,marchita,corregida,False,-77,
2026-09-13 03:59:43-03:00,1789282783,955,25,1,0,142.0,8.5,61.0,3499,2815.0,618,638.0,3.983333333333333,True,marchita,corregida,False,-78,luz_saturada
2026-09-13 04:00:13-03:00,1789282813,956,25,1,1,145.0,8.5,61.0,3475,2833.0,627,633.0,4.0,True,marchita,corregida,False,-78,
2026-09-13 04:00:43-03:00,1789282843,957,25,1,11,144.0,8.5,61.0,3488,2831.0,605,628.0,4.0,True,marchita,corregida,False,-77,
2026-09-13 04:01:13-03:00,1789282873,958,25,1,0,142.0,8.5,61.0,3473,2826.0,626,636.0,4.016666666666667,True,marchita,corregida,False,-78,luz_saturada
2026-09-13 04:01:43-03:00,1789282903,959,25,1,0,142.0,8.5,61.0,3491,2831.0,612,632.0,4.016666666666667,True,marchita,corregida,False,-78,luz_saturada
2026-09-13 04:02:13-03:00,1789282933,960,25,1,3,142.0,8.5,61.0,3485,2832.0,610,638.0,4.033333333333333,True,marchita,corregida,False,-77,
2026-09-13 04:02:43-03:00,1789282963,961,25,1,4,142.0,8.5,61.0,3481,2825.0,614,634.0,4.033333333333333,True,marchita,corregida,False,-78,
2026-09-13 04:03:13-03:00,1789282993,962,25,1,0,144.0,8.5,61.0,3478,2825.0,619,638.0,4.05,True,marchita,corregida,False,-75,luz_saturada
2026-09-13 04:03:43-03:00,1789283023,963,25,1,0,142.0,8.5,61.0,3479,2826.0,608,634.0,4.05,True,marchita,corregida,False,-78,luz_saturada
2026-09-13 04:04:13-03:00,1789283053,964,25,1,0,142.0,8.5,61.0,3467,2823.0,607,638.0,4.066666666666666,True,marchita,corregida,False,-78,luz_saturada
2026-09-13 04:04:43-03:00,1789283083,965,25,1,0,142.0,8.5,61.0,3486,2822.0,613,638.0,4.066666666666666,True,marchita,corregida,False,-78,luz_saturada
2026-09-13 04:05:13-03:00,1789283113,966,25,1,12,142.0,8.5,61.0,3468,2826.0,615,638.0,4.083333333333333,True,marchita,corregida,False,-77,
2026-09-13 04:05:43-03:00,1789283143,967,25,1,0,142.0,8.5,61.0,3481,2832.0,618,633.0,4.083333333333333,True,marchita,corregida,False,-78,luz_saturada
2026-09-13 04:06:13-03:00,1789283173,968,25,1,9,142.0,8.5,61.0,3486,2830.0,624,633.0,4.1,True,marchita,corregida,False,-78,
2026-09-13 04:06:43-03:00,1789283203,969,25,1,7,143.0,8.5,61.0,3469,2823.0,626,634.0,4.1,True,marchita,corregida,False,-78,
2026-09-13 04:07:13-03:00,1789283233,970,25,1,13,142.0,8.5,61.0,3472,2823.0,624,634.0,4.116666666666666,True,marchita,corregida,False,-74,
2026-09-13 04:07:43-03:00,1789283263,971,25,1,0,145.0,8.5,61.0,3489,2833.0,625,638.0,4.116666666666666,True,marchita,corregida,False,-78,luz_saturada
2026-09-13 04:08:13-03:00,1789283293,972,25,1,0,142.0,8.5,61.0,3475,2830.0,621,634.0,4.133333333333334,True,marchita,corregida,False,-78,luz_saturada
2026-09-13 04:08:43-03:00,1789283323,973,25,1,0,142.0,8.5,61.0,3477,2834.0,622,634.0,4.133333333333334,True,marchita,corregida,False,-77,luz_saturada
2026-09-13 04:09:13-03:00,1789283353,974,25,1,9,142.0,8.5,61.0,3472,2839.0,625,638.0,4.15,True,marchita,corregida,False,-78,
2026-09-13 04:09:43-03:00,1789283383,975,25,1,5,144.0,8.5,61.0,3492,2828.0,613,636.0,4.15,True,marchita,corregida,False,-78,
2026-09-13 04:10:13-03:00,1789283413,976,25,1,5,142.0,8.5,60.0,3505,2835.0,624,638.0,4.166666666666667,True,marchita,corregida,False,-77,
2026-09-13 04:10:43-03:00,1789283443,977,25,1,0,142.0,8.5,60.0,3493,2839.0,621,637.0,4.166666666666667,True,marchita,corregida,False,-75,luz_saturada
2026-09-13 04:11:13-03:00,1789283473,978,25,1,0,142.0,8.5,60.0,3501,2833.0,620,635.0,4.183333333333334,True,marchita,corregida,False,-77,luz_saturada
2026-09-13 04:11:43-03:00,1789283503,979,25,1,0,147.0,8.5,60.0,3500,2849.0,625,638.0,4.183333333333334,True,marchita,corregida,False,-78,luz_saturada
2026-09-13 04:12:13-03:00,1789283533,980,25,1,0,142.0,8.5,60.0,3503,2834.0,619,633.0,4.2,True,marchita,corregida,False,-78,luz_saturada
2026-09-13 04:12:43-03:00,1789283563,981,25,1,3,146.0,8.5,60.0,3525,2847.0,610,633.0,4.2,True,marchita,corregida,False,-78,
2026-09-13 04:13:13-03:00,1789283593,982,25,1,0,151.0,8.5,60.0,3507,2843.0,622,638.0,4.216666666666667,True,marchita,corregida,False,-78,luz_saturada
2026-09-13 04:13:43-03:00,1789283623,983,25,1,1,142.0,8.5,60.0,3487,2837.0,622,637.0,4.216666666666667,True,marchita,corregida,False,-77,
2026-09-13 04:14:13-03:00,1789283653,984,25,1,8,142.0,8.5,60.0,3498,2839.0,615,634.0,4.233333333333333,True,marchita,corregida,False,-78,
2026-09-13 04:14:43-03:00,1789283683,985,25,1,0,145.0,8.5,60.0,3504,2837.0,611,636.0,4.233333333333333,True,marchita,corregida,False,-78,luz_saturada
2026-09-13 04:15:13-03:00,1789283713,986,25,1,9,144.0,8.5,60.0,3484,2833.0,624,638.0,4.25,True,marchita,corregida,False,-78,
2026-09-13 04:15:43-03:00,1789283743,987,25,1,0,142.0,8.5,60.0,3498,2843.0,624,626.0,4.25,True,marchita,corregida,False,-78,luz_saturada
2026-09-13 04:16:13-03:00,1789283773,988,25,1,0,142.0,8.5,60.0,3472,2838.0,613,638.0,4.266666666666667,True,marchita,corregida,False,-78,luz_saturada
2026-09-13 04:16:43-03:00,1789283803,989,25,1,1,143.0,8.5,60.0,3499,2837.0,624,638.0,4.266666666666667,True,marchita,corregida,False,-78,
2026-09-13 04:17:13-03:00,1789283833,990,25,1,1,142.0,8.5,60.0,3495,2831.0,605,634.0,4.283333333333333,True,marchita,corregida,False,-79,
2026-09-13 04:17:43-03:00,1789283863,991,25,1,13,143.0,8.5,60.0,3522,2845.0,621,636.0,4.283333333333333,True,marchita,corregida,False,-78,
2026-09-13 04:18:13-03:00,1789283893,992,25,1,7,149.0,8.5,60.0,3491,2842.0,614,634.0,4.3,True,marchita,corregida,False,-78,
2026-09-13 04:18:43-03:00,1789283923,993,25,1,3,142.0,8.5,59.0,3490,2842.0,607,633.0,4.3,True,marchita,corregida,False,-77,
2026-09-13 04:19:13-03:00,1789283953,994,25,1,0,142.0,8.5,59.0,3486,2834.0,624,638.0,4.316666666666666,True,marchita,corregida,False,-78,luz_saturada
2026-09-13 04:19:43-03:00,1789283983,995,25,1,0,142.0,8.5,59.0,3505,2841.0,622,634.0,4.316666666666666,True,marchita,corregida,False,-77,luz_saturada
2026-09-13 04:20:13-03:00,1789284013,996,25,1,0,144.0,8.5,59.0,3507,2843.0,609,638.0,4.333333333333333,True,marchita,corregida,False,-78,luz_saturada
2026-09-13 04:20:43-03:00,1789284043,997,25,1,0,146.0,8.5,59.0,3497,2838.0,623,638.0,4.333333333333333,True,marchita,corregida,False,-78,luz_saturada
2026-09-13 04:21:13-03:00,1789284073,998,25,1,0,142.0,8.5,59.0,3498,2841.0,618,629.0,4.35,True,marchita,corregida,False,-78,luz_saturada
2026-09-13 04:21:43-03:00,1789284103,999,25,1,4,142.0,8.5,59.0,3514,2843.0,623,636.0,4.35,True,marchita,corregida,False,-78,
2026-09-13 04:22:13-03:00,1789284133,1000,25,1,0,142.0,8.5,59.0,3487,2835.0,623,636.0,4.366666666666666,True,marchita,corregida,False,-80,luz_saturada
2026-09-13 04:22:43-03:00,1789284163,1001,25,1,6,142.0,8.5,59.0,3502,2845.0,608,634.0,4.366666666666666,True,marchita,corregida,False,-78,
2026-09-13 04:23:13-03:00,1789284193,1002,25,1,0,142.0,8.5,60.0,3506,2844.0,620,634.0,4.383333333333334,True,marchita,corregida,False,-78,luz_saturada
2026-09-13 04:23:43-03:00,1789284223,1003,25,1,7,145.0,8.5,60.0,3495,2846.0,608,634.0,4.383333333333334,True,marchita,corregida,False,-78,
2026-09-13 04:24:13-03:00,1789284253,1004,25,1,0,143.0,8.5,60.0,3495,2838.0,609,634.0,4.4,True,marchita,corregida,False,-78,luz_saturada
2026-09-13 04:24:43-03:00,1789284283,1005,25,1,0,142.0,8.5,60.0,3494,2839.0,618,629.0,4.4,True,marchita,corregida,False,-77,luz_saturada
2026-09-13 04:25:13-03:00,1789284313,1006,25,1,0,147.0,8.5,60.0,3491,2845.0,610,634.0,4.416666666666667,True,marchita,corregida,False,-78,luz_saturada
2026-09-13 04:25:43-03:00,1789284343,1007,25,1,6,142.0,8.5,60.0,3506,2847.0,621,628.0,4.416666666666667,True,marchita,corregida,False,-77,
2026-09-13 04:26:13-03:00,1789284373,1008,25,1,0,142.0,8.5,60.0,3517,2843.0,609,636.0,4.433333333333334,True,marchita,corregida,False,-78,luz_saturada
2026-09-13 04:26:43-03:00,1789284403,1009,25,1,13,145.0,8.5,61.0,3494,2841.0,614,638.0,4.433333333333334,True,marchita,corregida,False,-78,
2026-09-13 04:27:13-03:00,1789284433,1010,25,1,12,144.0,8.5,61.0,3498,2834.0,624,634.0,4.45,True,marchita,corregida,False,-78,
2026-09-13 04:27:43-03:00,1789284463,1011,25,1,0,143.0,8.5,61.0,3504,2838.0,611,629.0,4.45,True,marchita,corregida,False,-78,luz_saturada
2026-09-13 04:28:13-03:00,1789284493,1012,25,1,3,142.0,8.5,61.0,3499,2841.0,603,631.0,4.466666666666667,True,marchita,corregida,False,-77,
2026-09-13 04:28:43-03:00,1789284523,1013,25,1,0,143.0,8.5,61.0,3521,2840.0,624,634.0,4.466666666666667,True,marchita,corregida,False,-78,luz_saturada
2026-09-13 04:29:13-03:00,1789284553,1014,25,1,8,145.0,8.5,61.0,3490,2844.0,610,630.0,4.483333333333333,True,marchita,corregida,False,-78,
2026-09-13 04:29:43-03:00,1789284583,1015,25,1,8,142.0,8.5,61.0,3458,2835.0,624,630.0,4.483333333333333,True,marchita,corregida,False,-77,
2026-09-13 04:30:13-03:00,1789284613,1016,25,1,0,142.0,8.5,61.0,3526,2842.0,613,623.0,4.5,True,marchita,corregida,False,-78,luz_saturada
2026-09-13 04:30:43-03:00,1789284643,1017,25,1,3,142.0,8.5,61.0,3509,2843.0,613,631.0,4.5,True,marchita,corregida,False,-78,
2026-09-13 04:31:13-03:00,1789284673,1018,25,1,11,142.0,8.5,61.0,3497,2839.0,623,628.0,4.516666666666667,True,marchita,corregida,False,-78,
2026-09-13 04:31:43-03:00,1789284703,1019,25,1,0,143.0,8.5,61.0,3506,2846.0,606,630.0,4.516666666666667,True,marchita,corregida,False,-78,luz_saturada
2026-09-13 04:32:13-03:00,1789284733,1020,25,1,4,144.0,8.5,61.0,3506,2844.0,619,631.0,4.533333333333333,True,marchita,corregida,False,-77,
2026-09-13 04:32:43-03:00,1789284763,1021,25,1,10,143.0,8.5,61.0,3509,2843.0,612,628.0,4.533333333333333,True,marchita,corregida,False,-77,
2026-09-13 04:33:13-03:00,1789284793,1022,25,1,10,148.0,8.5,61.0,3517,2850.0,609,631.0,4.55,True,marchita,corregida,False,-78,
2026-09-13 04:33:43-03:00,1789284823,1023,25,1,2,142.0,8.5,61.0,3506,2853.0,607,634.0,4.55,True,marchita,corregida,False,-78,
2026-09-13 04:34:13-03:00,1789284853,1024,25,1,0,143.0,8.5,61.0,3498,2840.0,621,629.0,4.566666666666666,True,marchita,corregida,False,-78,luz_saturada
2026-09-13 04:34:43-03:00,1789284883,1025,25,1,0,142.0,8.2,61.0,3517,2843.0,607,623.0,4.566666666666666,True,marchita,corregida,False,-78,luz_saturada
2026-09-13 04:35:13-03:00,1789284913,1026,25,1,3,142.0,8.4,61.0,3521,2845.0,621,625.0,4.583333333333333,True,marchita,corregida,False,-78,
2026-09-13 04:35:43-03:00,1789284943,1027,25,1,0,142.0,8.3,61.0,3542,2851.0,611,630.0,4.583333333333333,True,marchita,corregida,False,-77,luz_saturada
2026-09-13 04:36:13-03:00,1789284973,1028,25,1,0,142.0,8.2,61.0,3520,2841.0,623,627.0,4.6,True,marchita,corregida,False,-78,luz_saturada
2026-09-13 04:36:43-03:00,1789285003,1029,25,1,0,145.0,8.5,61.0,3487,2835.0,609,629.0,4.6,True,marchita,corregida,False,-77,luz_saturada
2026-09-13 04:37:13-03:00,1789285033,1030,25,1,2,150.0,8.5,61.0,3514,2843.0,613,626.0,4.616666666666667,True,marchita,corregida,False,-78,
2026-09-13 04:37:43-03:00,1789285063,1031,25,1,2,142.0,8.5,61.0,3520,2845.0,608,627.0,4.616666666666667,True,marchita,corregida,False,-77,
2026-09-13 04:38:13-03:00,1789285093,1032,25,1,13,142.0,8.5,61.0,3510,2840.0,607,627.0,4.633333333333333,True,marchita,corregida,False,-78,
2026-09-13 04:38:43-03:00,1789285123,1033,25,1,13,142.0,8.5,61.0,3487,2838.0,611,628.0,4.633333333333333,True,marchita,corregida,False,-79,
2026-09-13 04:39:13-03:00,1789285153,1034,25,1,0,142.0,8.5,61.0,3494,2833.0,613,631.0,4.65,True,marchita,corregida,False,-78,luz_saturada
2026-09-13 04:39:43-03:00,1789285183,1035,25,1,10,142.0,8.5,61.0,3503,2842.0,607,631.0,4.65,True,marchita,corregida,False,-77,
2026-09-13 04:40:13-03:00,1789285213,1036,25,1,0,142.0,8.5,61.0,3514,2841.0,611,626.0,4.666666666666667,True,marchita,corregida,False,-78,luz_saturada
2026-09-13 04:40:43-03:00,1789285243,1037,25,1,0,148.0,8.5,62.0,3496,2842.0,611,630.0,4.666666666666667,True,marchita,corregida,False,-78,luz_saturada
2026-09-13 04:41:13-03:00,1789285273,1038,25,1,0,142.0,8.5,62.0,3481,2832.0,608,633.0,4.683333333333334,True,marchita,corregida,False,-78,luz_saturada
2026-09-13 04:41:43-03:00,1789285303,1039,25,1,0,142.0,8.5,62.0,3504,2830.0,624,624.0,4.683333333333334,True,marchita,corregida,False,-78,luz_saturada
2026-09-13 04:42:13-03:00,1789285333,1040,25,1,0,142.0,8.5,62.0,3504,2845.0,605,630.0,4.7,True,marchita,corregida,False,-78,luz_saturada
2026-09-13 04:42:43-03:00,1789285363,1041,25,1,0,142.0,8.5,62.0,3499,2839.0,609,634.0,4.7,True,marchita,corregida,False,-78,luz_saturada
2026-09-13 04:43:13-03:00,1789285393,1042,25,1,0,142.0,8.5,62.0,3490,2834.0,608,637.0,4.716666666666667,True,marchita,corregida,False,-78,luz_saturada
2026-09-13 04:43:43-03:00,1789285423,1043,25,1,0,151.0,8.5,62.0,3471,2824.0,624,633.0,4.716666666666667,True,marchita,corregida,False,-78,luz_saturada
2026-09-13 04:44:13-03:00,1789285453,1044,25,1,5,151.0,8.5,61.0,3492,2835.0,618,630.0,4.733333333333333,True,marchita,corregida,False,-78,
2026-09-13 04:44:43-03:00,1789285483,1045,25,1,16,142.0,8.5,61.0,3473,2834.0,606,637.0,4.733333333333333,True,marchita,corregida,False,-78,
2026-09-13 04:45:13-03:00,1789285513,1046,25,1,0,148.0,8.5,61.0,3477,2835.0,614,626.0,4.75,True,marchita,corregida,False,-78,luz_saturada
2026-09-13 04:45:43-03:00,1789285543,1047,25,1,0,142.0,8.5,62.0,3489,2831.0,608,628.0,4.75,True,marchita,corregida,False,-78,luz_saturada
2026-09-13 04:46:13-03:00,1789285573,1048,25,1,0,142.0,8.5,62.0,3474,2824.0,623,636.0,4.766666666666667,True,marchita,corregida,False,-78,luz_saturada
2026-09-13 04:46:43-03:00,1789285603,1049,25,1,0,142.0,8.5,62.0,3479,2826.0,607,631.0,4.766666666666667,True,marchita,corregida,False,-78,luz_saturada
2026-09-13 04:47:13-03:00,1789285633,1050,25,1,0,142.0,8.5,62.0,3475,2828.0,618,634.0,4.783333333333333,True,marchita,corregida,False,-78,luz_saturada
2026-09-13 04:47:43-03:00,1789285663,1051,25,1,0,142.0,8.5,62.0,3476,2828.0,607,631.0,4.783333333333333,True,marchita,corregida,False,-77,luz_saturada
2026-09-13 04:48:13-03:00,1789285693,1052,25,1,0,144.0,8.5,62.0,3483,2825.0,607,633.0,4.8,True,marchita,corregida,False,-78,luz_saturada
2026-09-13 04:48:43-03:00,1789285723,1053,25,1,9,150.0,8.5,62.0,3475,2825.0,624,630.0,4.8,True,marchita,corregida,False,-78,
2026-09-13 04:49:13-03:00,1789285753,1054,25,1,0,150.0,8.5,62.0,3491,2831.0,610,630.0,4.816666666666666,True,marchita,corregida,False,-78,luz_saturada
2026-09-13 04:49:43-03:00,1789285783,1055,25,1,11,142.0,8.5,62.0,3488,2838.0,624,634.0,4.816666666666666,True,marchita,corregida,False,-78,
2026-09-13 04:50:13-03:00,1789285813,1056,25,1,0,142.0,8.5,62.0,3495,2831.0,609,630.0,4.833333333333333,True,marchita,corregida,False,-78,luz_saturada
2026-09-13 04:50:43-03:00,1789285843,1057,25,1,0,143.0,8.5,62.0,3477,2832.0,612,630.0,4.833333333333333,True,marchita,corregida,False,-78,luz_saturada
2026-09-13 04:51:13-03:00,1789285873,1058,25,1,0,142.0,8.5,62.0,3500,2826.0,607,634.0,4.85,True,marchita,corregida,False,-78,luz_saturada
2026-09-13 04:51:43-03:00,1789285903,1059,25,1,0,148.0,8.5,62.0,3493,2842.0,625,637.0,4.85,True,marchita,corregida,False,-77,luz_saturada
2026-09-13 04:52:13-03:00,1789285933,1060,25,1,16,142.0,8.5,62.0,3488,2837.0,607,627.0,4.866666666666667,True,marchita,corregida,False,-77,
2026-09-13 04:52:43-03:00,1789285963,1061,25,1,3,142.0,8.5,61.0,3489,2838.0,624,628.0,4.866666666666667,True,marchita,corregida,False,-77,
2026-09-13 04:53:13-03:00,1789285993,1062,25,1,0,151.0,8.5,61.0,3495,2832.0,624,634.0,4.883333333333333,True,marchita,corregida,False,-78,luz_saturada
2026-09-13 04:53:43-03:00,1789286023,1063,25,1,0,142.0,8.5,61.0,3471,2828.0,620,637.0,4.883333333333333,True,marchita,corregida,False,-78,luz_saturada
2026-09-13 04:54:13-03:00,1789286053,1064,25,1,5,152.0,8.5,61.0,3487,2834.0,626,635.0,4.9,True,marchita,corregida,False,-78,
2026-09-13 04:54:43-03:00,1789286083,1065,25,1,0,143.0,8.5,61.0,3459,2828.0,624,635.0,4.9,True,marchita,corregida,False,-78,luz_saturada
2026-09-13 04:55:13-03:00,1789286113,1066,25,1,12,142.0,8.5,61.0,3481,2826.0,614,629.0,4.916666666666667,True,marchita,corregida,False,-78,
2026-09-13 04:55:43-03:00,1789286143,1067,25,1,0,142.0,8.5,61.0,3484,2824.0,618,637.0,4.916666666666667,True,marchita,corregida,False,-78,luz_saturada
2026-09-13 04:56:13-03:00,1789286173,1068,25,1,0,146.0,8.5,61.0,3461,2826.0,613,633.0,4.933333333333334,True,marchita,corregida,False,-77,luz_saturada
2026-09-13 04:56:43-03:00,1789286203,1069,25,1,0,143.0,8.5,61.0,3473,2819.0,623,631.0,4.933333333333334,True,marchita,corregida,False,-78,luz_saturada
2026-09-13 04:57:13-03:00,1789286233,1070,25,1,0,142.0,8.5,61.0,3488,2824.0,624,630.0,4.95,True,marchita,corregida,False,-77,luz_saturada
2026-09-13 04:57:43-03:00,1789286263,1071,25,1,0,144.0,8.5,61.0,3489,2824.0,622,633.0,4.95,True,marchita,corregida,False,-78,luz_saturada
2026-09-13 04:58:13-03:00,1789286293,1072,25,1,0,145.0,8.5,61.0,3449,2824.0,623,633.0,4.966666666666667,True,marchita,corregida,False,-77,luz_saturada
2026-09-13 04:58:43-03:00,1789286323,1073,25,1,4,142.0,8.5,61.0,3486,2827.0,621,630.0,4.966666666666667,True,marchita,corregida,False,-85,
2026-09-13 04:59:13-03:00,1789286353,1074,25,1,7,142.0,8.5,61.0,3483,2824.0,611,638.0,4.983333333333333,True,marchita,corregida,False,-78,
2026-09-13 04:59:43-03:00,1789286383,1075,25,1,0,142.0,8.5,61.0,3472,2824.0,622,631.0,4.983333333333333,True,marchita,corregida,False,-78,luz_saturada
2026-09-13 05:00:13-03:00,1789286413,1076,25,1,0,142.0,8.5,61.0,3503,2834.0,624,627.0,5.0,True,marchita,corregida,False,-77,luz_saturada
2026-09-13 05:00:43-03:00,1789286443,1077,25,1,0,143.0,8.5,62.0,3472,2834.0,623,636.0,5.0,True,marchita,corregida,False,-78,luz_saturada
2026-09-13 05:01:13-03:00,1789286473,1078,25,1,9,143.0,8.5,62.0,3460,2823.0,621,628.0,5.016666666666667,True,marchita,corregida,False,-78,
2026-09-13 05:01:43-03:00,1789286503,1079,25,1,0,142.0,8.5,62.0,3463,2824.0,624,630.0,5.016666666666667,True,marchita,corregida,False,-78,luz_saturada
2026-09-13 05:02:13-03:00,1789286533,1080,25,1,0,143.0,8.5,62.0,3511,2832.0,606,626.0,5.033333333333333,True,marchita,corregida,False,-78,luz_saturada
2026-09-13 05:02:43-03:00,1789286563,1081,25,1,3,149.0,8.5,62.0,3467,2828.0,609,628.0,5.033333333333333,True,marchita,corregida,False,-78,
2026-09-13 05:03:13-03:00,1789286593,1082,25,1,0,143.0,8.5,62.0,3472,2827.0,619,633.0,5.05,True,marchita,corregida,False,-78,luz_saturada
2026-09-13 05:03:43-03:00,1789286623,1083,25,1,0,146.0,8.5,62.0,3455,2818.0,624,636.0,5.05,True,marchita,corregida,False,-77,luz_saturada
2026-09-13 05:04:13-03:00,1789286653,1084,25,1,0,142.0,8.5,62.0,3472,2825.0,617,636.0,5.066666666666666,True,marchita,corregida,False,-83,luz_saturada
2026-09-13 05:04:43-03:00,1789286683,1085,25,1,13,144.0,8.5,62.0,3491,2824.0,608,634.0,5.066666666666666,True,marchita,corregida,False,-77,
2026-09-13 05:05:13-03:00,1789286713,1086,25,1,0,142.0,8.5,62.0,3475,2827.0,607,635.0,5.083333333333333,True,marchita,corregida,False,-77,luz_saturada
2026-09-13 05:05:43-03:00,1789286743,1087,25,1,10,142.0,8.5,62.0,3457,2832.0,623,626.0,5.083333333333333,True,marchita,corregida,False,-77,
2026-09-13 05:06:13-03:00,1789286773,1088,25,1,3,146.0,8.5,62.0,3486,2823.0,624,636.0,5.1,True,marchita,corregida,False,-78,
2026-09-13 05:06:43-03:00,1789286803,1089,25,1,0,146.0,8.5,62.0,3479,2823.0,609,631.0,5.1,True,marchita,corregida,False,-85,luz_saturada
2026-09-13 05:07:13-03:00,1789286833,1090,25,1,0,144.0,8.5,62.0,3478,2835.0,611,626.0,5.116666666666666,True,marchita,corregida,False,-77,luz_saturada
2026-09-13 05:07:43-03:00,1789286863,1091,25,1,14,142.0,8.5,62.0,3488,2824.0,619,630.0,5.116666666666666,True,marchita,corregida,False,-78,
2026-09-13 05:08:13-03:00,1789286893,1092,25,1,2,148.0,8.5,62.0,3482,2830.0,624,626.0,5.133333333333334,True,marchita,corregida,False,-77,
2026-09-13 05:08:43-03:00,1789286923,1093,25,1,0,146.0,8.5,62.0,3440,2811.0,611,630.0,5.133333333333334,True,marchita,corregida,False,-78,luz_saturada
2026-09-13 05:09:13-03:00,1789286953,1094,25,1,0,142.0,8.5,62.0,3481,2828.0,615,628.0,5.15,True,marchita,corregida,False,-77,luz_saturada
2026-09-13 05:09:43-03:00,1789286983,1095,25,1,0,142.0,8.5,62.0,3486,2829.0,625,637.0,5.15,True,marchita,corregida,False,-78,luz_saturada
2026-09-13 05:10:13-03:00,1789287013,1096,25,1,6,142.0,8.5,62.0,3469,2832.0,613,638.0,5.166666666666667,True,marchita,corregida,False,-78,
2026-09-13 05:10:43-03:00,1789287043,1097,25,1,0,142.0,8.5,62.0,3474,2824.0,624,630.0,5.166666666666667,True,marchita,corregida,False,-78,luz_saturada
2026-09-13 05:11:13-03:00,1789287073,1098,25,1,0,142.0,8.5,62.0,3479,2825.0,618,634.0,5.183333333333334,True,marchita,corregida,False,-78,luz_saturada
2026-09-13 05:11:43-03:00,1789287103,1099,25,1,10,142.0,8.5,62.0,3464,2826.0,621,630.0,5.183333333333334,True,marchita,corregida,False,-77,
2026-09-13 05:12:13-03:00,1789287133,1100,25,1,0,142.0,8.5,62.0,3438,2815.0,615,626.0,5.2,True,marchita,corregida,False,-77,luz_saturada
2026-09-13 05:12:43-03:00,1789287163,1101,25,1,2,142.0,8.5,62.0,3470,2809.0,624,630.0,5.2,True,marchita,corregida,False,-78,
2026-09-13 05:13:13-03:00,1789287193,1102,25,1,0,142.0,8.5,62.0,3440,2813.0,624,633.0,5.216666666666667,True,marchita,corregida,False,-77,luz_saturada
2026-09-13 05:13:43-03:00,1789287223,1103,25,1,0,145.0,8.5,61.0,3445,2808.0,621,633.0,5.216666666666667,True,marchita,corregida,False,-77,luz_saturada
2026-09-13 05:14:13-03:00,1789287253,1104,25,1,1,142.0,8.5,61.0,3431,2806.0,623,628.0,5.233333333333333,True,marchita,corregida,False,-77,
2026-09-13 05:14:43-03:00,1789287283,1105,25,1,10,142.0,8.5,61.0,3452,2808.0,623,631.0,5.233333333333333,True,marchita,corregida,False,-76,
2026-09-13 05:15:13-03:00,1789287313,1106,25,1,0,142.0,8.5,61.0,3442,2805.0,613,628.0,5.25,True,marchita,corregida,False,-77,luz_saturada
2026-09-13 05:15:43-03:00,1789287343,1107,25,1,0,142.0,8.1,61.0,3439,2802.0,613,626.0,5.25,True,marchita,corregida,False,-77,luz_saturada
2026-09-13 05:16:13-03:00,1789287373,1108,25,1,0,148.0,8.1,61.0,3447,2810.0,618,628.0,5.266666666666667,True,marchita,corregida,False,-78,luz_saturada
2026-09-13 05:16:43-03:00,1789287403,1109,25,1,10,142.0,8.2,61.0,3449,2806.0,605,630.0,5.266666666666667,True,marchita,corregida,False,-77,
2026-09-13 05:17:13-03:00,1789287433,1110,25,1,7,142.0,8.5,61.0,3469,2810.0,604,625.0,5.283333333333333,True,marchita,corregida,False,-84,
2026-09-13 05:17:43-03:00,1789287463,1111,25,1,0,144.0,8.1,61.0,3460,2815.0,617,624.0,5.283333333333333,True,marchita,corregida,False,-78,luz_saturada
2026-09-13 05:18:13-03:00,1789287493,1112,25,1,0,142.0,8.4,61.0,3440,2814.0,606,633.0,5.3,True,marchita,corregida,False,-77,luz_saturada
2026-09-13 05:18:43-03:00,1789287523,1113,25,1,3,147.0,8.1,61.0,3449,2807.0,604,633.0,5.3,True,marchita,corregida,False,-78,
2026-09-13 05:19:13-03:00,1789287553,1114,25,1,4,142.0,8.1,61.0,3447,2818.0,604,621.0,5.316666666666666,True,marchita,corregida,False,-77,
2026-09-13 05:19:43-03:00,1789287583,1115,25,1,0,142.0,8.1,61.0,3450,2816.0,608,626.0,5.316666666666666,True,marchita,corregida,False,-78,luz_saturada
2026-09-13 05:20:13-03:00,1789287613,1116,25,1,0,142.0,8.1,61.0,3471,2807.0,615,624.0,5.333333333333333,True,marchita,corregida,False,-78,luz_saturada
2026-09-13 05:20:43-03:00,1789287643,1117,25,1,0,145.0,8.1,61.0,3440,2805.0,623,630.0,5.333333333333333,True,marchita,corregida,False,-78,luz_saturada
2026-09-13 05:21:13-03:00,1789287673,1118,25,1,14,142.0,8.1,61.0,3447,2803.0,614,631.0,5.35,True,marchita,corregida,False,-77,
2026-09-13 05:21:43-03:00,1789287703,1119,25,1,0,149.0,8.1,61.0,3423,2806.0,615,624.0,5.35,True,marchita,corregida,False,-78,luz_saturada
2026-09-13 05:22:13-03:00,1789287733,1120,25,1,0,144.0,8.1,61.0,3418,2803.0,606,623.0,5.366666666666666,True,marchita,corregida,False,-78,luz_saturada
2026-09-13 05:22:43-03:00,1789287763,1121,25,1,1,143.0,8.1,61.0,3438,2798.0,610,626.0,5.366666666666666,True,marchita,corregida,False,-78,
2026-09-13 05:23:13-03:00,1789287793,1122,25,1,0,147.0,8.1,61.0,3438,2804.0,607,628.0,5.383333333333334,True,marchita,corregida,False,-77,luz_saturada
2026-09-13 05:23:43-03:00,1789287823,1123,25,1,15,146.0,8.1,61.0,3440,2806.0,611,624.0,5.383333333333334,True,marchita,corregida,False,-78,
2026-09-13 05:24:13-03:00,1789287853,1124,25,1,9,142.0,8.1,61.0,3433,2802.0,621,626.0,5.4,True,marchita,corregida,False,-78,
2026-09-13 05:24:43-03:00,1789287883,1125,25,1,0,144.0,8.1,61.0,3433,2798.0,615,624.0,5.4,True,marchita,corregida,False,-77,luz_saturada
2026-09-13 05:25:13-03:00,1789287913,1126,25,1,11,142.0,8.1,61.0,3443,2802.0,603,629.0,5.416666666666667,True,marchita,corregida,False,-78,
2026-09-13 05:25:43-03:00,1789287943,1127,25,1,0,142.0,8.1,62.0,3430,2797.0,613,633.0,5.416666666666667,True,marchita,corregida,False,-78,luz_saturada
2026-09-13 05:26:13-03:00,1789287973,1128,25,1,0,148.0,8.1,62.0,3414,2799.0,601,627.0,5.433333333333334,True,marchita,corregida,False,-77,luz_saturada
2026-09-13 05:26:43-03:00,1789288003,1129,25,1,0,142.0,8.1,62.0,3429,2803.0,611,624.0,5.433333333333334,True,marchita,corregida,False,-77,luz_saturada
2026-09-13 05:27:13-03:00,1789288033,1130,25,1,4,142.0,8.1,62.0,3434,2802.0,603,622.0,5.45,True,marchita,corregida,False,-77,
2026-09-13 05:27:43-03:00,1789288063,1131,25,1,2,146.0,8.1,62.0,3420,2802.0,615,623.0,5.45,True,marchita,corregida,False,-78,
2026-09-13 05:28:13-03:00,1789288093,1132,25,1,16,142.0,8.1,62.0,3439,2798.0,618,626.0,5.466666666666667,True,marchita,corregida,False,-78,
2026-09-13 05:28:43-03:00,1789288123,1133,25,1,0,151.0,8.1,62.0,3438,2802.0,615,622.0,5.466666666666667,True,marchita,corregida,False,-77,luz_saturada
2026-09-13 05:29:13-03:00,1789288153,1134,25,1,9,142.0,8.1,62.0,3437,2802.0,597,621.0,5.483333333333333,True,marchita,corregida,False,-77,
2026-09-13 05:29:43-03:00,1789288183,1135,25,1,14,144.0,8.1,62.0,3434,2796.0,612,620.0,5.483333333333333,True,marchita,corregida,False,-77,
2026-09-13 05:30:13-03:00,1789288213,1136,25,1,4,143.0,8.1,62.0,3439,2802.0,594,616.0,5.5,True,marchita,corregida,False,-77,
2026-09-13 05:30:43-03:00,1789288243,1137,25,1,0,142.0,8.1,62.0,3437,2798.0,609,624.0,5.5,True,marchita,corregida,False,-77,luz_saturada
2026-09-13 05:31:13-03:00,1789288273,1138,25,1,0,146.0,8.1,62.0,3451,2802.0,601,621.0,5.516666666666667,True,marchita,corregida,False,-77,luz_saturada
2026-09-13 05:31:43-03:00,1789288303,1139,25,1,0,142.0,8.1,62.0,3439,2806.0,607,623.0,5.516666666666667,True,marchita,corregida,False,-77,luz_saturada
2026-09-13 05:32:13-03:00,1789288333,1140,25,1,0,147.0,8.1,63.0,3451,2814.0,599,624.0,5.533333333333333,True,marchita,corregida,False,-77,luz_saturada
2026-09-13 05:32:43-03:00,1789288363,1141,25,1,4,147.0,8.1,63.0,3442,2806.0,612,629.0,5.533333333333333,True,marchita,corregida,False,-78,
2026-09-13 05:33:13-03:00,1789288393,1142,25,1,13,146.0,8.1,63.0,3445,2809.0,606,627.0,5.55,True,marchita,corregida,False,-77,
2026-09-13 05:33:43-03:00,1789288423,1143,25,1,0,145.0,8.1,63.0,3440,2814.0,606,627.0,5.55,True,marchita,corregida,False,-77,luz_saturada
2026-09-13 05:34:13-03:00,1789288453,1144,25,1,8,142.0,8.1,63.0,3443,2808.0,598,626.0,5.566666666666666,True,marchita,corregida,False,-78,
2026-09-13 05:34:43-03:00,1789288483,1145,25,1,0,145.0,8.1,63.0,3456,2815.0,617,626.0,5.566666666666666,True,marchita,corregida,False,-78,luz_saturada
2026-09-13 05:35:13-03:00,1789288513,1146,25,1,0,146.0,8.1,63.0,3440,2812.0,595,624.0,5.583333333333333,True,marchita,corregida,False,-77,luz_saturada
2026-09-13 05:35:43-03:00,1789288543,1147,25,1,0,142.0,8.1,64.0,3470,2811.0,605,627.0,5.583333333333333,True,marchita,corregida,False,-78,luz_saturada
2026-09-13 05:36:13-03:00,1789288573,1148,25,1,16,142.0,8.1,64.0,3430,2809.0,608,627.0,5.6,True,marchita,corregida,False,-76,
2026-09-13 05:36:43-03:00,1789288603,1149,25,1,14,142.0,8.1,64.0,3442,2803.0,609,625.0,5.6,True,marchita,corregida,False,-78,
2026-09-13 05:37:13-03:00,1789288633,1150,25,1,0,142.0,8.1,64.0,3441,2806.0,610,625.0,5.616666666666667,True,marchita,corregida,False,-77,luz_saturada
2026-09-13 05:37:43-03:00,1789288663,1151,25,1,0,142.0,8.1,64.0,3410,2798.0,617,629.0,5.616666666666667,True,marchita,corregida,False,-78,luz_saturada
2026-09-13 05:38:13-03:00,1789288693,1152,25,1,0,142.0,8.1,64.0,3421,2799.0,613,634.0,5.633333333333333,True,marchita,corregida,False,-77,luz_saturada
2026-09-13 05:38:43-03:00,1789288723,1153,25,1,11,142.0,8.1,64.0,3435,2805.0,619,632.0,5.633333333333333,True,marchita,corregida,False,-78,
2026-09-13 05:39:13-03:00,1789288753,1154,25,1,0,146.0,8.1,64.0,3446,2800.0,613,630.0,5.65,True,marchita,corregida,False,-77,luz_saturada
2026-09-13 05:39:43-03:00,1789288783,1155,25,1,0,146.0,8.1,64.0,3439,2802.0,610,621.0,5.65,True,marchita,corregida,False,-77,luz_saturada
2026-09-13 05:40:13-03:00,1789288813,1156,25,1,3,146.0,8.1,64.0,3440,2806.0,612,621.0,5.666666666666667,True,marchita,corregida,False,-78,
2026-09-13 05:40:43-03:00,1789288843,1157,25,1,12,146.0,8.1,64.0,3457,2811.0,601,623.0,5.666666666666667,True,marchita,corregida,False,-78,
2026-09-13 05:41:13-03:00,1789288873,1158,25,1,0,145.0,8.1,64.0,3443,2809.0,603,622.0,5.683333333333334,True,marchita,corregida,False,-86,luz_saturada
2026-09-13 05:41:43-03:00,1789288903,1159,25,1,16,142.0,8.1,64.0,3447,2806.0,602,628.0,5.683333333333334,True,marchita,corregida,False,-78,
2026-09-13 05:42:13-03:00,1789288933,1160,25,1,5,142.0,8.1,64.0,3463,2812.0,613,628.0,5.7,True,marchita,corregida,False,-77,
2026-09-13 05:42:43-03:00,1789288963,1161,25,1,4,149.0,8.1,64.0,3465,2810.0,603,630.0,5.7,True,marchita,corregida,False,-78,
2026-09-13 05:43:13-03:00,1789288993,1162,25,1,0,142.0,8.1,64.0,3452,2823.0,613,626.0,5.716666666666667,True,marchita,corregida,False,-78,luz_saturada
2026-09-13 05:43:43-03:00,1789289023,1163,25,1,0,142.0,8.1,64.0,3472,2816.0,613,618.0,5.716666666666667,True,marchita,corregida,False,-78,luz_saturada
2026-09-13 05:44:13-03:00,1789289053,1164,25,1,9,144.0,8.1,64.0,3471,2817.0,606,623.0,5.733333333333333,True,marchita,corregida,False,-77,
2026-09-13 05:44:43-03:00,1789289083,1165,25,1,14,142.0,8.1,64.0,3453,2815.0,593,622.0,5.733333333333333,True,marchita,corregida,False,-78,
2026-09-13 05:45:13-03:00,1789289113,1166,25,1,0,142.0,8.1,64.0,3431,2815.0,614,620.0,5.75,True,marchita,corregida,False,-77,luz_saturada
2026-09-13 05:45:43-03:00,1789289143,1167,25,1,12,142.0,8.1,63.0,3471,2815.0,596,618.0,5.75,True,marchita,corregida,False,-78,
2026-09-13 05:46:13-03:00,1789289173,1168,25,1,0,142.0,8.1,63.0,3456,2824.0,594,624.0,5.766666666666667,True,marchita,corregida,False,-78,luz_saturada
2026-09-13 05:46:43-03:00,1789289203,1169,25,1,15,142.0,8.1,64.0,3457,2815.0,606,622.0,5.766666666666667,True,marchita,corregida,False,-85,
2026-09-13 05:47:13-03:00,1789289233,1170,25,1,0,142.0,8.1,64.0,3453,2815.0,605,625.0,5.783333333333333,True,marchita,corregida,False,-78,luz_saturada
2026-09-13 05:47:43-03:00,1789289263,1171,25,1,7,142.0,8.1,64.0,3472,2825.0,608,626.0,5.783333333333333,True,marchita,corregida,False,-77,
2026-09-13 05:48:13-03:00,1789289293,1172,25,1,9,142.0,8.1,63.0,3478,2828.0,610,624.0,5.8,True,marchita,corregida,False,-77,
2026-09-13 05:48:43-03:00,1789289323,1173,25,1,0,144.0,8.1,63.0,3478,2825.0,598,616.0,5.8,True,marchita,corregida,False,-78,luz_saturada
2026-09-13 05:49:13-03:00,1789289353,1174,25,1,13,142.0,8.1,63.0,3451,2815.0,613,623.0,5.816666666666666,True,marchita,corregida,False,-78,
2026-09-13 05:49:43-03:00,1789289383,1175,25,1,4,144.0,8.1,63.0,3451,2819.0,606,622.0,5.816666666666666,True,marchita,corregida,False,-78,
2026-09-13 05:50:13-03:00,1789289413,1176,25,1,2,143.0,8.1,63.0,3463,2816.0,595,623.0,5.833333333333333,True,marchita,corregida,False,-77,
2026-09-13 05:50:43-03:00,1789289443,1177,25,1,13,149.0,8.1,63.0,3463,2828.0,607,622.0,5.833333333333333,True,marchita,corregida,False,-78,
2026-09-13 05:51:13-03:00,1789289473,1178,25,1,14,142.0,8.1,63.0,3458,2827.0,597,622.0,5.85,True,marchita,corregida,False,-78,
2026-09-13 05:51:43-03:00,1789289503,1179,25,1,0,144.0,8.1,63.0,3475,2819.0,607,629.0,5.85,True,marchita,corregida,False,-78,luz_saturada
2026-09-13 05:52:13-03:00,1789289533,1180,25,1,0,142.0,8.1,63.0,3463,2815.0,596,623.0,5.866666666666667,True,marchita,corregida,False,-77,luz_saturada
2026-09-13 05:52:43-03:00,1789289563,1181,25,1,0,142.0,8.1,63.0,3459,2818.0,613,624.0,5.866666666666667,True,marchita,corregida,False,-77,luz_saturada
2026-09-13 05:53:13-03:00,1789289593,1182,25,1,0,142.0,8.1,63.0,3455,2810.0,611,621.0,5.883333333333333,True,marchita,corregida,False,-77,luz_saturada
2026-09-13 05:53:43-03:00,1789289623,1183,25,1,0,142.0,8.1,63.0,3458,2809.0,607,621.0,5.883333333333333,True,marchita,corregida,False,-78,luz_saturada
2026-09-13 05:54:13-03:00,1789289653,1184,25,1,0,151.0,8.1,63.0,3461,2819.0,611,627.0,5.9,True,marchita,corregida,False,-78,luz_saturada
2026-09-13 05:54:43-03:00,1789289683,1185,25,1,0,143.0,8.1,63.0,3441,2808.0,606,627.0,5.9,True,marchita,corregida,False,-79,luz_saturada
2026-09-13 05:55:13-03:00,1789289713,1186,25,1,16,144.0,8.1,63.0,3451,2816.0,610,624.0,5.916666666666667,True,marchita,corregida,False,-77,
2026-09-13 05:55:43-03:00,1789289743,1187,25,1,0,144.0,8.1,63.0,3445,2815.0,615,624.0,5.916666666666667,True,marchita,corregida,False,-78,luz_saturada
2026-09-13 05:56:13-03:00,1789289773,1188,25,1,7,142.0,8.1,63.0,3442,2817.0,601,630.0,5.933333333333334,True,marchita,corregida,False,-77,
2026-09-13 05:56:43-03:00,1789289803,1189,25,1,9,142.0,8.1,63.0,3479,2819.0,598,621.0,5.933333333333334,True,marchita,corregida,False,-77,
2026-09-13 05:57:13-03:00,1789289833,1190,25,1,11,142.0,8.1,63.0,3466,2818.0,613,625.0,5.95,True,marchita,corregida,False,-77,
2026-09-13 05:57:43-03:00,1789289863,1191,25,1,1,142.0,8.1,63.0,3481,2826.0,611,622.0,5.95,True,marchita,corregida,False,-77,
2026-09-13 05:58:13-03:00,1789289893,1192,25,1,0,148.0,8.1,63.0,3463,2819.0,598,621.0,5.966666666666667,True,marchita,corregida,False,-78,luz_saturada
2026-09-13 05:58:43-03:00,1789289923,1193,25,1,0,148.0,8.1,63.0,3472,2829.0,615,622.0,5.966666666666667,True,marchita,corregida,False,-78,luz_saturada
2026-09-13 05:59:13-03:00,1789289953,1194,25,1,0,143.0,8.1,63.0,3472,2824.0,609,623.0,5.983333333333333,True,marchita,corregida,False,-77,luz_saturada
2026-09-13 05:59:43-03:00,1789289983,1195,25,1,1,146.0,8.1,63.0,3472,2822.0,612,622.0,5.983333333333333,True,marchita,corregida,False,-78,
2026-09-13 06:00:13-03:00,1789290013,1196,25,1,0,143.0,8.1,63.0,3478,2824.0,613,627.0,6.0,True,marchita,corregida,False,-78,luz_saturada
2026-09-13 06:00:43-03:00,1789290043,1197,25,1,0,144.0,8.1,63.0,3469,2828.0,594,622.0,6.0,True,marchita,corregida,False,-77,luz_saturada
2026-09-13 06:01:13-03:00,1789290073,1198,25,1,3,142.0,8.1,63.0,3463,2819.0,602,626.0,6.016666666666667,True,marchita,corregida,False,-77,
2026-09-13 06:01:43-03:00,1789290103,1199,25,1,1,142.0,8.1,63.0,3457,2825.0,610,618.0,6.016666666666667,True,marchita,corregida,False,-78,
2026-09-13 06:02:13-03:00,1789290133,1200,25,1,0,147.0,8.1,63.0,3486,2823.0,601,628.0,6.033333333333333,True,marchita,corregida,False,-78,luz_saturada
2026-09-13 06:02:43-03:00,1789290163,1201,25,1,5,142.0,8.1,63.0,3466,2824.0,614,626.0,6.033333333333333,True,marchita,corregida,False,-78,
2026-09-13 06:03:13-03:00,1789290193,1202,25,1,7,144.0,8.1,63.0,3471,2823.0,601,620.0,6.05,True,marchita,corregida,False,-78,
2026-09-13 06:03:43-03:00,1789290223,1203,25,1,0,144.0,8.1,63.0,3472,2824.0,618,621.0,6.05,True,marchita,corregida,False,-77,luz_saturada
2026-09-13 06:04:13-03:00,1789290253,1204,25,1,13,142.0,8.1,63.0,3456,2815.0,603,626.0,6.066666666666666,True,marchita,corregida,False,-77,
2026-09-13 06:04:43-03:00,1789290283,1205,25,1,0,142.0,8.1,63.0,3472,2815.0,604,627.0,6.066666666666666,True,marchita,corregida,False,-78,luz_saturada
2026-09-13 06:05:13-03:00,1789290313,1206,25,1,3,150.0,8.1,63.0,3474,2813.0,613,627.0,6.083333333333333,True,marchita,corregida,False,-83,
2026-09-13 06:05:43-03:00,1789290343,1207,25,1,7,144.0,8.1,63.0,3473,2824.0,599,623.0,6.083333333333333,True,marchita,corregida,False,-77,
2026-09-13 06:06:13-03:00,1789290373,1208,25,1,0,149.0,8.1,63.0,3459,2816.0,603,627.0,6.1,True,marchita,corregida,False,-77,luz_saturada
2026-09-13 06:06:43-03:00,1789290403,1209,25,1,0,147.0,8.1,63.0,3456,2808.0,603,622.0,6.1,True,marchita,corregida,False,-77,luz_saturada
2026-09-13 06:07:13-03:00,1789290433,1210,25,1,0,151.0,8.1,63.0,3447,2808.0,615,623.0,6.116666666666666,True,marchita,corregida,False,-78,luz_saturada
2026-09-13 06:07:43-03:00,1789290463,1211,25,1,0,142.0,8.1,63.0,3456,2806.0,610,626.0,6.116666666666666,True,marchita,corregida,False,-78,luz_saturada
2026-09-13 06:08:13-03:00,1789290493,1212,25,1,4,146.0,8.1,63.0,3440,2813.0,602,628.0,6.133333333333334,True,marchita,corregida,False,-77,
2026-09-13 06:08:43-03:00,1789290523,1213,25,1,0,149.0,8.1,63.0,3456,2810.0,606,629.0,6.133333333333334,True,marchita,corregida,False,-77,luz_saturada
2026-09-13 06:09:13-03:00,1789290553,1214,25,1,14,142.0,8.1,63.0,3446,2812.0,619,622.0,6.15,True,marchita,corregida,False,-78,
2026-09-13 06:09:43-03:00,1789290583,1215,25,1,0,142.0,8.1,63.0,3445,2805.0,599,628.0,6.15,True,marchita,corregida,False,-77,luz_saturada
2026-09-13 06:10:13-03:00,1789290613,1216,25,1,5,144.0,8.1,63.0,3428,2787.0,603,623.0,6.166666666666667,True,marchita,corregida,False,-77,
2026-09-13 06:10:43-03:00,1789290643,1217,25,1,11,142.0,8.1,63.0,3435,2798.0,608,625.0,6.166666666666667,True,marchita,corregida,False,-77,
2026-09-13 06:11:13-03:00,1789290673,1218,25,1,10,142.0,8.1,63.0,3424,2800.0,615,622.0,6.183333333333334,True,marchita,corregida,False,-77,
2026-09-13 06:11:43-03:00,1789290703,1219,25,1,0,150.0,8.1,63.0,3441,2803.0,600,627.0,6.183333333333334,True,marchita,corregida,False,-77,luz_saturada
2026-09-13 06:12:13-03:00,1789290733,1220,25,1,2,143.0,8.1,63.0,3423,2805.0,613,629.0,6.2,True,marchita,corregida,False,-77,
2026-09-13 06:12:43-03:00,1789290763,1221,25,1,0,142.0,8.1,63.0,3440,2795.0,613,622.0,6.2,True,marchita,corregida,False,-78,luz_saturada
2026-09-13 06:13:13-03:00,1789290793,1222,25,1,0,147.0,8.1,63.0,3440,2798.0,611,629.0,6.216666666666667,True,marchita,corregida,False,-77,luz_saturada
2026-09-13 06:13:43-03:00,1789290823,1223,25,1,5,148.0,8.1,63.0,3426,2798.0,604,626.0,6.216666666666667,True,marchita,corregida,False,-78,
2026-09-13 06:14:13-03:00,1789290853,1224,25,1,0,142.0,8.1,63.0,3455,2800.0,614,617.0,6.233333333333333,True,marchita,corregida,False,-78,luz_saturada
2026-09-13 06:14:43-03:00,1789290883,1225,25,1,5,148.0,8.1,63.0,3423,2799.0,611,623.0,6.233333333333333,True,marchita,corregida,False,-78,
2026-09-13 06:15:13-03:00,1789290913,1226,25,1,0,142.0,8.1,63.0,3438,2803.0,611,622.0,6.25,True,marchita,corregida,False,-77,luz_saturada
2026-09-13 06:15:43-03:00,1789290943,1227,25,1,0,147.0,8.1,63.0,3427,2798.0,597,622.0,6.25,True,marchita,corregida,False,-78,luz_saturada
2026-09-13 06:16:13-03:00,1789290973,1228,25,1,12,148.0,8.1,62.0,3447,2804.0,612,627.0,6.266666666666667,True,marchita,corregida,False,-77,
2026-09-13 06:16:43-03:00,1789291003,1229,25,1,0,145.0,8.1,62.0,3449,2800.0,612,617.0,6.266666666666667,True,marchita,corregida,False,-77,luz_saturada
2026-09-13 06:17:13-03:00,1789291033,1230,25,1,0,150.0,8.1,62.0,3439,2806.0,599,618.0,6.283333333333333,True,marchita,corregida,False,-77,luz_saturada
2026-09-13 06:17:43-03:00,1789291063,1231,25,1,16,151.0,8.1,62.0,3427,2809.0,606,618.0,6.283333333333333,True,marchita,corregida,False,-78,
2026-09-13 06:18:13-03:00,1789291093,1232,25,1,3,153.0,8.1,62.0,3426,2812.0,605,619.0,6.3,True,marchita,corregida,False,-78,
2026-09-13 06:18:43-03:00,1789291123,1233,25,1,0,145.0,8.1,62.0,3462,2805.0,610,625.0,6.3,True,marchita,corregida,False,-77,luz_saturada
2026-09-13 06:19:13-03:00,1789291153,1234,25,1,7,142.0,8.1,62.0,3439,2809.0,597,621.0,6.316666666666666,True,marchita,corregida,False,-77,
2026-09-13 06:19:43-03:00,1789291183,1235,25,1,16,149.0,8.1,62.0,3455,2811.0,606,621.0,6.316666666666666,True,marchita,corregida,False,-77,
2026-09-13 06:20:13-03:00,1789291213,1236,25,1,0,142.0,8.1,62.0,3437,2809.0,603,621.0,6.333333333333333,True,marchita,corregida,False,-78,luz_saturada
2026-09-13 06:20:43-03:00,1789291243,1237,25,1,0,154.0,8.1,62.0,3428,2810.0,608,624.0,6.333333333333333,True,marchita,corregida,False,-78,luz_saturada
2026-09-13 06:21:13-03:00,1789291273,1238,25,1,15,142.0,8.1,62.0,3425,2806.0,608,614.0,6.35,True,marchita,corregida,False,-77,
2026-09-13 06:21:43-03:00,1789291303,1239,25,1,16,144.0,8.1,62.0,3442,2799.0,609,617.0,6.35,True,marchita,corregida,False,-78,
2026-09-13 06:22:13-03:00,1789291333,1240,25,1,9,142.0,8.1,62.0,3441,2810.0,612,622.0,6.366666666666666,True,marchita,corregida,False,-81,
2026-09-13 06:22:43-03:00,1789291363,1241,25,1,15,153.0,8.1,62.0,3440,2808.0,603,614.0,6.366666666666666,True,marchita,corregida,False,-77,
2026-09-13 06:23:13-03:00,1789291393,1242,25,1,0,146.0,8.1,62.0,3442,2802.0,606,616.0,6.383333333333334,True,marchita,corregida,False,-78,luz_saturada
2026-09-13 06:23:43-03:00,1789291423,1243,25,1,16,150.0,8.1,62.0,3462,2809.0,594,618.0,6.383333333333334,True,marchita,corregida,False,-85,
2026-09-13 06:24:13-03:00,1789291453,1244,25,1,0,143.0,8.1,62.0,3435,2795.0,607,618.0,6.4,True,marchita,corregida,False,-77,luz_saturada
2026-09-13 06:24:43-03:00,1789291483,1245,25,1,11,152.0,8.1,62.0,3441,2813.0,594,626.0,6.4,True,marchita,corregida,False,-78,
2026-09-13 06:25:13-03:00,1789291513,1246,25,1,0,151.0,8.1,62.0,3440,2807.0,603,619.0,6.416666666666667,True,marchita,corregida,False,-78,luz_saturada
2026-09-13 06:25:43-03:00,1789291543,1247,25,1,0,159.0,8.1,62.0,3441,2816.0,608,626.0,6.416666666666667,True,marchita,corregida,False,-78,luz_saturada
2026-09-13 06:26:13-03:00,1789291573,1248,25,1,0,154.0,8.1,62.0,3444,2805.0,603,622.0,6.433333333333334,True,marchita,corregida,False,-78,luz_saturada
2026-09-13 06:26:43-03:00,1789291603,1249,25,1,24,152.0,8.1,62.0,3467,2808.0,594,624.0,6.433333333333334,True,marchita,corregida,False,-77,
2026-09-13 06:27:13-03:00,1789291633,1250,25,1,21,155.0,8.1,62.0,3437,2808.0,598,623.0,6.45,True,marchita,corregida,False,-78,
2026-09-13 06:27:43-03:00,1789291663,1251,25,1,16,154.0,8.1,62.0,3425,2808.0,597,627.0,6.45,True,marchita,corregida,False,-78,
2026-09-13 06:28:13-03:00,1789291693,1252,25,1,16,151.0,8.1,62.0,3422,2790.0,612,623.0,6.466666666666667,True,marchita,corregida,False,-78,
2026-09-13 06:28:43-03:00,1789291723,1253,25,1,11,157.0,8.1,62.0,3452,2803.0,614,628.0,6.466666666666667,True,marchita,corregida,False,-78,
2026-09-13 06:29:13-03:00,1789291753,1254,25,1,34,160.0,8.1,62.0,3418,2793.0,611,623.0,6.483333333333333,True,marchita,corregida,False,-77,
2026-09-13 06:29:43-03:00,1789291783,1255,25,1,14,153.0,8.1,62.0,3408,2796.0,605,623.0,6.483333333333333,True,marchita,corregida,False,-78,
2026-09-13 06:30:13-03:00,1789291813,1256,25,1,16,157.0,8.1,62.0,3441,2806.0,614,626.0,6.5,True,marchita,corregida,False,-78,
2026-09-13 06:30:43-03:00,1789291843,1257,25,1,16,167.0,8.1,62.0,3437,2800.0,604,625.0,6.5,True,marchita,corregida,False,-77,
2026-09-13 06:31:13-03:00,1789291873,1258,25,1,48,167.0,8.1,62.0,3440,2791.0,609,627.0,6.516666666666667,True,marchita,corregida,False,-77,
2026-09-13 06:31:43-03:00,1789291903,1259,25,1,38,167.0,8.1,62.0,3437,2800.0,613,626.0,6.516666666666667,True,marchita,corregida,False,-84,
2026-09-13 06:32:13-03:00,1789291933,1260,25,1,42,169.0,8.1,62.0,3435,2803.0,617,622.0,6.533333333333333,True,marchita,corregida,False,-78,
2026-09-13 06:32:43-03:00,1789291963,1261,25,1,34,180.0,8.1,62.0,3422,2800.0,601,625.0,6.533333333333333,True,marchita,corregida,False,-78,
2026-09-13 06:33:13-03:00,1789291993,1262,25,1,38,180.0,8.1,62.0,3439,2791.0,613,630.0,6.55,True,marchita,corregida,False,-78,
2026-09-13 06:33:43-03:00,1789292023,1263,25,1,69,183.0,8.1,62.0,3437,2796.0,615,626.0,6.55,True,marchita,corregida,False,-78,
2026-09-13 06:34:13-03:00,1789292053,1264,25,1,74,190.0,8.1,62.0,3440,2804.0,605,626.0,6.566666666666666,True,marchita,corregida,False,-77,
2026-09-13 06:34:43-03:00,1789292083,1265,25,1,62,201.0,8.1,62.0,3433,2795.0,603,625.0,6.566666666666666,True,marchita,corregida,False,-77,
2026-09-13 06:35:13-03:00,1789292113,1266,25,1,101,216.0,8.1,63.0,3429,2792.0,617,621.0,6.583333333333333,True,marchita,corregida,False,-77,
2026-09-13 06:35:43-03:00,1789292143,1267,25,1,81,222.0,8.1,63.0,3431,2808.0,611,624.0,6.583333333333333,True,marchita,corregida,False,-78,
2026-09-13 06:36:13-03:00,1789292173,1268,25,1,125,231.0,8.1,63.0,3440,2805.0,617,626.0,6.6,True,marchita,corregida,False,-77,
2026-09-13 06:36:43-03:00,1789292203,1269,25,1,128,247.0,8.1,63.0,3443,2805.0,614,625.0,6.6,True,marchita,corregida,False,-77,
2026-09-13 06:37:13-03:00,1789292233,1270,25,1,135,257.0,8.1,63.0,3431,2798.0,610,622.0,6.616666666666667,True,marchita,corregida,False,-78,
2026-09-13 06:37:43-03:00,1789292263,1271,25,1,163,273.0,8.1,63.0,3430,2803.0,599,627.0,6.616666666666667,True,marchita,corregida,False,-77,
2026-09-13 06:38:13-03:00,1789292293,1272,25,1,195,289.0,8.1,63.0,3423,2803.0,597,624.0,6.633333333333333,True,marchita,corregida,False,-78,
2026-09-13 06:38:43-03:00,1789292323,1273,25,1,199,294.0,8.1,63.0,3430,2800.0,612,626.0,6.633333333333333,True,marchita,corregida,False,-77,
2026-09-13 06:39:13-03:00,1789292353,1274,25,1,211,318.0,8.1,63.0,3438,2796.0,616,626.0,6.65,True,marchita,corregida,False,-77,
2026-09-13 06:39:43-03:00,1789292383,1275,25,1,226,322.0,8.1,63.0,3394,2789.0,607,626.0,6.65,True,marchita,corregida,False,-78,
2026-09-13 06:40:13-03:00,1789292413,1276,25,1,253,337.0,8.1,63.0,3419,2792.0,619,625.0,6.666666666666667,True,marchita,corregida,False,-78,
2026-09-13 06:40:43-03:00,1789292443,1277,25,1,256,346.0,8.1,63.0,3437,2803.0,596,628.0,6.666666666666667,True,marchita,corregida,False,-78,
2026-09-13 06:41:13-03:00,1789292473,1278,25,1,273,362.0,8.1,63.0,3408,2799.0,607,630.0,6.683333333333334,True,marchita,corregida,False,-78,
2026-09-13 06:41:43-03:00,1789292503,1279,25,1,304,374.0,8.1,62.0,3437,2799.0,607,626.0,6.683333333333334,True,marchita,corregida,False,-77,
2026-09-13 06:42:13-03:00,1789292533,1280,25,1,325,386.0,8.1,62.0,3417,2798.0,598,626.0,6.7,True,marchita,corregida,False,-78,
2026-09-13 06:42:43-03:00,1789292563,1281,25,1,341,410.0,8.1,62.0,3422,2796.0,606,626.0,6.7,True,marchita,corregida,False,-78,
2026-09-13 06:43:13-03:00,1789292593,1282,25,1,353,426.0,8.1,62.0,3425,2796.0,608,620.0,6.716666666666667,True,marchita,corregida,False,-77,
2026-09-13 06:43:43-03:00,1789292623,1283,25,1,387,446.0,8.1,62.0,3417,2795.0,596,621.0,6.716666666666667,True,marchita,corregida,False,-78,
2026-09-13 06:44:13-03:00,1789292653,1284,25,1,409,473.0,8.1,62.0,3439,2800.0,611,622.0,6.733333333333333,True,marchita,corregida,False,-77,
2026-09-13 06:44:43-03:00,1789292683,1285,25,1,442,487.0,8.1,62.0,3424,2796.0,610,620.0,6.733333333333333,True,marchita,corregida,False,-78,
2026-09-13 06:45:13-03:00,1789292713,1286,25,1,439,496.0,8.1,62.0,3414,2795.0,610,616.0,6.75,True,marchita,corregida,False,-77,
2026-09-13 06:45:43-03:00,1789292743,1287,25,1,464,518.0,8.1,62.0,3407,2790.0,611,617.0,6.75,True,marchita,corregida,False,-77,
2026-09-13 06:46:13-03:00,1789292773,1288,25,1,508,537.0,8.1,62.0,3421,2804.0,609,625.0,6.766666666666667,True,marchita,corregida,False,-78,
2026-09-13 06:46:43-03:00,1789292803,1289,25,1,528,548.0,8.1,62.0,3423,2803.0,611,618.0,6.766666666666667,True,marchita,corregida,False,-77,
2026-09-13 06:47:13-03:00,1789292833,1290,25,1,455,510.0,8.1,62.0,3437,2796.0,613,624.0,6.783333333333333,True,marchita,corregida,False,-77,
2026-09-13 06:47:43-03:00,1789292863,1291,25,1,477,532.0,8.1,63.0,3424,2800.0,617,624.0,6.783333333333333,True,marchita,corregida,False,-77,
2026-09-13 06:48:13-03:00,1789292893,1292,25,1,507,548.0,8.1,63.0,3417,2790.0,613,624.0,6.8,True,marchita,corregida,False,-78,
2026-09-13 06:48:43-03:00,1789292923,1293,25,1,541,586.0,8.1,63.0,3418,2808.0,608,628.0,6.8,True,marchita,corregida,False,-77,
2026-09-13 06:49:13-03:00,1789292953,1294,25,1,567,600.0,8.1,63.0,3438,2806.0,607,618.0,6.816666666666666,True,marchita,corregida,False,-77,
2026-09-13 06:49:43-03:00,1789292983,1295,25,1,612,626.0,8.1,63.0,3437,2805.0,602,627.0,6.816666666666666,True,marchita,corregida,False,-78,
2026-09-13 06:50:13-03:00,1789293013,1296,25,1,651,649.0,8.1,63.0,3448,2799.0,617,629.0,6.833333333333333,True,marchita,corregida,False,-77,
2026-09-13 06:50:43-03:00,1789293043,1297,25,1,656,666.0,8.1,63.0,3413,2790.0,598,629.0,6.833333333333333,True,marchita,corregida,False,-77,
2026-09-13 06:51:13-03:00,1789293073,1298,25,1,717,706.0,8.1,63.0,3450,2797.0,607,630.0,6.85,True,marchita,corregida,False,-77,
2026-09-13 06:51:43-03:00,1789293103,1299,25,1,743,732.0,8.1,63.0,3412,2790.0,603,622.0,6.85,True,marchita,corregida,False,-77,
2026-09-13 06:52:13-03:00,1789293133,1300,25,1,762,753.0,8.1,63.0,3406,2796.0,598,622.0,6.866666666666667,True,marchita,corregida,False,-78,
2026-09-13 06:52:43-03:00,1789293163,1301,25,1,799,770.0,8.1,63.0,3439,2805.0,606,623.0,6.866666666666667,True,marchita,corregida,False,-78,
2026-09-13 06:53:13-03:00,1789293193,1302,25,1,803,791.0,8.1,63.0,3419,2802.0,610,625.0,6.883333333333333,True,marchita,corregida,False,-78,
2026-09-13 06:53:43-03:00,1789293223,1303,25,1,816,795.0,8.1,63.0,3409,2789.0,597,624.0,6.883333333333333,True,marchita,corregida,False,-78,
2026-09-13 06:54:13-03:00,1789293253,1304,25,1,829,805.0,8.1,63.0,3435,2802.0,613,628.0,6.9,True,marchita,corregida,False,-78,
2026-09-13 06:54:43-03:00,1789293283,1305,25,1,846,804.0,8.1,63.0,3422,2802.0,614,627.0,6.9,True,marchita,corregida,False,-77,
2026-09-13 06:55:13-03:00,1789293313,1306,25,1,854,808.0,8.1,63.0,3395,2780.0,613,626.0,6.916666666666667,True,marchita,corregida,False,-77,
2026-09-13 06:55:43-03:00,1789293343,1307,25,1,849,808.0,8.1,63.0,3431,2792.0,606,618.0,6.916666666666667,True,marchita,corregida,False,-77,
2026-09-13 06:56:13-03:00,1789293373,1308,25,1,839,794.0,8.1,63.0,3438,2803.0,615,622.0,6.933333333333334,True,marchita,corregida,False,-78,
2026-09-13 06:56:43-03:00,1789293403,1309,25,1,814,797.0,8.1,63.0,3405,2787.0,611,624.0,6.933333333333334,True,marchita,corregida,False,-78,
2026-09-13 06:57:13-03:00,1789293433,1310,25,1,829,791.0,8.1,63.0,3408,2790.0,615,623.0,6.95,True,marchita,corregida,False,-78,
2026-09-13 06:57:43-03:00,1789293463,1311,25,1,818,793.0,8.1,63.0,3417,2798.0,611,628.0,6.95,True,marchita,corregida,False,-78,
2026-09-13 06:58:13-03:00,1789293493,1312,25,1,849,816.0,8.1,63.0,3409,2789.0,595,627.0,6.966666666666667,True,marchita,corregida,False,-77,
2026-09-13 06:58:43-03:00,1789293523,1313,25,1,874,833.0,8.1,63.0,3417,2793.0,616,627.0,6.966666666666667,True,marchita,corregida,False,-77,
2026-09-13 06:59:13-03:00,1789293553,1314,25,1,895,851.0,8.1,63.0,3411,2790.0,625,626.0,6.983333333333333,True,marchita,corregida,False,-77,
2026-09-13 06:59:43-03:00,1789293583,1315,25,1,903,870.0,8.1,63.0,3408,2790.0,601,628.0,6.983333333333333,True,marchita,corregida,False,-77,
2026-09-13 07:00:13-03:00,1789293613,1316,25,1,922,881.0,8.1,63.0,3397,2787.0,606,626.0,7.0,False,marchita,corregida,False,-77,
2026-09-13 07:00:43-03:00,1789293643,1317,25,1,944,893.0,8.1,63.0,3426,2800.0,599,625.0,7.0,False,marchita,corregida,False,-77,
2026-09-13 07:01:13-03:00,1789293673,1318,25,1,978,906.0,8.1,63.0,3425,2794.0,606,627.0,7.016666666666667,False,marchita,corregida,False,-77,
2026-09-13 07:01:43-03:00,1789293703,1319,25,1,986,924.0,8.1,63.0,3408,2800.0,613,626.0,7.016666666666667,False,marchita,corregida,False,-77,
2026-09-13 07:02:13-03:00,1789293733,1320,25,1,1038,956.0,8.1,63.0,3428,2800.0,607,618.0,7.033333333333333,False,marchita,corregida,False,-77,
2026-09-13 07:02:43-03:00,1789293763,1321,25,1,1050,981.0,8.1,63.0,3438,2798.0,595,618.0,7.033333333333333,False,marchita,corregida,False,-77,
2026-09-13 07:03:13-03:00,1789293793,1322,25,1,1087,1007.0,8.1,63.0,3419,2802.0,595,617.0,7.05,False,marchita,corregida,False,-77,
2026-09-13 07:03:43-03:00,1789293823,1323,25,1,1127,1033.0,8.1,63.0,3415,2793.0,607,624.0,7.05,False,marchita,corregida,False,-77,
2026-09-13 07:04:13-03:00,1789293853,1324,25,1,1147,1060.0,8.1,63.0,3434,2792.0,609,625.0,7.066666666666666,False,marchita,corregida,False,-77,
2026-09-13 07:04:43-03:00,1789293883,1325,25,1,1212,1102.0,8.1,63.0,3409,2792.0,594,622.0,7.066666666666666,False,marchita,corregida,False,-77,
2026-09-13 07:05:13-03:00,1789293913,1326,25,1,1242,1129.0,8.1,63.0,3394,2788.0,607,630.0,7.083333333333333,False,marchita,corregida,False,-78,
2026-09-13 07:05:43-03:00,1789293943,1327,25,1,1280,1160.0,8.1,63.0,3424,2793.0,613,628.0,7.083333333333333,False,marchita,corregida,False,-77,
2026-09-13 07:06:13-03:00,1789293973,1328,25,1,1321,1199.0,8.1,63.0,3419,2790.0,603,628.0,7.1,False,marchita,corregida,False,-83,
2026-09-13 07:06:43-03:00,1789294003,1329,25,1,1365,1224.0,8.1,63.0,3421,2797.0,617,630.0,7.1,False,marchita,corregida,False,-77,
2026-09-13 07:07:13-03:00,1789294033,1330,25,1,1387,1254.0,8.1,63.0,3410,2787.0,605,630.0,7.116666666666666,False,marchita,corregida,False,-77,
2026-09-13 07:07:43-03:00,1789294063,1331,25,1,1446,1282.0,8.1,63.0,3407,2788.0,606,625.0,7.116666666666666,False,marchita,corregida,False,-78,
2026-09-13 07:08:13-03:00,1789294093,1332,25,1,1458,1313.0,8.1,63.0,3421,2796.0,613,626.0,7.133333333333334,False,marchita,corregida,False,-78,
2026-09-13 07:08:43-03:00,1789294123,1333,25,1,1514,1339.0,8.1,63.0,3405,2786.0,599,627.0,7.133333333333334,False,marchita,corregida,False,-77,
2026-09-13 07:09:13-03:00,1789294153,1334,25,1,1530,1357.0,8.1,63.0,3399,2796.0,611,626.0,7.15,False,marchita,corregida,False,-78,
2026-09-13 07:09:43-03:00,1789294183,1335,25,1,1535,1363.0,8.1,63.0,3414,2789.0,613,626.0,7.15,False,marchita,corregida,False,-77,
2026-09-13 07:10:13-03:00,1789294213,1336,25,1,1583,1382.0,8.1,63.0,3411,2799.0,595,618.0,7.166666666666667,False,marchita,corregida,False,-77,
2026-09-13 07:10:43-03:00,1789294243,1337,25,1,1579,1394.0,8.1,63.0,3389,2784.0,593,624.0,7.166666666666667,False,marchita,corregida,False,-78,
2026-09-13 07:11:13-03:00,1789294273,1338,25,1,1581,1398.0,8.1,63.0,3418,2793.0,593,622.0,7.183333333333334,False,marchita,corregida,False,-77,
2026-09-13 07:11:43-03:00,1789294303,1339,25,1,1583,1410.0,8.1,63.0,3423,2780.0,595,625.0,7.183333333333334,False,marchita,corregida,False,-78,
2026-09-13 07:12:13-03:00,1789294333,1340,25,1,1610,1407.0,8.1,63.0,3406,2787.0,598,625.0,7.2,False,marchita,corregida,False,-78,
2026-09-13 07:12:43-03:00,1789294363,1341,25,1,1600,1415.0,8.1,63.0,3415,2795.0,602,623.0,7.2,False,marchita,corregida,False,-77,
2026-09-13 07:13:13-03:00,1789294393,1342,25,1,1633,1441.0,8.1,63.0,3408,2796.0,605,620.0,7.216666666666667,False,marchita,corregida,False,-77,
2026-09-13 07:13:43-03:00,1789294423,1343,25,1,1669,1454.0,8.1,63.0,3409,2799.0,594,628.0,7.216666666666667,False,marchita,corregida,False,-77,
2026-09-13 07:14:13-03:00,1789294453,1344,25,1,1689,1480.0,8.1,63.0,3431,2786.0,613,624.0,7.233333333333333,False,marchita,corregida,False,-77,
2026-09-13 07:14:43-03:00,1789294483,1345,25,1,1680,1469.0,8.1,63.0,3414,2788.0,610,618.0,7.233333333333333,False,marchita,corregida,False,-78,
2026-09-13 07:15:13-03:00,1789294513,1346,25,1,1669,1466.0,8.1,63.0,3428,2790.0,601,621.0,7.25,False,marchita,corregida,False,-77,
2026-09-13 07:15:43-03:00,1789294543,1347,25,1,1673,1473.0,8.1,63.0,3403,2791.0,611,626.0,7.25,False,marchita,corregida,False,-76,
2026-09-13 07:16:13-03:00,1789294573,1348,25,1,1711,1482.0,8.1,63.0,3419,2800.0,606,622.0,7.266666666666667,False,marchita,corregida,False,-77,
2026-09-13 07:16:43-03:00,1789294603,1349,25,1,1712,1504.0,8.1,63.0,3428,2798.0,604,626.0,7.266666666666667,False,marchita,corregida,False,-83,
2026-09-13 07:17:13-03:00,1789294633,1350,25,1,1728,1511.0,8.1,63.0,3447,2798.0,618,624.0,7.283333333333333,False,marchita,corregida,False,-77,
2026-09-13 07:17:43-03:00,1789294663,1351,25,1,1744,1525.0,8.1,63.0,3437,2796.0,605,626.0,7.283333333333333,False,marchita,corregida,False,-78,
2026-09-13 07:18:13-03:00,1789294693,1352,25,1,1739,1528.0,8.1,63.0,3415,2788.0,603,628.0,7.3,False,marchita,corregida,False,-77,
2026-09-13 07:18:43-03:00,1789294723,1353,25,1,1755,1520.0,8.1,63.0,3440,2799.0,608,628.0,7.3,False,marchita,corregida,False,-77,
2026-09-13 07:19:13-03:00,1789294753,1354,25,1,1718,1512.0,8.1,63.0,3418,2793.0,619,629.0,7.316666666666666,False,marchita,corregida,False,-77,
2026-09-13 07:19:43-03:00,1789294783,1355,25,1,1744,1528.0,8.1,63.0,3435,2799.0,614,622.0,7.316666666666666,False,marchita,corregida,False,-77,
2026-09-13 07:20:13-03:00,1789294813,1356,25,1,1749,1541.0,8.1,63.0,3407,2791.0,615,626.0,7.333333333333333,False,marchita,corregida,False,-77,
2026-09-13 07:20:43-03:00,1789294843,1357,25,1,1826,1605.0,8.1,63.0,3417,2798.0,614,626.0,7.333333333333333,False,marchita,corregida,False,-77,
2026-09-13 07:21:13-03:00,1789294873,1358,25,1,1870,1632.0,8.1,63.0,3424,2796.0,609,623.0,7.35,False,marchita,corregida,False,-77,
2026-09-13 07:21:43-03:00,1789294903,1359,25,1,1951,1679.0,8.1,63.0,3434,2795.0,617,629.0,7.35,False,marchita,corregida,False,-78,
2026-09-13 07:22:13-03:00,1789294933,1360,25,1,1935,1691.0,8.1,63.0,3436,2798.0,618,626.0,7.366666666666666,False,marchita,corregida,False,-82,
2026-09-13 07:22:43-03:00,1789294963,1361,25,1,2013,1749.0,8.1,62.0,3446,2797.0,615,627.0,7.366666666666666,False,marchita,corregida,False,-77,
2026-09-13 07:23:13-03:00,1789294993,1362,25,1,2106,1822.0,8.1,62.0,3408,2796.0,615,628.0,7.383333333333334,False,marchita,corregida,False,-77,
2026-09-13 07:23:43-03:00,1789295023,1363,25,1,2177,1862.0,8.1,62.0,3415,2802.0,615,624.0,7.383333333333334,False,marchita,corregida,False,-78,
2026-09-13 07:24:13-03:00,1789295053,1364,25,1,2180,1887.0,8.1,62.0,3409,2800.0,599,623.0,7.4,False,marchita,corregida,False,-77,
2026-09-13 07:24:43-03:00,1789295083,1365,25,1,2177,1884.0,8.1,62.0,3430,2790.0,605,628.0,7.4,False,marchita,corregida,False,-83,
2026-09-13 07:25:13-03:00,1789295113,1366,25,1,2214,1894.0,8.1,62.0,3408,2798.0,599,620.0,7.416666666666667,False,marchita,corregida,False,-77,
2026-09-13 07:25:43-03:00,1789295143,1367,25,1,2259,1923.0,8.1,62.0,3403,2793.0,613,626.0,7.416666666666667,False,marchita,corregida,False,-77,
2026-09-13 07:26:13-03:00,1789295173,1368,25,1,2304,1972.0,8.1,62.0,3441,2802.0,605,622.0,7.433333333333334,False,marchita,corregida,False,-78,
2026-09-13 07:26:43-03:00,1789295203,1369,25,1,2308,1989.0,8.1,62.0,3415,2796.0,615,625.0,7.433333333333334,False,marchita,corregida,False,-77,
2026-09-13 07:27:13-03:00,1789295233,1370,25,1,2277,1967.0,8.1,62.0,3438,2789.0,609,626.0,7.45,False,marchita,corregida,False,-78,
2026-09-13 07:27:43-03:00,1789295263,1371,25,1,2251,1938.0,8.1,62.0,3438,2804.0,603,626.0,7.45,False,marchita,corregida,False,-78,
2026-09-13 07:28:13-03:00,1789295293,1372,25,1,2222,1907.0,8.1,62.0,3408,2798.0,610,624.0,7.466666666666667,False,marchita,corregida,False,-78,
2026-09-13 07:28:43-03:00,1789295323,1373,25,1,2234,1920.0,8.1,62.0,3414,2793.0,607,629.0,7.466666666666667,False,marchita,corregida,False,-77,
2026-09-13 07:29:13-03:00,1789295353,1374,25,1,2256,1955.0,8.1,62.0,3434,2794.0,599,629.0,7.483333333333333,False,marchita,corregida,False,-77,
2026-09-13 07:29:43-03:00,1789295383,1375,25,1,2304,1987.0,8.1,62.0,3425,2799.0,617,622.0,7.483333333333333,False,marchita,corregida,False,-78,
2026-09-13 07:30:13-03:00,1789295413,1376,25,1,2341,2000.0,8.1,62.0,3425,2798.0,613,630.0,7.5,False,marchita,corregida,False,-78,
2026-09-13 07:30:43-03:00,1789295443,1377,25,1,2363,2029.0,8.1,62.0,3427,2802.0,602,626.0,7.5,False,marchita,corregida,False,-77,
2026-09-13 07:31:13-03:00,1789295473,1378,25,1,2401,2046.0,8.1,62.0,3408,2798.0,605,626.0,7.516666666666667,False,marchita,corregida,False,-78,
2026-09-13 07:31:43-03:00,1789295503,1379,25,1,2416,2063.0,8.1,62.0,3421,2805.0,610,630.0,7.516666666666667,False,marchita,corregida,False,-78,
2026-09-13 07:32:13-03:00,1789295533,1380,25,1,2432,2091.0,8.1,62.0,3426,2803.0,610,627.0,7.533333333333333,False,marchita,corregida,False,-78,
2026-09-13 07:32:43-03:00,1789295563,1381,25,1,2496,2122.0,8.1,62.0,3408,2794.0,608,634.0,7.533333333333333,False,marchita,corregida,False,-83,
2026-09-13 07:33:13-03:00,1789295593,1382,25,1,2523,2158.0,8.2,62.0,3425,2792.0,608,631.0,7.55,False,marchita,corregida,False,-77,
2026-09-13 07:33:43-03:00,1789295623,1383,25,1,2546,2163.0,8.5,62.0,3418,2793.0,610,630.0,7.55,False,marchita,corregida,False,-77,
2026-09-13 07:34:13-03:00,1789295653,1384,25,1,2605,2216.0,8.5,62.0,3455,2800.0,614,628.0,7.566666666666666,False,marchita,corregida,False,-77,
2026-09-13 07:34:43-03:00,1789295683,1385,25,1,2618,2225.0,8.5,62.0,3431,2798.0,608,627.0,7.566666666666666,False,marchita,corregida,False,-78,
2026-09-13 07:35:13-03:00,1789295713,1386,25,1,2631,2234.0,8.5,62.0,3429,2798.0,608,629.0,7.583333333333333,False,marchita,corregida,False,-77,
2026-09-13 07:35:43-03:00,1789295743,1387,25,1,2669,2247.0,8.5,62.0,3440,2802.0,610,626.0,7.583333333333333,False,marchita,corregida,False,-76,
2026-09-13 07:36:13-03:00,1789295773,1388,25,1,2655,2251.0,8.2,62.0,3430,2796.0,618,631.0,7.6,False,marchita,corregida,False,-78,
2026-09-13 07:36:43-03:00,1789295803,1389,25,1,2637,2246.0,8.2,62.0,3434,2802.0,619,623.0,7.6,False,marchita,corregida,False,-78,
2026-09-13 07:37:13-03:00,1789295833,1390,25,1,2653,2241.0,8.4,62.0,3443,2799.0,615,630.0,7.616666666666667,False,marchita,corregida,False,-78,
2026-09-13 07:37:43-03:00,1789295863,1391,25,1,2647,2247.0,8.2,62.0,3438,2804.0,622,632.0,7.616666666666667,False,marchita,corregida,False,-78,
2026-09-13 07:38:13-03:00,1789295893,1392,25,1,2653,2246.0,8.5,62.0,3429,2800.0,613,634.0,7.633333333333333,False,marchita,corregida,False,-77,
2026-09-13 07:38:43-03:00,1789295923,1393,25,1,2657,2246.0,8.5,62.0,3448,2810.0,621,630.0,7.633333333333333,False,marchita,corregida,False,-78,
2026-09-13 07:39:13-03:00,1789295953,1394,25,1,2651,2249.0,8.5,62.0,3431,2805.0,609,626.0,7.65,False,marchita,corregida,False,-77,
2026-09-13 07:39:43-03:00,1789295983,1395,25,1,2667,2255.0,8.2,62.0,3419,2802.0,606,634.0,7.65,False,marchita,corregida,False,-77,
2026-09-13 07:40:13-03:00,1789296013,1396,25,1,2640,2256.0,8.1,62.0,3437,2810.0,619,628.0,7.666666666666667,False,marchita,corregida,False,-77,
2026-09-13 07:40:43-03:00,1789296043,1397,25,1,2640,2243.0,8.1,62.0,3465,2811.0,604,627.0,7.666666666666667,False,marchita,corregida,False,-86,
2026-09-13 07:41:13-03:00,1789296073,1398,25,1,2657,2263.0,8.1,62.0,3421,2790.0,603,628.0,7.683333333333334,False,marchita,corregida,False,-77,
2026-09-13 07:41:43-03:00,1789296103,1399,25,1,2683,2262.0,8.1,62.0,3440,2808.0,622,626.0,7.683333333333334,False,marchita,corregida,False,-78,
2026-09-13 07:42:13-03:00,1789296133,1400,25,1,2666,2268.0,8.1,62.0,3440,2803.0,607,626.0,7.7,False,marchita,corregida,False,-78,
2026-09-13 07:42:43-03:00,1789296163,1401,25,1,2660,2273.0,8.1,62.0,3431,2808.0,603,636.0,7.7,False,marchita,corregida,False,-77,
2026-09-13 07:43:13-03:00,1789296193,1402,25,1,2665,2268.0,8.1,62.0,3426,2799.0,608,625.0,7.716666666666667,False,marchita,corregida,False,-84,
2026-09-13 07:43:43-03:00,1789296223,1403,25,1,2693,2268.0,8.1,62.0,3431,2803.0,603,630.0,7.716666666666667,False,marchita,corregida,False,-77,
2026-09-13 07:44:13-03:00,1789296253,1404,25,1,2685,2270.0,8.1,62.0,3449,2805.0,610,633.0,7.733333333333333,False,marchita,corregida,False,-77,
2026-09-13 07:44:43-03:00,1789296283,1405,25,1,2694,2270.0,8.1,62.0,3443,2806.0,608,627.0,7.733333333333333,False,marchita,corregida,False,-77,
2026-09-13 07:45:13-03:00,1789296313,1406,25,1,2695,2280.0,8.1,62.0,3438,2802.0,618,626.0,7.75,False,marchita,corregida,False,-78,
2026-09-13 07:45:43-03:00,1789296343,1407,25,1,2693,2290.0,8.1,62.0,3421,2803.0,598,623.0,7.75,False,marchita,corregida,False,-78,
2026-09-13 07:46:13-03:00,1789296373,1408,25,1,2702,2293.0,8.1,62.0,3414,2798.0,619,626.0,7.766666666666667,False,marchita,corregida,False,-77,
2026-09-13 07:46:43-03:00,1789296403,1409,25,1,2716,2300.0,8.1,62.0,3444,2798.0,605,625.0,7.766666666666667,False,marchita,corregida,False,-78,
2026-09-13 07:47:13-03:00,1789296433,1410,25,1,2688,2313.0,8.1,62.0,3418,2802.0,610,620.0,7.783333333333333,False,marchita,corregida,False,-78,
2026-09-13 07:47:43-03:00,1789296463,1411,25,1,2733,2317.0,8.1,62.0,3435,2798.0,610,626.0,7.783333333333333,False,marchita,corregida,False,-78,
2026-09-13 07:48:13-03:00,1789296493,1412,25,1,2729,2321.0,8.1,62.0,3443,2798.0,605,631.0,7.8,False,marchita,corregida,False,-77,
2026-09-13 07:48:43-03:00,1789296523,1413,25,1,2763,2323.0,8.1,62.0,3430,2802.0,619,630.0,7.8,False,marchita,corregida,False,-83,
2026-09-13 07:49:13-03:00,1789296553,1414,25,1,2749,2344.0,8.1,62.0,3440,2805.0,603,630.0,7.816666666666666,False,marchita,corregida,False,-78,
2026-09-13 07:49:43-03:00,1789296583,1415,25,1,2759,2344.0,8.5,62.0,3407,2798.0,623,630.0,7.816666666666666,False,marchita,corregida,False,-77,
2026-09-13 07:50:13-03:00,1789296613,1416,25,1,2790,2349.0,8.5,62.0,3429,2806.0,602,631.0,7.833333333333333,False,marchita,corregida,False,-78,
2026-09-13 07:50:43-03:00,1789296643,1417,25,1,2789,2360.0,8.5,62.0,3414,2806.0,613,633.0,7.833333333333333,False,marchita,corregida,False,-78,
2026-09-13 07:51:13-03:00,1789296673,1418,25,1,2800,2369.0,8.5,62.0,3434,2805.0,611,626.0,7.85,False,marchita,corregida,False,-78,
2026-09-13 07:51:43-03:00,1789296703,1419,25,1,2800,2373.0,8.5,62.0,3425,2799.0,608,631.0,7.85,False,marchita,corregida,False,-77,
2026-09-13 07:52:13-03:00,1789296733,1420,25,1,2830,2379.0,8.5,62.0,3440,2803.0,605,627.0,7.866666666666667,False,marchita,corregida,False,-77,
2026-09-13 07:52:43-03:00,1789296763,1421,25,1,2828,2384.0,8.1,62.0,3456,2800.0,615,629.0,7.866666666666667,False,marchita,corregida,False,-77,
2026-09-13 07:53:13-03:00,1789296793,1422,25,1,2815,2394.0,8.1,62.0,3455,2795.0,605,630.0,7.883333333333333,False,marchita,corregida,False,-78,
2026-09-13 07:53:43-03:00,1789296823,1423,25,1,2848,2405.0,8.1,62.0,3429,2805.0,618,627.0,7.883333333333333,False,marchita,corregida,False,-77,
2026-09-13 07:54:13-03:00,1789296853,1424,25,1,2845,2400.0,8.1,62.0,3433,2795.0,606,634.0,7.9,False,marchita,corregida,False,-77,
2026-09-13 07:54:43-03:00,1789296883,1425,25,1,2845,2420.0,8.1,62.0,3424,2799.0,613,627.0,7.9,False,marchita,corregida,False,-77,
2026-09-13 07:55:13-03:00,1789296913,1426,25,1,2880,2426.0,8.1,62.0,3445,2802.0,605,634.0,7.916666666666667,False,marchita,corregida,False,-77,
2026-09-13 07:55:43-03:00,1789296943,1427,25,1,2897,2442.0,8.1,62.0,3440,2804.0,622,626.0,7.916666666666667,False,marchita,corregida,False,-78,
2026-09-13 07:56:13-03:00,1789296973,1428,25,1,2885,2440.0,8.1,62.0,3430,2799.0,619,626.0,7.933333333333334,False,marchita,corregida,False,-77,
2026-09-13 07:56:43-03:00,1789297003,1429,25,1,2896,2447.0,8.1,62.0,3427,2806.0,613,630.0,7.933333333333334,False,marchita,corregida,False,-77,
2026-09-13 07:57:13-03:00,1789297033,1430,25,1,2887,2439.0,8.4,62.0,3415,2799.0,605,626.0,7.95,False,marchita,corregida,False,-76,
2026-09-13 07:57:43-03:00,1789297063,1431,25,1,2894,2436.0,8.1,62.0,3440,2806.0,620,629.0,7.95,False,marchita,corregida,False,-77,
2026-09-13 07:58:13-03:00,1789297093,1432,25,1,2885,2439.0,8.5,62.0,3440,2802.0,622,626.0,7.966666666666667,False,marchita,corregida,False,-77,
2026-09-13 07:58:43-03:00,1789297123,1433,25,1,2929,2464.0,8.5,62.0,3445,2804.0,618,626.0,7.966666666666667,False,marchita,corregida,False,-77,
2026-09-13 07:59:13-03:00,1789297153,1434,25,1,2934,2472.0,8.5,62.0,3440,2809.0,613,635.0,7.983333333333333,False,marchita,corregida,False,-77,
2026-09-13 07:59:43-03:00,1789297183,1435,25,1,2954,2472.0,8.5,62.0,3408,2800.0,619,635.0,7.983333333333333,False,marchita,corregida,False,-77,
2026-09-13 08:00:13-03:00,1789297213,1436,25,1,2966,2486.0,8.5,62.0,3441,2804.0,617,634.0,8.0,False,marchita,corregida,False,-77,
2026-09-13 08:00:43-03:00,1789297243,1437,25,1,2967,2482.0,8.5,62.0,3437,2800.0,624,634.0,8.0,False,marchita,corregida,False,-78,
2026-09-13 08:01:13-03:00,1789297273,1438,25,1,2961,2485.0,8.5,62.0,3433,2812.0,611,638.0,8.016666666666667,False,marchita,corregida,False,-83,
2026-09-13 08:01:43-03:00,1789297303,1439,25,1,2960,2485.0,8.5,62.0,3441,2805.0,624,634.0,8.016666666666667,False,marchita,corregida,False,-78,
2026-09-13 08:02:13-03:00,1789297333,1440,25,1,2969,2495.0,8.5,62.0,3442,2808.0,625,638.0,8.033333333333333,False,marchita,corregida,False,-80,
2026-09-13 08:02:43-03:00,1789297363,1441,25,1,2990,2502.0,8.5,62.0,3455,2807.0,624,635.0,8.033333333333333,False,marchita,corregida,False,-76,
2026-09-13 08:03:13-03:00,1789297393,1442,25,1,3008,2511.0,8.5,62.0,3436,2803.0,624,638.0,8.05,False,marchita,corregida,False,-76,
2026-09-13 08:03:43-03:00,1789297423,1443,25,1,3005,2510.0,8.5,62.0,3455,2808.0,624,639.0,8.05,False,marchita,corregida,False,-74,
2026-09-13 08:04:13-03:00,1789297453,1444,25,1,3008,2507.0,8.5,62.0,3439,2812.0,624,640.0,8.066666666666666,False,marchita,corregida,False,-74,
2026-09-13 08:04:43-03:00,1789297483,1445,25,1,3011,2516.0,8.8,61.0,3437,2806.0,618,638.0,8.066666666666666,False,marchita,corregida,False,-75,
2026-09-13 08:05:13-03:00,1789297513,1446,25,1,3001,2522.0,8.9,61.0,3435,2802.0,632,638.0,8.083333333333334,False,marchita,corregida,False,-74,
2026-09-13 08:05:43-03:00,1789297543,1447,25,1,3015,2532.0,8.9,61.0,3418,2805.0,628,641.0,8.083333333333334,False,marchita,corregida,False,-75,
2026-09-13 08:06:13-03:00,1789297573,1448,25,1,2987,2507.0,8.9,61.0,3455,2809.0,631,638.0,8.1,False,marchita,corregida,False,-72,
2026-09-13 08:06:43-03:00,1789297603,1449,25,1,2993,2509.0,8.9,61.0,3446,2810.0,635,638.0,8.1,False,marchita,corregida,False,-75,
2026-09-13 08:07:13-03:00,1789297633,1450,25,1,3017,2520.0,8.9,61.0,3429,2805.0,617,642.0,8.116666666666667,False,marchita,corregida,False,-72,
2026-09-13 08:07:43-03:00,1789297663,1451,25,1,2981,2508.0,8.9,61.0,3445,2806.0,634,638.0,8.116666666666667,False,marchita,corregida,False,-73,
2026-09-13 08:08:13-03:00,1789297693,1452,25,1,2994,2523.0,8.9,61.0,3435,2800.0,625,642.0,8.133333333333333,False,marchita,corregida,False,-73,
2026-09-13 08:08:43-03:00,1789297723,1453,25,1,3063,2553.0,8.9,61.0,3431,2810.0,624,645.0,8.133333333333333,False,marchita,corregida,False,-73,
2026-09-13 08:09:13-03:00,1789297753,1454,25,1,3071,2572.0,8.9,60.0,3438,2797.0,625,645.0,8.15,False,marchita,corregida,False,-73,
2026-09-13 08:09:43-03:00,1789297783,1455,25,1,3103,2577.0,8.9,60.0,3431,2800.0,638,638.0,8.15,False,marchita,corregida,False,-72,
2026-09-13 08:10:13-03:00,1789297813,1456,25,1,3088,2577.0,8.9,60.0,3423,2800.0,623,640.0,8.166666666666666,False,marchita,corregida,False,-74,
2026-09-13 08:10:43-03:00,1789297843,1457,25,1,3078,2581.0,8.9,60.0,3433,2800.0,626,639.0,8.166666666666666,False,marchita,corregida,False,-72,
2026-09-13 08:11:13-03:00,1789297873,1458,25,1,3122,2581.0,8.9,60.0,3440,2806.0,629,642.0,8.183333333333334,False,marchita,corregida,False,-72,
2026-09-13 08:11:43-03:00,1789297903,1459,25,1,3084,2584.0,8.9,60.0,3430,2799.0,624,641.0,8.183333333333334,False,marchita,corregida,False,-72,
2026-09-13 08:12:13-03:00,1789297933,1460,25,1,3118,2594.0,8.9,60.0,3439,2793.0,635,638.0,8.2,False,marchita,corregida,False,-72,
2026-09-13 08:12:43-03:00,1789297963,1461,25,1,3115,2592.0,8.9,60.0,3423,2803.0,633,640.0,8.2,False,marchita,corregida,False,-72,
2026-09-13 08:13:13-03:00,1789297993,1462,25,1,3105,2590.0,8.9,60.0,3426,2787.0,637,650.0,8.216666666666667,False,marchita,corregida,False,-73,
2026-09-13 08:13:43-03:00,1789298023,1463,25,1,3147,2612.0,8.9,60.0,3405,2796.0,627,641.0,8.216666666666667,False,marchita,corregida,False,-72,
2026-09-13 08:14:13-03:00,1789298053,1464,25,1,3170,2622.0,8.9,60.0,3410,2793.0,640,642.0,8.233333333333333,False,marchita,corregida,False,-72,
2026-09-13 08:14:43-03:00,1789298083,1465,25,1,3136,2609.0,8.9,60.0,3433,2800.0,627,649.0,8.233333333333333,False,marchita,corregida,False,-73,
2026-09-13 08:15:13-03:00,1789298113,1466,25,1,3142,2612.0,8.9,60.0,3440,2804.0,629,649.0,8.25,False,marchita,corregida,False,-74,
2026-09-13 08:15:43-03:00,1789298143,1467,25,1,3178,2636.0,8.9,59.0,3419,2805.0,635,645.0,8.25,False,marchita,corregida,False,-74,
2026-09-13 08:16:13-03:00,1789298173,1468,25,1,3157,2623.0,8.9,59.0,3442,2798.0,639,646.0,8.266666666666667,False,marchita,corregida,False,-75,
2026-09-13 08:16:43-03:00,1789298203,1469,25,1,3133,2616.0,8.9,59.0,3418,2796.0,633,650.0,8.266666666666667,False,marchita,corregida,False,-75,
2026-09-13 08:17:13-03:00,1789298233,1470,25,1,3134,2603.0,8.9,59.0,3434,2800.0,627,650.0,8.283333333333333,False,marchita,corregida,False,-74,
2026-09-13 08:17:43-03:00,1789298263,1471,25,1,3129,2595.0,8.9,59.0,3408,2789.0,623,639.0,8.283333333333333,False,marchita,corregida,False,-74,
2026-09-13 08:18:13-03:00,1789298293,1472,25,1,3120,2587.0,8.9,59.0,3419,2805.0,631,641.0,8.3,False,marchita,corregida,False,-75,
2026-09-13 08:18:43-03:00,1789298323,1473,25,1,3095,2581.0,8.9,59.0,3415,2798.0,631,643.0,8.3,False,marchita,corregida,False,-75,
2026-09-13 08:19:13-03:00,1789298353,1474,25,1,3098,2581.0,8.9,59.0,3438,2800.0,625,645.0,8.316666666666666,False,marchita,corregida,False,-75,
2026-09-13 08:19:43-03:00,1789298383,1475,25,1,3088,2581.0,8.9,59.0,3433,2799.0,625,640.0,8.316666666666666,False,marchita,corregida,False,-74,
2026-09-13 08:20:13-03:00,1789298413,1476,25,1,3101,2583.0,8.9,59.0,3421,2789.0,640,646.0,8.333333333333334,False,marchita,corregida,False,-75,
2026-09-13 08:20:43-03:00,1789298443,1477,25,1,3120,2597.0,8.9,59.0,3395,2793.0,623,644.0,8.333333333333334,False,marchita,corregida,False,-76,
2026-09-13 08:21:13-03:00,1789298473,1478,25,1,3106,2600.0,8.9,59.0,3417,2796.0,622,638.0,8.35,False,marchita,corregida,False,-74,
2026-09-13 08:21:43-03:00,1789298503,1479,25,1,3134,2608.0,8.9,59.0,3415,2798.0,637,643.0,8.35,False,marchita,corregida,False,-74,
2026-09-13 08:22:13-03:00,1789298533,1480,25,1,3120,2609.0,8.9,59.0,3415,2798.0,643,645.0,8.366666666666667,False,marchita,corregida,False,-74,
2026-09-13 08:22:43-03:00,1789298563,1481,25,1,3103,2599.0,8.9,59.0,3423,2803.0,636,651.0,8.366666666666667,False,marchita,corregida,False,-72,
2026-09-13 08:23:13-03:00,1789298593,1482,25,1,3085,2588.0,8.9,59.0,3435,2802.0,624,639.0,8.383333333333333,False,marchita,corregida,False,-73,
2026-09-13 08:23:43-03:00,1789298623,1483,25,1,3082,2584.0,8.9,58.0,3439,2802.0,635,650.0,8.383333333333333,False,marchita,corregida,False,-73,
2026-09-13 08:24:13-03:00,1789298653,1484,25,1,3071,2571.0,8.9,58.0,3418,2791.0,635,647.0,8.4,False,marchita,corregida,False,-73,
2026-09-13 08:24:43-03:00,1789298683,1485,25,1,3091,2577.0,8.9,58.0,3431,2800.0,627,648.0,8.4,False,marchita,corregida,False,-73,
2026-09-13 08:25:13-03:00,1789298713,1486,25,1,3071,2577.0,9.3,58.0,3441,2791.0,629,651.0,8.416666666666666,False,marchita,corregida,False,-72,
2026-09-13 08:25:43-03:00,1789298743,1487,25,1,3136,2593.0,9.3,58.0,3424,2804.0,639,651.0,8.416666666666666,False,marchita,corregida,False,-73,
2026-09-13 08:26:13-03:00,1789298773,1488,25,1,3117,2599.0,9.3,58.0,3439,2800.0,630,653.0,8.433333333333334,False,marchita,corregida,False,-73,
2026-09-13 08:26:43-03:00,1789298803,1489,25,1,3139,2603.0,9.3,58.0,3466,2806.0,639,651.0,8.433333333333334,False,marchita,corregida,False,-73,
2026-09-13 08:27:13-03:00,1789298833,1490,25,1,3122,2609.0,9.3,58.0,3440,2797.0,650,655.0,8.45,False,marchita,corregida,False,-73,
2026-09-13 08:27:43-03:00,1789298863,1491,25,1,3126,2620.0,9.3,58.0,3435,2796.0,650,651.0,8.45,False,marchita,corregida,False,-72,
2026-09-13 08:28:13-03:00,1789298893,1492,25,1,3161,2617.0,9.3,58.0,3431,2806.0,647,655.0,8.466666666666667,False,marchita,corregida,False,-73,
2026-09-13 08:28:43-03:00,1789298923,1493,25,1,3184,2628.0,9.3,58.0,3417,2793.0,650,651.0,8.466666666666667,False,marchita,corregida,False,-73,
2026-09-13 08:29:13-03:00,1789298953,1494,25,1,3195,2650.0,9.3,58.0,3438,2804.0,640,652.0,8.483333333333333,False,marchita,corregida,False,-74,
2026-09-13 08:29:43-03:00,1789298983,1495,25,1,3198,2667.0,9.3,58.0,3444,2806.0,645,653.0,8.483333333333333,False,marchita,corregida,False,-73,
2026-09-13 08:30:13-03:00,1789299013,1496,25,1,3215,2659.0,9.3,58.0,3438,2806.0,643,647.0,8.5,False,marchita,corregida,False,-73,
2026-09-13 08:30:43-03:00,1789299043,1497,25,1,3195,2650.0,9.3,57.0,3429,2797.0,627,646.0,8.5,False,marchita,corregida,False,-73,
2026-09-13 08:31:13-03:00,1789299073,1498,25,1,3153,2621.0,9.3,57.0,3436,2802.0,640,647.0,8.516666666666667,False,marchita,corregida,False,-74,
2026-09-13 08:31:43-03:00,1789299103,1499,25,1,3136,2621.0,9.3,57.0,3443,2805.0,625,642.0,8.516666666666667,False,marchita,corregida,False,-72,
2026-09-13 08:32:13-03:00,1789299133,1500,25,1,3140,2621.0,9.3,57.0,3440,2804.0,640,646.0,8.533333333333333,False,marchita,corregida,False,-73,
2026-09-13 08:32:43-03:00,1789299163,1501,25,1,3152,2635.0,9.3,57.0,3423,2799.0,627,645.0,8.533333333333333,False,marchita,corregida,False,-72,
2026-09-13 08:33:13-03:00,1789299193,1502,25,1,3184,2647.0,9.3,57.0,3463,2810.0,631,651.0,8.55,False,marchita,corregida,False,-73,
2026-09-13 08:33:43-03:00,1789299223,1503,25,1,3173,2641.0,9.3,57.0,3453,2802.0,633,649.0,8.55,False,marchita,corregida,False,-73,
2026-09-13 08:34:13-03:00,1789299253,1504,25,1,3207,2661.0,9.3,57.0,3432,2806.0,643,650.0,8.566666666666666,False,marchita,corregida,False,-75,
2026-09-13 08:34:43-03:00,1789299283,1505,25,1,3195,2659.0,9.3,57.0,3418,2803.0,630,649.0,8.566666666666666,False,marchita,corregida,False,-75,
2026-09-13 08:35:13-03:00,1789299313,1506,25,1,3179,2628.0,9.3,57.0,3435,2800.0,634,647.0,8.583333333333334,False,marchita,corregida,False,-76,
2026-09-13 08:35:43-03:00,1789299343,1507,25,1,3147,2623.0,9.3,57.0,3441,2805.0,633,650.0,8.583333333333334,False,marchita,corregida,False,-76,
2026-09-13 08:36:13-03:00,1789299373,1508,25,1,3154,2624.0,9.3,57.0,3447,2813.0,646,650.0,8.6,False,marchita,corregida,False,-75,
2026-09-13 08:36:43-03:00,1789299403,1509,25,1,3159,2617.0,9.3,57.0,3442,2808.0,647,649.0,8.6,False,marchita,corregida,False,-76,
2026-09-13 08:37:13-03:00,1789299433,1510,25,1,3139,2621.0,9.3,57.0,3443,2807.0,647,653.0,8.616666666666667,False,marchita,corregida,False,-75,
2026-09-13 08:37:43-03:00,1789299463,1511,25,1,3186,2639.0,9.3,57.0,3431,2806.0,645,646.0,8.616666666666667,False,marchita,corregida,False,-76,
2026-09-13 08:38:13-03:00,1789299493,1512,25,1,3205,2666.0,9.3,57.0,3451,2814.0,633,652.0,8.633333333333333,False,marchita,corregida,False,-74,
2026-09-13 08:38:43-03:00,1789299523,1513,25,1,3225,2659.0,9.3,57.0,3443,2803.0,646,650.0,8.633333333333333,False,marchita,corregida,False,-74,
2026-09-13 08:39:13-03:00,1789299553,1514,25,1,3254,2680.0,9.3,57.0,3422,2805.0,645,653.0,8.65,False,marchita,corregida,False,-74,
2026-09-13 08:39:43-03:00,1789299583,1515,25,1,3218,2673.0,9.3,57.0,3452,2805.0,639,657.0,8.65,False,marchita,corregida,False,-74,
2026-09-13 08:40:13-03:00,1789299613,1516,25,1,3229,2661.0,9.3,58.0,3446,2803.0,640,659.0,8.666666666666666,False,marchita,corregida,False,-74,
2026-09-13 08:40:43-03:00,1789299643,1517,25,1,3229,2670.0,9.3,58.0,3430,2806.0,641,658.0,8.666666666666666,False,marchita,corregida,False,-75,
2026-09-13 08:41:13-03:00,1789299673,1518,25,1,3215,2669.0,9.6,58.0,3421,2806.0,643,653.0,8.683333333333334,False,marchita,corregida,False,-76,
2026-09-13 08:41:43-03:00,1789299703,1519,25,1,3200,2663.0,9.6,58.0,3421,2806.0,640,653.0,8.683333333333334,False,marchita,corregida,False,-76,
2026-09-13 08:42:13-03:00,1789299733,1520,25,1,3213,2665.0,9.6,58.0,3437,2799.0,656,662.0,8.7,False,marchita,corregida,False,-76,
2026-09-13 08:42:43-03:00,1789299763,1521,25,1,3191,2644.0,9.6,58.0,3445,2799.0,656,661.0,8.7,False,marchita,corregida,False,-77,
2026-09-13 08:43:13-03:00,1789299793,1522,25,1,3195,2651.0,9.6,58.0,3434,2803.0,640,655.0,8.716666666666667,False,marchita,corregida,False,-77,
2026-09-13 08:43:43-03:00,1789299823,1523,25,1,3187,2652.0,9.6,58.0,3440,2797.0,646,663.0,8.716666666666667,False,marchita,corregida,False,-76,
2026-09-13 08:44:13-03:00,1789299853,1524,25,1,3195,2656.0,9.6,58.0,3424,2806.0,645,662.0,8.733333333333333,False,marchita,corregida,False,-76,
2026-09-13 08:44:43-03:00,1789299883,1525,25,1,3222,2680.0,9.6,58.0,3437,2803.0,646,664.0,8.733333333333333,False,marchita,corregida,False,-76,
2026-09-13 08:45:13-03:00,1789299913,1526,25,1,3234,2688.0,9.6,58.0,3441,2799.0,654,664.0,8.75,False,marchita,corregida,False,-77,
2026-09-13 08:45:43-03:00,1789299943,1527,25,1,3254,2686.0,9.6,58.0,3421,2806.0,650,664.0,8.75,False,marchita,corregida,False,-76,
2026-09-13 08:46:13-03:00,1789299973,1528,25,1,3280,2693.0,9.6,58.0,3439,2805.0,649,655.0,8.766666666666667,False,marchita,corregida,False,-76,
2026-09-13 08:46:43-03:00,1789300003,1529,25,1,3259,2697.0,9.6,58.0,3435,2795.0,645,659.0,8.766666666666667,False,marchita,corregida,False,-76,
2026-09-13 08:47:13-03:00,1789300033,1530,25,1,3216,2668.0,9.6,58.0,3442,2796.0,641,653.0,8.783333333333333,False,marchita,corregida,False,-76,
2026-09-13 08:47:43-03:00,1789300063,1531,25,1,3200,2666.0,9.6,58.0,3440,2803.0,656,662.0,8.783333333333333,False,marchita,corregida,False,-76,
2026-09-13 08:48:13-03:00,1789300093,1532,25,1,3184,2659.0,9.6,58.0,3417,2790.0,647,655.0,8.8,False,marchita,corregida,False,-76,
2026-09-13 08:48:43-03:00,1789300123,1533,25,1,3162,2641.0,9.6,58.0,3422,2804.0,641,657.0,8.8,False,marchita,corregida,False,-74,
2026-09-13 08:49:13-03:00,1789300153,1534,25,1,3133,2618.0,9.6,58.0,3411,2793.0,659,663.0,8.816666666666666,False,marchita,corregida,False,-76,
2026-09-13 08:49:43-03:00,1789300183,1535,25,1,3132,2621.0,9.6,58.0,3429,2798.0,644,663.0,8.816666666666666,False,marchita,corregida,False,-79,
2026-09-13 08:50:13-03:00,1789300213,1536,25,1,3150,2611.0,9.6,58.0,3431,2791.0,659,659.0,8.833333333333334,False,marchita,corregida,False,-76,
2026-09-13 08:50:43-03:00,1789300243,1537,25,1,3136,2611.0,9.6,58.0,3440,2798.0,658,661.0,8.833333333333334,False,marchita,corregida,False,-76,
2026-09-13 08:51:13-03:00,1789300273,1538,25,1,3133,2610.0,9.6,58.0,3408,2789.0,657,664.0,8.85,False,marchita,corregida,False,-73,
2026-09-13 08:51:43-03:00,1789300303,1539,25,1,3130,2605.0,9.6,58.0,3427,2797.0,654,661.0,8.85,False,marchita,corregida,False,-73,
2026-09-13 08:52:13-03:00,1789300333,1540,25,1,3139,2612.0,9.6,58.0,3431,2793.0,646,662.0,8.866666666666667,False,marchita,corregida,False,-84,
2026-09-13 08:52:43-03:00,1789300363,1541,25,1,3123,2615.0,9.6,58.0,3415,2793.0,656,663.0,8.866666666666667,False,marchita,corregida,False,-74,
2026-09-13 08:53:13-03:00,1789300393,1542,25,1,3142,2614.0,9.6,58.0,3408,2798.0,654,662.0,8.883333333333333,False,marchita,corregida,False,-74,
2026-09-13 08:53:43-03:00,1789300423,1543,25,1,3139,2621.0,9.6,58.0,3423,2792.0,645,664.0,8.883333333333333,False,marchita,corregida,False,-74,
2026-09-13 08:54:13-03:00,1789300453,1544,25,1,3164,2617.0,9.6,58.0,3415,2797.0,654,659.0,8.9,False,marchita,corregida,False,-75,
2026-09-15 09:28:45-03:00,1789475325,1546,32,2,1092,1007.0,19.8,41.0,4095,3124.0,1011,948.0,9.466666666666669,False,marchita,propagada,False,-46,suelo_saturado
2026-09-15 09:29:15-03:00,1789475355,1547,32,2,1051,977.0,19.8,41.0,4095,3124.0,1010,946.0,9.483333333333333,False,marchita,propagada,False,-39,suelo_saturado
2026-09-15 09:29:51-03:00,1789475391,1548,33,2,1646,1451.0,20.6,41.0,3322,2735.0,1168,1072.0,9.483333333333333,False,marchita,propagada,False,-60,
2026-09-15 09:30:47-03:00,1789475447,1549,34,2,2034,1759.0,23.0,42.0,3425,2796.0,1289,1167.0,9.5,False,marchita,propagada,False,-52,
2026-09-15 09:31:17-03:00,1789475477,1550,34,2,2000,1733.0,24.1,40.0,3446,2808.0,1229,1118.0,9.516666666666667,False,marchita,propagada,False,-58,
2026-09-15 09:31:47-03:00,1789475507,1551,34,2,2006,1735.0,24.5,39.0,3478,2827.0,1201,1097.0,9.516666666666667,False,marchita,propagada,False,-45,
2026-09-15 09:32:17-03:00,1789475537,1552,34,2,2047,1769.0,24.1,38.0,3488,2833.0,1162,1067.0,9.533333333333331,False,marchita,propagada,False,-44,
2026-09-15 09:32:49-03:00,1789475569,1553,34,2,2038,1761.0,23.8,37.0,3504,2844.0,1143,1051.0,9.533333333333331,False,marchita,propagada,False,-54,
2026-09-15 09:33:47-03:00,1789475627,1554,34,2,985,922.0,23.8,37.0,3536,2860.0,1303,1180.0,9.55,False,marchita,propagada,False,-55,
2026-09-15 09:34:42-03:00,1789475682,1555,35,2,730,725.0,25.8,37.0,3682,2935.0,1490,1328.0,9.566666666666666,False,marchita,propagada,False,-53,
2026-09-15 09:35:12-03:00,1789475712,1556,35,2,753,744.0,27.6,37.0,3702,2945.0,1554,1376.0,9.583333333333334,False,marchita,propagada,False,-47,
2026-09-15 09:35:42-03:00,1789475742,1557,35,2,735,724.0,28.5,34.0,3701,2948.0,1558,1384.0,9.583333333333334,False,marchita,propagada,False,-62,
2026-09-15 09:36:12-03:00,1789475772,1558,35,2,756,743.0,28.5,33.0,3712,2950.0,1535,1363.0,9.6,False,marchita,propagada,False,-68,
2026-09-15 09:36:44-03:00,1789475804,1559,35,2,753,742.0,29.3,33.0,3712,2950.0,1498,1333.0,9.6,False,marchita,propagada,False,-82,
2026-09-15 09:37:12-03:00,1789475832,1560,35,2,764,752.0,29.3,32.0,3725,2952.0,1565,1387.0,9.616666666666667,False,marchita,propagada,False,-74,
2026-09-15 09:37:42-03:00,1789475862,1561,35,2,762,744.0,29.8,32.0,3729,2960.0,1570,1389.0,9.616666666666667,False,marchita,propagada,False,-81,
2026-09-15 09:38:12-03:00,1789475892,1562,35,2,740,732.0,29.8,31.0,3735,2963.0,1606,1417.0,9.633333333333333,False,marchita,propagada,False,-73,
2026-09-15 09:38:42-03:00,1789475922,1563,35,2,779,766.0,30.2,30.0,3737,2962.0,1597,1412.0,9.633333333333333,False,marchita,propagada,False,-68,
2026-09-15 09:39:12-03:00,1789475952,1564,35,2,775,762.0,29.8,30.0,3739,2961.0,1584,1402.0,9.65,False,marchita,propagada,False,-53,
2026-09-15 09:39:42-03:00,1789475982,1565,35,2,784,766.0,29.8,30.0,3744,2965.0,1504,1336.0,9.65,False,marchita,propagada,False,-56,
2026-09-15 09:40:12-03:00,1789476012,1566,35,2,782,766.0,29.8,30.0,3744,2967.0,1535,1363.0,9.666666666666666,False,marchita,propagada,False,-57,
2026-09-15 09:40:42-03:00,1789476042,1567,35,2,784,762.0,29.3,30.0,3757,2972.0,1572,1391.0,9.666666666666666,False,marchita,propagada,False,-74,
2026-09-15 09:41:12-03:00,1789476072,1568,35,2,791,771.0,29.8,30.0,3747,2969.0,1535,1384.0,9.683333333333334,False,marchita,propagada,False,-65,
2026-09-15 09:41:42-03:00,1789476102,1569,35,2,784,766.0,29.8,30.0,3759,2973.0,1564,1385.0,9.683333333333334,False,marchita,propagada,False,-66,
2026-09-15 09:42:12-03:00,1789476132,1570,35,2,795,773.0,29.3,30.0,3751,2972.0,1488,1324.0,9.7,False,marchita,propagada,False,-73,
2026-09-15 09:42:42-03:00,1789476162,1571,35,2,793,773.0,29.3,30.0,3756,2971.0,1511,1343.0,9.7,False,marchita,propagada,False,-62,
2026-09-15 09:43:12-03:00,1789476192,1572,35,2,800,780.0,29.3,30.0,3751,2965.0,1554,1376.0,9.716666666666669,False,marchita,propagada,False,-63,
2026-09-15 09:43:42-03:00,1789476222,1573,35,2,735,725.0,29.3,30.0,3759,2973.0,1532,1359.0,9.716666666666669,False,marchita,propagada,False,-58,
2026-09-15 09:44:12-03:00,1789476252,1574,35,2,783,765.0,29.3,30.0,3756,2973.0,1556,1379.0,9.733333333333333,False,marchita,propagada,False,-56,
2026-09-15 09:44:42-03:00,1789476282,1575,35,2,767,756.0,29.8,30.0,3735,2963.0,1584,1401.0,9.733333333333333,False,marchita,propagada,False,-69,
2026-09-15 09:45:12-03:00,1789476312,1576,35,2,807,787.0,29.8,30.0,3757,2970.0,1552,1363.0,9.75,False,marchita,propagada,False,-71,
2026-09-15 09:45:42-03:00,1789476342,1577,35,2,813,791.0,29.8,30.0,3769,2976.0,1535,1363.0,9.75,False,marchita,propagada,False,-57,
2026-09-15 09:46:12-03:00,1789476372,1578,35,2,786,767.0,30.2,28.0,3762,2974.0,1569,1388.0,9.766666666666667,False,marchita,propagada,False,-90,
2026-09-15 09:46:42-03:00,1789476402,1579,35,2,722,715.0,30.2,28.0,3758,2970.0,1591,1407.0,9.766666666666667,False,marchita,propagada,False,-74,
2026-09-15 09:47:12-03:00,1789476432,1580,35,2,759,743.0,30.2,28.0,3746,2968.0,1625,1433.0,9.783333333333331,False,marchita,propagada,False,-64,
2026-09-15 09:47:42-03:00,1789476462,1581,35,2,704,703.0,30.8,28.0,3749,2967.0,1600,1415.0,9.783333333333331,False,marchita,propagada,False,-64,
2026-09-15 09:48:12-03:00,1789476492,1582,35,2,691,691.0,31.3,28.0,3716,2950.0,1616,1427.0,9.8,False,marchita,propagada,False,-61,
2026-09-15 09:48:42-03:00,1789476522,1583,35,2,794,773.0,30.8,27.0,3733,2963.0,1602,1407.0,9.8,False,marchita,propagada,False,-65,
2026-09-15 09:49:12-03:00,1789476552,1584,35,2,818,796.0,30.8,27.0,3728,2960.0,1585,1403.0,9.816666666666666,False,marchita,propagada,False,-81,
2026-09-15 09:49:42-03:00,1789476582,1585,35,2,817,793.0,30.2,27.0,3735,2959.0,1557,1377.0,9.816666666666666,False,marchita,propagada,False,-58,
2026-09-15 09:50:12-03:00,1789476612,1586,35,2,747,739.0,30.2,27.0,3731,2959.0,1602,1416.0,9.833333333333334,False,marchita,propagada,False,-61,
2026-09-15 09:50:42-03:00,1789476642,1587,35,2,794,774.0,30.2,28.0,3725,2958.0,1618,1428.0,9.833333333333334,False,marchita,propagada,False,-60,
2026-09-15 09:51:12-03:00,1789476672,1588,35,2,763,747.0,30.8,28.0,3719,2954.0,1595,1412.0,9.85,False,marchita,propagada,False,-53,
2026-09-15 09:51:42-03:00,1789476702,1589,35,2,839,808.0,30.8,27.0,3702,2948.0,1618,1430.0,9.85,False,marchita,propagada,False,-56,
2026-09-15 09:52:12-03:00,1789476732,1590,35,2,831,804.0,30.8,27.0,3671,2929.0,1587,1406.0,9.866666666666667,False,marchita,propagada,False,-75,
2026-09-15 09:52:42-03:00,1789476762,1591,35,2,830,804.0,30.2,27.0,3675,2931.0,1591,1406.0,9.866666666666667,False,marchita,propagada,False,-64,
2026-09-15 09:53:12-03:00,1789476792,1592,35,2,820,797.0,30.2,27.0,3675,2933.0,1585,1402.0,9.883333333333333,False,marchita,propagada,False,-68,
2026-09-15 09:53:42-03:00,1789476822,1593,35,2,902,859.0,30.8,27.0,3365,2765.0,1741,1525.0,9.883333333333333,False,marchita,propagada,False,-71,
2026-09-15 09:54:12-03:00,1789476852,1594,35,2,2382,2034.0,31.3,27.0,3474,2828.0,1554,1384.0,9.9,False,marchita,propagada,False,-68,
2026-09-15 09:56:48-03:00,1789477008,1595,35,2,2384,2041.0,30.2,28.0,3559,2870.0,1623,1431.0,9.933333333333334,False,marchita,propagada,False,-76,
2026-09-15 09:57:16-03:00,1789477036,1596,35,2,2384,2038.0,30.8,28.0,3563,2874.0,1738,1528.0,9.95,False,marchita,propagada,False,-51,
2026-09-15 09:57:46-03:00,1789477066,1597,35,2,2383,2038.0,32.3,28.0,3567,2878.0,1740,1524.0,9.95,False,marchita,propagada,False,-63,
2026-09-15 09:58:16-03:00,1789477096,1598,35,2,2371,2027.0,32.8,27.0,3559,2871.0,1676,1466.0,9.966666666666669,False,marchita,propagada,False,-58,
2026-09-15 09:58:46-03:00,1789477126,1599,35,2,2390,2041.0,32.3,27.0,3564,2874.0,1648,1453.0,9.966666666666669,False,marchita,propagada,False,-60,
2026-09-15 09:59:16-03:00,1789477156,1600,35,2,2368,2025.0,31.8,26.0,3554,2870.0,1680,1478.0,9.983333333333333,False,marchita,propagada,False,-70,
2026-09-15 09:59:46-03:00,1789477186,1601,35,2,2378,2034.0,32.3,26.0,3557,2871.0,1634,1442.0,9.983333333333333,False,marchita,propagada,False,-65,
2026-09-15 10:00:16-03:00,1789477216,1602,35,2,2391,2042.0,31.8,26.0,3562,2875.0,1616,1427.0,10.0,False,marchita,propagada,False,-51,
2026-09-15 10:00:46-03:00,1789477246,1603,35,2,2384,2038.0,31.3,26.0,3567,2877.0,1599,1414.0,10.0,False,marchita,propagada,False,-67,
2026-09-15 10:01:16-03:00,1789477276,1604,35,2,2381,2036.0,31.3,27.0,3568,2877.0,1695,1490.0,10.016666666666667,False,marchita,propagada,False,-57,
2026-09-15 10:01:46-03:00,1789477306,1605,35,2,2369,2026.0,31.8,27.0,3569,2877.0,1700,1495.0,10.016666666666667,False,marchita,propagada,False,-56,
2026-09-15 10:02:16-03:00,1789477336,1606,35,2,2355,2018.0,32.3,27.0,3565,2875.0,1619,1427.0,10.033333333333331,False,marchita,propagada,False,-59,
2026-09-15 10:02:46-03:00,1789477366,1607,35,2,2384,2038.0,31.8,26.0,3563,2873.0,1607,1415.0,10.033333333333331,False,marchita,propagada,False,-61,
2026-09-15 10:03:16-03:00,1789477396,1608,35,2,2384,2038.0,30.8,26.0,3558,2872.0,1565,1386.0,10.05,False,marchita,propagada,False,-55,
2026-09-15 10:03:46-03:00,1789477426,1609,35,2,2375,2033.0,30.2,27.0,3553,2870.0,1552,1376.0,10.05,False,marchita,propagada,False,-58,
2026-09-15 10:04:16-03:00,1789477456,1610,35,2,2385,2038.0,30.2,27.0,3542,2862.0,1611,1424.0,10.066666666666666,False,marchita,propagada,False,-60,
2026-09-15 10:04:46-03:00,1789477486,1611,35,2,2386,2041.0,30.2,27.0,3539,2862.0,1587,1402.0,10.066666666666666,False,marchita,propagada,False,-68,
2026-09-15 10:05:16-03:00,1789477516,1612,35,2,2387,2038.0,30.8,27.0,3543,2864.0,1629,1436.0,10.083333333333334,False,marchita,propagada,False,-64,
2026-09-15 10:05:46-03:00,1789477546,1613,35,2,2389,2038.0,30.8,27.0,3557,2867.0,1643,1448.0,10.083333333333334,False,marchita,propagada,False,-64,
2026-09-15 10:06:16-03:00,1789477576,1614,35,2,2389,2039.0,30.8,27.0,3549,2866.0,1561,1388.0,10.1,False,marchita,propagada,False,-62,
2026-09-15 10:06:46-03:00,1789477606,1615,35,2,2379,2034.0,30.8,27.0,3557,2871.0,1600,1415.0,10.1,False,marchita,propagada,False,-61,
2026-09-15 10:07:16-03:00,1789477636,1616,35,2,2374,2029.0,30.2,27.0,3554,2873.0,1568,1388.0,10.116666666666667,False,marchita,propagada,False,-51,
2026-09-15 10:07:46-03:00,1789477666,1617,35,2,2368,2028.0,30.2,27.0,3567,2876.0,1626,1433.0,10.116666666666667,False,marchita,propagada,False,-51,
2026-09-15 10:08:16-03:00,1789477696,1618,35,2,2365,2020.0,30.8,27.0,3561,2873.0,1569,1391.0,10.133333333333333,False,marchita,propagada,False,-59,
2026-09-15 10:08:46-03:00,1789477726,1619,35,2,2341,2006.0,30.8,27.0,3553,2870.0,1603,1416.0,10.133333333333333,False,marchita,propagada,False,-60,
2026-09-15 10:09:16-03:00,1789477756,1620,35,2,2360,2021.0,30.8,27.0,3553,2869.0,1581,1400.0,10.15,False,marchita,propagada,False,-54,
2026-09-15 10:09:46-03:00,1789477786,1621,35,2,2352,2013.0,30.2,27.0,3552,2869.0,1557,1381.0,10.15,False,marchita,propagada,False,-55,
2026-09-15 10:10:16-03:00,1789477816,1622,35,2,2352,2014.0,30.2,27.0,3542,2866.0,1694,1489.0,10.166666666666666,False,marchita,propagada,False,-62,
2026-09-15 10:10:46-03:00,1789477846,1623,35,2,2383,2031.0,31.8,28.0,3546,2864.0,1698,1492.0,10.166666666666666,False,marchita,propagada,False,-56,
2026-09-15 10:11:16-03:00,1789477876,1624,35,2,2369,2026.0,31.8,27.0,3551,2860.0,1622,1432.0,10.183333333333334,False,marchita,propagada,False,-53,
2026-09-15 10:11:46-03:00,1789477906,1625,35,2,2373,2030.0,31.8,27.0,3555,2868.0,1607,1418.0,10.183333333333334,False,marchita,propagada,False,-61,
2026-09-15 10:12:16-03:00,1789477936,1626,35,2,2367,2026.0,31.8,27.0,3558,2872.0,1552,1380.0,10.2,False,marchita,propagada,False,-78,
2026-09-15 10:12:46-03:00,1789477966,1627,35,2,2387,2039.0,30.8,27.0,3541,2866.0,1581,1396.0,10.2,False,marchita,propagada,False,-53,
2026-09-15 10:13:16-03:00,1789477996,1628,35,2,2399,2051.0,31.3,27.0,3561,2872.0,1659,1462.0,10.216666666666669,False,marchita,propagada,False,-60,
2026-09-15 10:13:46-03:00,1789478026,1629,35,2,2393,2049.0,31.3,27.0,3561,2870.0,1628,1438.0,10.216666666666669,False,marchita,propagada,False,-62,
2026-09-15 10:14:16-03:00,1789478056,1630,35,2,2395,2047.0,31.3,27.0,3555,2870.0,1555,1379.0,10.233333333333333,False,marchita,propagada,False,-55,
2026-09-15 10:14:46-03:00,1789478086,1631,35,2,2368,2028.0,30.9,27.0,3555,2873.0,1631,1439.0,10.233333333333333,False,marchita,propagada,False,-54,
2026-09-15 10:15:16-03:00,1789478116,1632,35,2,2357,2017.0,30.8,27.0,3561,2873.0,1600,1412.0,10.25,False,marchita,propagada,False,-52,
2026-09-15 10:15:46-03:00,1789478146,1633,35,2,2390,2043.0,31.3,27.0,3555,2869.0,1715,1509.0,10.25,False,marchita,propagada,False,-52,
2026-09-15 10:16:16-03:00,1789478176,1634,35,2,2383,2036.0,31.3,27.0,3560,2873.0,1643,1451.0,10.266666666666667,False,marchita,propagada,False,-55,
2026-09-15 10:16:46-03:00,1789478206,1635,35,2,2390,2041.0,31.8,27.0,3550,2872.0,1664,1465.0,10.266666666666667,False,marchita,propagada,False,-59,
2026-09-15 10:17:16-03:00,1789478236,1636,35,2,2381,2038.0,31.8,27.0,3568,2877.0,1664,1466.0,10.283333333333331,False,marchita,propagada,False,-55,
2026-09-15 10:17:46-03:00,1789478266,1637,35,2,2394,2044.0,32.3,27.0,3552,2870.0,1686,1484.0,10.283333333333331,False,marchita,propagada,False,-67,
2026-09-15 10:18:16-03:00,1789478296,1638,35,2,2383,2037.0,32.3,27.0,3567,2876.0,1634,1441.0,10.3,False,marchita,propagada,False,-60,
2026-09-15 10:18:46-03:00,1789478326,1639,35,2,2396,2044.0,32.3,26.0,3549,2867.0,1715,1508.0,10.3,False,marchita,propagada,False,-66,
2026-09-15 10:19:16-03:00,1789478356,1640,35,2,2355,2014.0,32.3,26.0,3558,2876.0,1708,1501.0,10.316666666666666,False,marchita,propagada,False,-58,
2026-09-15 10:19:46-03:00,1789478386,1641,35,2,2366,2026.0,32.8,26.0,3551,2867.0,1661,1463.0,10.316666666666666,False,marchita,propagada,False,-52,
2026-09-15 10:20:16-03:00,1789478416,1642,35,2,1100,1018.0,32.8,27.0,3244,2682.0,1697,1492.0,10.333333333333334,False,marchita,propagada,False,-56,
2026-09-15 10:20:46-03:00,1789478446,1643,35,3,1705,1497.0,32.8,26.0,3301,2719.0,1682,1479.0,10.333333333333334,False,estresada,manual,True,-56,
2026-09-15 10:21:16-03:00,1789478476,1644,35,3,2304,1973.0,32.8,26.0,3344,2748.0,1683,1480.0,10.35,False,estresada,propagada,False,-71,
2026-09-15 10:21:46-03:00,1789478506,1645,35,3,2405,2049.0,32.3,26.0,3341,2740.0,1671,1473.0,10.35,False,estresada,propagada,False,-56,
2026-09-15 10:22:16-03:00,1789478536,1646,35,3,2413,2062.0,32.3,26.0,3333,2745.0,1701,1496.0,10.366666666666667,False,estresada,propagada,False,-56,
2026-09-15 10:22:46-03:00,1789478566,1647,35,3,2417,2064.0,32.3,26.0,3356,2754.0,1642,1448.0,10.366666666666667,False,estresada,propagada,False,-55,
2026-09-15 10:23:16-03:00,1789478596,1648,35,3,2397,2047.0,32.3,26.0,3359,2757.0,1726,1515.0,10.383333333333333,False,estresada,propagada,False,-55,
2026-09-15 10:23:46-03:00,1789478626,1649,35,3,2416,2064.0,33.8,25.0,3376,2767.0,1754,1535.0,10.383333333333333,False,estresada,propagada,False,-55,
2026-09-15 10:24:16-03:00,1789478656,1650,35,3,2411,2055.0,33.8,25.0,3374,2770.0,1743,1529.0,10.4,False,estresada,propagada,False,-54,
2026-09-15 10:24:46-03:00,1789478686,1651,35,3,2373,2030.0,34.2,25.0,3376,2768.0,1808,1580.0,10.4,False,estresada,propagada,False,-54,
2026-09-15 10:25:16-03:00,1789478716,1652,35,3,2391,2039.0,35.2,23.0,3394,2776.0,1776,1555.0,10.416666666666666,False,estresada,propagada,False,-56,
2026-09-15 10:25:46-03:00,1789478746,1653,35,3,2394,2047.0,34.7,23.0,3382,2772.0,1744,1529.0,10.416666666666666,False,estresada,propagada,False,-52,
2026-09-15 10:26:16-03:00,1789478776,1654,35,3,2383,2038.0,34.7,23.0,3398,2780.0,1776,1555.0,10.433333333333334,False,estresada,propagada,False,-52,
2026-09-15 10:26:46-03:00,1789478806,1655,35,3,2395,2042.0,34.7,23.0,3407,2784.0,1744,1530.0,10.433333333333334,False,estresada,propagada,False,-56,
2026-09-15 10:27:16-03:00,1789478836,1656,35,3,2416,2064.0,34.7,23.0,3373,2768.0,1699,1492.0,10.45,False,estresada,propagada,False,-64,
2026-09-15 10:27:46-03:00,1789478866,1657,35,3,2412,2060.0,33.8,23.0,3379,2779.0,1645,1448.0,10.45,False,estresada,propagada,False,-67,
2026-09-15 10:28:16-03:00,1789478896,1658,35,3,2404,2053.0,33.3,23.0,3403,2783.0,1689,1485.0,10.466666666666669,False,estresada,propagada,False,-65,
2026-09-15 10:28:46-03:00,1789478926,1659,35,3,2409,2059.0,33.8,24.0,3403,2780.0,1779,1557.0,10.466666666666669,False,estresada,propagada,False,-70,
2026-09-15 10:29:16-03:00,1789478956,1660,35,3,2393,2041.0,34.6,24.0,3395,2782.0,1799,1575.0,10.483333333333333,False,estresada,propagada,False,-53,
2026-09-15 10:29:46-03:00,1789478986,1661,35,3,2412,2063.0,35.2,22.0,3408,2787.0,1775,1555.0,10.483333333333333,False,estresada,propagada,False,-65,
2026-09-15 10:30:16-03:00,1789479016,1662,35,3,2410,2058.0,35.2,22.0,3405,2787.0,1766,1547.0,10.5,False,estresada,propagada,False,-54,
2026-09-15 10:33:27-03:00,1789479207,1663,35,3,2418,2064.0,33.8,22.0,3419,2793.0,1642,1446.0,10.55,False,estresada,propagada,False,-71,
2026-09-15 10:33:34-03:00,1789479214,1664,35,3,2422,2068.0,33.3,23.0,3427,2799.0,1747,1531.0,10.55,False,estresada,propagada,False,-73,
2026-09-15 10:34:02-03:00,1789479242,1665,35,3,2416,2062.0,33.6,23.0,3415,2796.0,1807,1579.0,10.566666666666666,False,estresada,propagada,False,-75,
2026-09-15 10:34:32-03:00,1789479272,1666,35,3,2406,2053.0,33.8,23.0,3419,2793.0,1804,1575.0,10.566666666666666,False,estresada,propagada,False,-72,
2026-09-15 10:35:02-03:00,1789479302,1667,35,3,2375,2031.0,34.2,23.0,3429,2798.0,1794,1569.0,10.583333333333334,False,estresada,propagada,False,-57,
2026-09-15 10:35:32-03:00,1789479332,1668,35,3,2396,2051.0,34.7,23.0,3428,2797.0,1766,1548.0,10.583333333333334,False,estresada,propagada,False,-73,
2026-09-15 10:36:02-03:00,1789479362,1669,35,3,2384,2038.0,34.2,23.0,3430,2802.0,1663,1464.0,10.6,False,estresada,propagada,False,-73,
2026-09-15 10:36:32-03:00,1789479392,1670,35,3,2385,2041.0,33.8,23.0,3429,2796.0,1637,1446.0,10.6,False,estresada,propagada,False,-66,
2026-09-15 10:37:02-03:00,1789479422,1671,35,3,2395,2047.0,33.8,23.0,3426,2796.0,1775,1554.0,10.616666666666667,False,estresada,propagada,False,-63,
2026-09-15 10:37:32-03:00,1789479452,1672,35,3,2380,2033.0,33.8,23.0,3426,2796.0,1791,1566.0,10.616666666666667,False,estresada,propagada,False,-68,
2026-09-15 10:38:02-03:00,1789479482,1673,35,3,2384,2038.0,34.2,23.0,3421,2793.0,1767,1550.0,10.633333333333333,False,estresada,propagada,False,-66,
2026-09-15 10:38:32-03:00,1789479512,1674,35,3,2382,2033.0,33.8,23.0,3414,2793.0,1705,1496.0,10.633333333333333,False,estresada,propagada,False,-77,
2026-09-15 10:39:02-03:00,1789479542,1675,35,3,2385,2039.0,33.8,23.0,3418,2791.0,1744,1529.0,10.65,False,estresada,propagada,False,-62,
2026-09-15 10:39:32-03:00,1789479572,1676,35,3,2393,2043.0,33.8,23.0,3420,2795.0,1731,1518.0,10.65,False,estresada,propagada,False,-67,
2026-09-15 10:40:02-03:00,1789479602,1677,35,3,2370,2036.0,33.8,23.0,3417,2793.0,1781,1559.0,10.666666666666666,False,estresada,propagada,False,-70,
2026-09-15 10:40:32-03:00,1789479632,1678,35,3,2394,2049.0,33.8,23.0,3422,2796.0,1793,1567.0,10.666666666666666,False,estresada,propagada,False,-64,
2026-09-15 10:41:02-03:00,1789479662,1679,35,3,2374,2029.0,34.2,23.0,3424,2796.0,1686,1486.0,10.683333333333334,False,estresada,propagada,False,-70,
2026-09-15 10:41:32-03:00,1789479692,1680,35,3,2385,2041.0,33.8,23.0,3420,2797.0,1697,1491.0,10.683333333333334,False,estresada,propagada,False,-74,
2026-09-15 10:42:02-03:00,1789479722,1681,35,3,2375,2031.0,33.3,23.0,3419,2790.0,1732,1522.0,10.7,False,estresada,propagada,False,-74,
2026-09-15 10:42:32-03:00,1789479752,1682,35,3,2377,2031.0,33.3,23.0,3431,2792.0,1733,1518.0,10.7,False,estresada,propagada,False,-78,
2026-09-15 10:43:02-03:00,1789479782,1683,35,3,2384,2038.0,33.8,23.0,3420,2795.0,1801,1570.0,10.716666666666669,False,estresada,propagada,False,-60,
2026-09-15 10:43:32-03:00,1789479812,1684,35,3,2383,2038.0,34.2,23.0,3428,2799.0,1741,1517.0,10.716666666666669,False,estresada,propagada,False,-61,
2026-09-15 10:44:02-03:00,1789479842,1685,35,3,2385,2038.0,34.7,23.0,3426,2798.0,1821,1591.0,10.733333333333333,False,estresada,propagada,False,-64,
2026-09-15 10:44:32-03:00,1789479872,1686,35,3,2379,2037.0,35.2,22.0,3425,2795.0,1759,1538.0,10.733333333333333,False,estresada,propagada,False,-77,
2026-09-15 10:45:02-03:00,1789479902,1687,35,3,2380,2038.0,35.2,22.0,3425,2799.0,1748,1529.0,10.75,False,estresada,propagada,False,-80,
2026-09-15 10:45:32-03:00,1789479932,1688,35,3,2384,2037.0,34.2,22.0,3421,2795.0,1661,1463.0,10.75,False,estresada,propagada,False,-71,
2026-09-15 10:46:02-03:00,1789479962,1689,35,3,2369,2041.0,33.8,22.0,3434,2802.0,1651,1454.0,10.766666666666667,False,estresada,propagada,False,-68,
2026-09-15 10:46:32-03:00,1789479992,1690,35,3,2395,2046.0,33.3,23.0,3435,2803.0,1747,1532.0,10.766666666666667,False,estresada,propagada,False,-62,
2026-09-15 10:47:02-03:00,1789480022,1691,35,3,2395,2046.0,33.8,23.0,3433,2800.0,1783,1560.0,10.783333333333331,False,estresada,propagada,False,-76,
2026-09-15 10:47:32-03:00,1789480052,1692,35,3,2369,2025.0,34.2,23.0,3430,2802.0,1792,1567.0,10.783333333333331,False,estresada,propagada,False,-66,
2026-09-15 10:48:02-03:00,1789480082,1693,35,3,2373,2029.0,34.7,23.0,3419,2791.0,1807,1578.0,10.8,False,estresada,propagada,False,-67,
2026-09-15 10:48:32-03:00,1789480112,1694,35,3,2368,2031.0,34.7,23.0,3427,2798.0,1751,1537.0,10.8,False,estresada,propagada,False,-68,
2026-09-15 10:49:02-03:00,1789480142,1695,35,3,2369,2028.0,34.7,23.0,3431,2800.0,1794,1569.0,10.816666666666666,False,estresada,propagada,False,-61,
2026-09-15 10:49:32-03:00,1789480172,1696,35,3,2386,2043.0,35.2,22.0,3430,2800.0,1836,1603.0,10.816666666666666,False,estresada,propagada,False,-72,
2026-09-15 10:50:02-03:00,1789480202,1697,35,3,2378,2036.0,35.2,21.0,3423,2797.0,1758,1538.0,10.833333333333334,False,estresada,propagada,False,-71,
2026-09-15 10:50:32-03:00,1789480232,1698,35,3,2380,2050.0,34.7,22.0,3417,2793.0,1756,1539.0,10.833333333333334,False,estresada,propagada,False,-65,
2026-09-15 10:51:02-03:00,1789480262,1699,35,3,2402,2053.0,34.2,22.0,3398,2779.0,1739,1524.0,10.85,False,estresada,propagada,False,-67,
2026-09-15 10:51:32-03:00,1789480292,1700,35,3,2397,2045.0,34.2,23.0,3406,2787.0,1743,1528.0,10.85,False,estresada,propagada,False,-63,
2026-09-15 10:52:02-03:00,1789480322,1701,35,3,2398,2050.0,33.8,23.0,3408,2789.0,1743,1525.0,10.866666666666667,False,estresada,propagada,False,-66,
2026-09-15 10:52:32-03:00,1789480352,1702,35,3,2400,2056.0,33.8,23.0,3415,2791.0,1762,1543.0,10.866666666666667,False,estresada,propagada,False,-65,
2026-09-15 10:53:02-03:00,1789480382,1703,35,3,2413,2060.0,34.7,23.0,3418,2792.0,1801,1575.0,10.883333333333333,False,estresada,propagada,False,-71,
2026-09-15 10:53:32-03:00,1789480412,1704,35,3,2394,2042.0,34.7,23.0,3419,2793.0,1776,1555.0,10.883333333333333,False,estresada,propagada,False,-61,
2026-09-15 10:54:02-03:00,1789480442,1705,35,3,2370,2030.0,34.7,23.0,3411,2788.0,1773,1550.0,10.9,False,estresada,propagada,False,-71,
2026-09-15 10:54:32-03:00,1789480472,1706,35,3,2393,2041.0,35.2,22.0,3399,2784.0,1771,1549.0,10.9,False,estresada,propagada,False,-63,
2026-09-15 10:55:02-03:00,1789480502,1707,35,3,2325,1990.0,34.7,22.0,3408,2788.0,1696,1487.0,10.916666666666666,False,estresada,propagada,False,-76,
2026-09-15 10:55:32-03:00,1789480532,1708,35,3,2382,2043.0,34.2,22.0,3412,2789.0,1747,1530.0,10.916666666666666,False,estresada,propagada,False,-64,
2026-09-15 10:56:02-03:00,1789480562,1709,35,3,2384,2035.0,34.2,23.0,3414,2790.0,1807,1579.0,10.933333333333334,False,estresada,propagada,False,-63,
2026-09-15 10:56:32-03:00,1789480592,1710,35,3,2373,2030.0,34.2,23.0,3421,2793.0,1763,1543.0,10.933333333333334,False,estresada,propagada,False,-61,
2026-09-15 10:57:02-03:00,1789480622,1711,35,3,2375,2029.0,33.8,22.0,3421,2795.0,1669,1467.0,10.95,False,estresada,propagada,False,-71,
2026-09-15 10:57:32-03:00,1789480652,1712,35,3,2395,2041.0,33.3,23.0,3418,2795.0,1727,1516.0,10.95,False,estresada,propagada,False,-64,
2026-09-15 10:58:04-03:00,1789480684,1713,35,3,2353,2013.0,33.8,23.0,3394,2778.0,1728,1516.0,10.966666666666669,False,estresada,propagada,False,-54,
2026-09-15 10:58:32-03:00,1789480712,1714,35,3,2370,2026.0,33.8,23.0,3408,2787.0,1653,1458.0,10.966666666666669,False,estresada,propagada,False,-67,
2026-09-15 10:59:02-03:00,1789480742,1715,35,3,2362,2021.0,33.8,23.0,3395,2786.0,1840,1605.0,10.983333333333333,False,estresada,propagada,False,-70,
2026-09-15 10:59:32-03:00,1789480772,1716,35,3,2418,2068.0,35.2,22.0,3401,2783.0,1825,1594.0,10.983333333333333,False,estresada,propagada,False,-69,
2026-09-15 11:00:02-03:00,1789480802,1717,35,3,2413,2060.0,35.6,22.0,3407,2787.0,1702,1494.0,11.0,False,estresada,propagada,False,-77,
2026-09-15 11:00:32-03:00,1789480832,1718,35,3,2374,2033.0,34.7,23.0,3407,2786.0,1733,1520.0,11.0,False,estresada,propagada,False,-61,
2026-09-15 11:01:02-03:00,1789480862,1719,35,3,2402,2049.0,34.7,23.0,3408,2787.0,1779,1557.0,11.016666666666667,False,estresada,propagada,False,-71,
2026-09-15 11:01:32-03:00,1789480892,1720,35,3,2398,2049.0,34.7,23.0,3408,2785.0,1690,1486.0,11.016666666666667,False,estresada,propagada,False,-67,
2026-09-15 11:02:02-03:00,1789480922,1721,35,3,2407,2058.0,33.8,23.0,3395,2780.0,1701,1497.0,11.033333333333331,False,estresada,propagada,False,-63,
2026-09-15 11:02:32-03:00,1789480952,1722,35,3,2401,2052.0,33.8,23.0,3411,2788.0,1744,1529.0,11.033333333333331,False,estresada,propagada,False,-77,
2026-09-15 11:03:02-03:00,1789480982,1723,35,3,2389,2043.0,34.2,23.0,3410,2788.0,1822,1594.0,11.05,False,estresada,propagada,False,-58,
2026-09-15 11:03:32-03:00,1789481012,1724,35,3,2413,2064.0,34.2,23.0,3409,2790.0,1703,1488.0,11.05,False,estresada,propagada,False,-57,
2026-09-15 11:04:02-03:00,1789481042,1725,35,3,2423,2072.0,33.8,23.0,3414,2790.0,1662,1464.0,11.066666666666666,False,estresada,propagada,False,-55,
2026-09-15 11:04:32-03:00,1789481072,1726,35,3,2435,2077.0,33.3,23.0,3423,2795.0,1722,1512.0,11.066666666666666,False,estresada,propagada,False,-63,
2026-09-15 11:05:02-03:00,1789481102,1727,35,3,2432,2078.0,33.3,23.0,3421,2793.0,1743,1524.0,11.083333333333334,False,estresada,propagada,False,-60,
2026-09-15 11:05:32-03:00,1789481132,1728,35,3,2432,2078.0,33.7,23.0,3419,2792.0,1810,1582.0,11.083333333333334,False,estresada,propagada,False,-80,
2026-09-15 11:06:02-03:00,1789481162,1729,35,3,2435,2078.0,34.2,23.0,3409,2789.0,1759,1541.0,11.1,False,estresada,propagada,False,-75,
2026-09-15 11:06:32-03:00,1789481192,1730,35,3,2432,2076.0,33.8,23.0,3408,2786.0,1749,1531.0,11.1,False,estresada,propagada,False,-69,
2026-09-15 11:07:02-03:00,1789481222,1731,35,3,2423,2074.0,34.2,23.0,3402,2784.0,1744,1530.0,11.116666666666667,False,estresada,propagada,False,-65,
2026-09-15 11:07:32-03:00,1789481252,1732,35,3,2443,2078.0,34.2,23.0,3408,2785.0,1703,1498.0,11.116666666666667,False,estresada,propagada,False,-55,
2026-09-15 11:08:02-03:00,1789481282,1733,35,3,2423,2068.0,34.2,23.0,3408,2786.0,1756,1539.0,11.133333333333333,False,estresada,propagada,False,-51,
2026-09-15 11:08:32-03:00,1789481312,1734,35,3,2429,2072.0,33.8,23.0,3408,2787.0,1807,1578.0,11.133333333333333,False,estresada,propagada,False,-66,
2026-09-15 11:09:02-03:00,1789481342,1735,35,3,2429,2072.0,33.8,23.0,3408,2788.0,1682,1481.0,11.15,False,estresada,propagada,False,-63,
2026-09-15 11:09:32-03:00,1789481372,1736,35,3,2407,2060.0,33.8,23.0,3408,2787.0,1665,1468.0,11.15,False,estresada,propagada,False,-69,
2026-09-15 11:10:02-03:00,1789481402,1737,35,3,2427,2074.0,33.3,23.0,3408,2786.0,1637,1446.0,11.166666666666666,False,estresada,propagada,False,-77,
2026-09-15 11:10:32-03:00,1789481432,1738,35,3,2417,2064.0,32.8,24.0,3406,2786.0,1707,1501.0,11.166666666666666,False,estresada,propagada,False,-83,
2026-09-15 11:11:02-03:00,1789481462,1739,35,3,2433,2076.0,33.8,23.0,3413,2792.0,1788,1565.0,11.183333333333334,False,estresada,propagada,False,-55,
2026-09-15 11:11:32-03:00,1789481492,1740,35,3,2427,2073.0,34.7,23.0,3409,2787.0,1810,1585.0,11.183333333333334,False,estresada,propagada,False,-55,
2026-09-15 11:12:02-03:00,1789481522,1741,35,3,2416,2068.0,35.2,22.0,3409,2787.0,1813,1582.0,11.2,False,estresada,propagada,False,-59,
2026-09-15 11:12:32-03:00,1789481552,1742,35,3,2416,2064.0,35.2,21.0,3406,2787.0,1762,1543.0,11.2,False,estresada,propagada,False,-55,
2026-09-15 11:13:02-03:00,1789481582,1743,35,3,2431,2068.0,34.7,22.0,3410,2787.0,1743,1529.0,11.216666666666669,False,estresada,propagada,False,-58,
2026-09-15 11:13:32-03:00,1789481612,1744,35,3,2396,2045.0,34.7,21.0,3408,2787.0,1719,1511.0,11.216666666666669,False,estresada,propagada,False,-59,
2026-09-15 11:14:02-03:00,1789481642,1745,35,3,2416,2064.0,34.2,22.0,3408,2787.0,1660,1462.0,11.233333333333333,False,estresada,propagada,False,-53,
2026-09-15 11:14:32-03:00,1789481672,1746,35,3,2402,2052.0,33.8,22.0,3405,2785.0,1797,1572.0,11.233333333333333,False,estresada,propagada,False,-61,
2026-09-15 11:15:02-03:00,1789481702,1747,35,3,2416,2078.0,34.2,23.0,3407,2786.0,1751,1535.0,11.25,False,estresada,propagada,False,-75,
2026-09-15 11:15:32-03:00,1789481732,1748,35,3,2423,2068.0,33.8,23.0,3398,2783.0,1749,1529.0,11.25,False,estresada,propagada,False,-58,
2026-09-15 11:16:02-03:00,1789481762,1749,35,3,2409,2060.0,33.8,23.0,3391,2776.0,1654,1461.0,11.266666666666667,False,estresada,propagada,False,-55,
2026-09-15 11:16:32-03:00,1789481792,1750,35,3,2419,2064.0,33.3,23.0,3389,2774.0,1715,1504.0,11.266666666666667,False,estresada,propagada,False,-55,
2026-09-15 11:17:02-03:00,1789481822,1751,35,3,2416,2064.0,33.3,23.0,3399,2781.0,1712,1504.0,11.283333333333331,False,estresada,propagada,False,-53,
2026-09-15 11:17:32-03:00,1789481852,1752,35,3,2421,2064.0,33.3,23.0,3401,2782.0,1786,1562.0,11.283333333333331,False,estresada,propagada,False,-58,
2026-09-15 11:18:02-03:00,1789481882,1753,35,3,2405,2053.0,34.2,23.0,3365,2778.0,1818,1586.0,11.3,False,estresada,propagada,False,-58,
2026-09-15 11:18:32-03:00,1789481912,1754,35,3,2389,2046.0,34.7,23.0,3402,2782.0,1787,1567.0,11.3,False,estresada,propagada,False,-58,
2026-09-15 11:19:02-03:00,1789481942,1755,35,3,2414,2061.0,34.2,23.0,3381,2769.0,1705,1499.0,11.316666666666666,False,estresada,propagada,False,-58,
2026-09-15 11:19:32-03:00,1789481972,1756,35,3,2415,2062.0,33.8,22.0,3381,2770.0,1693,1487.0,11.316666666666666,False,estresada,propagada,False,-57,
2026-09-15 11:20:02-03:00,1789482002,1757,35,3,2419,2066.0,33.3,22.0,3395,2779.0,1663,1466.0,11.333333333333334,False,estresada,propagada,False,-62,
2026-09-15 11:20:32-03:00,1789482032,1758,35,3,2414,2062.0,33.3,23.0,3393,2777.0,1679,1477.0,11.333333333333334,False,estresada,propagada,False,-55,
2026-09-15 11:21:02-03:00,1789482062,1759,35,3,2434,2076.0,33.3,23.0,3379,2772.0,1680,1477.0,11.35,False,estresada,propagada,False,-70,
2026-09-15 11:21:32-03:00,1789482092,1760,35,3,2434,2078.0,33.3,23.0,3376,2773.0,1751,1537.0,11.35,False,estresada,propagada,False,-57,
2026-09-15 11:22:02-03:00,1789482122,1761,35,3,2432,2076.0,33.8,23.0,3400,2779.0,1775,1554.0,11.366666666666667,False,estresada,propagada,False,-52,
2026-09-15 11:22:32-03:00,1789482152,1762,35,3,2431,2077.0,33.8,23.0,3394,2779.0,1680,1478.0,11.366666666666667,False,estresada,propagada,False,-57,
2026-09-15 11:23:02-03:00,1789482182,1763,35,3,2432,2077.0,33.3,23.0,3398,2778.0,1667,1471.0,11.383333333333333,False,estresada,propagada,False,-56,
2026-09-15 11:23:32-03:00,1789482212,1764,35,3,2422,2068.0,33.3,23.0,3392,2778.0,1755,1538.0,11.383333333333333,False,estresada,propagada,False,-52,
2026-09-15 11:24:02-03:00,1789482242,1765,35,3,2403,2056.0,33.8,23.0,3391,2777.0,1790,1567.0,11.4,False,estresada,propagada,False,-57,
2026-09-15 11:24:32-03:00,1789482272,1766,35,3,2416,2064.0,33.8,23.0,3392,2777.0,1708,1500.0,11.4,False,estresada,propagada,False,-52,
2026-09-15 11:25:02-03:00,1789482302,1767,35,3,2430,2074.0,33.3,23.0,3381,2774.0,1715,1508.0,11.416666666666666,False,estresada,propagada,False,-54,
2026-09-15 11:25:34-03:00,1789482334,1768,35,3,2416,2064.0,33.3,23.0,3381,2771.0,1722,1512.0,11.416666666666666,False,estresada,propagada,False,-56,
2026-09-15 11:26:02-03:00,1789482362,1769,35,3,2421,2069.0,33.8,23.0,3393,2779.0,1757,1537.0,11.433333333333334,False,estresada,propagada,False,-58,
2026-09-15 11:26:32-03:00,1789482392,1770,35,3,2427,2074.0,33.8,23.0,3393,2780.0,1792,1567.0,11.433333333333334,False,estresada,propagada,False,-61,
2026-09-15 11:27:02-03:00,1789482422,1771,35,3,2425,2072.0,34.2,23.0,3392,2777.0,1819,1588.0,11.45,False,estresada,propagada,False,-68,
2026-09-15 11:27:34-03:00,1789482454,1772,35,3,2437,2080.0,34.7,22.0,3389,2773.0,1800,1571.0,11.45,False,estresada,propagada,False,-59,
2026-09-15 11:28:02-03:00,1789482482,1773,35,3,2432,2076.0,34.7,22.0,3387,2771.0,1766,1549.0,11.466666666666669,False,estresada,propagada,False,-63,
2026-09-15 11:28:32-03:00,1789482512,1774,35,3,2436,2081.0,34.2,22.0,3387,2772.0,1755,1538.0,11.466666666666669,False,estresada,propagada,False,-57,
2026-09-15 11:29:02-03:00,1789482542,1775,35,3,2437,2079.0,33.8,21.0,3378,2771.0,1739,1526.0,11.483333333333333,False,estresada,propagada,False,-61,
2026-09-15 11:29:32-03:00,1789482572,1776,35,3,2429,2076.0,34.2,22.0,3382,2774.0,1721,1512.0,11.483333333333333,False,estresada,propagada,False,-61,
2026-09-15 11:30:02-03:00,1789482602,1777,35,3,2431,2076.0,33.8,22.0,3387,2773.0,1754,1538.0,11.5,False,estresada,propagada,False,-57,
2026-09-15 11:30:32-03:00,1789482632,1778,35,3,2433,2079.0,34.2,22.0,3389,2774.0,1744,1529.0,11.5,False,estresada,propagada,False,-55,
2026-09-15 11:31:02-03:00,1789482662,1779,35,3,2441,2080.0,34.2,22.0,3379,2771.0,1744,1529.0,11.516666666666667,False,estresada,propagada,False,-60,
2026-09-15 11:31:32-03:00,1789482692,1780,35,3,2435,2078.0,33.8,22.0,3383,2771.0,1712,1505.0,11.516666666666667,False,estresada,propagada,False,-56,
2026-09-15 11:32:02-03:00,1789482722,1781,35,3,2432,2076.0,33.3,22.0,3373,2766.0,1700,1492.0,11.533333333333331,False,estresada,propagada,False,-54,
2026-09-15 11:32:32-03:00,1789482752,1782,35,3,2432,2077.0,33.3,22.0,3382,2770.0,1697,1490.0,11.533333333333331,False,estresada,propagada,False,-62,
2026-09-15 11:33:02-03:00,1789482782,1783,35,3,2443,2086.0,33.3,23.0,3383,2769.0,1767,1550.0,11.55,False,estresada,propagada,False,-65,
2026-09-15 11:33:32-03:00,1789482812,1784,35,3,2426,2069.0,33.3,23.0,3385,2768.0,1691,1487.0,11.55,False,estresada,propagada,False,-73,
2026-09-15 11:34:02-03:00,1789482842,1785,35,3,2442,2084.0,33.3,22.0,3370,2764.0,1722,1509.0,11.566666666666666,False,estresada,propagada,False,-66,
2026-09-15 11:34:32-03:00,1789482872,1786,35,3,2438,2080.0,33.8,22.0,3375,2766.0,1751,1535.0,11.566666666666666,False,estresada,propagada,False,-63,
2026-09-15 11:35:02-03:00,1789482902,1787,35,3,2432,2076.0,33.8,22.0,3373,2765.0,1718,1508.0,11.583333333333334,False,estresada,propagada,False,-59,
2026-09-15 11:35:32-03:00,1789482932,1788,35,3,2416,2064.0,33.3,22.0,3355,2755.0,1761,1543.0,11.583333333333334,False,estresada,propagada,False,-55,
2026-09-15 11:36:02-03:00,1789482962,1789,35,3,2437,2079.0,33.8,22.0,3371,2766.0,1834,1600.0,11.6,False,estresada,propagada,False,-53,
2026-09-15 11:36:32-03:00,1789482992,1790,35,3,2430,2076.0,34.2,22.0,3374,2766.0,1814,1580.0,11.6,False,estresada,propagada,False,-56,
2026-09-15 11:37:02-03:00,1789483022,1791,35,3,2438,2078.0,34.2,21.0,3374,2767.0,1739,1519.0,11.616666666666667,False,estresada,propagada,False,-56,
2026-09-15 11:37:32-03:00,1789483052,1792,35,3,2434,2077.0,34.2,21.0,3374,2766.0,1760,1543.0,11.616666666666667,False,estresada,propagada,False,-49,
2026-09-15 11:38:02-03:00,1789483082,1793,35,3,2428,2077.0,34.2,21.0,3359,2759.0,1726,1516.0,11.633333333333333,False,estresada,propagada,False,-70,
2026-09-15 11:38:32-03:00,1789483112,1794,35,3,2430,2076.0,33.8,21.0,3367,2762.0,1731,1521.0,11.633333333333333,False,estresada,propagada,False,-59,
2026-09-15 11:39:02-03:00,1789483142,1795,35,3,2426,2076.0,33.8,21.0,3363,2760.0,1776,1556.0,11.65,False,estresada,propagada,False,-74,
2026-09-15 11:39:32-03:00,1789483172,1796,35,3,2432,2076.0,33.8,21.0,3359,2761.0,1784,1560.0,11.65,False,estresada,propagada,False,-55,
2026-09-15 11:40:02-03:00,1789483202,1797,35,3,2435,2079.0,34.6,21.0,3363,2757.0,1739,1524.0,11.666666666666666,False,estresada,propagada,False,-63,
2026-09-15 11:40:32-03:00,1789483232,1798,35,3,2447,2088.0,34.2,21.0,3365,2759.0,1742,1528.0,11.666666666666666,False,estresada,propagada,False,-74,
2026-09-15 11:41:02-03:00,1789483262,1799,35,3,2437,2078.0,33.8,21.0,3371,2764.0,1664,1467.0,11.683333333333334,False,estresada,propagada,False,-64,
2026-09-15 11:41:32-03:00,1789483292,1800,35,3,2441,2085.0,33.8,21.0,3359,2757.0,1740,1526.0,11.683333333333334,False,estresada,propagada,False,-56,
2026-09-15 11:42:02-03:00,1789483322,1801,35,3,2439,2084.0,33.8,21.0,3372,2767.0,1782,1559.0,11.7,False,estresada,propagada,False,-58,
2026-09-15 11:42:32-03:00,1789483352,1802,35,3,2435,2077.0,33.8,21.0,3374,2765.0,1811,1582.0,11.7,False,estresada,propagada,False,-58,
2026-09-15 11:43:02-03:00,1789483382,1803,35,3,2443,2084.0,34.2,21.0,3361,2758.0,1731,1528.0,11.716666666666669,False,estresada,propagada,False,-65,
2026-09-15 11:43:34-03:00,1789483414,1804,35,3,2432,2076.0,33.8,21.0,3358,2759.0,1744,1529.0,11.716666666666669,False,estresada,propagada,False,-75,
2026-09-15 11:44:02-03:00,1789483442,1805,35,3,2431,2074.0,33.8,21.0,3359,2757.0,1743,1528.0,11.733333333333333,False,estresada,propagada,False,-60,
2026-09-15 11:44:32-03:00,1789483472,1806,35,3,2442,2081.0,34.1,21.0,3357,2765.0,1761,1541.0,11.733333333333333,False,estresada,propagada,False,-61,
2026-09-15 11:45:02-03:00,1789483502,1807,35,3,2417,2061.0,34.2,21.0,3363,2757.0,1798,1575.0,11.75,False,estresada,propagada,False,-59,
2026-09-15 11:45:32-03:00,1789483532,1808,35,3,2242,1928.0,34.2,21.0,3366,2759.0,1722,1509.0,11.75,False,estresada,propagada,False,-56,
2026-09-15 11:46:02-03:00,1789483562,1809,35,3,2259,1940.0,34.2,21.0,3370,2757.0,1690,1486.0,11.766666666666667,False,estresada,propagada,False,-70,
2026-09-15 11:46:32-03:00,1789483592,1810,35,3,2258,1939.0,33.8,21.0,3349,2760.0,1679,1478.0,11.766666666666667,False,estresada,propagada,False,-64,
2026-09-15 11:47:02-03:00,1789483622,1811,35,3,2256,1937.0,33.8,21.0,3355,2759.0,1674,1473.0,11.783333333333331,False,estresada,propagada,False,-64,
2026-09-15 11:47:32-03:00,1789483652,1812,35,3,2258,1937.0,33.8,22.0,3371,2764.0,1673,1474.0,11.783333333333331,False,estresada,propagada,False,-71,
2026-09-15 11:48:02-03:00,1789483682,1813,35,3,2258,1939.0,33.3,22.0,3369,2759.0,1680,1478.0,11.8,False,estresada,propagada,False,-53,
2026-09-15 11:48:32-03:00,1789483712,1814,35,3,2250,1932.0,33.8,23.0,3375,2767.0,1735,1524.0,11.8,False,estresada,propagada,False,-54,
2026-09-15 11:49:02-03:00,1789483742,1815,35,3,2247,1929.0,34.2,23.0,3363,2760.0,1752,1536.0,11.816666666666666,False,estresada,propagada,False,-54,
2026-09-15 11:49:32-03:00,1789483772,1816,35,3,2242,1928.0,34.2,22.0,3372,2767.0,1708,1501.0,11.816666666666666,False,estresada,propagada,False,-51,
2026-09-15 11:50:02-03:00,1789483802,1817,35,3,2256,1939.0,34.2,22.0,3373,2767.0,1739,1525.0,11.833333333333334,False,estresada,propagada,False,-48,
2026-09-15 11:50:32-03:00,1789483832,1818,35,3,2260,1946.0,34.2,22.0,3374,2764.0,1686,1487.0,11.833333333333334,False,estresada,propagada,False,-48,
2026-09-15 11:51:02-03:00,1789483862,1819,35,3,2254,1939.0,34.2,22.0,3363,2760.0,1712,1506.0,11.85,False,estresada,propagada,False,-59,
2026-09-15 11:51:32-03:00,1789483892,1820,35,3,2257,1936.0,34.2,22.0,3359,2757.0,1728,1516.0,11.85,False,estresada,propagada,False,-68,
2026-09-15 11:52:02-03:00,1789483922,1821,35,3,2253,1936.0,34.2,22.0,3354,2755.0,1727,1516.0,11.866666666666667,False,estresada,propagada,False,-63,
2026-09-15 11:52:32-03:00,1789483952,1822,35,3,2261,1939.0,34.7,22.0,3361,2760.0,1713,1504.0,11.866666666666667,False,estresada,propagada,False,-56,
2026-09-15 11:53:02-03:00,1789483982,1823,35,3,2254,1936.0,34.2,22.0,3369,2762.0,1717,1507.0,11.883333333333333,False,estresada,propagada,False,-53,
2026-09-15 11:53:32-03:00,1789484012,1824,35,3,2262,1940.0,34.2,22.0,3367,2761.0,1707,1496.0,11.883333333333333,False,estresada,propagada,False,-60,
2026-09-15 11:54:02-03:00,1789484042,1825,35,3,2263,1942.0,34.2,22.0,3360,2759.0,1714,1504.0,11.9,False,estresada,propagada,False,-68,
2026-09-15 11:54:32-03:00,1789484072,1826,35,3,2259,1938.0,34.2,22.0,3364,2760.0,1732,1517.0,11.9,False,estresada,propagada,False,-70,
2026-09-15 11:55:02-03:00,1789484102,1827,35,3,2263,1936.0,34.2,23.0,3358,2755.0,1751,1532.0,11.916666666666666,False,estresada,propagada,False,-63,
2026-09-15 11:55:32-03:00,1789484132,1828,35,3,2262,1942.0,34.7,23.0,3367,2760.0,1749,1528.0,11.916666666666666,False,estresada,propagada,False,-63,
2026-09-15 11:56:04-03:00,1789484164,1829,35,3,2257,1936.0,34.7,22.0,3361,2759.0,1712,1504.0,11.933333333333334,False,estresada,propagada,False,-58,
2026-09-15 11:56:32-03:00,1789484192,1830,35,3,2256,1936.0,34.2,22.0,3373,2760.0,1711,1501.0,11.933333333333334,False,estresada,propagada,False,-57,
2026-09-15 11:57:02-03:00,1789484222,1831,35,3,2261,1941.0,34.2,22.0,3361,2759.0,1697,1496.0,11.95,False,estresada,propagada,False,-53,
2026-09-15 11:57:32-03:00,1789484252,1832,35,3,2257,1940.0,34.7,23.0,3362,2759.0,1745,1529.0,11.95,False,estresada,propagada,False,-53,
2026-09-15 11:58:02-03:00,1789484282,1833,35,3,2263,1942.0,34.7,23.0,3362,2759.0,1744,1529.0,11.966666666666669,False,estresada,propagada,False,-74,
2026-09-15 11:58:32-03:00,1789484312,1834,35,3,2257,1937.0,34.7,23.0,3359,2756.0,1746,1533.0,11.966666666666669,False,estresada,propagada,False,-77,
2026-09-15 11:59:02-03:00,1789484342,1835,35,3,2267,1947.0,34.7,22.0,3351,2756.0,1711,1500.0,11.983333333333333,False,estresada,propagada,False,-61,
2026-09-15 11:59:32-03:00,1789484372,1836,35,3,2256,1936.0,34.7,22.0,3361,2756.0,1712,1504.0,11.983333333333333,False,estresada,propagada,False,-56,
2026-09-15 12:00:02-03:00,1789484402,1837,35,3,2265,1945.0,34.2,22.0,3355,2754.0,1694,1489.0,12.0,False,estresada,propagada,False,-53,
2026-09-15 12:00:32-03:00,1789484432,1838,35,3,2263,1940.0,34.2,23.0,3344,2749.0,1723,1512.0,12.0,False,estresada,propagada,False,-51,
2026-09-15 12:01:02-03:00,1789484462,1839,35,3,2271,1948.0,34.7,23.0,3359,2755.0,1750,1535.0,12.016666666666667,False,estresada,propagada,False,-52,
2026-09-15 12:01:32-03:00,1789484492,1840,35,3,2264,1941.0,34.7,23.0,3354,2754.0,1730,1517.0,12.016666666666667,False,estresada,propagada,False,-54,
2026-09-15 12:02:02-03:00,1789484522,1841,35,3,2266,1940.0,34.7,23.0,3357,2757.0,1719,1511.0,12.033333333333331,False,estresada,propagada,False,-51,
2026-09-15 12:02:32-03:00,1789484552,1842,35,3,2262,1940.0,34.7,23.0,3358,2756.0,1712,1504.0,12.033333333333331,False,estresada,propagada,False,-55,
2026-09-15 12:03:02-03:00,1789484582,1843,35,3,2266,1945.0,34.7,23.0,3358,2756.0,1702,1496.0,12.05,False,estresada,propagada,False,-53,
2026-09-15 12:03:32-03:00,1789484612,1844,35,3,2256,1936.0,34.2,23.0,3358,2756.0,1727,1515.0,12.05,False,estresada,propagada,False,-66,
2026-09-15 12:04:02-03:00,1789484642,1845,35,3,2274,1950.0,34.7,23.0,3351,2754.0,1757,1537.0,12.066666666666666,False,estresada,propagada,False,-64,
2026-09-15 12:04:32-03:00,1789484672,1846,35,3,2271,1947.0,34.7,23.0,3353,2754.0,1730,1516.0,12.066666666666666,False,estresada,propagada,False,-79,
2026-09-15 12:05:02-03:00,1789484702,1847,35,3,2270,1948.0,34.7,23.0,3353,2753.0,1723,1515.0,12.083333333333334,False,estresada,propagada,False,-71,
2026-09-15 12:05:32-03:00,1789484732,1848,35,3,2271,1946.0,34.7,23.0,3350,2751.0,1707,1500.0,12.083333333333334,False,estresada,propagada,False,-62,
2026-09-15 12:06:02-03:00,1789484762,1849,35,3,2261,1940.0,34.2,23.0,3345,2748.0,1721,1511.0,12.1,False,estresada,propagada,False,-69,
2026-09-15 12:06:32-03:00,1789484792,1850,35,3,2270,1948.0,34.2,23.0,3351,2751.0,1729,1516.0,12.1,False,estresada,propagada,False,-59,
2026-09-15 12:07:02-03:00,1789484822,1851,35,3,2251,1936.0,34.2,23.0,3344,2749.0,1741,1521.0,12.116666666666667,False,estresada,propagada,False,-63,
2026-09-15 12:07:32-03:00,1789484852,1852,35,3,2256,1939.0,34.7,23.0,3347,2749.0,1753,1532.0,12.116666666666667,False,estresada,propagada,False,-61,
2026-09-15 12:08:02-03:00,1789484882,1853,35,3,2258,1937.0,34.7,23.0,3341,2746.0,1751,1535.0,12.133333333333333,False,estresada,propagada,False,-58,
2026-09-15 12:08:32-03:00,1789484912,1854,35,3,2256,1938.0,34.7,23.0,3329,2739.0,1734,1524.0,12.133333333333333,False,estresada,propagada,False,-56,
2026-09-15 12:09:02-03:00,1789484942,1855,35,3,2258,1938.0,34.7,23.0,3344,2746.0,1729,1518.0,12.15,False,estresada,propagada,False,-56,
2026-09-15 12:09:32-03:00,1789484972,1856,35,3,2252,1932.0,34.7,23.0,3343,2746.0,1715,1504.0,12.15,False,estresada,propagada,False,-71,
2026-09-15 12:10:02-03:00,1789485002,1857,35,3,2247,1928.0,34.7,23.0,3331,2740.0,1749,1532.0,12.166666666666666,False,estresada,propagada,False,-63,
2026-09-15 12:10:32-03:00,1789485032,1858,35,3,2324,1990.0,35.2,22.0,3343,2745.0,1761,1543.0,12.166666666666666,False,estresada,propagada,False,-85,
2026-09-15 12:11:04-03:00,1789485064,1859,35,3,2292,1977.0,35.2,22.0,3336,2742.0,1727,1516.0,12.183333333333334,False,estresada,propagada,False,-80,
2026-09-15 12:11:32-03:00,1789485092,1860,35,3,2306,1975.0,34.7,23.0,3334,2742.0,1719,1509.0,12.183333333333334,False,estresada,propagada,False,-83,
2026-09-15 12:12:02-03:00,1789485122,1861,35,3,2298,1971.0,34.7,23.0,3335,2743.0,1744,1529.0,12.2,False,estresada,propagada,False,-83,
2026-09-15 12:12:34-03:00,1789485154,1862,35,3,2304,1975.0,34.7,23.0,3328,2740.0,1734,1521.0,12.2,False,estresada,propagada,False,-68,
2026-09-15 12:13:04-03:00,1789485184,1863,35,3,2299,1970.0,34.7,23.0,3331,2740.0,1743,1528.0,12.216666666666669,False,estresada,propagada,False,-75,
2026-09-15 12:13:32-03:00,1789485212,1864,35,3,2304,1975.0,34.7,23.0,3329,2739.0,1773,1554.0,12.216666666666669,False,estresada,propagada,False,-66,
2026-09-15 12:14:02-03:00,1789485242,1865,35,3,2299,1971.0,34.7,23.0,3325,2738.0,1776,1555.0,12.233333333333333,False,estresada,propagada,False,-70,
2026-09-15 12:14:34-03:00,1789485274,1866,35,3,2302,1971.0,34.7,22.0,3305,2721.0,1744,1529.0,12.233333333333333,False,estresada,propagada,False,-80,
2026-09-15 12:15:32-03:00,1789485332,1867,35,3,2301,1975.0,34.2,22.0,3287,2714.0,1734,1521.0,12.25,False,estresada,propagada,False,-79,
2026-09-15 12:16:04-03:00,1789485364,1868,35,3,2311,1975.0,34.2,22.0,3291,2714.0,1712,1504.0,12.266666666666667,False,estresada,propagada,False,-71,
2026-09-15 12:16:32-03:00,1789485392,1869,35,3,2288,1975.0,34.2,23.0,3293,2714.0,1757,1541.0,12.266666666666667,False,estresada,propagada,False,-69,
2026-09-15 12:17:02-03:00,1789485422,1870,35,3,2301,1972.0,34.7,23.0,3293,2716.0,1742,1528.0,12.283333333333331,False,estresada,propagada,False,-69,
2026-09-15 12:17:34-03:00,1789485454,1871,35,3,2304,1973.0,34.7,22.0,3285,2714.0,1739,1521.0,12.283333333333331,False,estresada,propagada,False,-70,
2026-09-15 12:18:02-03:00,1789485482,1872,35,3,2306,1975.0,34.2,22.0,3289,2712.0,1718,1508.0,12.3,False,estresada,propagada,False,-68,
2026-09-15 12:18:32-03:00,1789485512,1873,35,3,2299,1967.0,34.2,22.0,3285,2712.0,1666,1466.0,12.3,False,estresada,propagada,False,-69,
2026-09-15 12:19:05-03:00,1789485545,1874,35,3,2303,1971.0,34.2,22.0,3302,2720.0,1728,1516.0,12.316666666666666,False,estresada,propagada,False,-70,
2026-09-15 12:19:32-03:00,1789485572,1875,35,3,2315,1965.0,34.2,23.0,3295,2718.0,1738,1523.0,12.316666666666666,False,estresada,propagada,False,-68,
2026-09-15 12:20:02-03:00,1789485602,1876,35,3,2301,1974.0,34.2,22.0,3298,2718.0,1754,1537.0,12.333333333333334,False,estresada,propagada,False,-76,
2026-09-15 12:20:32-03:00,1789485632,1877,35,3,2288,1967.0,34.7,22.0,3290,2711.0,1731,1518.0,12.333333333333334,False,estresada,propagada,False,-69,
2026-09-15 12:21:02-03:00,1789485662,1878,35,3,2309,1977.0,34.2,22.0,3295,2718.0,1757,1540.0,12.35,False,estresada,propagada,False,-68,
2026-09-15 12:21:32-03:00,1789485692,1879,35,3,2304,1974.0,34.2,22.0,3297,2720.0,1733,1516.0,12.35,False,estresada,propagada,False,-68,
2026-09-15 12:22:02-03:00,1789485722,1880,35,3,2309,1975.0,34.2,22.0,3299,2721.0,1700,1492.0,12.366666666666667,False,estresada,propagada,False,-69,
2026-09-15 12:22:32-03:00,1789485752,1881,35,3,2301,1973.0,34.2,22.0,3289,2714.0,1744,1524.0,12.366666666666667,False,estresada,propagada,False,-69,
2026-09-15 12:23:02-03:00,1789485782,1882,35,3,2256,1936.0,34.7,22.0,3289,2716.0,1748,1531.0,12.383333333333333,False,estresada,propagada,False,-76,
2026-09-15 12:23:32-03:00,1789485812,1883,35,3,2245,1928.0,34.7,22.0,3287,2714.0,1737,1522.0,12.383333333333333,False,estresada,propagada,False,-52,
2026-09-15 12:24:02-03:00,1789485842,1884,35,3,2250,1935.0,34.7,22.0,3303,2718.0,1759,1538.0,12.4,False,estresada,propagada,False,-49,
2026-09-15 12:24:32-03:00,1789485872,1885,35,3,2252,1932.0,34.7,22.0,3285,2714.0,1771,1551.0,12.4,False,estresada,propagada,False,-49,
2026-09-15 12:25:02-03:00,1789485902,1886,35,3,2251,1934.0,35.2,21.0,3285,2712.0,1772,1555.0,12.416666666666666,False,estresada,propagada,False,-50,
2026-09-15 12:25:32-03:00,1789485932,1887,35,3,2256,1936.0,35.2,21.0,3293,2716.0,1808,1578.0,12.416666666666666,False,estresada,propagada,False,-51,
2026-09-15 12:26:02-03:00,1789485962,1888,35,3,2241,1928.0,35.2,20.0,3301,2719.0,1743,1528.0,12.433333333333334,False,estresada,propagada,False,-62,
2026-09-15 12:26:32-03:00,1789485992,1889,35,3,2262,1939.0,35.2,20.0,3296,2718.0,1745,1532.0,12.433333333333334,False,estresada,propagada,False,-63,
2026-09-15 12:27:02-03:00,1789486022,1890,35,3,2262,1939.0,35.2,20.0,3297,2721.0,1749,1532.0,12.45,False,estresada,propagada,False,-52,
2026-09-15 12:27:32-03:00,1789486052,1891,35,3,2267,1948.0,35.2,21.0,3297,2719.0,1685,1484.0,12.45,False,estresada,propagada,False,-57,
2026-09-15 12:28:02-03:00,1789486082,1892,35,3,2271,1948.0,34.7,22.0,3291,2714.0,1719,1509.0,12.466666666666669,False,estresada,propagada,False,-51,
2026-09-15 12:28:32-03:00,1789486112,1893,35,3,2258,1938.0,34.7,22.0,3291,2712.0,1715,1504.0,12.466666666666669,False,estresada,propagada,False,-69,
2026-09-15 12:29:05-03:00,1789486145,1894,35,3,2255,1936.0,35.2,22.0,3289,2712.0,1754,1536.0,12.483333333333333,False,estresada,propagada,False,-52,
2026-09-15 12:29:32-03:00,1789486172,1895,35,3,2273,1948.0,35.2,22.0,3298,2719.0,1726,1515.0,12.483333333333333,False,estresada,propagada,False,-52,
2026-09-15 12:30:02-03:00,1789486202,1896,35,3,2277,1951.0,35.2,21.0,3295,2718.0,1734,1519.0,12.5,False,estresada,propagada,False,-55,
2026-09-15 12:30:32-03:00,1789486232,1897,35,3,2275,1950.0,34.7,22.0,3296,2717.0,1734,1522.0,12.5,False,estresada,propagada,False,-57,
2026-09-15 12:31:02-03:00,1789486262,1898,35,3,2256,1945.0,34.7,23.0,3294,2717.0,1716,1507.0,12.516666666666667,False,estresada,propagada,False,-56,
2026-09-15 12:31:32-03:00,1789486292,1899,35,3,2262,1945.0,34.7,23.0,3280,2710.0,1742,1527.0,12.516666666666667,False,estresada,propagada,False,-53,
2026-09-15 12:32:02-03:00,1789486322,1900,35,3,2268,1942.0,35.2,22.0,3280,2716.0,1806,1577.0,12.533333333333331,False,estresada,propagada,False,-56,
2026-09-15 12:32:32-03:00,1789486352,1901,35,3,2263,1945.0,35.2,22.0,3283,2716.0,1750,1535.0,12.533333333333331,False,estresada,propagada,False,-57,
2026-09-15 12:33:02-03:00,1789486382,1902,35,3,2263,1947.0,35.2,22.0,3294,2716.0,1744,1528.0,12.55,False,estresada,propagada,False,-58,
2026-09-15 12:33:32-03:00,1789486412,1903,35,3,2275,1952.0,35.2,22.0,3297,2717.0,1757,1537.0,12.55,False,estresada,propagada,False,-67,
2026-09-15 12:34:02-03:00,1789486442,1904,35,3,2277,1951.0,35.2,22.0,3293,2716.0,1775,1555.0,12.566666666666666,False,estresada,propagada,False,-93,
2026-09-16 12:36:59-03:00,1789573019,1905,36,4,3910,3042.0,16.1,39.0,4095,3124.0,912,867.0,12.6,False,estresada,propagada,False,-75,suelo_saturado
2026-09-16 12:37:29-03:00,1789573049,1906,36,4,4095,3124.0,17.4,40.0,4095,3124.0,939,888.0,12.616666666666667,False,estresada,propagada,False,-72,luz_saturada|suelo_saturado
2026-09-16 12:37:59-03:00,1789573079,1907,36,4,4095,3124.0,19.8,40.0,4095,3124.0,1117,1030.0,12.616666666666667,False,estresada,propagada,False,-73,luz_saturada|suelo_saturado
2026-09-16 12:38:29-03:00,1789573109,1908,36,4,4095,3124.0,21.1,38.0,4095,3124.0,1317,1188.0,12.633333333333333,False,estresada,propagada,False,-74,luz_saturada|suelo_saturado
2026-09-16 12:38:59-03:00,1789573139,1909,36,4,4095,3124.0,22.6,36.0,4095,3124.0,1245,1134.0,12.633333333333333,False,estresada,propagada,False,-71,luz_saturada|suelo_saturado
2026-09-16 12:39:29-03:00,1789573169,1910,36,4,4095,3124.0,23.4,34.0,4095,3124.0,1360,1222.0,12.65,False,estresada,propagada,False,-71,luz_saturada|suelo_saturado
2026-09-16 12:39:59-03:00,1789573199,1911,36,4,4095,3124.0,23.8,33.0,4095,3124.0,1183,1085.0,12.65,False,estresada,propagada,False,-72,luz_saturada|suelo_saturado
2026-09-16 12:40:29-03:00,1789573229,1912,36,4,4095,3124.0,24.5,32.0,4095,3124.0,1296,1173.0,12.666666666666666,False,estresada,propagada,False,-74,luz_saturada|suelo_saturado
2026-09-16 12:40:59-03:00,1789573259,1913,36,4,4095,3124.0,25.3,32.0,4095,3124.0,1209,1104.0,12.666666666666666,False,estresada,propagada,False,-73,luz_saturada|suelo_saturado
2026-09-16 12:41:29-03:00,1789573289,1914,36,4,4095,3124.0,25.7,31.0,4095,3124.0,1226,1113.0,12.683333333333334,False,estresada,propagada,False,-72,luz_saturada|suelo_saturado
2026-09-16 12:41:59-03:00,1789573319,1915,36,4,4095,3124.0,26.2,30.0,4095,3124.0,1279,1159.0,12.683333333333334,False,estresada,propagada,False,-72,luz_saturada|suelo_saturado
2026-09-16 12:42:29-03:00,1789573349,1916,36,4,4095,3124.0,26.6,29.0,4095,3124.0,1081,1002.0,12.7,False,estresada,propagada,False,-72,luz_saturada|suelo_saturado
2026-09-16 12:42:59-03:00,1789573379,1917,36,4,4095,3124.0,25.8,28.0,4095,3124.0,1006,941.0,12.7,False,estresada,propagada,False,-72,luz_saturada|suelo_saturado
2026-09-16 12:43:29-03:00,1789573409,1918,36,4,4095,3124.0,24.5,28.0,4095,3124.0,965,910.0,12.716666666666669,False,estresada,propagada,False,-72,luz_saturada|suelo_saturado
2026-09-16 12:43:59-03:00,1789573439,1919,36,4,4095,3124.0,24.1,28.0,4095,3124.0,1171,1074.0,12.716666666666669,False,estresada,propagada,False,-72,luz_saturada|suelo_saturado
2026-09-16 12:44:29-03:00,1789573469,1920,36,4,4095,3124.0,24.5,28.0,4095,3124.0,1192,1092.0,12.733333333333333,False,estresada,propagada,False,-73,luz_saturada|suelo_saturado
2026-09-16 12:44:59-03:00,1789573499,1921,36,4,4095,3124.0,24.8,28.0,4095,3124.0,1077,999.0,12.733333333333333,False,estresada,propagada,False,-72,luz_saturada|suelo_saturado
2026-09-16 12:45:29-03:00,1789573529,1922,36,4,4095,3124.0,24.8,28.0,4095,3124.0,1125,1035.0,12.75,False,estresada,propagada,False,-73,luz_saturada|suelo_saturado
2026-09-16 12:45:59-03:00,1789573559,1923,36,4,4095,3124.0,24.8,28.0,4095,3124.0,1177,1079.0,12.75,False,estresada,propagada,False,-73,luz_saturada|suelo_saturado
2026-09-16 12:46:29-03:00,1789573589,1924,36,4,4095,3124.0,24.5,27.0,4095,3124.0,1072,995.0,12.766666666666667,False,estresada,propagada,False,-73,luz_saturada|suelo_saturado
2026-09-16 12:46:59-03:00,1789573619,1925,36,4,4095,3124.0,24.5,27.0,4095,3124.0,1258,1142.0,12.766666666666667,False,estresada,propagada,False,-74,luz_saturada|suelo_saturado
2026-09-16 12:47:29-03:00,1789573649,1926,36,5,4095,3124.0,24.5,27.0,4095,3124.0,1349,1215.0,12.783333333333331,False,saludable,manual,True,-73,luz_saturada|suelo_saturado
2026-09-16 12:47:59-03:00,1789573679,1927,36,5,4095,3124.0,24.8,27.0,4095,3124.0,1141,1051.0,12.783333333333331,False,saludable,propagada,False,-73,luz_saturada|suelo_saturado
2026-09-16 12:48:29-03:00,1789573709,1928,36,5,4095,3124.0,24.9,26.0,4095,3124.0,1086,1006.0,12.8,False,saludable,propagada,False,-76,luz_saturada|suelo_saturado
2026-09-16 12:48:59-03:00,1789573739,1929,36,5,4095,3124.0,24.8,26.0,4095,3124.0,1293,1170.0,12.8,False,saludable,propagada,False,-72,luz_saturada|suelo_saturado
2026-09-16 12:49:29-03:00,1789573769,1930,36,5,4095,3124.0,24.8,26.0,4095,3124.0,1232,1122.0,12.816666666666666,False,saludable,propagada,False,-73,luz_saturada|suelo_saturado
2026-09-16 12:49:59-03:00,1789573799,1931,36,5,4095,3124.0,24.8,26.0,4095,3124.0,1079,1000.0,12.816666666666666,False,saludable,propagada,False,-73,luz_saturada|suelo_saturado
2026-09-16 12:50:29-03:00,1789573829,1932,36,5,4095,3124.0,25.3,26.0,4095,3124.0,1386,1245.0,12.833333333333334,False,saludable,propagada,False,-73,luz_saturada|suelo_saturado
2026-09-16 12:50:59-03:00,1789573859,1933,36,5,4095,3124.0,26.2,26.0,4095,3124.0,1082,1002.0,12.833333333333334,False,saludable,propagada,False,-73,luz_saturada|suelo_saturado
2026-09-16 12:51:29-03:00,1789573889,1934,36,5,4095,3124.0,26.2,25.0,4095,3124.0,1408,1263.0,12.85,False,saludable,propagada,False,-73,luz_saturada|suelo_saturado
2026-09-16 12:51:59-03:00,1789573919,1935,36,5,4095,3124.0,26.7,25.0,4095,3124.0,1183,1083.0,12.85,False,saludable,propagada,False,-73,luz_saturada|suelo_saturado
2026-09-16 12:52:29-03:00,1789573949,1936,36,5,4095,3124.0,26.7,24.0,4095,3124.0,1181,1081.0,12.866666666666667,False,saludable,propagada,False,-73,luz_saturada|suelo_saturado
2026-09-16 12:52:59-03:00,1789573979,1937,36,5,4095,3124.0,26.7,24.0,4095,3124.0,1136,1046.0,12.866666666666667,False,saludable,propagada,False,-73,luz_saturada|suelo_saturado
2026-09-16 12:53:29-03:00,1789574009,1938,36,5,4095,3124.0,27.1,24.0,4095,3124.0,1355,1221.0,12.883333333333333,False,saludable,propagada,False,-73,luz_saturada|suelo_saturado
2026-09-16 12:53:59-03:00,1789574039,1939,36,5,4095,3124.0,27.6,24.0,4095,3124.0,1206,1099.0,12.883333333333333,False,saludable,propagada,False,-73,luz_saturada|suelo_saturado
2026-09-16 12:54:29-03:00,1789574069,1940,36,5,4095,3124.0,26.7,24.0,4095,3124.0,1101,1018.0,12.9,False,saludable,propagada,False,-73,luz_saturada|suelo_saturado
2026-09-16 12:54:59-03:00,1789574099,1941,36,5,4095,3124.0,25.8,24.0,4095,3124.0,1094,1010.0,12.9,False,saludable,propagada,False,-72,luz_saturada|suelo_saturado
2026-09-16 12:55:29-03:00,1789574129,1942,36,5,4095,3124.0,25.8,24.0,4095,3124.0,1073,995.0,12.916666666666666,False,saludable,propagada,False,-73,luz_saturada|suelo_saturado
2026-09-16 12:55:59-03:00,1789574159,1943,36,5,4095,3124.0,25.8,24.0,4095,3124.0,1088,1007.0,12.916666666666666,False,saludable,propagada,False,-74,luz_saturada|suelo_saturado
2026-09-16 12:56:29-03:00,1789574189,1944,36,5,4095,3124.0,26.2,24.0,4095,3124.0,1230,1121.0,12.933333333333334,False,saludable,propagada,False,-73,luz_saturada|suelo_saturado
2026-09-16 12:56:59-03:00,1789574219,1945,36,5,4095,3124.0,26.7,24.0,4095,3124.0,1033,962.0,12.933333333333334,False,saludable,propagada,False,-73,luz_saturada|suelo_saturado
2026-09-16 12:57:29-03:00,1789574249,1946,36,5,4095,3124.0,27.1,24.0,4095,3124.0,1147,1054.0,12.95,False,saludable,propagada,False,-72,luz_saturada|suelo_saturado
2026-09-16 12:57:59-03:00,1789574279,1947,36,5,4095,3124.0,26.2,24.0,4095,3124.0,1140,1050.0,12.95,False,saludable,propagada,False,-73,luz_saturada|suelo_saturado
2026-09-16 12:58:29-03:00,1789574309,1948,36,5,4095,3124.0,26.7,25.0,4095,3124.0,1187,1088.0,12.966666666666669,False,saludable,propagada,False,-73,luz_saturada|suelo_saturado
2026-09-16 12:58:59-03:00,1789574339,1949,36,5,4095,3124.0,27.6,24.0,4095,3124.0,1238,1127.0,12.966666666666669,False,saludable,propagada,False,-73,luz_saturada|suelo_saturado
2026-09-16 12:59:29-03:00,1789574369,1950,36,5,4095,3124.0,28.5,23.0,4095,3124.0,1366,1226.0,12.983333333333333,False,saludable,propagada,False,-73,luz_saturada|suelo_saturado
2026-09-16 12:59:59-03:00,1789574399,1951,36,5,4095,3124.0,28.9,22.0,4095,3124.0,1289,1175.0,12.983333333333333,False,saludable,propagada,False,-73,luz_saturada|suelo_saturado
2026-09-16 13:00:29-03:00,1789574429,1952,36,5,4095,3124.0,28.9,22.0,4095,3124.0,1183,1083.0,13.0,False,saludable,propagada,False,-73,luz_saturada|suelo_saturado
2026-09-16 13:00:59-03:00,1789574459,1953,36,5,4095,3124.0,29.3,22.0,4095,3124.0,1134,1044.0,13.0,False,saludable,propagada,False,-73,luz_saturada|suelo_saturado
2026-09-16 13:01:29-03:00,1789574489,1954,36,5,4095,3124.0,29.8,22.0,4095,3124.0,1055,980.0,13.016666666666667,False,saludable,propagada,False,-73,luz_saturada|suelo_saturado
2026-09-16 13:01:59-03:00,1789574519,1955,36,5,4095,3124.0,29.4,22.0,4095,3124.0,1131,1040.0,13.016666666666667,False,saludable,propagada,False,-73,luz_saturada|suelo_saturado
2026-09-16 13:02:31-03:00,1789574551,1956,36,5,4095,3124.0,29.3,20.0,4095,3124.0,1088,1007.0,13.033333333333331,False,saludable,propagada,False,-72,luz_saturada|suelo_saturado
2026-09-16 13:02:59-03:00,1789574579,1957,36,5,4095,3124.0,28.1,21.0,4095,3124.0,1280,1160.0,13.033333333333331,False,saludable,propagada,False,-73,luz_saturada|suelo_saturado
2026-09-16 13:03:29-03:00,1789574609,1958,36,5,4095,3124.0,28.9,22.0,4095,3124.0,1291,1163.0,13.05,False,saludable,propagada,False,-73,luz_saturada|suelo_saturado
2026-09-16 13:03:59-03:00,1789574639,1959,36,5,4095,3124.0,30.2,21.0,4095,3124.0,1165,1067.0,13.05,False,saludable,propagada,False,-73,luz_saturada|suelo_saturado
2026-09-16 13:04:29-03:00,1789574669,1960,36,5,4095,3124.0,30.3,19.0,4095,3124.0,1205,1101.0,13.066666666666666,False,saludable,propagada,False,-73,luz_saturada|suelo_saturado
2026-09-16 13:04:59-03:00,1789574699,1961,36,5,4095,3124.0,31.3,19.0,4095,3124.0,1301,1178.0,13.066666666666666,False,saludable,propagada,False,-73,luz_saturada|suelo_saturado
2026-09-16 13:05:29-03:00,1789574729,1962,36,5,4095,3124.0,31.3,19.0,4095,3124.0,1149,1056.0,13.083333333333334,False,saludable,propagada,False,-72,luz_saturada|suelo_saturado
2026-09-16 13:08:39-03:00,1789574919,1963,37,5,4095,3124.0,27.5,23.0,2176,1865.0,1357,1221.0,13.133333333333333,False,saludable,propagada,False,-72,luz_saturada
2026-09-16 13:09:07-03:00,1789574947,1964,37,5,4095,3124.0,27.6,23.0,2167,1866.0,1465,1306.0,13.15,False,saludable,propagada,False,-72,luz_saturada
2026-09-16 13:09:37-03:00,1789574977,1965,37,5,4095,3124.0,28.0,22.0,2160,1856.0,1239,1129.0,13.15,False,saludable,propagada,False,-73,luz_saturada
2026-09-16 13:10:07-03:00,1789575007,1966,37,5,4095,3124.0,27.6,23.0,2097,1809.0,1284,1162.0,13.166666666666666,False,saludable,propagada,False,-72,luz_saturada
2026-09-16 13:10:37-03:00,1789575037,1967,37,5,4095,3124.0,27.1,23.0,2085,1802.0,1446,1295.0,13.166666666666666,False,saludable,propagada,False,-72,luz_saturada
2026-09-16 13:11:07-03:00,1789575067,1968,37,5,4095,3124.0,27.6,24.0,2064,1784.0,1386,1244.0,13.183333333333334,False,saludable,propagada,False,-73,luz_saturada
2026-09-16 13:11:37-03:00,1789575097,1969,37,5,4095,3124.0,27.6,23.0,2097,1815.0,1377,1236.0,13.183333333333334,False,saludable,propagada,False,-72,luz_saturada
2026-09-16 13:12:07-03:00,1789575127,1970,37,5,4095,3124.0,26.7,24.0,2064,1776.0,1232,1123.0,13.2,False,saludable,propagada,False,-75,luz_saturada
2026-09-16 13:12:37-03:00,1789575157,1971,37,5,4095,3124.0,26.3,23.0,2085,1802.0,1399,1252.0,13.2,False,saludable,propagada,False,-72,luz_saturada
2026-09-16 13:13:07-03:00,1789575187,1972,37,5,4095,3124.0,26.3,24.0,2079,1798.0,1296,1173.0,13.216666666666669,False,saludable,propagada,False,-72,luz_saturada
2026-09-16 13:13:37-03:00,1789575217,1973,37,5,4095,3124.0,26.7,24.0,2082,1794.0,1282,1160.0,13.216666666666669,False,saludable,propagada,False,-72,luz_saturada
2026-09-16 13:14:07-03:00,1789575247,1974,37,5,4095,3124.0,26.7,24.0,2073,1794.0,1347,1212.0,13.233333333333333,False,saludable,propagada,False,-72,luz_saturada
2026-09-16 13:14:37-03:00,1789575277,1975,37,5,4095,3124.0,26.7,24.0,2015,1750.0,1344,1211.0,13.233333333333333,False,saludable,propagada,False,-72,luz_saturada
2026-09-16 13:15:07-03:00,1789575307,1976,37,5,4095,3124.0,26.2,23.0,2068,1784.0,1425,1279.0,13.25,False,saludable,propagada,False,-72,luz_saturada
2026-09-16 13:15:37-03:00,1789575337,1977,37,5,4095,3124.0,26.2,23.0,2000,1745.0,1311,1185.0,13.25,False,saludable,propagada,False,-72,luz_saturada
2026-09-16 13:16:07-03:00,1789575367,1978,37,5,4095,3124.0,26.2,24.0,2062,1776.0,1322,1193.0,13.266666666666667,False,saludable,propagada,False,-72,luz_saturada
2026-09-16 13:16:37-03:00,1789575397,1979,37,5,4095,3124.0,26.7,24.0,2014,1744.0,1296,1171.0,13.266666666666667,False,saludable,propagada,False,-72,luz_saturada
2026-09-16 13:17:07-03:00,1789575427,1980,37,5,4095,3124.0,27.1,24.0,2064,1784.0,1429,1279.0,13.283333333333331,False,saludable,propagada,False,-72,luz_saturada
2026-09-16 13:17:37-03:00,1789575457,1981,37,5,4095,3124.0,27.6,24.0,2018,1745.0,1598,1411.0,13.283333333333331,False,saludable,propagada,False,-73,luz_saturada
2026-09-16 13:18:07-03:00,1789575487,1982,37,5,4095,3124.0,27.6,23.0,2011,1738.0,1424,1275.0,13.3,False,saludable,propagada,False,-73,luz_saturada
2026-09-16 13:18:37-03:00,1789575517,1983,37,5,4095,3124.0,27.1,23.0,2054,1769.0,1554,1379.0,13.3,False,saludable,propagada,False,-73,luz_saturada
2026-09-16 13:19:07-03:00,1789575547,1984,37,5,4095,3124.0,27.1,23.0,1996,1732.0,1388,1244.0,13.316666666666666,False,saludable,propagada,False,-73,luz_saturada
2026-09-16 13:19:37-03:00,1789575577,1985,37,5,4095,3124.0,27.6,23.0,2044,1757.0,1535,1363.0,13.316666666666666,False,saludable,propagada,False,-73,luz_saturada
2026-09-16 13:20:07-03:00,1789575607,1986,37,5,4095,3124.0,28.0,22.0,2058,1770.0,1380,1242.0,13.333333333333334,False,saludable,propagada,False,-73,luz_saturada
2026-09-16 13:20:37-03:00,1789575637,1987,37,5,4095,3124.0,28.3,22.0,2022,1760.0,1276,1156.0,13.333333333333334,False,saludable,propagada,False,-73,luz_saturada
2026-09-16 13:21:07-03:00,1789575667,1988,37,5,4095,3124.0,28.0,22.0,2055,1780.0,1486,1322.0,13.35,False,saludable,propagada,False,-73,luz_saturada
2026-09-16 13:21:37-03:00,1789575697,1989,37,5,4095,3124.0,28.0,22.0,2062,1784.0,1463,1304.0,13.35,False,saludable,propagada,False,-73,luz_saturada
2026-09-16 13:22:07-03:00,1789575727,1990,37,5,4095,3124.0,26.7,23.0,2026,1746.0,1506,1341.0,13.366666666666667,False,saludable,propagada,False,-76,luz_saturada
2026-09-16 13:22:37-03:00,1789575757,1991,37,5,4095,3124.0,27.6,24.0,2018,1750.0,1310,1184.0,13.366666666666667,False,saludable,propagada,False,-80,luz_saturada
2026-09-16 13:23:07-03:00,1789575787,1992,37,5,4095,3124.0,27.6,23.0,2084,1797.0,1390,1247.0,13.383333333333333,False,saludable,propagada,False,-81,luz_saturada
2026-09-16 13:23:37-03:00,1789575817,1993,37,5,4095,3124.0,28.0,22.0,2054,1804.0,1482,1321.0,13.383333333333333,False,saludable,propagada,False,-81,luz_saturada
2026-09-16 13:24:07-03:00,1789575847,1994,37,5,4095,3124.0,28.5,22.0,2096,1808.0,1505,1337.0,13.4,False,saludable,propagada,False,-81,luz_saturada
2026-09-16 13:24:37-03:00,1789575877,1995,37,5,4095,3124.0,28.9,22.0,2045,1783.0,1486,1325.0,13.4,False,saludable,propagada,False,-82,luz_saturada
2026-09-16 13:25:07-03:00,1789575907,1996,37,5,4095,3124.0,28.5,22.0,2099,1813.0,1365,1228.0,13.416666666666666,False,saludable,propagada,False,-82,luz_saturada
2026-09-16 13:25:37-03:00,1789575937,1997,37,5,4095,3124.0,28.5,22.0,2064,1786.0,1382,1240.0,13.416666666666666,False,saludable,propagada,False,-81,luz_saturada
2026-09-16 13:26:07-03:00,1789575967,1998,37,5,4095,3124.0,28.5,22.0,2091,1810.0,1341,1207.0,13.433333333333334,False,saludable,propagada,False,-82,luz_saturada
2026-09-16 13:26:37-03:00,1789575997,1999,37,5,4095,3124.0,28.0,22.0,2059,1784.0,1511,1342.0,13.433333333333334,False,saludable,propagada,False,-79,luz_saturada
2026-09-16 13:27:07-03:00,1789576027,2000,37,5,4095,3124.0,27.6,23.0,2099,1809.0,1488,1326.0,13.45,False,saludable,propagada,False,-82,luz_saturada
2026-09-16 13:27:37-03:00,1789576057,2001,37,5,4095,3124.0,27.1,23.0,2107,1818.0,1600,1415.0,13.45,False,saludable,propagada,False,-81,luz_saturada
2026-09-16 13:28:07-03:00,1789576087,2002,37,5,4095,3124.0,27.6,23.0,2070,1784.0,1491,1330.0,13.466666666666669,False,saludable,propagada,False,-82,luz_saturada
2026-09-16 13:28:37-03:00,1789576117,2003,37,5,4095,3124.0,28.0,22.0,2112,1822.0,1508,1339.0,13.466666666666669,False,saludable,propagada,False,-81,luz_saturada
2026-09-16 13:29:07-03:00,1789576147,2004,37,5,4095,3124.0,28.5,22.0,2064,1784.0,1409,1263.0,13.483333333333333,False,saludable,propagada,False,-81,luz_saturada
2026-09-16 13:29:37-03:00,1789576177,2005,37,5,4095,3124.0,28.9,22.0,2109,1818.0,1535,1363.0,13.483333333333333,False,saludable,propagada,False,-82,luz_saturada
2026-09-16 13:30:07-03:00,1789576207,2006,37,5,4095,3124.0,29.3,22.0,2108,1821.0,1461,1300.0,13.5,False,saludable,propagada,False,-81,luz_saturada
2026-09-16 13:30:37-03:00,1789576237,2007,37,5,4095,3124.0,30.2,21.0,2105,1814.0,1535,1363.0,13.5,False,saludable,propagada,False,-80,luz_saturada
2026-09-16 13:31:07-03:00,1789576267,2008,37,5,4095,3124.0,28.9,20.0,2107,1817.0,1565,1387.0,13.516666666666667,False,saludable,propagada,False,-80,luz_saturada
2026-09-16 13:31:37-03:00,1789576297,2009,37,5,4095,3124.0,28.9,20.0,2081,1792.0,1421,1269.0,13.516666666666667,False,saludable,propagada,False,-81,luz_saturada
2026-09-16 13:32:07-03:00,1789576327,2010,37,5,4095,3124.0,28.5,20.0,2067,1784.0,1435,1283.0,13.533333333333331,False,saludable,propagada,False,-81,luz_saturada
2026-09-16 13:32:37-03:00,1789576357,2011,37,5,4095,3124.0,28.5,20.0,2064,1786.0,1535,1376.0,13.533333333333331,False,saludable,propagada,False,-81,luz_saturada
2026-09-16 13:33:07-03:00,1789576387,2012,37,5,4095,3124.0,28.5,22.0,2067,1786.0,1554,1380.0,13.55,False,saludable,propagada,False,-80,luz_saturada
2026-09-16 13:33:37-03:00,1789576417,2013,37,5,4095,3124.0,28.5,22.0,2109,1818.0,1360,1223.0,13.55,False,saludable,propagada,False,-81,luz_saturada
2026-09-16 13:34:07-03:00,1789576447,2014,37,5,4095,3124.0,28.9,21.0,2105,1816.0,1535,1363.0,13.566666666666666,False,saludable,propagada,False,-81,luz_saturada
2026-09-16 13:34:37-03:00,1789576477,2015,37,5,4095,3124.0,29.3,21.0,2103,1812.0,1490,1326.0,13.566666666666666,False,saludable,propagada,False,-81,luz_saturada
2026-09-16 13:35:07-03:00,1789576507,2016,37,5,4095,3124.0,29.7,20.0,2066,1787.0,1506,1339.0,13.583333333333334,False,saludable,propagada,False,-82,luz_saturada
2026-09-16 13:35:37-03:00,1789576537,2017,37,5,4095,3124.0,29.8,20.0,2077,1792.0,1360,1224.0,13.583333333333334,False,saludable,propagada,False,-80,luz_saturada
2026-09-16 13:36:07-03:00,1789576567,2018,37,5,4095,3124.0,30.2,19.0,2096,1808.0,1381,1242.0,13.6,False,saludable,propagada,False,-82,luz_saturada
2026-09-16 13:36:37-03:00,1789576597,2019,37,5,4095,3124.0,30.2,19.0,2071,1792.0,1467,1332.0,13.6,False,saludable,propagada,False,-81,luz_saturada
2026-09-16 13:37:07-03:00,1789576627,2020,37,5,4095,3124.0,28.9,19.0,2064,1784.0,1566,1388.0,13.616666666666667,False,saludable,propagada,False,-81,luz_saturada
2026-09-16 13:37:37-03:00,1789576657,2021,37,5,4095,3124.0,28.9,20.0,2102,1815.0,1419,1273.0,13.616666666666667,False,saludable,propagada,False,-81,luz_saturada
2026-09-16 13:38:07-03:00,1789576687,2022,37,5,4095,3124.0,29.4,20.0,2112,1818.0,1468,1312.0,13.633333333333333,False,saludable,propagada,False,-81,luz_saturada
2026-09-16 13:38:37-03:00,1789576717,2023,37,5,4095,3124.0,29.3,20.0,2071,1794.0,1483,1322.0,13.633333333333333,False,saludable,propagada,False,-81,luz_saturada
2026-09-16 13:39:07-03:00,1789576747,2024,37,5,4095,3124.0,29.8,20.0,2107,1812.0,1623,1434.0,13.65,False,saludable,propagada,False,-81,luz_saturada
2026-09-16 13:39:37-03:00,1789576777,2025,37,5,4095,3124.0,29.3,20.0,2093,1808.0,1562,1382.0,13.65,False,saludable,propagada,False,-81,luz_saturada
2026-09-16 13:40:07-03:00,1789576807,2026,37,5,4095,3124.0,28.0,19.0,2103,1815.0,1510,1347.0,13.666666666666666,False,saludable,propagada,False,-81,luz_saturada
2026-09-16 13:40:37-03:00,1789576837,2027,37,5,4095,3124.0,28.0,20.0,2112,1822.0,1392,1248.0,13.666666666666666,False,saludable,propagada,False,-82,luz_saturada
2026-09-16 13:41:09-03:00,1789576869,2028,37,5,4095,3124.0,28.5,20.0,2107,1813.0,1421,1273.0,13.683333333333334,False,saludable,propagada,False,-80,luz_saturada
2026-09-16 13:41:37-03:00,1789576897,2029,37,5,4095,3124.0,28.9,20.0,2070,1787.0,1373,1232.0,13.683333333333334,False,saludable,propagada,False,-82,luz_saturada
2026-09-16 13:42:07-03:00,1789576927,2030,37,5,4095,3124.0,28.9,20.0,2101,1809.0,1344,1211.0,13.7,False,saludable,propagada,False,-81,luz_saturada
2026-09-16 13:42:37-03:00,1789576957,2031,37,5,4095,3124.0,28.9,20.0,2080,1800.0,1327,1197.0,13.7,False,saludable,propagada,False,-81,luz_saturada
2026-09-16 13:43:07-03:00,1789576987,2032,37,5,4095,3124.0,28.9,20.0,2102,1799.0,1289,1170.0,13.716666666666669,False,saludable,propagada,False,-81,luz_saturada
2026-09-16 13:43:37-03:00,1789577017,2033,37,5,4095,3124.0,28.0,20.0,2099,1809.0,1501,1334.0,13.716666666666669,False,saludable,propagada,False,-82,luz_saturada
2026-09-16 13:44:07-03:00,1789577047,2034,37,5,4095,3124.0,28.5,20.0,2106,1819.0,1459,1300.0,13.733333333333333,False,saludable,propagada,False,-81,luz_saturada
2026-09-16 13:44:37-03:00,1789577077,2035,37,5,4095,3124.0,28.5,21.0,2096,1801.0,1552,1376.0,13.733333333333333,False,saludable,propagada,False,-81,luz_saturada
2026-09-16 13:45:07-03:00,1789577107,2036,37,5,4095,3124.0,29.3,21.0,2064,1794.0,1634,1442.0,13.75,False,saludable,propagada,False,-82,luz_saturada
2026-09-16 13:45:37-03:00,1789577137,2037,37,5,4095,3124.0,30.2,19.0,2115,1822.0,1524,1355.0,13.75,False,saludable,propagada,False,-81,luz_saturada
2026-09-16 13:46:07-03:00,1789577167,2038,37,5,4095,3124.0,30.2,19.0,2109,1818.0,1427,1276.0,13.766666666666667,False,saludable,propagada,False,-82,luz_saturada
2026-09-16 13:46:37-03:00,1789577197,2039,37,5,4095,3124.0,30.8,18.0,2069,1792.0,1311,1185.0,13.766666666666667,False,saludable,propagada,False,-81,luz_saturada
2026-09-16 13:47:07-03:00,1789577227,2040,37,5,4095,3124.0,30.2,18.0,2065,1784.0,1465,1307.0,13.783333333333331,False,saludable,propagada,False,-82,luz_saturada
2026-09-16 13:47:37-03:00,1789577257,2041,37,5,4095,3124.0,30.2,18.0,2070,1792.0,1535,1363.0,13.783333333333331,False,saludable,propagada,False,-82,luz_saturada
2026-09-16 13:48:07-03:00,1789577287,2042,37,5,4095,3124.0,30.2,18.0,2075,1798.0,1531,1359.0,13.8,False,saludable,propagada,False,-81,luz_saturada
2026-09-16 13:48:37-03:00,1789577317,2043,37,5,4095,3124.0,30.2,18.0,2123,1795.0,1659,1460.0,13.8,False,saludable,propagada,False,-82,luz_saturada
2026-09-16 13:49:07-03:00,1789577347,2044,37,5,4095,3124.0,30.2,18.0,2106,1812.0,1408,1264.0,13.816666666666666,False,saludable,propagada,False,-82,luz_saturada
2026-09-16 13:49:37-03:00,1789577377,2045,37,5,4095,3124.0,30.2,18.0,2069,1784.0,1473,1314.0,13.816666666666666,False,saludable,propagada,False,-81,luz_saturada
2026-09-16 13:50:07-03:00,1789577407,2046,37,5,4095,3124.0,29.8,19.0,2071,1810.0,1488,1326.0,13.833333333333334,False,saludable,propagada,False,-81,luz_saturada
2026-09-16 13:50:37-03:00,1789577437,2047,37,5,4095,3124.0,29.0,19.0,2102,1812.0,1465,1310.0,13.833333333333334,False,saludable,propagada,False,-81,luz_saturada
2026-09-16 13:51:07-03:00,1789577467,2048,37,5,4095,3124.0,29.3,19.0,2256,1939.0,1407,1261.0,13.85,False,saludable,propagada,False,-75,luz_saturada
2026-09-16 13:51:56-03:00,1789577516,2049,38,6,3371,2762.0,24.1,20.0,2439,2079.0,1135,1046.0,13.85,False,estresada,manual,True,-66,
2026-09-16 13:52:24-03:00,1789577544,2050,38,6,3923,3047.0,21.8,21.0,2415,2064.0,1072,995.0,13.866666666666667,False,estresada,propagada,False,-66,
2026-09-16 13:52:54-03:00,1789577574,2051,38,6,3919,3047.0,19.8,24.0,2425,2076.0,1011,948.0,13.866666666666667,False,estresada,propagada,False,-66,
2026-09-16 13:53:24-03:00,1789577604,2052,38,6,3931,3047.0,18.3,25.0,2443,2077.0,973,917.0,13.883333333333333,False,estresada,propagada,False,-65,
2026-09-16 13:53:54-03:00,1789577634,2053,38,6,3917,3049.0,17.4,27.0,2438,2085.0,944,892.0,13.883333333333333,False,estresada,propagada,False,-66,
2026-09-16 13:54:24-03:00,1789577664,2054,38,6,3923,3043.0,16.6,30.0,2465,2104.0,923,876.0,13.9,False,estresada,propagada,False,-66,
2026-09-16 13:54:54-03:00,1789577694,2055,38,6,3922,3043.0,16.1,32.0,2469,2103.0,905,863.0,13.9,False,estresada,propagada,False,-66,
2026-09-16 13:55:24-03:00,1789577724,2056,38,6,3923,3047.0,15.2,34.0,2470,2106.0,874,836.0,13.916666666666666,False,estresada,propagada,False,-66,
2026-09-16 13:55:54-03:00,1789577754,2057,38,6,3937,3047.0,14.8,35.0,2483,2111.0,868,833.0,13.916666666666666,False,estresada,propagada,False,-66,
2026-09-16 13:56:24-03:00,1789577784,2058,38,6,3922,3051.0,14.4,36.0,2472,2107.0,863,825.0,13.933333333333334,False,estresada,propagada,False,-66,
2026-09-16 13:56:54-03:00,1789577814,2059,38,6,3933,3051.0,14.4,37.0,2470,2113.0,860,824.0,13.933333333333334,False,estresada,propagada,False,-66,
2026-09-16 13:57:24-03:00,1789577844,2060,38,6,3918,3048.0,14.1,38.0,2473,2107.0,843,808.0,13.95,False,estresada,propagada,False,-66,
2026-09-16 13:57:54-03:00,1789577874,2061,38,6,3927,3048.0,14.1,39.0,2477,2109.0,834,805.0,13.95,False,estresada,propagada,False,-65,
2026-09-16 13:58:24-03:00,1789577904,2062,38,6,3921,3047.0,13.7,39.0,2477,2117.0,833,806.0,13.966666666666669,False,estresada,propagada,False,-65,
2026-09-16 13:58:54-03:00,1789577934,2063,38,6,3937,3047.0,13.7,40.0,2490,2120.0,811,801.0,13.966666666666669,False,estresada,propagada,False,-65,
2026-09-16 13:59:24-03:00,1789577964,2064,38,6,3924,3047.0,13.7,40.0,2480,2117.0,833,805.0,13.983333333333333,False,estresada,propagada,False,-66,
2026-09-16 13:59:54-03:00,1789577994,2065,38,6,3907,3046.0,13.7,41.0,2473,2113.0,834,804.0,13.983333333333333,False,estresada,propagada,False,-65,
2026-09-16 14:00:24-03:00,1789578024,2066,38,6,3920,3051.0,14.1,41.0,2489,2115.0,832,802.0,14.0,False,estresada,propagada,False,-65,
2026-09-16 14:00:54-03:00,1789578054,2067,38,6,3902,3047.0,14.1,41.0,2483,2115.0,839,805.0,14.0,False,estresada,propagada,False,-70,
2026-09-16 14:01:24-03:00,1789578084,2068,38,6,3923,3047.0,14.1,41.0,2491,2119.0,832,804.0,14.016666666666667,False,estresada,propagada,False,-68,
2026-09-16 14:01:54-03:00,1789578114,2069,38,6,3934,3054.0,14.1,41.0,2477,2113.0,836,808.0,14.016666666666667,False,estresada,propagada,False,-66,
2026-09-16 14:02:24-03:00,1789578144,2070,38,6,3917,3047.0,14.1,41.0,2481,2115.0,835,805.0,14.033333333333331,False,estresada,propagada,False,-66,
2026-09-16 14:02:54-03:00,1789578174,2071,38,6,3930,3052.0,14.1,41.0,2483,2119.0,836,806.0,14.033333333333331,False,estresada,propagada,False,-67,
2026-09-16 14:03:24-03:00,1789578204,2072,38,6,3911,3049.0,14.1,41.0,2486,2115.0,834,811.0,14.05,False,estresada,propagada,False,-73,
2026-09-16 14:03:54-03:00,1789578234,2073,38,6,3891,3038.0,14.1,41.0,2479,2115.0,824,800.0,14.05,False,estresada,propagada,False,-65,
2026-09-16 14:04:24-03:00,1789578264,2074,38,6,3920,3051.0,14.1,42.0,4095,3124.0,844,809.0,14.066666666666666,False,estresada,propagada,False,-66,suelo_saturado
2026-09-16 14:04:54-03:00,1789578294,2075,38,6,3911,3050.0,14.1,41.0,4095,3124.0,834,808.0,14.066666666666666,False,estresada,propagada,False,-66,suelo_saturado
2026-09-16 14:05:24-03:00,1789578324,2076,38,6,3311,2730.0,14.1,41.0,4095,3124.0,823,800.0,14.083333333333334,False,estresada,propagada,False,-67,suelo_saturado
2026-09-16 14:05:54-03:00,1789578354,2077,38,6,3927,3050.0,14.1,41.0,2390,2038.0,816,798.0,14.083333333333334,False,estresada,propagada,False,-65,
2026-09-16 14:06:24-03:00,1789578384,2078,38,6,3950,3050.0,14.1,41.0,2370,2033.0,831,801.0,14.1,False,estresada,propagada,False,-67,
2026-09-16 14:06:54-03:00,1789578414,2079,38,6,3943,3053.0,14.1,41.0,2364,2025.0,798,778.0,14.1,False,estresada,propagada,False,-67,
2026-09-16 14:07:24-03:00,1789578444,2080,38,6,3936,3055.0,14.1,42.0,2367,2021.0,815,788.0,14.116666666666667,False,estresada,propagada,False,-66,
2026-09-16 14:07:54-03:00,1789578474,2081,38,6,3914,3050.0,14.1,42.0,2368,2024.0,819,791.0,14.116666666666667,False,estresada,propagada,False,-66,
2026-09-16 14:08:24-03:00,1789578504,2082,38,6,3917,3055.0,14.1,42.0,2379,2029.0,814,791.0,14.133333333333333,False,estresada,propagada,False,-66,
2026-09-16 14:08:54-03:00,1789578534,2083,38,6,3931,3051.0,14.1,42.0,2367,2025.0,803,782.0,14.133333333333333,False,estresada,propagada,False,-66,
2026-09-16 14:09:24-03:00,1789578564,2084,38,6,3926,3054.0,14.1,42.0,2381,2028.0,816,793.0,14.15,False,estresada,propagada,False,-66,
2026-09-16 14:09:54-03:00,1789578594,2085,38,6,3929,3054.0,14.1,42.0,2367,2025.0,830,796.0,14.15,False,estresada,propagada,False,-66,
2026-09-16 14:10:24-03:00,1789578624,2086,38,6,3942,3053.0,14.1,42.0,2368,2025.0,805,784.0,14.166666666666666,False,estresada,propagada,False,-66,
2026-09-16 14:10:54-03:00,1789578654,2087,38,6,3948,3055.0,14.1,42.0,2352,2024.0,819,791.0,14.166666666666666,False,estresada,propagada,False,-67,
2026-09-16 14:11:24-03:00,1789578684,2088,38,6,3919,3052.0,14.1,42.0,2368,2024.0,830,803.0,14.183333333333334,False,estresada,propagada,False,-67,
2026-09-16 14:11:54-03:00,1789578714,2089,38,6,3951,3055.0,14.1,42.0,2369,2025.0,817,793.0,14.183333333333334,False,estresada,propagada,False,-66,
2026-09-16 14:12:24-03:00,1789578744,2090,38,6,3920,3052.0,14.1,42.0,2369,2028.0,816,789.0,14.2,False,estresada,propagada,False,-66,
2026-09-16 14:12:54-03:00,1789578774,2091,38,6,3935,3054.0,14.1,42.0,2377,2026.0,815,791.0,14.2,False,estresada,propagada,False,-66,
2026-09-16 14:13:24-03:00,1789578804,2092,38,6,3951,3059.0,14.1,42.0,2382,2029.0,811,781.0,14.216666666666669,False,estresada,propagada,False,-67,
2026-09-16 14:13:54-03:00,1789578834,2093,38,6,3934,3056.0,14.1,42.0,2370,2026.0,787,766.0,14.216666666666669,False,estresada,propagada,False,-67,
2026-09-16 14:14:24-03:00,1789578864,2094,38,6,3932,3055.0,14.1,42.0,2370,2029.0,780,758.0,14.233333333333333,False,estresada,propagada,False,-66,
2026-09-16 14:14:54-03:00,1789578894,2095,38,6,3920,3054.0,14.1,42.0,2354,2020.0,798,779.0,14.233333333333333,False,estresada,propagada,False,-67,
2026-09-16 14:15:24-03:00,1789578924,2096,38,6,3933,3057.0,14.1,42.0,2365,2021.0,802,781.0,14.25,False,estresada,propagada,False,-68,
2026-09-16 14:15:54-03:00,1789578954,2097,38,6,3927,3059.0,14.1,42.0,2355,2018.0,805,779.0,14.25,False,estresada,propagada,False,-66,
2026-09-16 14:16:24-03:00,1789578984,2098,38,6,3952,3055.0,14.1,42.0,2368,2020.0,813,791.0,14.266666666666667,False,estresada,propagada,False,-66,
2026-09-16 14:16:54-03:00,1789579014,2099,38,6,3946,3060.0,14.1,42.0,2371,2018.0,817,792.0,14.266666666666667,False,estresada,propagada,False,-66,
2026-09-16 14:17:24-03:00,1789579044,2100,38,6,3927,3055.0,14.1,42.0,2351,2009.0,814,791.0,14.283333333333331,False,estresada,propagada,False,-67,
2026-09-16 14:17:54-03:00,1789579074,2101,38,6,3933,3055.0,14.1,43.0,2358,2021.0,819,800.0,14.283333333333331,False,estresada,propagada,False,-66,
2026-09-16 14:18:24-03:00,1789579104,2102,38,6,3920,3052.0,14.1,42.0,2363,2023.0,823,798.0,14.3,False,estresada,propagada,False,-66,
2026-09-16 14:18:54-03:00,1789579134,2103,38,6,3945,3056.0,14.3,42.0,2355,2020.0,827,802.0,14.3,False,estresada,propagada,False,-66,
2026-09-16 14:19:24-03:00,1789579164,2104,38,6,3950,3059.0,14.1,42.0,2362,2021.0,817,792.0,14.316666666666666,False,estresada,propagada,False,-66,
2026-09-16 14:19:54-03:00,1789579194,2105,38,6,3926,3059.0,14.1,42.0,2369,2023.0,816,791.0,14.316666666666666,False,estresada,propagada,False,-66,
2026-09-16 14:20:24-03:00,1789579224,2106,38,6,3962,3061.0,14.1,42.0,2363,2021.0,816,789.0,14.333333333333334,False,estresada,propagada,False,-66,
2026-09-16 14:20:54-03:00,1789579254,2107,38,6,3959,3056.0,14.1,42.0,2371,2031.0,811,784.0,14.333333333333334,False,estresada,propagada,False,-66,
2026-09-16 14:21:24-03:00,1789579284,2108,38,6,3969,3055.0,14.1,42.0,2375,2029.0,829,797.0,14.35,False,estresada,propagada,False,-66,
2026-09-16 14:21:54-03:00,1789579314,2109,38,6,3942,3060.0,14.1,42.0,2380,2037.0,822,793.0,14.35,False,estresada,propagada,False,-66,
2026-09-16 14:22:24-03:00,1789579344,2110,38,6,3958,3061.0,14.1,42.0,2379,2029.0,832,797.0,14.366666666666667,False,estresada,propagada,False,-67,
2026-09-16 14:22:54-03:00,1789579374,2111,38,6,3947,3059.0,14.1,42.0,2369,2031.0,825,793.0,14.366666666666667,False,estresada,propagada,False,-66,
2026-09-16 14:23:24-03:00,1789579404,2112,38,6,3947,3062.0,14.1,42.0,2385,2034.0,811,790.0,14.383333333333333,False,estresada,propagada,False,-69,
2026-09-16 14:23:54-03:00,1789579434,2113,38,6,3953,3063.0,14.1,42.0,2373,2033.0,817,792.0,14.383333333333333,False,estresada,propagada,False,-66,
2026-09-16 14:24:24-03:00,1789579464,2114,38,6,3936,3061.0,14.1,43.0,2382,2029.0,815,791.0,14.4,False,estresada,propagada,False,-66,
2026-09-16 14:24:54-03:00,1789579494,2115,38,6,3931,3055.0,14.1,43.0,2370,2030.0,823,795.0,14.4,False,estresada,propagada,False,-67,
2026-09-16 14:25:24-03:00,1789579524,2116,38,6,3952,3054.0,14.1,43.0,2381,2033.0,818,798.0,14.416666666666666,False,estresada,propagada,False,-66,
2026-09-16 14:25:54-03:00,1789579554,2117,38,6,3952,3060.0,14.1,43.0,2384,2038.0,832,802.0,14.416666666666666,False,estresada,propagada,False,-66,
2026-09-16 14:26:24-03:00,1789579584,2118,38,6,3940,3062.0,14.1,43.0,2379,2037.0,831,801.0,14.433333333333334,False,estresada,propagada,False,-66,
2026-09-16 14:26:54-03:00,1789579614,2119,38,6,3952,3064.0,14.1,43.0,2384,2037.0,822,797.0,14.433333333333334,False,estresada,propagada,False,-66,
2026-09-16 14:27:24-03:00,1789579644,2120,38,6,3946,3062.0,14.1,43.0,2380,2030.0,823,793.0,14.45,False,estresada,propagada,False,-66,
2026-09-16 14:27:54-03:00,1789579674,2121,38,6,3966,3066.0,14.1,43.0,2378,2041.0,821,796.0,14.45,False,estresada,propagada,False,-66,
2026-09-16 14:28:24-03:00,1789579704,2122,38,6,3935,3061.0,14.1,43.0,2379,2038.0,822,793.0,14.466666666666669,False,estresada,propagada,False,-66,
2026-09-16 14:28:54-03:00,1789579734,2123,38,6,3966,3062.0,14.1,43.0,2395,2043.0,823,796.0,14.466666666666669,False,estresada,propagada,False,-66,
2026-09-16 14:29:24-03:00,1789579764,2124,38,6,3959,3061.0,14.1,43.0,2397,2041.0,830,798.0,14.483333333333333,False,estresada,propagada,False,-66,
2026-09-16 14:29:54-03:00,1789579794,2125,38,6,3967,3064.0,14.1,43.0,2395,2041.0,831,802.0,14.483333333333333,False,estresada,propagada,False,-66,
2026-09-16 14:30:24-03:00,1789579824,2126,38,6,3956,3061.0,14.1,43.0,2365,2025.0,829,803.0,14.5,False,estresada,propagada,False,-66,
2026-09-16 14:30:54-03:00,1789579854,2127,38,6,3965,3063.0,14.4,43.0,2368,2029.0,831,804.0,14.5,False,estresada,propagada,False,-65,
2026-09-16 14:31:24-03:00,1789579884,2128,38,6,3942,3061.0,14.4,43.0,2374,2027.0,835,804.0,14.516666666666667,False,estresada,propagada,False,-65,
2026-09-16 14:31:54-03:00,1789579914,2129,38,6,3941,3062.0,14.4,43.0,2381,2028.0,833,806.0,14.516666666666667,False,estresada,propagada,False,-66,
2026-09-16 14:32:24-03:00,1789579944,2130,38,6,3967,3065.0,14.4,43.0,2377,2030.0,842,808.0,14.533333333333331,False,estresada,propagada,False,-66,
2026-09-16 14:32:54-03:00,1789579974,2131,38,6,3947,3066.0,14.4,43.0,2381,2030.0,832,802.0,14.533333333333331,False,estresada,propagada,False,-66,
2026-09-16 14:33:24-03:00,1789580004,2132,38,6,3952,3065.0,14.4,43.0,2369,2028.0,832,803.0,14.55,False,estresada,propagada,False,-66,
2026-09-16 14:33:54-03:00,1789580034,2133,38,6,3963,3063.0,14.4,43.0,2359,2025.0,834,804.0,14.55,False,estresada,propagada,False,-65,
2026-09-16 14:34:24-03:00,1789580064,2134,38,6,3967,3068.0,14.4,43.0,2353,2021.0,829,801.0,14.566666666666666,False,estresada,propagada,False,-67,
2026-09-16 14:34:54-03:00,1789580094,2135,38,6,3975,3064.0,14.4,43.0,2370,2028.0,832,803.0,14.566666666666666,False,estresada,propagada,False,-66,
2026-09-16 14:35:24-03:00,1789580124,2136,38,6,4059,3061.0,14.4,43.0,2379,2029.0,817,796.0,14.583333333333334,False,estresada,propagada,False,-66,
2026-09-16 14:35:54-03:00,1789580154,2137,38,6,3946,3063.0,14.4,43.0,2369,2029.0,834,804.0,14.583333333333334,False,estresada,propagada,False,-66,
2026-09-16 14:36:24-03:00,1789580184,2138,38,6,3953,3061.0,14.4,43.0,2375,2030.0,830,805.0,14.6,False,estresada,propagada,False,-66,
2026-09-16 14:36:54-03:00,1789580214,2139,38,6,3935,3056.0,14.4,43.0,2371,2026.0,832,805.0,14.6,False,estresada,propagada,False,-66,
2026-09-16 14:37:24-03:00,1789580244,2140,38,6,3959,3061.0,14.4,43.0,2359,2022.0,837,805.0,14.616666666666667,False,estresada,propagada,False,-66,
2026-09-16 14:37:54-03:00,1789580274,2141,38,6,3959,3062.0,14.5,43.0,2382,2036.0,836,808.0,14.616666666666667,False,estresada,propagada,False,-66,
2026-09-16 14:38:24-03:00,1789580304,2142,38,6,3951,3067.0,14.5,43.0,2353,2013.0,838,809.0,14.633333333333333,False,estresada,propagada,False,-66,
2026-09-16 14:38:54-03:00,1789580334,2143,38,6,3941,3068.0,14.4,43.0,2357,2018.0,832,804.0,14.633333333333333,False,estresada,propagada,False,-66,
2026-09-16 14:39:24-03:00,1789580364,2144,38,6,3956,3067.0,14.4,43.0,2363,2021.0,833,804.0,14.65,False,estresada,propagada,False,-66,
2026-09-16 14:39:54-03:00,1789580394,2145,38,6,3965,3063.0,14.4,42.0,2373,2027.0,831,803.0,14.65,False,estresada,propagada,False,-66,
2026-09-16 14:40:24-03:00,1789580424,2146,38,6,3968,3069.0,14.4,42.0,2368,2024.0,836,807.0,14.666666666666666,False,estresada,propagada,False,-66,
2026-09-16 14:40:54-03:00,1789580454,2147,38,6,3955,3063.0,14.4,42.0,2357,2018.0,833,803.0,14.666666666666666,False,estresada,propagada,False,-66,
2026-09-16 14:41:24-03:00,1789580484,2148,38,6,3953,3069.0,14.4,42.0,2367,2029.0,834,803.0,14.683333333333334,False,estresada,propagada,False,-66,
2026-09-16 14:41:54-03:00,1789580514,2149,38,6,3952,3067.0,14.4,43.0,2382,2032.0,834,806.0,14.683333333333334,False,estresada,propagada,False,-67,
2026-09-16 14:42:24-03:00,1789580544,2150,38,6,3956,3067.0,14.4,43.0,2375,2036.0,829,801.0,14.7,False,estresada,propagada,False,-66,
2026-09-16 14:42:54-03:00,1789580574,2151,38,6,3979,3070.0,14.4,43.0,2383,2035.0,837,811.0,14.7,False,estresada,propagada,False,-66,
2026-09-16 14:43:24-03:00,1789580604,2152,38,6,3954,3068.0,14.4,43.0,2383,2036.0,841,812.0,14.716666666666669,False,estresada,propagada,False,-66,
2026-09-16 14:43:54-03:00,1789580634,2153,38,6,3983,3066.0,14.4,43.0,2383,2037.0,843,813.0,14.716666666666669,False,estresada,propagada,False,-66,
2026-09-16 14:44:24-03:00,1789580664,2154,38,6,3971,3069.0,14.4,43.0,2384,2036.0,848,815.0,14.733333333333333,False,estresada,propagada,False,-66,
2026-09-16 14:44:54-03:00,1789580694,2155,38,6,3952,3065.0,14.8,43.0,2385,2038.0,833,804.0,14.733333333333333,False,estresada,propagada,False,-66,
2026-09-16 14:45:24-03:00,1789580724,2156,38,6,3963,3069.0,14.4,43.0,2385,2038.0,837,805.0,14.75,False,estresada,propagada,False,-66,
2026-09-16 14:45:54-03:00,1789580754,2157,38,6,3958,3068.0,14.4,43.0,2398,2042.0,832,803.0,14.75,False,estresada,propagada,False,-66,
2026-09-16 14:46:24-03:00,1789580784,2158,38,6,3952,3070.0,14.4,43.0,2391,2049.0,832,804.0,14.766666666666667,False,estresada,propagada,False,-66,
2026-09-16 14:46:54-03:00,1789580814,2159,38,6,3966,3065.0,14.4,43.0,2396,2049.0,831,804.0,14.766666666666667,False,estresada,propagada,False,-66,
2026-09-16 14:47:24-03:00,1789580844,2160,38,6,3966,3070.0,14.4,43.0,2401,2045.0,839,809.0,14.783333333333331,False,estresada,propagada,False,-66,
2026-09-16 14:47:54-03:00,1789580874,2161,38,6,3973,3068.0,14.8,43.0,2402,2051.0,837,809.0,14.783333333333331,False,estresada,propagada,False,-67,
2026-09-16 14:48:24-03:00,1789580904,2162,38,6,3971,3069.0,14.8,43.0,2399,2052.0,835,809.0,14.8,False,estresada,propagada,False,-67,
2026-09-16 14:48:54-03:00,1789580934,2163,38,6,3984,3071.0,14.8,43.0,2405,2053.0,829,802.0,14.8,False,estresada,propagada,False,-66,
2026-09-16 14:49:24-03:00,1789580964,2164,38,6,3981,3071.0,14.4,43.0,2407,2061.0,842,808.0,14.816666666666666,False,estresada,propagada,False,-66,
2026-09-16 14:49:54-03:00,1789580994,2165,38,6,3968,3071.0,14.4,43.0,2415,2063.0,844,809.0,14.816666666666666,False,estresada,propagada,False,-67,
2026-09-16 14:50:24-03:00,1789581024,2166,38,6,3984,3069.0,14.5,43.0,2413,2060.0,830,802.0,14.833333333333334,False,estresada,propagada,False,-66,
2026-09-16 14:50:54-03:00,1789581054,2167,38,6,3967,3073.0,14.4,43.0,2407,2055.0,839,808.0,14.833333333333334,False,estresada,propagada,False,-67,
2026-09-16 14:51:24-03:00,1789581084,2168,38,6,3982,3069.0,14.4,43.0,2416,2066.0,833,805.0,14.85,False,estresada,propagada,False,-66,
2026-09-16 14:51:54-03:00,1789581114,2169,38,6,3973,3070.0,14.4,43.0,2427,2060.0,838,805.0,14.85,False,estresada,propagada,False,-66,
2026-09-16 14:52:24-03:00,1789581144,2170,38,6,3983,3073.0,14.4,43.0,2414,2064.0,829,802.0,14.866666666666667,False,estresada,propagada,False,-66,
2026-09-16 14:52:54-03:00,1789581174,2171,38,6,3984,3071.0,14.4,43.0,2413,2068.0,832,803.0,14.866666666666667,False,estresada,propagada,False,-66,
2026-09-16 14:53:24-03:00,1789581204,2172,38,6,3962,3069.0,14.4,43.0,2429,2063.0,826,801.0,14.883333333333333,False,estresada,propagada,False,-66,
2026-09-16 14:53:54-03:00,1789581234,2173,38,6,3986,3073.0,14.4,43.0,2414,2064.0,830,800.0,14.883333333333333,False,estresada,propagada,False,-66,
2026-09-16 14:54:24-03:00,1789581264,2174,38,6,3979,3072.0,14.4,43.0,2435,2056.0,833,805.0,14.9,False,estresada,propagada,False,-66,
2026-09-16 14:54:54-03:00,1789581294,2175,38,6,3975,3071.0,14.4,43.0,2416,2067.0,832,803.0,14.9,False,estresada,propagada,False,-66,
2026-09-16 14:55:24-03:00,1789581324,2176,38,6,3953,3069.0,14.4,43.0,2423,2068.0,833,804.0,14.916666666666666,False,estresada,propagada,False,-66,
2026-09-16 14:55:54-03:00,1789581354,2177,38,6,3971,3076.0,14.4,43.0,2425,2072.0,831,803.0,14.916666666666666,False,estresada,propagada,False,-67,
2026-09-16 14:56:24-03:00,1789581384,2178,38,6,3979,3071.0,14.4,43.0,2429,2066.0,834,804.0,14.933333333333334,False,estresada,propagada,False,-66,
2026-09-16 14:56:54-03:00,1789581414,2179,38,6,3987,3069.0,14.4,43.0,2422,2065.0,829,802.0,14.933333333333334,False,estresada,propagada,False,-66,
2026-09-16 14:57:24-03:00,1789581444,2180,38,6,3991,3072.0,14.4,43.0,2416,2064.0,832,804.0,14.95,False,estresada,propagada,False,-67,
2026-09-16 14:57:54-03:00,1789581474,2181,38,6,3969,3074.0,14.4,43.0,2419,2065.0,833,805.0,14.95,False,estresada,propagada,False,-67,
2026-09-16 14:58:24-03:00,1789581504,2182,38,6,3973,3074.0,14.4,43.0,2427,2069.0,837,813.0,14.966666666666669,False,estresada,propagada,False,-67,
2026-09-16 14:58:54-03:00,1789581534,2183,38,6,3962,3071.0,14.5,43.0,2420,2076.0,843,812.0,14.966666666666669,False,estresada,propagada,False,-67,
2026-09-16 14:59:24-03:00,1789581564,2184,38,6,3978,3074.0,14.4,43.0,2418,2072.0,833,811.0,14.983333333333333,False,estresada,propagada,False,-67,
2026-09-16 14:59:54-03:00,1789581594,2185,38,6,3985,3075.0,14.4,43.0,2432,2069.0,834,809.0,14.983333333333333,False,estresada,propagada,False,-67,
2026-09-16 15:00:24-03:00,1789581624,2186,38,6,3983,3076.0,14.8,43.0,2431,2076.0,813,789.0,15.0,False,estresada,propagada,False,-67,
2026-09-16 15:00:54-03:00,1789581654,2187,38,6,3980,3075.0,14.8,43.0,2433,2076.0,832,805.0,15.0,False,estresada,propagada,False,-71,
2026-09-16 15:01:24-03:00,1789581684,2188,38,6,3982,3077.0,14.8,43.0,2433,2076.0,832,806.0,15.016666666666667,False,estresada,propagada,False,-66,
2026-09-16 15:01:54-03:00,1789581714,2189,38,6,3994,3076.0,14.5,43.0,2432,2079.0,835,806.0,15.016666666666667,False,estresada,propagada,False,-67,
2026-09-16 15:02:24-03:00,1789581744,2190,38,6,3979,3075.0,14.8,43.0,2445,2082.0,839,805.0,15.033333333333331,False,estresada,propagada,False,-66,
2026-09-16 15:02:54-03:00,1789581774,2191,38,6,3985,3076.0,14.8,43.0,2449,2089.0,841,806.0,15.033333333333331,False,estresada,propagada,False,-66,
2026-09-16 15:03:24-03:00,1789581804,2192,38,6,3987,3075.0,14.8,43.0,2442,2089.0,839,809.0,15.05,False,estresada,propagada,False,-66,
2026-09-16 15:03:54-03:00,1789581834,2193,38,6,3986,3078.0,14.8,43.0,2442,2086.0,838,809.0,15.05,False,estresada,propagada,False,-66,
2026-09-16 15:04:24-03:00,1789581864,2194,38,6,3983,3079.0,14.8,43.0,2439,2089.0,833,805.0,15.066666666666666,False,estresada,propagada,False,-66,
2026-09-16 15:04:54-03:00,1789581894,2195,38,6,3978,3076.0,14.8,43.0,2451,2089.0,833,806.0,15.066666666666666,False,estresada,propagada,False,-66,
2026-09-16 15:05:24-03:00,1789581924,2196,38,6,3978,3079.0,14.8,43.0,2460,2101.0,837,805.0,15.083333333333334,False,estresada,propagada,False,-67,
2026-09-16 15:05:54-03:00,1789581954,2197,38,6,3989,3071.0,14.8,43.0,2455,2097.0,851,818.0,15.083333333333334,False,estresada,propagada,False,-66,
2026-09-16 15:06:24-03:00,1789581984,2198,38,6,3985,3079.0,14.8,43.0,2456,2099.0,831,805.0,15.1,False,estresada,propagada,False,-67,
2026-09-16 15:06:54-03:00,1789582014,2199,38,6,3983,3077.0,14.8,43.0,2467,2101.0,832,801.0,15.1,False,estresada,propagada,False,-67,
2026-09-16 15:07:24-03:00,1789582044,2200,38,6,3984,3075.0,14.8,43.0,2455,2102.0,843,816.0,15.116666666666667,False,estresada,propagada,False,-67,
2026-09-16 15:07:54-03:00,1789582074,2201,38,6,3994,3077.0,14.8,43.0,2458,2095.0,843,808.0,15.116666666666667,False,estresada,propagada,False,-67,
2026-09-16 15:08:24-03:00,1789582104,2202,38,6,3995,3080.0,14.8,43.0,2461,2102.0,839,809.0,15.133333333333333,False,estresada,propagada,False,-67,
2026-09-16 15:08:54-03:00,1789582134,2203,38,6,4001,3076.0,14.8,43.0,2468,2104.0,843,812.0,15.133333333333333,False,estresada,propagada,False,-67,
2026-09-16 15:09:24-03:00,1789582164,2204,38,6,3985,3076.0,14.8,43.0,2462,2106.0,848,814.0,15.15,False,estresada,propagada,False,-67,
2026-09-16 15:09:54-03:00,1789582194,2205,38,6,3984,3082.0,14.8,43.0,2466,2107.0,843,813.0,15.15,False,estresada,propagada,False,-67,
2026-09-16 15:10:24-03:00,1789582224,2206,38,6,3984,3083.0,14.8,43.0,2471,2110.0,851,822.0,15.166666666666666,False,estresada,propagada,False,-67,
2026-09-16 15:10:54-03:00,1789582254,2207,38,6,3984,3083.0,14.8,43.0,2481,2109.0,854,820.0,15.166666666666666,False,estresada,propagada,False,-66,
2026-09-16 15:11:24-03:00,1789582284,2208,38,6,3986,3082.0,14.8,43.0,2474,2111.0,855,820.0,15.183333333333334,False,estresada,propagada,False,-67,
2026-09-16 15:11:54-03:00,1789582314,2209,38,6,4006,3080.0,14.8,43.0,2477,2111.0,847,813.0,15.183333333333334,False,estresada,propagada,False,-67,
2026-09-16 15:12:24-03:00,1789582344,2210,38,6,3994,3078.0,14.8,43.0,2492,2115.0,846,813.0,15.2,False,estresada,propagada,False,-67,
2026-09-16 15:12:54-03:00,1789582374,2211,38,6,4005,3082.0,14.8,43.0,2483,2120.0,839,811.0,15.2,False,estresada,propagada,False,-67,
2026-09-16 15:13:24-03:00,1789582404,2212,38,6,3986,3080.0,14.8,43.0,2496,2119.0,850,816.0,15.216666666666669,False,estresada,propagada,False,-67,
2026-09-16 15:13:54-03:00,1789582434,2213,38,6,3995,3078.0,14.8,43.0,2494,2127.0,850,818.0,15.216666666666669,False,estresada,propagada,False,-67,
2026-09-16 15:14:24-03:00,1789582464,2214,38,6,4007,3083.0,14.8,43.0,2496,2120.0,840,811.0,15.233333333333333,False,estresada,propagada,False,-67,
2026-09-16 15:14:54-03:00,1789582494,2215,38,6,4011,3082.0,14.8,43.0,2474,2114.0,843,808.0,15.233333333333333,False,estresada,propagada,False,-67,
2026-09-16 15:15:24-03:00,1789582524,2216,38,6,3984,3079.0,14.8,43.0,2502,2131.0,839,808.0,15.25,False,estresada,propagada,False,-67,
2026-09-16 15:15:54-03:00,1789582554,2217,38,6,3983,3077.0,14.8,43.0,2497,2130.0,847,813.0,15.25,False,estresada,propagada,False,-67,
2026-09-16 15:16:24-03:00,1789582584,2218,38,6,4000,3083.0,14.8,43.0,2512,2130.0,848,815.0,15.266666666666667,False,estresada,propagada,False,-67,
2026-09-16 15:16:54-03:00,1789582614,2219,38,6,4000,3083.0,14.8,43.0,2506,2130.0,842,809.0,15.266666666666667,False,estresada,propagada,False,-67,
2026-09-16 15:17:24-03:00,1789582644,2220,38,6,4004,3082.0,14.4,43.0,2511,2133.0,837,806.0,15.283333333333331,False,estresada,propagada,False,-67,
2026-09-16 15:17:54-03:00,1789582674,2221,38,6,4001,3083.0,14.4,43.0,2509,2135.0,841,812.0,15.283333333333331,False,estresada,propagada,False,-67,
2026-09-16 15:18:24-03:00,1789582704,2222,38,6,4005,3084.0,14.8,43.0,2503,2137.0,846,809.0,15.3,False,estresada,propagada,False,-67,
2026-09-16 15:18:54-03:00,1789582734,2223,38,6,4007,3087.0,14.8,43.0,2509,2134.0,831,805.0,15.3,False,estresada,propagada,False,-67,
2026-09-16 15:19:24-03:00,1789582764,2224,38,6,4019,3080.0,14.8,43.0,2510,2139.0,848,814.0,15.316666666666666,False,estresada,propagada,False,-67,
2026-09-16 15:19:54-03:00,1789582794,2225,38,6,4015,3089.0,14.8,43.0,2518,2140.0,845,812.0,15.316666666666666,False,estresada,propagada,False,-67,
2026-09-16 15:20:24-03:00,1789582824,2226,38,6,4002,3087.0,14.8,43.0,2513,2144.0,846,813.0,15.333333333333334,False,estresada,propagada,False,-67,
2026-09-16 15:20:54-03:00,1789582854,2227,38,6,4017,3090.0,14.8,43.0,2524,2147.0,845,812.0,15.333333333333334,False,estresada,propagada,False,-67,
2026-09-16 15:21:24-03:00,1789582884,2228,38,6,4026,3086.0,14.8,43.0,2512,2140.0,846,816.0,15.35,False,estresada,propagada,False,-67,
2026-09-16 15:21:54-03:00,1789582914,2229,38,6,4011,3089.0,14.8,43.0,2522,2146.0,843,816.0,15.35,False,estresada,propagada,False,-67,
2026-09-16 15:22:24-03:00,1789582944,2230,38,6,4016,3094.0,15.2,43.0,2521,2154.0,859,824.0,15.366666666666667,False,estresada,propagada,False,-67,
2026-09-16 15:22:54-03:00,1789582974,2231,38,6,3999,3091.0,15.2,43.0,2517,2152.0,850,820.0,15.366666666666667,False,estresada,propagada,False,-67,
2026-09-16 15:23:24-03:00,1789583004,2232,38,6,4032,3095.0,14.8,43.0,2526,2154.0,849,816.0,15.383333333333333,False,estresada,propagada,False,-67,
2026-09-16 15:23:54-03:00,1789583034,2233,38,6,4017,3096.0,14.8,43.0,2530,2158.0,838,804.0,15.383333333333333,False,estresada,propagada,False,-67,
2026-09-16 15:24:24-03:00,1789583064,2234,38,6,4036,3101.0,14.8,43.0,2535,2155.0,843,814.0,15.4,False,estresada,propagada,False,-67,
2026-09-16 15:24:54-03:00,1789583094,2235,38,6,4032,3096.0,14.8,43.0,2528,2154.0,839,809.0,15.4,False,estresada,propagada,False,-67,
2026-09-16 15:25:24-03:00,1789583124,2236,38,6,4038,3099.0,14.8,43.0,2539,2160.0,848,814.0,15.416666666666666,False,estresada,propagada,False,-67,
2026-09-16 15:25:54-03:00,1789583154,2237,38,6,4037,3096.0,14.8,43.0,2538,2161.0,848,817.0,15.416666666666666,False,estresada,propagada,False,-67,
2026-09-16 15:26:24-03:00,1789583184,2238,38,6,4025,3100.0,14.8,43.0,2540,2160.0,848,816.0,15.433333333333334,False,estresada,propagada,False,-66,
2026-09-16 15:26:54-03:00,1789583214,2239,38,6,4031,3098.0,14.8,43.0,2544,2155.0,848,817.0,15.433333333333334,False,estresada,propagada,False,-66,
2026-09-16 15:27:24-03:00,1789583244,2240,38,6,4055,3100.0,14.8,43.0,2542,2163.0,853,817.0,15.45,False,estresada,propagada,False,-67,
2026-09-16 15:27:54-03:00,1789583274,2241,38,6,4049,3101.0,14.9,43.0,2511,2140.0,846,816.0,15.45,False,estresada,propagada,False,-67,
2026-09-16 15:28:24-03:00,1789583304,2242,38,6,4050,3103.0,14.8,43.0,2512,2146.0,844,813.0,15.466666666666669,False,estresada,propagada,False,-66,
2026-09-16 15:28:54-03:00,1789583334,2243,38,6,4048,3098.0,14.8,43.0,2515,2150.0,848,816.0,15.466666666666669,False,estresada,propagada,False,-66,
2026-09-16 15:29:24-03:00,1789583364,2244,38,6,4032,3098.0,15.2,43.0,2523,2150.0,851,819.0,15.483333333333333,False,estresada,propagada,False,-66,
2026-09-16 15:29:54-03:00,1789583394,2245,38,6,4049,3099.0,14.8,43.0,2518,2144.0,847,816.0,15.483333333333333,False,estresada,propagada,False,-67,
2026-09-16 15:30:24-03:00,1789583424,2246,38,6,4045,3099.0,14.8,43.0,2501,2133.0,847,813.0,15.5,False,estresada,propagada,False,-67,
2026-09-16 15:30:54-03:00,1789583454,2247,38,6,4035,3098.0,14.8,43.0,2502,2133.0,843,812.0,15.5,False,estresada,propagada,False,-66,
2026-09-16 15:31:24-03:00,1789583484,2248,38,6,4043,3098.0,14.8,43.0,2495,2130.0,837,812.0,15.516666666666667,False,estresada,propagada,False,-66,
2026-09-16 15:31:54-03:00,1789583514,2249,38,6,4048,3104.0,15.2,43.0,2505,2138.0,816,792.0,15.516666666666667,False,estresada,propagada,False,-67,
2026-09-16 15:32:24-03:00,1789583544,2250,38,6,4025,3098.0,14.8,43.0,2512,2140.0,842,809.0,15.533333333333331,False,estresada,propagada,False,-66,
2026-09-16 15:32:54-03:00,1789583574,2251,38,6,4055,3098.0,14.8,43.0,2519,2141.0,841,814.0,15.533333333333331,False,estresada,propagada,False,-66,
2026-09-16 15:33:24-03:00,1789583604,2252,38,6,4062,3103.0,14.8,43.0,2519,2140.0,841,816.0,15.55,False,estresada,propagada,False,-66,
2026-09-16 15:33:54-03:00,1789583634,2253,38,6,4047,3103.0,14.8,43.0,2514,2141.0,841,808.0,15.55,False,estresada,propagada,False,-67,
2026-09-16 15:34:24-03:00,1789583664,2254,38,6,4054,3101.0,14.8,43.0,2508,2137.0,839,809.0,15.566666666666666,False,estresada,propagada,False,-66,
2026-09-16 15:34:54-03:00,1789583694,2255,38,6,4046,3103.0,14.8,43.0,2512,2138.0,843,815.0,15.566666666666666,False,estresada,propagada,False,-67,
2026-09-16 15:35:24-03:00,1789583724,2256,38,6,4071,3104.0,14.8,43.0,2513,2142.0,846,810.0,15.583333333333334,False,estresada,propagada,False,-66,
2026-09-16 15:35:54-03:00,1789583754,2257,38,6,4045,3104.0,15.2,43.0,2512,2142.0,850,818.0,15.583333333333334,False,estresada,propagada,False,-66,
2026-09-16 15:36:24-03:00,1789583784,2258,38,6,4050,3107.0,15.2,43.0,2518,2143.0,854,820.0,15.6,False,estresada,propagada,False,-67,
2026-09-16 15:36:54-03:00,1789583814,2259,38,6,4051,3103.0,15.2,43.0,2512,2141.0,853,817.0,15.6,False,estresada,propagada,False,-66,
2026-09-16 15:37:24-03:00,1789583844,2260,38,6,4046,3105.0,15.7,43.0,2519,2146.0,859,824.0,15.616666666666667,False,estresada,propagada,False,-67,
2026-09-16 15:37:54-03:00,1789583874,2261,38,6,4050,3112.0,15.7,43.0,2522,2149.0,854,820.0,15.616666666666667,False,estresada,propagada,False,-66,
2026-09-16 15:38:24-03:00,1789583904,2262,38,6,4076,3107.0,15.7,43.0,2514,2141.0,829,804.0,15.633333333333333,False,estresada,propagada,False,-67,
2026-09-16 15:38:54-03:00,1789583934,2263,38,6,4075,3109.0,15.2,43.0,2515,2142.0,834,806.0,15.633333333333333,False,estresada,propagada,False,-67,
2026-09-16 15:39:24-03:00,1789583964,2264,38,6,4063,3110.0,15.2,43.0,2512,2144.0,838,807.0,15.65,False,estresada,propagada,False,-67,
2026-09-16 15:39:54-03:00,1789583994,2265,38,6,4070,3109.0,15.2,43.0,2512,2151.0,813,787.0,15.65,False,estresada,propagada,False,-67,
2026-09-16 15:40:24-03:00,1789584024,2266,38,6,4061,3113.0,15.2,43.0,2525,2145.0,838,810.0,15.666666666666666,False,estresada,propagada,False,-67,
2026-09-16 15:40:54-03:00,1789584054,2267,38,6,4078,3113.0,15.2,43.0,2519,2148.0,848,816.0,15.666666666666666,False,estresada,propagada,False,-67,
2026-09-16 15:41:24-03:00,1789584084,2268,38,6,4083,3117.0,15.2,43.0,2521,2146.0,850,816.0,15.683333333333334,False,estresada,propagada,False,-67,
2026-09-16 15:41:54-03:00,1789584114,2269,38,6,4095,3118.0,15.2,43.0,2516,2142.0,845,815.0,15.683333333333334,False,estresada,propagada,False,-67,luz_saturada
2026-09-16 15:42:24-03:00,1789584144,2270,38,6,4089,3117.0,15.2,43.0,2522,2149.0,848,816.0,15.7,False,estresada,propagada,False,-67,
2026-09-16 15:42:54-03:00,1789584174,2271,38,6,4075,3115.0,15.2,43.0,2523,2152.0,859,820.0,15.7,False,estresada,propagada,False,-67,
2026-09-16 15:43:24-03:00,1789584204,2272,38,6,4075,3124.0,15.2,43.0,2507,2145.0,853,820.0,15.716666666666669,False,estresada,propagada,False,-67,
2026-09-16 15:43:54-03:00,1789584234,2273,38,6,4092,3123.0,15.7,43.0,2535,2149.0,865,828.0,15.716666666666669,False,estresada,propagada,False,-66,
2026-09-16 15:44:24-03:00,1789584264,2274,38,6,4095,3124.0,15.7,43.0,2522,2146.0,863,822.0,15.733333333333333,False,estresada,propagada,False,-66,luz_saturada
2026-09-16 15:44:54-03:00,1789584294,2275,38,6,4095,3124.0,15.7,43.0,2512,2146.0,855,818.0,15.733333333333333,False,estresada,propagada,False,-67,luz_saturada
2026-09-16 15:45:24-03:00,1789584324,2276,38,6,4095,3124.0,15.6,43.0,2512,2147.0,867,832.0,15.75,False,estresada,propagada,False,-67,luz_saturada
2026-09-16 15:45:54-03:00,1789584354,2277,38,6,4095,3124.0,15.7,43.0,2521,2143.0,869,831.0,15.75,False,estresada,propagada,False,-67,luz_saturada
2026-09-16 15:46:24-03:00,1789584384,2278,38,6,4095,3124.0,15.7,43.0,2517,2142.0,869,838.0,15.766666666666667,False,estresada,propagada,False,-67,luz_saturada
2026-09-16 15:46:54-03:00,1789584414,2279,38,6,4095,3124.0,15.7,43.0,2518,2146.0,862,828.0,15.766666666666667,False,estresada,propagada,False,-67,luz_saturada
2026-09-16 15:47:24-03:00,1789584444,2280,38,6,4095,3124.0,15.7,43.0,2512,2140.0,874,839.0,15.783333333333331,False,estresada,propagada,False,-67,luz_saturada
2026-09-16 15:47:54-03:00,1789584474,2281,38,6,4095,3124.0,15.7,43.0,2517,2142.0,871,833.0,15.783333333333331,False,estresada,propagada,False,-67,luz_saturada
2026-09-16 15:48:24-03:00,1789584504,2282,38,6,4095,3124.0,15.7,43.0,2526,2146.0,877,836.0,15.8,False,estresada,propagada,False,-67,luz_saturada
2026-09-16 15:48:54-03:00,1789584534,2283,38,6,4095,3124.0,15.7,43.0,2523,2145.0,865,831.0,15.8,False,estresada,propagada,False,-67,luz_saturada
2026-09-16 15:49:24-03:00,1789584564,2284,38,6,4095,3124.0,15.7,43.0,2521,2144.0,857,827.0,15.816666666666666,False,estresada,propagada,False,-67,luz_saturada
2026-09-16 15:49:54-03:00,1789584594,2285,38,6,4095,3124.0,15.2,43.0,2519,2145.0,863,828.0,15.816666666666666,False,estresada,propagada,False,-68,luz_saturada
2026-09-16 15:50:24-03:00,1789584624,2286,38,6,4095,3124.0,15.3,43.0,2513,2147.0,867,834.0,15.833333333333334,False,estresada,propagada,False,-66,luz_saturada
2026-09-16 15:50:54-03:00,1789584654,2287,38,6,4095,3124.0,15.7,43.0,2519,2145.0,859,824.0,15.833333333333334,False,estresada,propagada,False,-67,luz_saturada
2026-09-16 15:51:24-03:00,1789584684,2288,38,6,4089,3124.0,15.7,43.0,2515,2144.0,864,828.0,15.85,False,estresada,propagada,False,-67,
2026-09-16 15:51:54-03:00,1789584714,2289,38,6,4095,3124.0,15.7,43.0,2520,2142.0,879,843.0,15.85,False,estresada,propagada,False,-66,luz_saturada
2026-09-16 15:52:24-03:00,1789584744,2290,38,6,4095,3124.0,15.7,43.0,2517,2147.0,873,839.0,15.866666666666667,False,estresada,propagada,False,-67,luz_saturada
2026-09-16 15:52:54-03:00,1789584774,2291,38,6,4095,3124.0,15.7,43.0,2521,2147.0,867,832.0,15.866666666666667,False,estresada,propagada,False,-67,luz_saturada
2026-09-16 15:53:24-03:00,1789584804,2292,38,6,4095,3122.0,15.7,43.0,2525,2151.0,857,828.0,15.883333333333333,False,estresada,propagada,False,-67,luz_saturada
2026-09-16 15:53:54-03:00,1789584834,2293,38,6,4080,3121.0,15.7,43.0,2517,2149.0,876,837.0,15.883333333333333,False,estresada,propagada,False,-67,
2026-09-16 15:54:24-03:00,1789584864,2294,38,6,4095,3118.0,15.7,43.0,2512,2145.0,871,834.0,15.9,False,estresada,propagada,False,-68,luz_saturada
2026-09-16 15:54:54-03:00,1789584894,2295,38,6,4095,3120.0,15.7,43.0,2509,2142.0,846,812.0,15.9,False,estresada,propagada,False,-67,luz_saturada
2026-09-16 15:55:24-03:00,1789584924,2296,38,6,4086,3124.0,15.7,43.0,2519,2142.0,877,837.0,15.916666666666666,False,estresada,propagada,False,-67,
2026-09-16 15:55:56-03:00,1789584956,2297,38,6,4074,3118.0,15.7,43.0,2512,2140.0,879,842.0,15.916666666666666,False,estresada,propagada,False,-67,
2026-09-16 15:56:24-03:00,1789584984,2298,38,6,4095,3120.0,15.7,43.0,2519,2145.0,881,841.0,15.933333333333334,False,estresada,propagada,False,-67,luz_saturada
2026-09-16 15:56:54-03:00,1789585014,2299,38,6,4095,3124.0,15.7,43.0,2515,2140.0,878,840.0,15.933333333333334,False,estresada,propagada,False,-67,luz_saturada
2026-09-16 15:57:24-03:00,1789585044,2300,38,6,4095,3124.0,15.7,43.0,2511,2140.0,880,838.0,15.95,False,estresada,propagada,False,-67,luz_saturada
2026-09-16 15:57:54-03:00,1789585074,2301,38,6,4095,3124.0,15.7,43.0,2511,2131.0,866,835.0,15.95,False,estresada,propagada,False,-66,luz_saturada
2026-09-16 15:58:24-03:00,1789585104,2302,38,6,4095,3124.0,15.7,43.0,2501,2140.0,866,832.0,15.966666666666669,False,estresada,propagada,False,-67,luz_saturada
2026-09-16 15:58:54-03:00,1789585134,2303,38,6,4095,3124.0,15.7,43.0,2514,2140.0,863,831.0,15.966666666666669,False,estresada,propagada,False,-66,luz_saturada
2026-09-16 15:59:24-03:00,1789585164,2304,38,6,4095,3124.0,15.7,43.0,2519,2142.0,865,832.0,15.983333333333333,False,estresada,propagada,False,-66,luz_saturada
2026-09-16 15:59:54-03:00,1789585194,2305,38,6,4095,3124.0,15.7,43.0,2509,2139.0,875,839.0,15.983333333333333,False,estresada,propagada,False,-68,luz_saturada
2026-09-16 16:00:24-03:00,1789585224,2306,38,6,4095,3124.0,15.7,43.0,2507,2135.0,843,809.0,16.0,False,estresada,propagada,False,-67,luz_saturada
2026-09-16 16:00:54-03:00,1789585254,2307,38,6,4095,3120.0,15.7,43.0,2515,2144.0,857,824.0,16.0,False,estresada,propagada,False,-66,luz_saturada
2026-09-16 16:01:24-03:00,1789585284,2308,38,6,4069,3117.0,15.7,43.0,2523,2148.0,870,833.0,16.016666666666666,False,estresada,propagada,False,-67,
2026-09-16 16:01:54-03:00,1789585314,2309,38,6,4080,3117.0,15.7,43.0,2514,2142.0,860,829.0,16.016666666666666,False,estresada,propagada,False,-66,
2026-09-16 16:02:24-03:00,1789585344,2310,38,6,4079,3115.0,15.7,43.0,2518,2146.0,862,829.0,16.033333333333335,False,estresada,propagada,False,-66,
2026-09-16 16:02:54-03:00,1789585374,2311,38,6,4071,3117.0,15.7,43.0,2523,2147.0,864,830.0,16.033333333333335,False,estresada,propagada,False,-66,
2026-09-16 16:03:24-03:00,1789585404,2312,38,6,4069,3116.0,15.2,43.0,2528,2151.0,859,825.0,16.05,False,estresada,propagada,False,-66,
2026-09-16 16:03:54-03:00,1789585434,2313,38,6,4090,3120.0,15.7,43.0,2515,2142.0,874,836.0,16.05,False,estresada,propagada,False,-66,
2026-09-16 16:04:24-03:00,1789585464,2314,38,6,4095,3120.0,15.7,43.0,2512,2144.0,822,798.0,16.066666666666666,False,estresada,propagada,False,-66,luz_saturada
2026-09-16 16:04:54-03:00,1789585494,2315,38,6,4086,3120.0,15.2,43.0,2502,2140.0,817,795.0,16.066666666666666,False,estresada,propagada,False,-66,
2026-09-16 16:05:24-03:00,1789585524,2316,38,6,4084,3120.0,15.2,43.0,2515,2134.0,843,808.0,16.083333333333332,False,estresada,propagada,False,-66,
2026-09-16 16:05:54-03:00,1789585554,2317,38,6,4095,3124.0,15.2,43.0,2515,2144.0,862,828.0,16.083333333333332,False,estresada,propagada,False,-67,luz_saturada
2026-09-16 16:06:24-03:00,1789585584,2318,38,6,4095,3124.0,15.2,43.0,2522,2141.0,861,824.0,16.1,False,estresada,propagada,False,-66,luz_saturada
2026-09-16 16:06:54-03:00,1789585614,2319,38,6,4095,3124.0,15.2,43.0,2514,2147.0,859,821.0,16.1,False,estresada,propagada,False,-66,luz_saturada
2026-09-16 16:07:24-03:00,1789585644,2320,38,6,4095,3124.0,15.2,43.0,2519,2146.0,854,821.0,16.116666666666667,False,estresada,propagada,False,-66,luz_saturada
2026-09-16 16:07:54-03:00,1789585674,2321,38,6,4095,3124.0,15.2,43.0,2525,2150.0,857,822.0,16.116666666666667,False,estresada,propagada,False,-66,luz_saturada
2026-09-16 16:08:24-03:00,1789585704,2322,38,6,4095,3124.0,15.7,43.0,2502,2138.0,832,804.0,16.133333333333333,False,estresada,propagada,False,-66,luz_saturada
2026-09-16 16:08:54-03:00,1789585734,2323,38,6,4095,3124.0,15.7,43.0,2513,2141.0,832,803.0,16.133333333333333,False,estresada,propagada,False,-69,luz_saturada
2026-09-16 16:09:24-03:00,1789585764,2324,38,6,4095,3124.0,15.7,43.0,2514,2148.0,817,797.0,16.15,False,estresada,propagada,False,-66,luz_saturada
2026-09-16 16:09:54-03:00,1789585794,2325,38,6,4095,3124.0,15.7,43.0,2513,2142.0,808,787.0,16.15,False,estresada,propagada,False,-66,luz_saturada
2026-09-16 16:10:24-03:00,1789585824,2326,38,6,4095,3124.0,15.2,43.0,2530,2145.0,836,805.0,16.166666666666668,False,estresada,propagada,False,-66,luz_saturada
2026-09-16 16:10:54-03:00,1789585854,2327,38,6,4095,3124.0,15.2,43.0,2525,2150.0,821,792.0,16.166666666666668,False,estresada,propagada,False,-66,luz_saturada
2026-09-16 16:11:24-03:00,1789585884,2328,38,6,4095,3124.0,15.2,43.0,2517,2146.0,823,800.0,16.183333333333334,False,estresada,propagada,False,-66,luz_saturada
2026-09-16 16:11:54-03:00,1789585914,2329,38,6,4095,3124.0,15.2,43.0,2512,2138.0,838,811.0,16.183333333333334,False,estresada,propagada,False,-66,luz_saturada
2026-09-16 16:12:24-03:00,1789585944,2330,38,6,4095,3124.0,15.2,43.0,2513,2147.0,844,813.0,16.2,False,estresada,propagada,False,-66,luz_saturada
2026-09-16 16:12:54-03:00,1789585974,2331,38,6,4095,3124.0,15.2,43.0,2523,2142.0,852,820.0,16.2,False,estresada,propagada,False,-66,luz_saturada
2026-09-16 16:13:24-03:00,1789586004,2332,38,6,4095,3124.0,15.2,43.0,2534,2146.0,862,825.0,16.216666666666665,False,estresada,propagada,False,-66,luz_saturada
2026-09-16 16:13:54-03:00,1789586034,2333,38,6,4095,3124.0,15.2,43.0,2513,2142.0,886,846.0,16.216666666666665,False,estresada,propagada,False,-67,luz_saturada
2026-09-16 16:14:24-03:00,1789586064,2334,38,6,4095,3124.0,15.2,43.0,2517,2139.0,915,870.0,16.233333333333334,False,estresada,propagada,False,-67,luz_saturada
2026-09-16 16:14:54-03:00,1789586094,2335,38,6,4095,3124.0,15.7,43.0,2521,2148.0,935,890.0,16.233333333333334,False,estresada,propagada,False,-67,luz_saturada
2026-09-16 16:15:24-03:00,1789586124,2336,38,6,4095,3124.0,16.6,43.0,2506,2140.0,944,894.0,16.25,False,estresada,propagada,False,-67,luz_saturada
2026-09-16 16:15:54-03:00,1789586154,2337,38,6,4095,3124.0,17.8,43.0,2516,2147.0,994,934.0,16.25,False,estresada,propagada,False,-67,luz_saturada
2026-09-16 16:16:24-03:00,1789586184,2338,38,6,4095,3124.0,19.0,43.0,2523,2146.0,1006,941.0,16.266666666666666,False,estresada,propagada,False,-67,luz_saturada
2026-09-16 16:16:54-03:00,1789586214,2339,38,6,4095,3124.0,20.2,42.0,2517,2142.0,1047,972.0,16.266666666666666,False,estresada,propagada,False,-67,luz_saturada
2026-09-16 16:17:24-03:00,1789586244,2340,38,6,4095,3124.0,21.8,40.0,2517,2148.0,1023,956.0,16.283333333333335,False,estresada,propagada,False,-68,luz_saturada
2026-09-16 16:17:54-03:00,1789586274,2341,38,6,4095,3124.0,22.6,39.0,2518,2145.0,1088,1007.0,16.283333333333335,False,estresada,propagada,False,-67,luz_saturada
2026-09-16 16:18:24-03:00,1789586304,2342,38,6,4095,3124.0,23.4,38.0,2507,2139.0,1103,1018.0,16.3,False,estresada,propagada,False,-67,luz_saturada
2026-09-16 16:18:54-03:00,1789586334,2343,38,6,4095,3124.0,24.1,37.0,2511,2144.0,1078,1000.0,16.3,False,estresada,propagada,False,-67,luz_saturada
2026-09-16 16:19:24-03:00,1789586364,2344,38,6,4095,3124.0,24.5,36.0,2513,2141.0,1125,1034.0,16.316666666666666,False,estresada,propagada,False,-69,luz_saturada
2026-09-16 16:19:54-03:00,1789586394,2345,38,6,4095,3124.0,24.8,35.0,2506,2136.0,1072,995.0,16.316666666666666,False,estresada,propagada,False,-67,luz_saturada
2026-09-16 16:20:24-03:00,1789586424,2346,38,6,4095,3124.0,25.3,35.0,2507,2140.0,1079,997.0,16.333333333333332,False,estresada,propagada,False,-67,luz_saturada
2026-09-16 16:20:54-03:00,1789586454,2347,38,6,4095,3124.0,25.8,34.0,2509,2137.0,959,906.0,16.333333333333332,False,estresada,propagada,False,-68,luz_saturada
2026-09-16 16:21:24-03:00,1789586484,2348,38,6,4095,3124.0,24.8,33.0,2503,2139.0,983,922.0,16.35,False,estresada,propagada,False,-67,luz_saturada
2026-09-16 16:21:54-03:00,1789586514,2349,38,6,4095,3124.0,24.1,33.0,2492,2134.0,1067,991.0,16.35,False,estresada,propagada,False,-67,luz_saturada
2026-09-16 16:22:24-03:00,1789586544,2350,38,6,4095,3124.0,24.5,34.0,2496,2124.0,1085,1007.0,16.366666666666667,False,estresada,propagada,False,-68,luz_saturada
2026-09-16 16:22:54-03:00,1789586574,2351,38,6,4095,3124.0,24.5,34.0,2496,2123.0,1087,1007.0,16.366666666666667,False,estresada,propagada,False,-67,luz_saturada
2026-09-16 16:23:24-03:00,1789586604,2352,38,6,4095,3124.0,24.8,34.0,2497,2126.0,1095,1011.0,16.383333333333333,False,estresada,propagada,False,-68,luz_saturada
2026-09-16 16:23:54-03:00,1789586634,2353,38,6,4095,3124.0,25.3,33.0,2498,2126.0,1111,1028.0,16.383333333333333,False,estresada,propagada,False,-68,luz_saturada
2026-09-16 16:24:24-03:00,1789586664,2354,38,6,4095,3124.0,25.3,33.0,2495,2123.0,1138,1046.0,16.4,False,estresada,propagada,False,-68,luz_saturada
2026-09-16 16:24:54-03:00,1789586694,2355,38,6,4095,3124.0,25.8,33.0,2489,2123.0,1144,1055.0,16.4,False,estresada,propagada,False,-68,luz_saturada
2026-09-16 16:25:24-03:00,1789586724,2356,38,6,4095,3124.0,25.8,33.0,2483,2115.0,1152,1057.0,16.416666666666668,False,estresada,propagada,False,-68,luz_saturada
2026-09-16 16:25:54-03:00,1789586754,2357,38,6,4095,3124.0,26.2,32.0,2483,2117.0,1087,1006.0,16.416666666666668,False,estresada,propagada,False,-68,luz_saturada
2026-09-16 16:26:24-03:00,1789586784,2358,38,6,4095,3124.0,26.2,32.0,2476,2115.0,1137,1046.0,16.433333333333334,False,estresada,propagada,False,-68,luz_saturada
2026-09-16 16:26:54-03:00,1789586814,2359,38,6,4095,3124.0,25.8,32.0,2477,2111.0,1137,1046.0,16.433333333333334,False,estresada,propagada,False,-67,luz_saturada
2026-09-16 16:27:24-03:00,1789586844,2360,38,6,4095,3124.0,25.8,32.0,2471,2111.0,1146,1048.0,16.45,False,estresada,propagada,False,-67,luz_saturada
2026-09-16 16:27:54-03:00,1789586874,2361,38,6,4095,3124.0,26.7,32.0,2474,2103.0,1173,1078.0,16.45,False,estresada,propagada,False,-68,luz_saturada
2026-09-16 16:28:24-03:00,1789586904,2362,38,6,4095,3124.0,26.7,32.0,2466,2102.0,1196,1091.0,16.466666666666665,False,estresada,propagada,False,-68,luz_saturada
2026-09-16 16:28:54-03:00,1789586934,2363,38,6,4095,3124.0,27.6,32.0,2458,2093.0,1185,1084.0,16.466666666666665,False,estresada,propagada,False,-68,luz_saturada
2026-09-16 16:29:24-03:00,1789586964,2364,38,6,4095,3124.0,28.0,31.0,2457,2091.0,1201,1096.0,16.483333333333334,False,estresada,propagada,False,-68,luz_saturada
2026-09-16 16:29:56-03:00,1789586996,2365,38,6,4095,3124.0,28.0,30.0,2454,2089.0,1073,995.0,16.483333333333334,False,estresada,propagada,False,-67,luz_saturada
2026-09-16 16:30:26-03:00,1789587026,2366,38,6,4095,3124.0,27.6,30.0,2443,2084.0,1087,1007.0,16.5,False,estresada,propagada,False,-67,luz_saturada
2026-09-16 16:30:54-03:00,1789587054,2367,38,6,4095,3124.0,27.6,30.0,2445,2084.0,1149,1053.0,16.5,False,estresada,propagada,False,-68,luz_saturada
2026-09-16 16:31:26-03:00,1789587086,2368,38,6,4095,3124.0,27.1,30.0,2443,2079.0,1165,1071.0,16.516666666666666,False,estresada,propagada,False,-67,luz_saturada
2026-09-16 16:31:54-03:00,1789587114,2369,38,6,4095,3124.0,27.1,30.0,2428,2080.0,1191,1089.0,16.516666666666666,False,estresada,propagada,False,-68,luz_saturada
2026-09-16 16:32:26-03:00,1789587146,2370,38,6,4095,3124.0,27.1,30.0,2432,2076.0,1183,1081.0,16.533333333333335,False,estresada,propagada,False,-70,luz_saturada
2026-09-16 16:32:54-03:00,1789587174,2371,38,6,4095,3124.0,27.6,30.0,2432,2077.0,1170,1071.0,16.533333333333335,False,estresada,propagada,False,-68,luz_saturada
2026-09-16 16:33:24-03:00,1789587204,2372,38,6,4095,3124.0,27.6,30.0,2429,2074.0,1178,1085.0,16.55,False,estresada,propagada,False,-67,luz_saturada
2026-09-16 16:33:57-03:00,1789587237,2373,38,6,4095,3124.0,27.6,30.0,2425,2067.0,1103,1018.0,16.55,False,estresada,propagada,False,-67,luz_saturada
2026-09-16 16:34:25-03:00,1789587265,2374,38,6,4095,3124.0,27.6,30.0,2409,2064.0,1155,1059.0,16.566666666666666,False,estresada,propagada,False,-67,luz_saturada
2026-09-16 16:34:55-03:00,1789587295,2375,38,6,4095,3124.0,27.6,29.0,2416,2053.0,965,909.0,16.566666666666666,False,estresada,propagada,False,-67,luz_saturada
2026-09-16 16:35:25-03:00,1789587325,2376,38,6,4095,3124.0,27.1,30.0,2407,2052.0,1036,962.0,16.583333333333332,False,estresada,propagada,False,-67,luz_saturada
2026-09-16 16:35:55-03:00,1789587355,2377,38,6,4095,3124.0,26.7,30.0,2406,2052.0,1122,1033.0,16.583333333333332,False,estresada,propagada,False,-67,luz_saturada
2026-09-16 16:36:27-03:00,1789587387,2378,38,6,4095,3124.0,26.7,30.0,2401,2050.0,1108,1025.0,16.6,False,estresada,propagada,False,-67,luz_saturada
2026-09-16 16:36:55-03:00,1789587415,2379,38,6,4095,3124.0,26.2,30.0,2398,2053.0,1152,1057.0,16.6,False,estresada,propagada,False,-67,luz_saturada
2026-09-16 16:37:25-03:00,1789587445,2380,38,6,4095,3124.0,26.7,30.0,2399,2050.0,1171,1070.0,16.616666666666667,False,estresada,propagada,False,-67,luz_saturada
2026-09-16 16:37:55-03:00,1789587475,2381,38,6,4095,3124.0,27.1,30.0,2407,2049.0,1046,975.0,16.616666666666667,False,estresada,propagada,False,-67,luz_saturada
2026-09-16 16:38:25-03:00,1789587505,2382,38,6,4095,3124.0,26.7,30.0,2394,2049.0,1051,978.0,16.633333333333333,False,estresada,propagada,False,-67,luz_saturada
2026-09-16 16:38:55-03:00,1789587535,2383,38,6,4095,3124.0,26.2,30.0,2389,2041.0,1166,1069.0,16.633333333333333,False,estresada,propagada,False,-67,luz_saturada
2026-09-16 16:39:27-03:00,1789587567,2384,38,6,4095,3124.0,25.8,30.0,2385,2038.0,1163,1065.0,16.65,False,estresada,propagada,False,-68,luz_saturada
2026-09-16 16:39:55-03:00,1789587595,2385,38,6,4095,3124.0,26.2,31.0,2381,2038.0,1157,1064.0,16.65,False,estresada,propagada,False,-67,luz_saturada
2026-09-16 16:40:25-03:00,1789587625,2386,38,6,4095,3124.0,26.2,30.0,2375,2037.0,1163,1066.0,16.666666666666668,False,estresada,propagada,False,-67,luz_saturada
2026-09-16 16:40:55-03:00,1789587655,2387,38,6,4095,3124.0,26.7,30.0,2382,2034.0,1040,969.0,16.666666666666668,False,estresada,propagada,False,-67,luz_saturada
2026-09-16 16:41:25-03:00,1789587685,2388,38,6,4095,3124.0,26.2,30.0,2358,2021.0,1145,1054.0,16.683333333333334,False,estresada,propagada,False,-67,luz_saturada
2026-09-16 16:41:55-03:00,1789587715,2389,38,6,4095,3124.0,26.2,30.0,2359,2013.0,1010,944.0,16.683333333333334,False,estresada,propagada,False,-67,luz_saturada
2026-09-16 16:42:25-03:00,1789587745,2390,38,6,4095,3124.0,25.8,30.0,2352,2015.0,1008,941.0,16.7,False,estresada,propagada,False,-67,luz_saturada
2026-09-16 16:42:55-03:00,1789587775,2391,38,6,4095,3124.0,25.8,30.0,2359,2015.0,1079,995.0,16.7,False,estresada,propagada,False,-68,luz_saturada
2026-09-16 16:43:25-03:00,1789587805,2392,38,6,4095,3124.0,25.8,30.0,2367,2024.0,1136,1046.0,16.716666666666665,False,estresada,propagada,False,-67,luz_saturada
2026-09-16 16:43:55-03:00,1789587835,2393,38,6,4095,3124.0,25.8,30.0,2362,2023.0,1126,1038.0,16.716666666666665,False,estresada,propagada,False,-66,luz_saturada
2026-09-16 16:44:25-03:00,1789587865,2394,38,6,4095,3124.0,25.8,30.0,2357,2015.0,1135,1046.0,16.733333333333334,False,estresada,propagada,False,-67,luz_saturada
2026-09-16 16:44:55-03:00,1789587895,2395,38,6,4095,3124.0,26.2,31.0,2363,2014.0,1169,1072.0,16.733333333333334,False,estresada,propagada,False,-67,luz_saturada
2026-09-16 16:45:25-03:00,1789587925,2396,38,6,4095,3124.0,26.2,30.0,2347,2007.0,1164,1069.0,16.75,False,estresada,propagada,False,-67,luz_saturada
2026-09-16 16:45:55-03:00,1789587955,2397,38,6,4095,3124.0,25.8,30.0,2341,2006.0,1161,1067.0,16.75,False,estresada,propagada,False,-67,luz_saturada
2026-09-16 16:46:25-03:00,1789587985,2398,38,6,4095,3124.0,25.3,30.0,2343,2006.0,1155,1059.0,16.766666666666666,False,estresada,propagada,False,-67,luz_saturada
2026-09-16 16:46:55-03:00,1789588015,2399,38,6,4095,3124.0,25.3,30.0,2322,1987.0,1170,1074.0,16.766666666666666,False,estresada,propagada,False,-67,luz_saturada
2026-09-16 16:47:25-03:00,1789588045,2400,38,6,4095,3124.0,25.8,30.0,2329,2001.0,1143,1051.0,16.783333333333335,False,estresada,propagada,False,-67,luz_saturada
2026-09-16 16:47:55-03:00,1789588075,2401,38,6,4095,3124.0,26.2,30.0,2343,2003.0,1116,1026.0,16.783333333333335,False,estresada,propagada,False,-67,luz_saturada
2026-09-16 16:48:25-03:00,1789588105,2402,38,6,4095,3124.0,26.7,30.0,2332,2001.0,1133,1042.0,16.8,False,estresada,propagada,False,-67,luz_saturada
2026-09-16 16:48:55-03:00,1789588135,2403,38,6,4095,3124.0,26.7,30.0,2325,1987.0,1178,1078.0,16.8,False,estresada,propagada,False,-67,luz_saturada
2026-09-16 16:49:25-03:00,1789588165,2404,38,6,4095,3124.0,26.7,29.0,2320,1987.0,1184,1086.0,16.816666666666666,False,estresada,propagada,False,-67,luz_saturada
2026-09-16 16:49:55-03:00,1789588195,2405,38,6,4095,3124.0,26.7,29.0,2318,1992.0,1171,1077.0,16.816666666666666,False,estresada,propagada,False,-67,luz_saturada
2026-09-16 16:50:25-03:00,1789588225,2406,38,6,4095,3124.0,26.7,30.0,2321,1987.0,1122,1034.0,16.833333333333332,False,estresada,propagada,False,-66,luz_saturada
2026-09-16 16:50:55-03:00,1789588255,2407,38,6,4095,3124.0,27.1,29.0,2321,1988.0,1110,1024.0,16.833333333333332,False,estresada,propagada,False,-66,luz_saturada
2026-09-16 16:51:25-03:00,1789588285,2408,38,6,4095,3124.0,26.2,29.0,2321,1987.0,1054,982.0,16.85,False,estresada,propagada,False,-66,luz_saturada
2026-09-16 16:51:54-03:00,1789588314,2409,38,6,4095,3124.0,26.2,29.0,2321,1989.0,1066,991.0,16.85,False,estresada,propagada,False,-66,luz_saturada
2026-09-16 16:52:24-03:00,1789588344,2410,38,6,4095,3124.0,26.7,29.0,2311,1977.0,1128,1042.0,16.866666666666667,False,estresada,propagada,False,-67,luz_saturada
2026-09-16 16:52:54-03:00,1789588374,2411,38,6,4095,3124.0,26.7,29.0,2288,1967.0,1085,1000.0,16.866666666666667,False,estresada,propagada,False,-66,luz_saturada
2026-09-16 16:53:24-03:00,1789588404,2412,38,6,4095,3124.0,26.7,29.0,2307,1978.0,1041,969.0,16.883333333333333,False,estresada,propagada,False,-67,luz_saturada
2026-09-16 16:53:54-03:00,1789588434,2413,38,6,4095,3124.0,26.7,29.0,2313,1983.0,1104,1020.0,16.883333333333333,False,estresada,propagada,False,-66,luz_saturada
2026-09-16 16:54:24-03:00,1789588464,2414,38,6,4095,3124.0,26.3,29.0,2314,1976.0,1085,1000.0,16.9,False,estresada,propagada,False,-66,luz_saturada
2026-09-16 16:54:54-03:00,1789588494,2415,38,6,4095,3124.0,26.7,29.0,2309,1977.0,1154,1058.0,16.9,False,estresada,propagada,False,-67,luz_saturada
2026-09-16 16:55:24-03:00,1789588524,2416,38,6,4095,3124.0,26.7,29.0,2316,1980.0,1146,1056.0,16.916666666666668,False,estresada,propagada,False,-66,luz_saturada
2026-09-16 16:55:54-03:00,1789588554,2417,38,6,4095,3124.0,26.7,29.0,2306,1975.0,1182,1078.0,16.916666666666668,False,estresada,propagada,False,-66,luz_saturada
2026-09-16 16:56:24-03:00,1789588584,2418,38,6,4095,3124.0,26.7,29.0,2319,1979.0,1168,1071.0,16.933333333333334,False,estresada,propagada,False,-66,luz_saturada
2026-09-16 16:56:54-03:00,1789588614,2419,38,6,4095,3124.0,26.7,29.0,2303,1975.0,1168,1069.0,16.933333333333334,False,estresada,propagada,False,-67,luz_saturada
2026-09-16 16:57:24-03:00,1789588644,2420,38,6,4095,3124.0,26.7,29.0,2307,1979.0,1142,1052.0,16.95,False,estresada,propagada,False,-66,luz_saturada
2026-09-16 16:57:54-03:00,1789588674,2421,38,6,4095,3124.0,27.1,29.0,2291,1970.0,1121,1034.0,16.95,False,estresada,propagada,False,-66,luz_saturada
2026-09-16 16:58:24-03:00,1789588704,2422,38,6,4095,3124.0,26.7,29.0,2300,1967.0,1123,1035.0,16.966666666666665,False,estresada,propagada,False,-66,luz_saturada
2026-09-16 16:58:54-03:00,1789588734,2423,38,6,4095,3124.0,26.2,28.0,2301,1967.0,1152,1056.0,16.966666666666665,False,estresada,propagada,False,-66,luz_saturada
2026-09-16 16:59:24-03:00,1789588764,2424,38,6,4095,3124.0,26.7,29.0,2293,1967.0,1104,1021.0,16.983333333333334,False,estresada,propagada,False,-67,luz_saturada
2026-09-16 16:59:54-03:00,1789588794,2425,38,6,4095,3124.0,27.1,29.0,2304,1972.0,1085,1000.0,16.983333333333334,False,estresada,propagada,False,-66,luz_saturada
2026-09-16 17:00:24-03:00,1789588824,2426,38,6,4095,3124.0,27.1,29.0,2287,1970.0,1103,1020.0,17.0,False,estresada,propagada,False,-66,luz_saturada
2026-09-16 17:00:54-03:00,1789588854,2427,38,6,4095,3124.0,26.7,29.0,2288,1970.0,1150,1055.0,17.0,False,estresada,propagada,False,-66,luz_saturada
2026-09-16 17:01:24-03:00,1789588884,2428,38,6,4095,3124.0,26.7,29.0,2291,1969.0,1155,1061.0,17.016666666666666,False,estresada,propagada,False,-66,luz_saturada
2026-09-16 17:01:54-03:00,1789588914,2429,38,6,4095,3124.0,26.7,29.0,2287,1966.0,1152,1057.0,17.016666666666666,False,estresada,propagada,False,-67,luz_saturada
2026-09-16 17:02:24-03:00,1789588944,2430,38,6,4095,3124.0,27.1,28.0,2288,1963.0,963,906.0,17.033333333333335,False,estresada,propagada,False,-66,luz_saturada
2026-09-16 17:02:54-03:00,1789588974,2431,38,6,4095,3124.0,26.2,28.0,2284,1959.0,976,920.0,17.033333333333335,False,estresada,propagada,False,-64,luz_saturada
2026-09-16 17:03:24-03:00,1789589004,2432,38,6,4095,3124.0,25.3,28.0,2291,1958.0,1040,969.0,17.05,False,estresada,propagada,False,-66,luz_saturada
2026-09-16 17:03:56-03:00,1789589036,2433,38,6,4095,3124.0,25.3,29.0,2284,1962.0,995,930.0,17.05,False,estresada,propagada,False,-66,luz_saturada
2026-09-16 17:04:24-03:00,1789589064,2434,38,6,4095,3124.0,25.8,29.0,2277,1959.0,1078,1003.0,17.066666666666666,False,estresada,propagada,False,-66,luz_saturada
2026-09-16 17:11:22-03:00,1789589482,2435,38,6,4095,3124.0,28.0,25.0,2280,1948.0,1116,1030.0,17.183333333333334,False,estresada,propagada,False,-66,luz_saturada
2026-09-16 17:11:52-03:00,1789589512,2436,38,6,4095,3124.0,27.1,26.0,2275,1946.0,1119,1032.0,17.183333333333334,False,estresada,propagada,False,-66,luz_saturada
2026-09-16 17:12:22-03:00,1789589542,2437,38,6,4095,3124.0,27.1,27.0,2267,1944.0,1102,1020.0,17.2,False,estresada,propagada,False,-66,luz_saturada
2026-09-16 17:15:30-03:00,1789589730,2438,38,6,4095,3124.0,27.1,28.0,2262,1942.0,1023,956.0,17.25,False,estresada,propagada,False,-67,luz_saturada
2026-09-16 17:18:05-03:00,1789589885,2439,38,6,4095,3124.0,26.7,28.0,2255,1936.0,1115,1028.0,17.3,False,estresada,propagada,False,-66,luz_saturada
2026-09-16 17:22:51-03:00,1789590171,2440,38,6,4095,3124.0,25.8,28.0,2268,1942.0,1010,944.0,17.366666666666667,False,estresada,propagada,False,-67,luz_saturada
2026-09-16 17:23:19-03:00,1789590199,2441,38,6,4095,3124.0,25.8,28.0,2263,1944.0,1008,946.0,17.383333333333333,False,estresada,propagada,False,-66,luz_saturada
2026-09-16 17:23:49-03:00,1789590229,2442,38,6,4095,3124.0,26.2,29.0,2268,1940.0,1137,1047.0,17.383333333333333,False,estresada,propagada,False,-66,luz_saturada
2026-09-16 17:24:19-03:00,1789590259,2443,38,6,4095,3124.0,26.2,28.0,2269,1942.0,1106,1024.0,17.4,False,estresada,propagada,False,-67,luz_saturada
2026-09-16 17:24:49-03:00,1789590289,2444,38,6,4095,3124.0,26.2,28.0,2262,1942.0,1088,1007.0,17.4,False,estresada,propagada,False,-67,luz_saturada
2026-09-16 17:25:19-03:00,1789590319,2445,38,6,4095,3124.0,26.2,29.0,2256,1937.0,1104,1022.0,17.416666666666668,False,estresada,propagada,False,-65,luz_saturada
2026-09-16 17:25:49-03:00,1789590349,2446,38,6,4095,3124.0,26.2,29.0,2262,1939.0,1059,987.0,17.416666666666668,False,estresada,propagada,False,-66,luz_saturada
2026-09-16 17:26:19-03:00,1789590379,2447,38,6,4095,3124.0,26.7,29.0,2270,1940.0,1076,997.0,17.433333333333334,False,estresada,propagada,False,-66,luz_saturada
2026-09-16 17:26:49-03:00,1789590409,2448,38,6,4095,3124.0,26.2,28.0,2265,1947.0,1022,951.0,17.433333333333334,False,estresada,propagada,False,-67,luz_saturada
2026-09-16 17:27:19-03:00,1789590439,2449,38,6,4095,3124.0,26.2,28.0,2269,1944.0,1072,994.0,17.45,False,estresada,propagada,False,-67,luz_saturada
2026-09-16 17:27:49-03:00,1789590469,2450,38,6,4095,3124.0,26.2,29.0,2265,1942.0,1047,972.0,17.45,False,estresada,propagada,False,-66,luz_saturada
2026-09-16 17:28:19-03:00,1789590499,2451,38,6,4095,3124.0,26.7,29.0,2257,1940.0,1046,978.0,17.466666666666665,False,estresada,propagada,False,-66,luz_saturada
2026-09-16 17:28:49-03:00,1789590529,2452,38,6,4095,3124.0,26.7,28.0,2267,1947.0,1023,966.0,17.466666666666665,False,estresada,propagada,False,-66,luz_saturada
2026-09-16 17:29:19-03:00,1789590559,2453,38,6,4095,3124.0,26.2,28.0,2254,1936.0,1062,986.0,17.483333333333334,False,estresada,propagada,False,-66,luz_saturada
2026-09-16 17:29:49-03:00,1789590589,2454,38,6,4095,3124.0,26.2,28.0,2267,1946.0,1008,944.0,17.483333333333334,False,estresada,propagada,False,-66,luz_saturada
2026-09-16 17:30:19-03:00,1789590619,2455,38,6,4095,3124.0,26.7,28.0,2268,1945.0,1071,994.0,17.5,False,estresada,propagada,False,-66,luz_saturada
2026-09-16 17:30:49-03:00,1789590649,2456,38,6,4095,3124.0,26.6,28.0,2266,1942.0,1087,1003.0,17.5,False,estresada,propagada,False,-66,luz_saturada
2026-09-16 17:31:19-03:00,1789590679,2457,38,6,4095,3124.0,25.8,28.0,2267,1944.0,1104,1019.0,17.516666666666666,False,estresada,propagada,False,-66,luz_saturada
2026-09-16 17:31:49-03:00,1789590709,2458,38,6,4095,3124.0,24.8,28.0,2258,1935.0,1072,995.0,17.516666666666666,False,estresada,propagada,False,-66,luz_saturada
2026-09-16 17:32:19-03:00,1789590739,2459,38,6,4095,3124.0,24.8,29.0,2260,1939.0,1008,943.0,17.533333333333335,False,estresada,propagada,False,-66,luz_saturada
2026-09-16 17:32:49-03:00,1789590769,2460,38,6,4095,3124.0,24.1,29.0,2267,1942.0,912,868.0,17.533333333333335,False,estresada,propagada,False,-66,luz_saturada
2026-09-16 17:33:19-03:00,1789590799,2461,38,6,4095,3124.0,23.8,29.0,2260,1936.0,921,879.0,17.55,False,estresada,propagada,False,-65,luz_saturada
2026-09-16 17:33:49-03:00,1789590829,2462,38,6,4095,3124.0,24.0,30.0,2266,1946.0,988,931.0,17.55,False,estresada,propagada,False,-65,luz_saturada
2026-09-16 17:34:19-03:00,1789590859,2463,38,6,4095,3124.0,24.1,30.0,2260,1941.0,1060,984.0,17.566666666666666,False,estresada,propagada,False,-66,luz_saturada
2026-09-16 17:34:49-03:00,1789590889,2464,38,6,4095,3124.0,23.8,30.0,2270,1941.0,1069,990.0,17.566666666666666,False,estresada,propagada,False,-65,luz_saturada
2026-09-16 17:35:19-03:00,1789590919,2465,38,6,4095,3124.0,23.8,30.0,2249,1936.0,1072,994.0,17.583333333333332,False,estresada,propagada,False,-65,luz_saturada
2026-09-16 17:35:49-03:00,1789590949,2466,38,6,4095,3124.0,23.8,30.0,2256,1933.0,1066,992.0,17.583333333333332,False,estresada,propagada,False,-65,luz_saturada
2026-09-16 17:36:19-03:00,1789590979,2467,38,6,4095,3124.0,24.1,30.0,2271,1942.0,1040,969.0,17.6,False,estresada,propagada,False,-66,luz_saturada
2026-09-16 17:36:49-03:00,1789591009,2468,38,6,4095,3124.0,24.1,30.0,2259,1942.0,1088,1005.0,17.6,False,estresada,propagada,False,-66,luz_saturada
2026-09-16 17:37:19-03:00,1789591039,2469,38,6,4095,3124.0,23.8,30.0,2270,1940.0,1047,973.0,17.616666666666667,False,estresada,propagada,False,-66,luz_saturada
2026-09-16 17:37:49-03:00,1789591069,2470,38,6,4095,3124.0,24.1,30.0,2258,1936.0,1054,981.0,17.616666666666667,False,estresada,propagada,False,-67,luz_saturada
2026-09-16 17:38:19-03:00,1789591099,2471,38,6,4095,3124.0,24.1,30.0,2257,1937.0,1019,954.0,17.633333333333333,False,estresada,propagada,False,-66,luz_saturada
2026-09-16 17:38:49-03:00,1789591129,2472,38,6,4095,3124.0,24.5,30.0,2256,1942.0,1061,986.0,17.633333333333333,False,estresada,propagada,False,-66,luz_saturada
2026-09-16 17:39:19-03:00,1789591159,2473,38,6,4095,3124.0,24.8,30.0,2256,1936.0,925,923.0,17.65,False,estresada,propagada,False,-66,luz_saturada
2026-09-16 17:39:49-03:00,1789591189,2474,38,6,4095,3124.0,24.8,30.0,2255,1941.0,1072,995.0,17.65,False,estresada,propagada,False,-66,luz_saturada
2026-09-16 17:40:19-03:00,1789591219,2475,38,6,4095,3124.0,24.8,30.0,2256,1938.0,1047,978.0,17.666666666666668,False,estresada,propagada,False,-66,luz_saturada
2026-09-16 17:40:49-03:00,1789591249,2476,38,6,4095,3124.0,24.8,30.0,2262,1937.0,1047,977.0,17.666666666666668,False,estresada,propagada,False,-66,luz_saturada
2026-09-16 17:41:19-03:00,1789591279,2477,38,6,4095,3124.0,24.5,29.0,2255,1936.0,1063,985.0,17.683333333333334,False,estresada,propagada,False,-66,luz_saturada
2026-09-16 17:41:49-03:00,1789591309,2478,38,6,4095,3124.0,24.5,29.0,2255,1936.0,1001,939.0,17.683333333333334,False,estresada,propagada,False,-66,luz_saturada
2026-09-16 17:42:19-03:00,1789591339,2479,38,6,4095,3124.0,24.1,30.0,2256,1936.0,1023,961.0,17.7,False,estresada,propagada,False,-66,luz_saturada
2026-09-16 17:42:49-03:00,1789591369,2480,38,6,4095,3124.0,24.1,30.0,2250,1936.0,1069,994.0,17.7,False,estresada,propagada,False,-66,luz_saturada
2026-09-16 17:43:19-03:00,1789591399,2481,38,6,4095,3124.0,24.1,30.0,2256,1936.0,987,930.0,17.716666666666665,False,estresada,propagada,False,-66,luz_saturada
2026-09-16 17:43:49-03:00,1789591429,2482,38,6,4095,3124.0,24.1,30.0,2256,1935.0,1011,945.0,17.716666666666665,False,estresada,propagada,False,-68,luz_saturada
2026-09-16 17:44:19-03:00,1789591459,2483,38,6,4095,3124.0,24.1,30.0,2256,1938.0,1053,978.0,17.733333333333334,False,estresada,propagada,False,-66,luz_saturada
2026-09-16 17:44:49-03:00,1789591489,2484,38,6,4095,3124.0,23.8,30.0,2255,1938.0,1041,975.0,17.733333333333334,False,estresada,propagada,False,-66,luz_saturada
2026-09-16 17:45:19-03:00,1789591519,2485,38,6,4095,3124.0,23.8,30.0,2254,1934.0,1058,981.0,17.75,False,estresada,propagada,False,-66,luz_saturada
2026-09-16 17:45:49-03:00,1789591549,2486,38,6,4095,3124.0,23.4,30.0,2253,1938.0,1064,984.0,17.75,False,estresada,propagada,False,-66,luz_saturada
2026-09-16 17:46:19-03:00,1789591579,2487,38,6,4095,3124.0,23.4,31.0,2250,1936.0,1045,971.0,17.766666666666666,False,estresada,propagada,False,-65,luz_saturada
2026-09-16 17:46:49-03:00,1789591609,2488,38,6,4095,3124.0,23.0,31.0,2261,1936.0,1041,969.0,17.766666666666666,False,estresada,propagada,False,-66,luz_saturada
2026-09-16 17:47:19-03:00,1789591639,2489,38,6,4095,3124.0,23.0,31.0,2246,1936.0,1040,969.0,17.783333333333335,False,estresada,propagada,False,-66,luz_saturada
2026-09-16 17:47:49-03:00,1789591669,2490,38,6,4095,3124.0,22.6,31.0,2260,1936.0,1019,951.0,17.783333333333335,False,estresada,propagada,False,-66,luz_saturada
2026-09-16 17:48:19-03:00,1789591699,2491,38,6,4095,3124.0,22.6,31.0,2259,1938.0,1047,976.0,17.8,False,estresada,propagada,False,-67,luz_saturada
2026-09-16 17:48:49-03:00,1789591729,2492,38,6,4095,3124.0,22.6,31.0,2251,1933.0,1051,977.0,17.8,False,estresada,propagada,False,-66,luz_saturada
2026-09-16 17:49:19-03:00,1789591759,2493,38,6,4095,3124.0,22.6,31.0,2239,1920.0,1040,969.0,17.816666666666666,False,estresada,propagada,False,-66,luz_saturada
2026-09-16 17:49:49-03:00,1789591789,2494,38,6,4095,3124.0,22.6,31.0,2256,1933.0,991,933.0,17.816666666666666,False,estresada,propagada,False,-65,luz_saturada
2026-09-16 17:50:19-03:00,1789591819,2495,38,6,4095,3124.0,23.0,31.0,2250,1931.0,960,906.0,17.833333333333332,False,estresada,propagada,False,-66,luz_saturada
2026-09-16 17:50:49-03:00,1789591849,2496,38,6,4095,3124.0,23.0,31.0,2254,1935.0,945,893.0,17.833333333333332,False,estresada,propagada,False,-66,luz_saturada
2026-09-16 17:51:19-03:00,1789591879,2497,38,6,4095,3124.0,23.0,32.0,2256,1936.0,955,901.0,17.85,False,estresada,propagada,False,-66,luz_saturada
2026-09-16 17:51:49-03:00,1789591909,2498,38,6,4095,3124.0,23.0,31.0,2260,1936.0,995,935.0,17.85,False,estresada,propagada,False,-66,luz_saturada
2026-09-16 17:52:19-03:00,1789591939,2499,38,6,4095,3124.0,23.0,32.0,2259,1936.0,913,870.0,17.866666666666667,False,estresada,propagada,False,-66,luz_saturada
2026-09-16 17:52:49-03:00,1789591969,2500,38,6,4095,3124.0,22.6,32.0,2253,1936.0,960,904.0,17.866666666666667,False,estresada,propagada,False,-66,luz_saturada
2026-09-16 17:53:19-03:00,1789591999,2501,38,6,4095,3124.0,22.6,32.0,2249,1932.0,950,902.0,17.883333333333333,False,estresada,propagada,False,-66,luz_saturada
2026-09-16 17:53:49-03:00,1789592029,2502,38,6,4095,3124.0,22.6,32.0,2238,1926.0,964,907.0,17.883333333333333,False,estresada,propagada,False,-66,luz_saturada
2026-09-16 17:54:19-03:00,1789592059,2503,38,6,4095,3124.0,22.2,32.0,2242,1923.0,965,910.0,17.9,False,estresada,propagada,False,-68,luz_saturada
2026-09-16 17:54:49-03:00,1789592089,2504,38,6,4095,3124.0,22.2,32.0,2241,1924.0,928,878.0,17.9,False,estresada,propagada,False,-66,luz_saturada
2026-09-16 17:55:19-03:00,1789592119,2505,38,6,4095,3124.0,22.2,32.0,2240,1924.0,908,859.0,17.916666666666668,False,estresada,propagada,False,-66,luz_saturada
2026-09-16 17:55:49-03:00,1789592149,2506,38,6,4095,3124.0,22.2,32.0,2239,1924.0,915,873.0,17.916666666666668,False,estresada,propagada,False,-66,luz_saturada
2026-09-16 17:56:19-03:00,1789592179,2507,38,6,4095,3124.0,22.2,33.0,2243,1924.0,933,890.0,17.933333333333334,False,estresada,propagada,False,-66,luz_saturada
2026-09-16 17:56:49-03:00,1789592209,2508,38,6,4095,3124.0,21.8,32.0,2246,1932.0,976,917.0,17.933333333333334,False,estresada,propagada,False,-66,luz_saturada
2026-09-16 17:57:19-03:00,1789592239,2509,38,6,4095,3124.0,21.8,33.0,2235,1913.0,912,867.0,17.95,False,estresada,propagada,False,-66,luz_saturada
2026-09-16 17:57:49-03:00,1789592269,2510,38,6,4095,3124.0,21.8,33.0,2243,1932.0,911,865.0,17.95,False,estresada,propagada,False,-66,luz_saturada
2026-09-16 17:58:19-03:00,1789592299,2511,38,6,4095,3124.0,21.4,33.0,2246,1924.0,897,856.0,17.966666666666665,False,estresada,propagada,False,-66,luz_saturada
2026-09-16 17:58:49-03:00,1789592329,2512,38,6,4094,3120.0,21.0,33.0,2255,1934.0,918,869.0,17.966666666666665,False,estresada,propagada,False,-67,
2026-09-16 17:59:19-03:00,1789592359,2513,38,6,4013,3089.0,20.6,34.0,2258,1936.0,923,879.0,17.983333333333334,False,estresada,propagada,False,-66,
2026-09-16 17:59:49-03:00,1789592389,2514,38,6,3987,3081.0,19.4,34.0,2257,1935.0,912,867.0,17.983333333333334,False,estresada,propagada,False,-66,
2026-09-16 18:00:19-03:00,1789592419,2515,38,6,3989,3070.0,19.0,35.0,2256,1936.0,873,840.0,18.0,False,estresada,propagada,False,-66,
2026-09-16 18:00:49-03:00,1789592449,2516,38,6,3899,3032.0,18.6,35.0,2259,1936.0,823,798.0,18.0,False,estresada,propagada,False,-70,
2026-09-16 18:01:19-03:00,1789592479,2517,38,6,3773,2976.0,17.8,35.0,2243,1939.0,852,819.0,18.016666666666666,False,estresada,propagada,False,-71,
2026-09-16 18:01:51-03:00,1789592511,2518,38,6,3675,2937.0,17.4,36.0,2253,1936.0,864,827.0,18.016666666666666,False,estresada,propagada,False,-70,
2026-09-16 18:02:19-03:00,1789592539,2519,38,6,3678,2926.0,17.0,37.0,2256,1936.0,865,830.0,18.03333333333333,False,estresada,propagada,False,-70,
2026-09-16 18:02:49-03:00,1789592569,2520,38,6,3664,2922.0,16.6,38.0,2259,1947.0,858,820.0,18.03333333333333,False,estresada,propagada,False,-70,
2026-09-16 18:03:19-03:00,1789592599,2521,38,6,3637,2910.0,16.1,38.0,2257,1942.0,838,812.0,18.05,False,estresada,propagada,False,-72,
2026-09-16 18:03:49-03:00,1789592629,2522,38,6,3633,2913.0,15.7,40.0,2261,1945.0,827,802.0,18.05,False,estresada,propagada,False,-70,
2026-09-16 18:04:19-03:00,1789592659,2523,38,6,3615,2905.0,15.2,40.0,2269,1948.0,798,774.0,18.066666666666663,False,estresada,propagada,False,-70,
2026-09-16 18:04:49-03:00,1789592689,2524,38,6,3623,2894.0,15.2,41.0,2263,1948.0,829,801.0,18.066666666666663,False,estresada,propagada,False,-70,
2026-09-16 18:05:19-03:00,1789592719,2525,38,6,3595,2885.0,15.2,41.0,2266,1948.0,838,809.0,18.08333333333333,False,estresada,propagada,False,-72,
2026-09-16 18:05:49-03:00,1789592749,2526,38,6,3573,2883.0,14.8,42.0,2277,1959.0,831,805.0,18.08333333333333,False,estresada,propagada,False,-72,
2026-09-16 18:06:19-03:00,1789592779,2527,38,6,3574,2878.0,14.8,42.0,2278,1953.0,837,812.0,18.1,False,estresada,propagada,False,-70,
2026-09-16 18:06:49-03:00,1789592809,2528,38,6,3542,2869.0,14.8,43.0,2285,1959.0,847,816.0,18.1,False,estresada,propagada,False,-70,
2026-09-16 18:07:19-03:00,1789592839,2529,38,6,3552,2861.0,14.8,43.0,2281,1951.0,837,815.0,18.116666666666667,False,estresada,propagada,False,-70,
2026-09-16 18:07:49-03:00,1789592869,2530,38,6,3525,2860.0,14.8,43.0,2291,1961.0,846,814.0,18.116666666666667,False,estresada,propagada,False,-70,
2026-09-16 18:08:19-03:00,1789592899,2531,38,6,3522,2855.0,14.8,44.0,2275,1958.0,845,813.0,18.133333333333333,False,estresada,propagada,False,-72,
2026-09-16 18:08:49-03:00,1789592929,2532,38,6,3519,2849.0,14.4,44.0,2285,1954.0,836,809.0,18.133333333333333,False,estresada,propagada,False,-70,
2026-09-16 18:09:19-03:00,1789592959,2533,38,6,3515,2843.0,14.4,44.0,2279,1954.0,814,789.0,18.15,False,estresada,propagada,False,-70,
2026-09-16 18:09:49-03:00,1789592989,2534,38,6,3487,2834.0,14.8,44.0,2289,1959.0,816,796.0,18.15,False,estresada,propagada,False,-70,
2026-09-16 18:10:19-03:00,1789593019,2535,38,6,3478,2827.0,14.8,44.0,2286,1963.0,848,816.0,18.166666666666668,False,estresada,propagada,False,-70,
2026-09-16 18:10:49-03:00,1789593049,2536,38,6,3479,2824.0,14.8,44.0,2286,1962.0,805,783.0,18.166666666666668,False,estresada,propagada,False,-70,
2026-09-16 18:11:19-03:00,1789593079,2537,38,6,3436,2806.0,14.4,45.0,2293,1965.0,826,795.0,18.183333333333334,False,estresada,propagada,False,-69,
2026-09-16 18:11:49-03:00,1789593109,2538,38,6,3427,2795.0,14.4,45.0,2294,1963.0,837,809.0,18.183333333333334,False,estresada,propagada,False,-69,
2026-09-16 18:12:19-03:00,1789593139,2539,38,6,3408,2786.0,14.4,45.0,2288,1962.0,814,787.0,18.2,False,estresada,propagada,False,-70,
2026-09-16 18:12:49-03:00,1789593169,2540,38,6,3388,2778.0,14.4,45.0,2273,1975.0,819,797.0,18.2,False,estresada,propagada,False,-70,
2026-09-16 18:13:19-03:00,1789593199,2541,38,6,3373,2767.0,14.4,45.0,2291,1963.0,825,793.0,18.216666666666665,False,estresada,propagada,False,-70,
2026-09-16 18:13:49-03:00,1789593229,2542,38,6,3328,2746.0,14.4,45.0,2295,1971.0,818,791.0,18.216666666666665,False,estresada,propagada,False,-69,
2026-09-16 18:14:19-03:00,1789593259,2543,38,6,3323,2737.0,14.4,45.0,2294,1975.0,831,803.0,18.23333333333333,False,estresada,propagada,False,-70,
2026-09-16 18:14:49-03:00,1789593289,2544,38,6,3313,2729.0,14.4,45.0,2302,1975.0,829,803.0,18.23333333333333,False,estresada,propagada,False,-70,
2026-09-16 18:15:19-03:00,1789593319,2545,38,6,3307,2728.0,14.1,45.0,2301,1972.0,829,796.0,18.25,False,estresada,propagada,False,-69,
2026-09-16 18:15:49-03:00,1789593349,2546,38,6,3303,2728.0,14.4,45.0,2291,1971.0,831,802.0,18.25,False,estresada,propagada,False,-70,
2026-09-16 18:16:19-03:00,1789593379,2547,38,6,3303,2728.0,14.1,45.0,2293,1975.0,816,789.0,18.266666666666666,False,estresada,propagada,False,-70,
2026-09-16 18:16:49-03:00,1789593409,2548,38,6,3298,2717.0,14.4,46.0,2304,1975.0,819,792.0,18.266666666666666,False,estresada,propagada,False,-70,
2026-09-16 18:17:19-03:00,1789593439,2549,38,6,3286,2708.0,14.1,46.0,2303,1974.0,788,770.0,18.28333333333333,False,estresada,propagada,False,-70,
2026-09-16 18:17:49-03:00,1789593469,2550,38,6,3286,2704.0,14.1,46.0,2305,1975.0,815,791.0,18.28333333333333,False,estresada,propagada,False,-69,
2026-09-16 18:18:19-03:00,1789593499,2551,38,6,3254,2697.0,14.1,46.0,2305,1979.0,816,793.0,18.3,False,estresada,propagada,False,-69,
2026-09-16 18:18:49-03:00,1789593529,2552,38,6,3237,2685.0,14.1,46.0,2311,1984.0,816,791.0,18.3,False,estresada,propagada,False,-70,
2026-09-16 18:19:19-03:00,1789593559,2553,38,6,3219,2676.0,14.0,46.0,2301,1978.0,781,763.0,18.316666666666663,False,estresada,propagada,False,-70,
2026-09-16 18:19:49-03:00,1789593589,2554,38,6,3210,2665.0,14.1,46.0,2306,1982.0,803,777.0,18.316666666666663,False,estresada,propagada,False,-70,
2026-09-16 18:20:19-03:00,1789593619,2555,38,6,3184,2648.0,13.7,46.0,2310,1982.0,768,751.0,18.33333333333333,False,estresada,propagada,False,-72,
2026-09-16 18:20:49-03:00,1789593649,2556,38,6,3187,2644.0,13.7,46.0,2306,1980.0,798,774.0,18.33333333333333,False,estresada,propagada,False,-70,
2026-09-16 18:21:19-03:00,1789593679,2557,38,6,3165,2623.0,13.7,46.0,2314,1987.0,802,780.0,18.35,False,estresada,propagada,False,-70,
2026-09-16 18:21:49-03:00,1789593709,2558,38,6,3136,2613.0,13.7,46.0,2323,1980.0,752,742.0,18.35,False,estresada,propagada,False,-69,
2026-09-16 18:22:19-03:00,1789593739,2559,38,6,3120,2600.0,13.7,47.0,2307,1980.0,784,766.0,18.366666666666667,False,estresada,propagada,False,-69,
2026-09-16 18:22:49-03:00,1789593769,2560,38,6,3106,2590.0,13.7,47.0,2314,1986.0,755,740.0,18.366666666666667,False,estresada,propagada,False,-69,
2026-09-16 18:23:19-03:00,1789593799,2561,38,6,3085,2572.0,13.3,47.0,2329,1986.0,767,748.0,18.383333333333333,False,estresada,propagada,False,-70,
2026-09-16 18:23:49-03:00,1789593829,2562,38,6,3056,2551.0,13.3,47.0,2325,1988.0,771,758.0,18.383333333333333,False,estresada,propagada,False,-70,
2026-09-16 18:24:19-03:00,1789593859,2563,38,6,3024,2532.0,13.3,47.0,2323,1992.0,784,766.0,18.4,False,estresada,propagada,False,-70,
2026-09-16 18:24:49-03:00,1789593889,2564,38,6,3022,2523.0,13.3,48.0,2327,1993.0,784,765.0,18.4,False,estresada,propagada,False,-70,
2026-09-16 18:25:19-03:00,1789593919,2565,38,6,2998,2510.0,13.3,48.0,2322,1990.0,788,765.0,18.416666666666668,False,estresada,propagada,False,-72,
2026-09-16 18:25:49-03:00,1789593949,2566,38,6,2962,2486.0,13.3,48.0,2283,1982.0,771,757.0,18.416666666666668,False,estresada,propagada,False,-70,
2026-09-16 18:26:19-03:00,1789593979,2567,38,6,2913,2459.0,13.3,48.0,2322,1987.0,768,749.0,18.433333333333334,False,estresada,propagada,False,-69,
2026-09-16 18:26:49-03:00,1789594009,2568,38,6,2864,2418.0,13.3,48.0,2324,1988.0,784,765.0,18.433333333333334,False,estresada,propagada,False,-72,
2026-09-16 18:27:19-03:00,1789594039,2569,38,6,2797,2369.0,13.3,48.0,2333,1987.0,792,770.0,18.45,False,estresada,propagada,False,-72,
2026-09-16 18:27:49-03:00,1789594069,2570,38,6,2758,2340.0,13.3,48.0,2325,1988.0,799,778.0,18.45,False,estresada,propagada,False,-70,
2026-09-16 18:28:19-03:00,1789594099,2571,38,6,2725,2306.0,13.3,48.0,2321,1989.0,780,763.0,18.466666666666665,False,estresada,propagada,False,-70,
2026-09-16 18:28:49-03:00,1789594129,2572,38,6,2679,2275.0,13.0,49.0,2330,1993.0,783,762.0,18.466666666666665,False,estresada,propagada,False,-71,
2026-09-16 18:29:19-03:00,1789594159,2573,38,6,2654,2246.0,13.0,49.0,2326,1989.0,776,755.0,18.48333333333333,False,estresada,propagada,False,-72,
2026-09-16 18:29:49-03:00,1789594189,2574,38,6,2615,2225.0,13.0,49.0,2334,1991.0,765,752.0,18.48333333333333,False,estresada,propagada,False,-70,
2026-09-16 18:30:19-03:00,1789594219,2575,38,6,2592,2196.0,13.0,49.0,2320,1996.0,779,758.0,18.5,False,estresada,propagada,False,-70,
2026-09-16 18:30:49-03:00,1789594249,2576,38,6,2559,2177.0,13.0,49.0,2329,1995.0,767,754.0,18.5,False,estresada,propagada,False,-69,
2026-09-16 18:31:19-03:00,1789594279,2577,38,6,2544,2173.0,13.0,49.0,2325,1998.0,765,751.0,18.516666666666666,False,estresada,propagada,False,-70,
2026-09-16 18:31:49-03:00,1789594309,2578,38,6,2537,2156.0,13.0,49.0,2347,2002.0,766,753.0,18.516666666666666,False,estresada,propagada,False,-69,
2026-09-16 18:32:19-03:00,1789594339,2579,38,6,2512,2140.0,13.0,49.0,2336,1998.0,727,724.0,18.53333333333333,False,estresada,propagada,False,-70,
2026-09-16 18:32:49-03:00,1789594369,2580,38,6,2497,2124.0,13.0,50.0,2327,1996.0,750,737.0,18.53333333333333,False,estresada,propagada,False,-70,
2026-09-16 18:33:19-03:00,1789594399,2581,38,6,2453,2102.0,13.0,50.0,2318,1993.0,752,740.0,18.55,False,estresada,propagada,False,-70,
2026-09-16 18:33:49-03:00,1789594429,2582,38,6,2422,2069.0,13.0,50.0,2335,2000.0,758,750.0,18.55,False,estresada,propagada,False,-69,
2026-09-16 18:34:19-03:00,1789594459,2583,38,6,2391,2049.0,13.0,50.0,2342,2004.0,757,743.0,18.566666666666663,False,estresada,propagada,False,-70,
2026-09-16 18:34:49-03:00,1789594489,2584,38,6,2368,2018.0,13.0,50.0,2339,2002.0,722,719.0,18.566666666666663,False,estresada,propagada,False,-70,
2026-09-16 18:35:19-03:00,1789594519,2585,38,6,2326,1992.0,12.6,50.0,2340,2004.0,752,740.0,18.58333333333333,False,estresada,propagada,False,-70,
2026-09-16 18:35:49-03:00,1789594549,2586,38,6,2288,1961.0,12.6,50.0,2347,2004.0,762,746.0,18.58333333333333,False,estresada,propagada,False,-70,
2026-09-16 18:36:19-03:00,1789594579,2587,38,6,2256,1934.0,12.6,51.0,2328,1999.0,752,740.0,18.6,False,estresada,propagada,False,-71,
2026-09-16 18:36:49-03:00,1789594609,2588,38,6,2224,1901.0,12.6,51.0,2346,2005.0,731,727.0,18.6,False,estresada,propagada,False,-69,
2026-09-16 18:37:19-03:00,1789594639,2589,38,6,2174,1872.0,12.6,51.0,2339,2003.0,763,750.0,18.616666666666667,False,estresada,propagada,False,-70,
2026-09-16 18:37:49-03:00,1789594669,2590,38,6,2144,1840.0,12.6,51.0,2343,2004.0,771,754.0,18.616666666666667,False,estresada,propagada,False,-70,
2026-09-16 18:38:19-03:00,1789594699,2591,38,6,2101,1810.0,12.6,51.0,2343,2003.0,750,740.0,18.633333333333333,False,estresada,propagada,False,-70,
2026-09-16 18:38:49-03:00,1789594729,2592,38,6,2064,1774.0,12.6,51.0,2342,2001.0,755,742.0,18.633333333333333,False,estresada,propagada,False,-72,
2026-09-16 18:39:19-03:00,1789594759,2593,38,6,2001,1740.0,12.6,51.0,2349,2002.0,734,726.0,18.65,False,estresada,propagada,False,-70,
2026-09-16 18:39:49-03:00,1789594789,2594,38,6,1957,1705.0,12.6,51.0,2313,2007.0,741,730.0,18.65,False,estresada,propagada,False,-70,
2026-09-16 18:40:19-03:00,1789594819,2595,38,6,1910,1660.0,12.6,51.0,2345,2011.0,751,738.0,18.666666666666668,False,estresada,propagada,False,-72,
2026-09-16 18:40:49-03:00,1789594849,2596,38,6,1872,1625.0,12.6,51.0,2352,2010.0,765,752.0,18.666666666666668,False,estresada,propagada,False,-69,
2026-09-16 18:41:19-03:00,1789594879,2597,38,6,1830,1594.0,12.6,51.0,2351,2013.0,752,739.0,18.683333333333334,False,estresada,propagada,False,-70,
2026-09-16 18:41:49-03:00,1789594909,2598,38,6,1790,1560.0,12.6,51.0,2356,2015.0,757,750.0,18.683333333333334,False,estresada,propagada,False,-69,
2026-09-16 18:42:19-03:00,1789594939,2599,38,6,1739,1525.0,12.6,52.0,2353,2013.0,747,736.0,18.7,False,estresada,propagada,False,-72,
2026-09-16 18:42:49-03:00,1789594969,2600,38,6,1689,1490.0,12.5,52.0,2352,2011.0,757,747.0,18.7,False,estresada,propagada,False,-70,
2026-09-16 18:43:19-03:00,1789594999,2601,38,6,1653,1452.0,12.2,52.0,2347,2009.0,758,744.0,18.716666666666665,False,estresada,propagada,False,-70,
2026-09-16 18:43:49-03:00,1789595029,2602,38,6,1600,1416.0,12.2,52.0,2353,2013.0,763,748.0,18.716666666666665,False,estresada,propagada,False,-70,
2026-09-16 18:44:19-03:00,1789595059,2603,38,6,1535,1379.0,12.2,52.0,2353,2014.0,755,744.0,18.73333333333333,False,estresada,propagada,False,-70,
2026-09-16 18:44:49-03:00,1789595089,2604,38,6,1505,1334.0,12.2,53.0,2352,2014.0,729,725.0,18.73333333333333,False,estresada,propagada,False,-70,
2026-09-16 18:45:19-03:00,1789595119,2605,38,6,1451,1300.0,12.2,53.0,2360,2016.0,758,741.0,18.75,False,estresada,propagada,False,-72,
2026-09-16 18:45:49-03:00,1789595149,2606,38,6,1408,1260.0,12.2,53.0,2366,2013.0,762,750.0,18.75,False,estresada,propagada,False,-70,
2026-09-16 18:46:19-03:00,1789595179,2607,38,6,1351,1214.0,12.6,53.0,2342,2012.0,736,725.0,18.766666666666666,False,estresada,propagada,False,-70,
2026-09-16 18:46:49-03:00,1789595209,2608,38,6,1301,1169.0,12.6,53.0,2341,2012.0,761,749.0,18.766666666666666,False,estresada,propagada,False,-69,
2026-09-16 18:47:19-03:00,1789595239,2609,38,6,1248,1124.0,12.2,53.0,2361,2013.0,759,744.0,18.78333333333333,False,estresada,propagada,False,-70,
2026-09-16 18:47:49-03:00,1789595269,2610,38,6,1181,1083.0,12.2,53.0,2354,2015.0,739,732.0,18.78333333333333,False,estresada,propagada,False,-70,
2026-09-16 18:48:19-03:00,1789595299,2611,38,6,1119,1033.0,12.2,53.0,2351,2012.0,749,739.0,18.8,False,estresada,propagada,False,-70,
2026-09-16 18:48:49-03:00,1789595329,2612,38,6,1057,987.0,12.6,53.0,2367,2017.0,747,738.0,18.8,False,estresada,propagada,False,-70,
2026-09-16 18:49:19-03:00,1789595359,2613,38,6,992,933.0,12.6,53.0,2352,2014.0,761,746.0,18.816666666666663,False,estresada,propagada,False,-70,
2026-09-16 18:49:49-03:00,1789595389,2614,38,6,944,884.0,12.6,53.0,2352,2014.0,759,746.0,18.816666666666663,False,estresada,propagada,False,-70,
2026-09-16 18:50:19-03:00,1789595419,2615,38,6,875,837.0,12.6,53.0,2365,2020.0,759,740.0,18.83333333333333,False,estresada,propagada,False,-70,
2026-09-16 18:50:49-03:00,1789595449,2616,38,6,811,790.0,12.2,53.0,2357,2018.0,754,743.0,18.83333333333333,False,estresada,propagada,False,-70,
2026-09-16 18:51:19-03:00,1789595479,2617,38,6,769,744.0,12.2,53.0,2358,2018.0,727,718.0,18.85,False,estresada,propagada,False,-70,
2026-09-16 18:51:49-03:00,1789595509,2618,38,6,717,704.0,12.2,53.0,2362,2023.0,734,728.0,18.85,False,estresada,propagada,False,-69,
2026-09-16 18:52:19-03:00,1789595539,2619,38,6,644,664.0,12.2,54.0,2359,2024.0,725,722.0,18.866666666666667,False,estresada,propagada,False,-69,
2026-09-16 18:52:49-03:00,1789595569,2620,38,6,592,613.0,12.2,54.0,2351,2017.0,725,720.0,18.866666666666667,False,estresada,propagada,False,-69,
2026-09-16 18:53:19-03:00,1789595599,2621,38,6,551,572.0,12.2,54.0,2362,2014.0,736,732.0,18.883333333333333,False,estresada,propagada,False,-72,
2026-09-16 18:53:49-03:00,1789595629,2622,38,6,482,527.0,12.2,54.0,2382,2028.0,662,715.0,18.883333333333333,False,estresada,propagada,False,-70,
2026-09-16 18:54:19-03:00,1789595659,2623,38,6,432,487.0,12.2,54.0,2371,2026.0,720,712.0,18.9,False,estresada,propagada,False,-70,
2026-09-16 18:54:49-03:00,1789595689,2624,38,6,393,447.0,12.2,54.0,2375,2025.0,734,726.0,18.9,False,estresada,propagada,False,-70,
2026-09-16 18:55:19-03:00,1789595719,2625,38,6,337,412.0,12.2,54.0,2368,2028.0,749,732.0,18.916666666666668,False,estresada,propagada,False,-72,
2026-09-16 18:55:49-03:00,1789595749,2626,38,6,297,384.0,11.8,55.0,2368,2026.0,735,728.0,18.916666666666668,False,estresada,propagada,False,-70,
2026-09-16 18:56:19-03:00,1789595779,2627,38,6,261,347.0,11.8,55.0,2369,2026.0,739,730.0,18.933333333333334,False,estresada,propagada,False,-69,
2026-09-16 18:56:49-03:00,1789595809,2628,38,6,230,322.0,12.2,55.0,2371,2027.0,735,732.0,18.933333333333334,False,estresada,propagada,False,-70,
2026-09-16 18:57:19-03:00,1789595839,2629,38,6,189,300.0,12.2,55.0,2368,2027.0,740,730.0,18.95,False,estresada,propagada,False,-70,
2026-09-16 18:57:49-03:00,1789595869,2630,38,6,173,278.0,12.2,55.0,2370,2028.0,741,729.0,18.95,False,estresada,propagada,False,-70,
2026-09-16 18:58:19-03:00,1789595899,2631,38,6,137,256.0,12.2,55.0,2380,2031.0,695,695.0,18.966666666666665,False,estresada,propagada,False,-72,
2026-09-16 18:58:49-03:00,1789595929,2632,38,6,127,243.0,11.8,55.0,2379,2033.0,705,704.0,18.966666666666665,False,estresada,propagada,False,-69,
2026-09-16 18:59:19-03:00,1789595959,2633,38,6,103,226.0,11.8,55.0,2370,2025.0,735,723.0,18.98333333333333,False,estresada,propagada,False,-69,
2026-09-16 18:59:49-03:00,1789595989,2634,38,6,90,214.0,11.8,55.0,2373,2029.0,704,704.0,18.98333333333333,False,estresada,propagada,False,-72,
2026-09-16 19:00:19-03:00,1789596019,2635,38,6,77,200.0,11.8,56.0,2381,2029.0,727,722.0,19.0,False,estresada,propagada,False,-70,
2026-09-16 19:00:49-03:00,1789596049,2636,38,6,67,197.0,11.8,56.0,2377,2037.0,717,715.0,19.0,False,estresada,propagada,False,-66,
2026-09-16 19:01:19-03:00,1789596079,2637,38,6,48,181.0,11.8,56.0,2377,2038.0,725,723.0,19.016666666666666,False,estresada,propagada,False,-67,
2026-09-16 19:01:49-03:00,1789596109,2638,38,6,53,181.0,11.8,56.0,2385,2034.0,743,731.0,19.016666666666666,False,estresada,propagada,False,-67,
2026-09-16 19:02:19-03:00,1789596139,2639,38,6,48,179.0,11.8,56.0,2383,2033.0,738,726.0,19.03333333333333,False,estresada,propagada,False,-67,
2026-09-16 19:02:49-03:00,1789596169,2640,38,6,26,165.0,11.8,56.0,2384,2031.0,735,728.0,19.03333333333333,False,estresada,propagada,False,-67,
2026-09-16 19:03:19-03:00,1789596199,2641,38,6,25,162.0,11.8,56.0,2372,2033.0,737,727.0,19.05,False,estresada,propagada,False,-67,
2026-09-16 19:03:49-03:00,1789596229,2642,38,6,17,161.0,11.8,56.0,2384,2037.0,751,733.0,19.05,False,estresada,propagada,False,-68,
2026-09-16 19:04:19-03:00,1789596259,2643,38,6,16,155.0,11.8,56.0,2375,2038.0,738,733.0,19.066666666666663,False,estresada,propagada,False,-67,
2026-09-16 19:04:49-03:00,1789596289,2644,38,6,16,152.0,11.8,56.0,2374,2033.0,740,732.0,19.066666666666663,False,estresada,propagada,False,-67,
2026-09-16 19:05:19-03:00,1789596319,2645,38,6,9,154.0,11.8,56.0,2375,2036.0,733,727.0,19.08333333333333,False,estresada,propagada,False,-68,
2026-09-16 19:05:49-03:00,1789596349,2646,38,6,7,147.0,11.8,56.0,2385,2038.0,721,715.0,19.08333333333333,False,estresada,propagada,False,-67,
2026-09-16 19:06:19-03:00,1789596379,2647,38,6,0,142.0,11.8,56.0,2382,2037.0,734,728.0,19.1,False,estresada,propagada,False,-66,luz_saturada
2026-09-16 19:06:49-03:00,1789596409,2648,38,6,0,143.0,11.8,56.0,2382,2038.0,749,731.0,19.1,False,estresada,propagada,False,-66,luz_saturada
2026-09-16 19:07:19-03:00,1789596439,2649,38,6,10,144.0,11.8,56.0,2383,2037.0,735,729.0,19.116666666666667,False,estresada,propagada,False,-68,
2026-09-16 19:07:49-03:00,1789596469,2650,38,6,0,142.0,11.8,57.0,2367,2031.0,739,730.0,19.116666666666667,False,estresada,propagada,False,-67,luz_saturada
2026-09-16 19:08:19-03:00,1789596499,2651,38,6,0,142.0,11.8,57.0,2383,2029.0,747,735.0,19.133333333333333,False,estresada,propagada,False,-67,luz_saturada
2026-09-16 19:08:49-03:00,1789596529,2652,38,6,0,142.0,11.8,57.0,2377,2038.0,747,730.0,19.133333333333333,False,estresada,propagada,False,-68,luz_saturada
2026-09-16 19:09:19-03:00,1789596559,2653,38,6,0,142.0,11.8,57.0,2387,2038.0,749,738.0,19.15,False,estresada,propagada,False,-66,luz_saturada
2026-09-16 19:09:49-03:00,1789596589,2654,38,6,0,142.0,11.8,57.0,2368,2029.0,736,728.0,19.15,False,estresada,propagada,False,-67,luz_saturada
2026-09-16 19:10:19-03:00,1789596619,2655,38,6,0,142.0,11.8,57.0,2384,2037.0,734,727.0,19.166666666666668,False,estresada,propagada,False,-67,luz_saturada
2026-09-16 19:10:49-03:00,1789596649,2656,38,6,0,142.0,11.8,57.0,2382,2040.0,734,718.0,19.166666666666668,False,estresada,propagada,False,-67,luz_saturada
2026-09-16 19:11:19-03:00,1789596679,2657,38,6,0,142.0,11.8,57.0,2386,2038.0,718,715.0,19.183333333333334,False,estresada,propagada,False,-67,luz_saturada
2026-09-16 19:11:49-03:00,1789596709,2658,38,6,0,142.0,11.8,57.0,2384,2037.0,718,714.0,19.183333333333334,False,estresada,propagada,False,-67,luz_saturada
2026-09-16 19:12:19-03:00,1789596739,2659,38,6,0,142.0,11.8,57.0,2384,2037.0,727,727.0,19.2,False,estresada,propagada,False,-67,luz_saturada
2026-09-16 19:12:49-03:00,1789596769,2660,38,6,0,142.0,11.8,57.0,2383,2034.0,716,714.0,19.2,False,estresada,propagada,False,-67,luz_saturada
2026-09-16 19:13:19-03:00,1789596799,2661,38,6,0,142.0,11.8,57.0,2370,2037.0,737,727.0,19.216666666666665,False,estresada,propagada,False,-67,luz_saturada
2026-09-16 19:13:49-03:00,1789596829,2662,38,6,0,142.0,11.8,57.0,2379,2026.0,741,727.0,19.216666666666665,False,estresada,propagada,False,-67,luz_saturada
2026-09-16 19:14:19-03:00,1789596859,2663,38,6,0,142.0,11.8,57.0,2381,2034.0,734,734.0,19.23333333333333,False,estresada,propagada,False,-67,luz_saturada
2026-09-16 19:14:49-03:00,1789596889,2664,38,6,0,142.0,11.8,57.0,2369,2034.0,732,728.0,19.23333333333333,False,estresada,propagada,False,-67,luz_saturada
2026-09-16 19:15:19-03:00,1789596919,2665,38,6,0,142.0,11.8,57.0,2381,2038.0,743,737.0,19.25,False,estresada,propagada,False,-67,luz_saturada
2026-09-16 19:15:49-03:00,1789596949,2666,38,6,0,142.0,11.8,57.0,2381,2036.0,741,732.0,19.25,False,estresada,propagada,False,-67,luz_saturada
2026-09-16 19:16:19-03:00,1789596979,2667,38,6,0,142.0,11.8,57.0,2380,2033.0,742,732.0,19.266666666666666,False,estresada,propagada,False,-66,luz_saturada
2026-09-16 19:16:49-03:00,1789597009,2668,38,6,0,142.0,11.8,57.0,2379,2033.0,738,733.0,19.266666666666666,False,estresada,propagada,False,-66,luz_saturada
2026-09-16 19:17:19-03:00,1789597039,2669,38,6,0,142.0,11.8,57.0,2385,2039.0,749,731.0,19.28333333333333,False,estresada,propagada,False,-66,luz_saturada
2026-09-16 19:17:49-03:00,1789597069,2670,38,6,0,142.0,11.8,57.0,2381,2032.0,752,739.0,19.28333333333333,False,estresada,propagada,False,-66,luz_saturada
2026-09-16 19:18:19-03:00,1789597099,2671,38,6,0,142.0,11.8,57.0,2385,2036.0,751,739.0,19.3,False,estresada,propagada,False,-67,luz_saturada
2026-09-16 19:18:49-03:00,1789597129,2672,38,6,0,142.0,11.8,57.0,2387,2041.0,743,733.0,19.3,False,estresada,propagada,False,-67,luz_saturada
2026-09-16 19:19:19-03:00,1789597159,2673,38,6,0,142.0,11.8,57.0,2379,2039.0,746,734.0,19.316666666666663,False,estresada,propagada,False,-66,luz_saturada
2026-09-16 19:19:49-03:00,1789597189,2674,38,6,0,142.0,11.8,57.0,2381,2036.0,746,731.0,19.316666666666663,False,estresada,propagada,False,-66,luz_saturada
2026-09-16 19:20:19-03:00,1789597219,2675,38,6,0,142.0,11.8,57.0,2375,2027.0,747,736.0,19.33333333333333,False,estresada,propagada,False,-67,luz_saturada
2026-09-16 19:20:49-03:00,1789597249,2676,38,6,0,142.0,11.8,57.0,2375,2036.0,743,731.0,19.33333333333333,False,estresada,propagada,False,-67,luz_saturada
2026-09-16 19:21:19-03:00,1789597279,2677,38,6,0,142.0,11.8,57.0,2375,2034.0,730,725.0,19.35,False,estresada,propagada,False,-67,luz_saturada
2026-09-16 19:21:49-03:00,1789597309,2678,38,6,0,142.0,11.8,58.0,2384,2038.0,741,730.0,19.35,False,estresada,propagada,False,-67,luz_saturada
2026-09-16 19:22:19-03:00,1789597339,2679,38,6,0,142.0,11.8,58.0,2391,2037.0,751,735.0,19.366666666666667,False,estresada,propagada,False,-67,luz_saturada
2026-09-16 19:22:49-03:00,1789597369,2680,38,6,0,142.0,11.8,58.0,2390,2038.0,742,731.0,19.366666666666667,False,estresada,propagada,False,-67,luz_saturada
2026-09-16 19:23:19-03:00,1789597399,2681,38,6,0,142.0,11.8,58.0,2374,2030.0,727,717.0,19.383333333333333,False,estresada,propagada,False,-67,luz_saturada
2026-09-16 19:23:49-03:00,1789597429,2682,38,6,0,142.0,11.8,58.0,2368,2038.0,718,712.0,19.383333333333333,False,estresada,propagada,False,-66,luz_saturada
2026-09-16 19:24:19-03:00,1789597459,2683,38,6,0,142.0,11.8,58.0,2389,2040.0,727,717.0,19.4,False,estresada,propagada,False,-66,luz_saturada
2026-09-16 19:24:49-03:00,1789597489,2684,38,6,0,142.0,11.8,58.0,2386,2038.0,734,722.0,19.4,False,estresada,propagada,False,-67,luz_saturada
2026-09-16 19:25:19-03:00,1789597519,2685,38,6,0,142.0,11.8,58.0,2384,2038.0,731,725.0,19.416666666666668,False,estresada,propagada,False,-67,luz_saturada
2026-09-16 19:25:49-03:00,1789597549,2686,38,6,0,142.0,11.8,58.0,2389,2038.0,736,723.0,19.416666666666668,False,estresada,propagada,False,-66,luz_saturada
2026-09-16 19:26:19-03:00,1789597579,2687,38,6,0,142.0,11.7,58.0,2386,2041.0,737,730.0,19.433333333333334,False,estresada,propagada,False,-67,luz_saturada
2026-09-16 19:26:49-03:00,1789597609,2688,38,6,0,142.0,11.4,58.0,2380,2034.0,721,715.0,19.433333333333334,False,estresada,propagada,False,-67,luz_saturada
2026-09-16 19:27:19-03:00,1789597639,2689,38,6,0,142.0,11.8,58.0,2393,2039.0,722,719.0,19.45,False,estresada,propagada,False,-67,luz_saturada
2026-09-16 19:27:49-03:00,1789597669,2690,38,6,0,142.0,11.8,59.0,2381,2044.0,727,720.0,19.45,False,estresada,propagada,False,-67,luz_saturada
2026-09-16 19:28:19-03:00,1789597699,2691,38,6,0,142.0,11.8,59.0,2396,2041.0,726,720.0,19.466666666666665,False,estresada,propagada,False,-67,luz_saturada
2026-09-16 19:28:49-03:00,1789597729,2692,38,6,0,142.0,11.8,59.0,2389,2040.0,720,719.0,19.466666666666665,False,estresada,propagada,False,-67,luz_saturada
2026-09-16 19:29:19-03:00,1789597759,2693,38,6,0,142.0,11.8,59.0,2386,2045.0,741,727.0,19.48333333333333,False,estresada,propagada,False,-67,luz_saturada
2026-09-16 19:29:49-03:00,1789597789,2694,38,6,14,151.0,11.8,58.0,2387,2045.0,743,736.0,19.48333333333333,False,estresada,propagada,False,-69,
2026-09-16 19:30:19-03:00,1789597819,2695,38,6,15,149.0,11.8,58.0,2375,2037.0,746,736.0,19.5,False,estresada,propagada,False,-67,
2026-09-16 19:30:49-03:00,1789597849,2696,38,6,11,146.0,11.8,58.0,2401,2044.0,724,724.0,19.5,False,estresada,propagada,False,-67,
2026-09-16 19:31:19-03:00,1789597879,2697,38,6,4,150.0,11.8,58.0,2382,2042.0,739,735.0,19.516666666666666,False,estresada,propagada,False,-67,
2026-09-16 19:31:49-03:00,1789597909,2698,38,6,6,148.0,11.8,58.0,2399,2044.0,737,730.0,19.516666666666666,False,estresada,propagada,False,-69,
2026-09-16 19:32:19-03:00,1789597939,2699,38,6,10,150.0,11.4,59.0,2387,2041.0,737,726.0,19.53333333333333,False,estresada,propagada,False,-66,
2026-09-16 19:32:49-03:00,1789597969,2700,38,6,0,146.0,11.3,59.0,2389,2041.0,737,726.0,19.53333333333333,False,estresada,propagada,False,-66,luz_saturada
2026-09-16 19:33:19-03:00,1789597999,2701,38,6,5,148.0,11.4,59.0,2391,2040.0,734,720.0,19.55,False,estresada,propagada,False,-66,
2026-09-16 19:33:49-03:00,1789598029,2702,38,6,2,144.0,11.3,59.0,2386,2038.0,737,725.0,19.55,False,estresada,propagada,False,-66,
2026-09-16 19:34:19-03:00,1789598059,2703,38,6,3,146.0,11.4,59.0,2399,2042.0,732,721.0,19.566666666666663,False,estresada,propagada,False,-67,
2026-09-16 19:34:49-03:00,1789598089,2704,38,6,13,148.0,11.8,59.0,2395,2044.0,732,722.0,19.566666666666663,False,estresada,propagada,False,-67,
2026-09-16 19:35:19-03:00,1789598119,2705,38,6,3,142.0,11.8,59.0,2391,2041.0,734,727.0,19.58333333333333,False,estresada,propagada,False,-66,
2026-09-16 19:35:49-03:00,1789598149,2706,38,6,0,149.0,11.8,59.0,2399,2043.0,729,722.0,19.58333333333333,False,estresada,propagada,False,-67,luz_saturada
2026-09-16 19:36:19-03:00,1789598179,2707,38,6,16,143.0,11.8,59.0,2385,2044.0,740,727.0,19.6,False,estresada,propagada,False,-67,
2026-09-16 19:36:49-03:00,1789598209,2708,38,6,15,147.0,11.8,59.0,2397,2045.0,738,730.0,19.6,False,estresada,propagada,False,-67,
2026-09-16 19:37:19-03:00,1789598239,2709,38,6,12,145.0,11.8,59.0,2385,2041.0,739,727.0,19.616666666666667,False,estresada,propagada,False,-67,
2026-09-16 19:37:49-03:00,1789598269,2710,38,6,12,145.0,11.4,59.0,2388,2042.0,721,718.0,19.616666666666667,False,estresada,propagada,False,-67,
2026-09-16 19:38:19-03:00,1789598299,2711,38,6,0,144.0,11.3,59.0,2394,2041.0,738,727.0,19.633333333333333,False,estresada,propagada,False,-67,luz_saturada
2026-09-16 19:38:49-03:00,1789598329,2712,38,6,0,146.0,11.3,59.0,2401,2046.0,731,728.0,19.633333333333333,False,estresada,propagada,False,-66,luz_saturada
2026-09-16 19:39:19-03:00,1789598359,2713,38,6,11,145.0,11.3,59.0,2397,2049.0,731,729.0,19.65,False,estresada,propagada,False,-66,
2026-09-16 19:39:49-03:00,1789598389,2714,38,6,0,148.0,11.3,59.0,2397,2042.0,735,723.0,19.65,False,estresada,propagada,False,-66,luz_saturada
2026-09-16 19:40:19-03:00,1789598419,2715,38,6,0,147.0,11.3,59.0,2390,2042.0,736,723.0,19.666666666666668,False,estresada,propagada,False,-66,luz_saturada
2026-09-16 19:40:49-03:00,1789598449,2716,38,6,5,147.0,11.3,59.0,2381,2041.0,725,719.0,19.666666666666668,False,estresada,propagada,False,-66,
2026-09-16 19:41:19-03:00,1789598479,2717,38,6,11,147.0,11.3,59.0,2385,2039.0,734,721.0,19.683333333333334,False,estresada,propagada,False,-67,
2026-09-16 19:41:49-03:00,1789598509,2718,38,6,0,144.0,11.3,59.0,2388,2037.0,733,727.0,19.683333333333334,False,estresada,propagada,False,-67,luz_saturada
2026-09-16 19:42:19-03:00,1789598539,2719,38,6,3,148.0,11.3,59.0,2381,2038.0,727,723.0,19.7,False,estresada,propagada,False,-66,
2026-09-16 19:42:49-03:00,1789598569,2720,38,6,2,147.0,11.3,59.0,2383,2037.0,739,731.0,19.7,False,estresada,propagada,False,-66,
2026-09-16 19:43:19-03:00,1789598599,2721,38,6,0,146.0,11.3,59.0,2380,2037.0,738,727.0,19.716666666666665,False,estresada,propagada,False,-67,luz_saturada
2026-09-16 19:43:49-03:00,1789598629,2722,38,6,7,151.0,11.3,59.0,2379,2034.0,742,730.0,19.716666666666665,False,estresada,propagada,False,-67,
2026-09-16 19:44:19-03:00,1789598659,2723,38,6,13,146.0,11.3,59.0,2373,2036.0,723,719.0,19.73333333333333,False,estresada,propagada,False,-67,
2026-09-16 19:44:49-03:00,1789598689,2724,38,6,0,144.0,11.3,59.0,2384,2036.0,738,727.0,19.73333333333333,False,estresada,propagada,False,-67,luz_saturada
2026-09-16 19:45:19-03:00,1789598719,2725,38,6,0,146.0,11.3,59.0,2399,2049.0,731,720.0,19.75,False,estresada,propagada,False,-67,luz_saturada
2026-09-16 19:45:49-03:00,1789598749,2726,38,6,0,148.0,11.3,60.0,2399,2050.0,728,720.0,19.75,False,estresada,propagada,False,-67,luz_saturada
2026-09-16 19:46:19-03:00,1789598779,2727,38,6,13,145.0,11.3,60.0,2391,2050.0,707,710.0,19.766666666666666,False,estresada,propagada,False,-67,
2026-09-16 19:46:49-03:00,1789598809,2728,38,6,0,148.0,11.3,60.0,2399,2046.0,724,715.0,19.766666666666666,False,estresada,propagada,False,-66,luz_saturada
2026-09-16 19:47:19-03:00,1789598839,2729,38,6,3,149.0,11.3,60.0,2395,2042.0,721,715.0,19.78333333333333,False,estresada,propagada,False,-66,
2026-09-16 19:47:49-03:00,1789598869,2730,38,6,3,148.0,11.3,60.0,2394,2050.0,704,704.0,19.78333333333333,False,estresada,propagada,False,-66,
2026-09-16 19:48:19-03:00,1789598899,2731,38,6,11,147.0,11.3,61.0,2397,2052.0,722,715.0,19.8,False,estresada,propagada,False,-67,
2026-09-16 19:48:49-03:00,1789598929,2732,38,6,1,144.0,11.3,61.0,2395,2047.0,720,716.0,19.8,False,estresada,propagada,False,-67,
2026-09-16 19:49:19-03:00,1789598959,2733,38,6,16,147.0,11.3,61.0,2401,2052.0,717,711.0,19.816666666666663,False,estresada,propagada,False,-66,
2026-09-16 19:49:49-03:00,1789598989,2734,38,6,2,151.0,11.3,61.0,2395,2052.0,707,704.0,19.816666666666663,False,estresada,propagada,False,-66,
2026-09-16 19:50:19-03:00,1789599019,2735,38,6,4,148.0,11.3,61.0,2386,2039.0,689,691.0,19.83333333333333,False,estresada,propagada,False,-66,
2026-09-16 19:50:49-03:00,1789599049,2736,38,6,6,146.0,11.3,61.0,2398,2043.0,704,702.0,19.83333333333333,False,estresada,propagada,False,-67,
2026-09-16 19:51:19-03:00,1789599079,2737,38,6,10,150.0,11.3,61.0,2396,2046.0,710,712.0,19.85,False,estresada,propagada,False,-67,
2026-09-16 19:51:48-03:00,1789599108,2738,38,6,16,151.0,11.3,61.0,2389,2042.0,710,707.0,19.85,False,estresada,propagada,False,-66,
2026-09-16 19:52:18-03:00,1789599138,2739,38,6,16,145.0,11.3,61.0,2393,2054.0,714,714.0,19.866666666666667,False,estresada,propagada,False,-67,
2026-09-16 19:52:48-03:00,1789599168,2740,38,6,3,147.0,11.3,61.0,2405,2050.0,723,714.0,19.866666666666667,False,estresada,propagada,False,-65,
2026-09-16 19:53:18-03:00,1789599198,2741,38,6,7,146.0,11.3,61.0,2400,2050.0,718,715.0,19.883333333333333,False,estresada,propagada,False,-66,
2026-09-16 19:53:48-03:00,1789599228,2742,38,6,4,147.0,11.3,61.0,2406,2052.0,694,693.0,19.883333333333333,False,estresada,propagada,False,-67,
2026-09-16 19:54:18-03:00,1789599258,2743,38,6,2,145.0,10.9,62.0,2399,2046.0,706,707.0,19.9,False,estresada,propagada,False,-66,
2026-09-16 19:54:48-03:00,1789599288,2744,38,6,6,151.0,11.3,62.0,2405,2047.0,720,715.0,19.9,False,estresada,propagada,False,-66,
2026-09-16 19:55:18-03:00,1789599318,2745,38,6,5,143.0,11.3,62.0,2410,2051.0,720,715.0,19.916666666666668,False,estresada,propagada,False,-66,
2026-09-16 19:55:48-03:00,1789599348,2746,38,6,16,148.0,11.3,62.0,2401,2055.0,721,716.0,19.916666666666668,False,estresada,propagada,False,-66,
2026-09-16 19:56:18-03:00,1789599378,2747,38,6,16,146.0,11.3,62.0,2392,2045.0,725,720.0,19.933333333333334,False,estresada,propagada,False,-67,
2026-09-16 19:56:48-03:00,1789599408,2748,38,6,11,148.0,11.3,62.0,2400,2047.0,730,727.0,19.933333333333334,False,estresada,propagada,False,-66,
2026-09-16 19:57:18-03:00,1789599438,2749,38,6,5,148.0,11.3,62.0,2400,2051.0,735,726.0,19.95,False,estresada,propagada,False,-67,
2026-09-16 19:57:48-03:00,1789599468,2750,38,6,4,148.0,11.3,62.0,2449,2043.0,726,719.0,19.95,False,estresada,propagada,False,-66,
2026-09-16 19:58:18-03:00,1789599498,2751,38,6,10,146.0,11.3,62.0,2399,2053.0,710,706.0,19.966666666666665,False,estresada,propagada,False,-67,
2026-09-16 19:58:48-03:00,1789599528,2752,38,6,2,144.0,11.3,62.0,2395,2049.0,721,715.0,19.966666666666665,False,estresada,propagada,False,-66,
2026-09-16 19:59:18-03:00,1789599558,2753,38,6,11,144.0,11.3,62.0,2401,2052.0,721,716.0,19.98333333333333,False,estresada,propagada,False,-66,
2026-09-16 19:59:48-03:00,1789599588,2754,38,6,4,148.0,11.3,62.0,2393,2050.0,720,715.0,19.98333333333333,False,estresada,propagada,False,-67,
2026-09-16 20:00:18-03:00,1789599618,2755,38,6,16,147.0,11.3,62.0,2396,2051.0,720,716.0,20.0,True,estresada,propagada,False,-67,
2026-09-16 20:00:48-03:00,1789599648,2756,38,6,3,147.0,11.3,62.0,2418,2056.0,723,719.0,20.0,True,estresada,propagada,False,-66,
2026-09-16 20:01:18-03:00,1789599678,2757,38,6,7,146.0,11.3,62.0,2384,2046.0,721,715.0,20.016666666666666,True,estresada,propagada,False,-69,
2026-09-16 20:01:48-03:00,1789599708,2758,38,6,8,148.0,11.3,62.0,2407,2058.0,717,713.0,20.016666666666666,True,estresada,propagada,False,-70,
2026-09-16 20:02:18-03:00,1789599738,2759,38,6,3,146.0,11.3,62.0,2399,2051.0,731,723.0,20.03333333333333,True,estresada,propagada,False,-68,
2026-09-16 20:02:48-03:00,1789599768,2760,38,6,9,142.0,11.3,62.0,2405,2054.0,730,722.0,20.03333333333333,True,estresada,propagada,False,-69,
2026-09-16 20:03:18-03:00,1789599798,2761,38,6,1,144.0,11.3,62.0,2407,2054.0,722,717.0,20.05,True,estresada,propagada,False,-69,
2026-09-16 20:03:48-03:00,1789599828,2762,38,6,10,142.0,11.3,62.0,2411,2053.0,721,716.0,20.05,True,estresada,propagada,False,-69,
2026-09-16 20:04:18-03:00,1789599858,2763,38,6,14,154.0,11.3,62.0,2400,2056.0,735,725.0,20.066666666666663,True,estresada,propagada,False,-70,
2026-09-16 20:04:48-03:00,1789599888,2764,38,6,3,146.0,11.3,62.0,2401,2055.0,731,719.0,20.066666666666663,True,estresada,propagada,False,-69,
2026-09-16 20:05:18-03:00,1789599918,2765,38,6,0,145.0,11.3,62.0,2399,2053.0,727,723.0,20.08333333333333,True,estresada,propagada,False,-69,luz_saturada
2026-09-16 20:05:48-03:00,1789599948,2766,38,6,5,144.0,11.3,62.0,2405,2060.0,726,715.0,20.08333333333333,True,estresada,propagada,False,-69,
2026-09-16 20:06:18-03:00,1789599978,2767,38,6,1,147.0,11.3,62.0,2399,2058.0,726,715.0,20.1,True,estresada,propagada,False,-70,
2026-09-16 20:06:48-03:00,1789600008,2768,38,6,6,147.0,11.3,63.0,2399,2055.0,727,719.0,20.1,True,estresada,propagada,False,-70,
2026-09-16 20:07:18-03:00,1789600038,2769,38,6,7,144.0,11.3,63.0,2399,2053.0,726,723.0,20.116666666666667,True,estresada,propagada,False,-70,
2026-09-16 20:07:48-03:00,1789600068,2770,38,6,16,143.0,11.3,63.0,2400,2037.0,722,719.0,20.116666666666667,True,estresada,propagada,False,-69,
2026-09-16 20:08:18-03:00,1789600098,2771,38,6,11,142.0,11.3,63.0,2394,2051.0,723,719.0,20.133333333333333,True,estresada,propagada,False,-70,
2026-09-16 20:08:48-03:00,1789600128,2772,38,6,13,147.0,11.3,63.0,2398,2056.0,732,723.0,20.133333333333333,True,estresada,propagada,False,-69,
2026-09-16 20:09:18-03:00,1789600158,2773,38,6,5,145.0,11.3,63.0,2416,2060.0,731,727.0,20.15,True,estresada,propagada,False,-69,
2026-09-16 20:09:48-03:00,1789600188,2774,38,6,0,152.0,11.3,63.0,2405,2055.0,739,728.0,20.15,True,estresada,propagada,False,-69,luz_saturada
2026-09-16 20:10:18-03:00,1789600218,2775,38,6,7,152.0,11.3,63.0,2411,2055.0,735,725.0,20.166666666666668,True,estresada,propagada,False,-70,
2026-09-16 20:10:48-03:00,1789600248,2776,38,6,15,149.0,11.3,63.0,2413,2060.0,734,727.0,20.166666666666668,True,estresada,propagada,False,-69,
2026-09-16 20:11:18-03:00,1789600278,2777,38,6,13,150.0,11.3,63.0,2402,2053.0,740,727.0,20.183333333333334,True,estresada,propagada,False,-69,
2026-09-16 20:11:48-03:00,1789600308,2778,38,6,5,147.0,11.3,63.0,2401,2053.0,720,715.0,20.183333333333334,True,estresada,propagada,False,-69,
2026-09-16 20:12:18-03:00,1789600338,2779,38,6,0,149.0,11.3,63.0,2410,2056.0,726,717.0,20.2,True,estresada,propagada,False,-69,luz_saturada
2026-09-16 20:12:48-03:00,1789600368,2780,38,6,11,150.0,11.3,63.0,2410,2061.0,729,723.0,20.2,True,estresada,propagada,False,-70,
2026-09-16 20:13:18-03:00,1789600398,2781,38,6,2,144.0,11.3,63.0,2412,2057.0,716,708.0,20.216666666666665,True,estresada,propagada,False,-70,
2026-09-16 20:13:48-03:00,1789600428,2782,38,6,0,146.0,11.3,63.0,2405,2055.0,705,702.0,20.216666666666665,True,estresada,propagada,False,-69,luz_saturada
2026-09-16 20:14:18-03:00,1789600458,2783,38,6,3,148.0,11.3,63.0,2407,2058.0,715,704.0,20.23333333333333,True,estresada,propagada,False,-69,
2026-09-16 20:14:48-03:00,1789600488,2784,38,6,15,144.0,11.3,63.0,2399,2053.0,720,720.0,20.23333333333333,True,estresada,propagada,False,-69,
2026-09-16 20:15:18-03:00,1789600518,2785,38,6,10,147.0,11.3,63.0,2415,2060.0,725,715.0,20.25,True,estresada,propagada,False,-69,
2026-09-16 20:15:48-03:00,1789600548,2786,38,6,15,149.0,11.3,63.0,2402,2061.0,725,716.0,20.25,True,estresada,propagada,False,-69,
2026-09-16 20:16:18-03:00,1789600578,2787,38,6,0,147.0,11.3,63.0,2402,2059.0,722,719.0,20.266666666666666,True,estresada,propagada,False,-69,luz_saturada
2026-09-16 20:16:48-03:00,1789600608,2788,38,6,6,144.0,11.3,64.0,2403,2056.0,719,715.0,20.266666666666666,True,estresada,propagada,False,-69,
2026-09-16 20:17:18-03:00,1789600638,2789,38,6,4,154.0,11.3,64.0,2418,2061.0,705,704.0,20.28333333333333,True,estresada,propagada,False,-69,
2026-09-16 20:17:48-03:00,1789600668,2790,38,6,5,150.0,11.3,64.0,2411,2055.0,715,714.0,20.28333333333333,True,estresada,propagada,False,-70,
2026-09-16 20:18:18-03:00,1789600698,2791,38,6,6,144.0,11.3,64.0,2402,2049.0,720,713.0,20.3,True,estresada,propagada,False,-70,
2026-09-16 20:18:48-03:00,1789600728,2792,38,6,10,147.0,10.9,65.0,2428,2060.0,720,712.0,20.3,True,estresada,propagada,False,-70,
2026-09-16 20:19:18-03:00,1789600758,2793,38,6,11,148.0,10.9,65.0,2399,2062.0,720,713.0,20.316666666666663,True,estresada,propagada,False,-70,
2026-09-16 20:19:48-03:00,1789600788,2794,38,6,0,147.0,10.9,65.0,2416,2063.0,720,715.0,20.316666666666663,True,estresada,propagada,False,-69,luz_saturada
2026-09-16 20:20:18-03:00,1789600818,2795,38,6,65,144.0,11.3,64.0,2400,2056.0,717,704.0,20.33333333333333,True,estresada,propagada,False,-70,
2026-09-16 20:20:48-03:00,1789600848,2796,38,6,17,144.0,11.3,64.0,2413,2060.0,715,714.0,20.33333333333333,True,estresada,propagada,False,-69,
2026-09-16 20:21:18-03:00,1789600878,2797,38,6,8,147.0,11.3,64.0,2416,2060.0,699,694.0,20.35,True,estresada,propagada,False,-70,
2026-09-16 20:21:48-03:00,1789600908,2798,38,6,0,148.0,11.3,65.0,2406,2063.0,713,711.0,20.35,True,estresada,propagada,False,-68,luz_saturada
2026-09-16 20:22:18-03:00,1789600938,2799,38,6,0,148.0,11.3,65.0,2416,2060.0,719,715.0,20.366666666666667,True,estresada,propagada,False,-69,luz_saturada
2026-09-16 20:22:48-03:00,1789600968,2800,38,6,11,147.0,11.3,65.0,2416,2066.0,720,714.0,20.366666666666667,True,estresada,propagada,False,-68,
2026-09-16 20:23:18-03:00,1789600998,2801,38,6,9,150.0,11.3,65.0,2411,2059.0,721,717.0,20.383333333333333,True,estresada,propagada,False,-69,
2026-09-16 20:23:48-03:00,1789601028,2802,38,6,6,147.0,11.3,65.0,2416,2060.0,720,715.0,20.383333333333333,True,estresada,propagada,False,-69,
2026-09-16 20:24:18-03:00,1789601058,2803,38,6,13,150.0,11.3,65.0,2403,2063.0,721,716.0,20.4,True,estresada,propagada,False,-69,
2026-09-16 20:24:48-03:00,1789601088,2804,38,6,7,145.0,11.3,65.0,2411,2059.0,720,717.0,20.4,True,estresada,propagada,False,-69,
2026-09-16 20:25:18-03:00,1789601118,2805,38,6,5,148.0,11.3,65.0,2415,2061.0,718,715.0,20.416666666666668,True,estresada,propagada,False,-68,
2026-09-16 20:25:48-03:00,1789601148,2806,38,6,0,144.0,11.3,64.0,2407,2060.0,733,725.0,20.416666666666668,True,estresada,propagada,False,-69,luz_saturada
2026-09-16 20:26:18-03:00,1789601178,2807,38,6,5,147.0,11.3,64.0,2417,2064.0,722,719.0,20.433333333333334,True,estresada,propagada,False,-69,
2026-09-16 20:26:48-03:00,1789601208,2808,38,6,12,147.0,11.3,64.0,2409,2064.0,733,723.0,20.433333333333334,True,estresada,propagada,False,-69,
2026-09-16 20:27:18-03:00,1789601238,2809,38,6,11,147.0,11.3,64.0,2416,2063.0,735,725.0,20.45,True,estresada,propagada,False,-69,
2026-09-16 20:27:48-03:00,1789601268,2810,38,6,6,144.0,11.3,64.0,2413,2064.0,733,724.0,20.45,True,estresada,propagada,False,-69,
2026-09-16 20:28:18-03:00,1789601298,2811,38,6,12,144.0,11.3,64.0,2414,2056.0,721,717.0,20.466666666666665,True,estresada,propagada,False,-69,
2026-09-16 20:28:48-03:00,1789601328,2812,38,6,10,148.0,11.3,64.0,2412,2061.0,726,716.0,20.466666666666665,True,estresada,propagada,False,-69,
2026-09-16 20:29:18-03:00,1789601358,2813,38,6,4,149.0,11.3,64.0,2407,2060.0,650,710.0,20.48333333333333,True,estresada,propagada,False,-69,
2026-09-16 20:29:48-03:00,1789601388,2814,38,6,5,148.0,11.3,64.0,2417,2064.0,720,709.0,20.48333333333333,True,estresada,propagada,False,-69,
2026-09-16 20:30:18-03:00,1789601418,2815,38,6,4,146.0,11.3,65.0,2412,2062.0,720,710.0,20.5,True,estresada,propagada,False,-69,
2026-09-16 20:30:48-03:00,1789601448,2816,38,6,0,149.0,11.3,65.0,2416,2060.0,722,720.0,20.5,True,estresada,propagada,False,-68,luz_saturada
2026-09-16 20:31:18-03:00,1789601478,2817,38,6,16,146.0,11.3,65.0,2407,2056.0,728,720.0,20.516666666666666,True,estresada,propagada,False,-69,
2026-09-16 20:31:48-03:00,1789601508,2818,38,6,3,151.0,11.3,65.0,2415,2063.0,729,721.0,20.516666666666666,True,estresada,propagada,False,-69,
2026-09-16 20:32:18-03:00,1789601538,2819,38,6,4,151.0,11.3,65.0,2430,2064.0,726,715.0,20.53333333333333,True,estresada,propagada,False,-69,
2026-09-16 20:32:48-03:00,1789601568,2820,38,6,4,150.0,11.3,65.0,2412,2064.0,719,713.0,20.53333333333333,True,estresada,propagada,False,-69,
2026-09-16 20:33:18-03:00,1789601598,2821,38,6,11,147.0,11.3,65.0,2421,2064.0,730,722.0,20.55,True,estresada,propagada,False,-69,
2026-09-16 20:33:48-03:00,1789601628,2822,38,6,0,150.0,11.3,65.0,2416,2064.0,731,723.0,20.55,True,estresada,propagada,False,-69,luz_saturada
2026-09-16 20:34:18-03:00,1789601658,2823,38,6,9,152.0,11.3,65.0,2421,2067.0,732,720.0,20.566666666666663,True,estresada,propagada,False,-69,
2026-09-16 20:34:48-03:00,1789601688,2824,38,6,4,146.0,11.3,65.0,2418,2060.0,726,722.0,20.566666666666663,True,estresada,propagada,False,-68,
2026-09-16 20:35:18-03:00,1789601718,2825,38,6,11,148.0,11.3,65.0,2427,2060.0,734,723.0,20.58333333333333,True,estresada,propagada,False,-69,
2026-09-16 20:35:48-03:00,1789601748,2826,38,6,11,151.0,11.3,65.0,2417,2064.0,729,726.0,20.58333333333333,True,estresada,propagada,False,-69,
2026-09-16 20:36:18-03:00,1789601778,2827,38,6,7,148.0,10.9,66.0,2416,2064.0,734,727.0,20.6,True,estresada,propagada,False,-69,
2026-09-16 20:36:48-03:00,1789601808,2828,38,6,2,155.0,11.0,65.0,2423,2064.0,730,717.0,20.6,True,estresada,propagada,False,-69,
2026-09-16 20:37:18-03:00,1789601838,2829,38,6,5,149.0,11.3,65.0,2418,2064.0,730,722.0,20.616666666666667,True,estresada,propagada,False,-68,
2026-09-16 20:37:48-03:00,1789601868,2830,38,6,11,148.0,10.9,66.0,2419,2064.0,735,723.0,20.616666666666667,True,estresada,propagada,False,-69,
2026-09-16 20:38:18-03:00,1789601898,2831,38,6,14,150.0,10.9,66.0,2406,2061.0,735,724.0,20.633333333333333,True,estresada,propagada,False,-69,
2026-09-16 20:38:48-03:00,1789601928,2832,38,6,3,150.0,10.9,66.0,2421,2064.0,725,719.0,20.633333333333333,True,estresada,propagada,False,-70,
2026-09-16 20:39:18-03:00,1789601958,2833,38,6,16,147.0,10.9,66.0,2416,2068.0,724,715.0,20.65,True,estresada,propagada,False,-70,
2026-09-16 20:39:48-03:00,1789601988,2834,38,6,2,150.0,10.9,66.0,2412,2062.0,720,715.0,20.65,True,estresada,propagada,False,-69,
2026-09-16 20:40:18-03:00,1789602018,2835,38,6,8,146.0,10.9,66.0,2416,2063.0,732,719.0,20.666666666666668,True,estresada,propagada,False,-70,
2026-09-16 20:40:48-03:00,1789602048,2836,38,6,14,149.0,10.9,66.0,2422,2064.0,733,720.0,20.666666666666668,True,estresada,propagada,False,-70,
2026-09-16 20:41:18-03:00,1789602078,2837,38,6,3,151.0,10.9,66.0,2416,2064.0,722,717.0,20.683333333333334,True,estresada,propagada,False,-70,
2026-09-16 20:41:48-03:00,1789602108,2838,38,6,11,150.0,10.9,66.0,2419,2065.0,733,720.0,20.683333333333334,True,estresada,propagada,False,-69,
2026-09-16 20:42:18-03:00,1789602138,2839,38,6,16,147.0,10.9,66.0,2417,2064.0,726,720.0,20.7,True,estresada,propagada,False,-69,
2026-09-16 20:42:48-03:00,1789602168,2840,38,6,15,148.0,10.9,66.0,2416,2064.0,723,723.0,20.7,True,estresada,propagada,False,-72,
2026-09-16 20:43:18-03:00,1789602198,2841,38,6,1,148.0,10.9,66.0,2425,2064.0,723,717.0,20.716666666666665,True,estresada,propagada,False,-70,
2026-09-16 20:43:48-03:00,1789602228,2842,38,6,11,150.0,10.9,66.0,2416,2064.0,727,720.0,20.716666666666665,True,estresada,propagada,False,-69,
2026-09-16 20:44:18-03:00,1789602258,2843,38,6,0,148.0,10.9,67.0,2419,2064.0,734,723.0,20.73333333333333,True,estresada,propagada,False,-69,luz_saturada
2026-09-16 20:44:48-03:00,1789602288,2844,38,6,3,151.0,10.9,67.0,2416,2062.0,735,725.0,20.73333333333333,True,estresada,propagada,False,-69,
2026-09-16 20:45:18-03:00,1789602318,2845,38,6,5,148.0,10.9,67.0,2405,2058.0,741,726.0,20.75,True,estresada,propagada,False,-69,
2026-09-16 20:45:48-03:00,1789602348,2846,38,6,10,152.0,10.9,67.0,2413,2064.0,736,723.0,20.75,True,estresada,propagada,False,-69,
2026-09-16 20:46:18-03:00,1789602378,2847,38,6,0,148.0,10.9,67.0,2419,2064.0,735,726.0,20.766666666666666,True,estresada,propagada,False,-69,luz_saturada
2026-09-16 20:46:48-03:00,1789602408,2848,38,6,3,149.0,10.9,67.0,2420,2066.0,722,720.0,20.766666666666666,True,estresada,propagada,False,-69,
2026-09-16 20:47:18-03:00,1789602438,2849,38,6,11,150.0,10.9,67.0,2410,2064.0,727,719.0,20.78333333333333,True,estresada,propagada,False,-69,
2026-09-16 20:47:48-03:00,1789602468,2850,38,6,2,150.0,10.9,67.0,2415,2064.0,718,714.0,20.78333333333333,True,estresada,propagada,False,-69,
2026-09-16 20:48:18-03:00,1789602498,2851,38,6,16,149.0,10.9,67.0,2405,2063.0,724,719.0,20.8,True,estresada,propagada,False,-69,
2026-09-16 20:48:48-03:00,1789602528,2852,38,6,6,148.0,11.3,66.0,2413,2058.0,714,713.0,20.8,True,estresada,propagada,False,-70,
2026-09-16 20:49:18-03:00,1789602558,2853,38,6,17,144.0,11.3,66.0,2421,2061.0,710,703.0,20.816666666666663,True,estresada,propagada,False,-70,
2026-09-16 20:49:48-03:00,1789602588,2854,38,6,17,151.0,10.9,67.0,2421,2064.0,704,702.0,20.816666666666663,True,estresada,propagada,False,-69,
2026-09-16 20:50:18-03:00,1789602618,2855,38,6,6,146.0,10.9,67.0,2416,2064.0,701,698.0,20.83333333333333,True,estresada,propagada,False,-69,
2026-09-16 20:50:48-03:00,1789602648,2856,38,6,18,146.0,10.9,67.0,2426,2064.0,715,711.0,20.83333333333333,True,estresada,propagada,False,-69,
2026-09-16 20:51:18-03:00,1789602678,2857,38,6,7,150.0,10.9,67.0,2405,2061.0,720,713.0,20.85,True,estresada,propagada,False,-69,
2026-09-16 20:51:48-03:00,1789602708,2858,38,6,8,150.0,10.9,67.0,2395,2056.0,717,712.0,20.85,True,estresada,propagada,False,-69,
2026-09-16 20:52:18-03:00,1789602738,2859,38,6,10,146.0,10.9,67.0,2416,2064.0,720,708.0,20.866666666666667,True,estresada,propagada,False,-69,
2026-09-16 20:52:48-03:00,1789602768,2860,38,6,5,146.0,10.9,67.0,2416,2064.0,695,698.0,20.866666666666667,True,estresada,propagada,False,-69,
2026-09-16 20:53:18-03:00,1789602798,2861,38,6,16,152.0,10.9,68.0,2416,2063.0,711,704.0,20.883333333333333,True,estresada,propagada,False,-71,
2026-09-16 20:53:48-03:00,1789602828,2862,38,6,9,149.0,10.9,68.0,2415,2064.0,720,714.0,20.883333333333333,True,estresada,propagada,False,-69,
2026-09-16 20:54:18-03:00,1789602858,2863,38,6,3,149.0,10.9,68.0,2405,2064.0,720,715.0,20.9,True,estresada,propagada,False,-69,
2026-09-16 20:54:48-03:00,1789602888,2864,38,6,5,147.0,10.9,67.0,2419,2064.0,716,714.0,20.9,True,estresada,propagada,False,-69,
2026-09-16 20:55:18-03:00,1789602918,2865,38,6,5,151.0,10.9,68.0,2403,2055.0,726,716.0,20.916666666666668,True,estresada,propagada,False,-69,
2026-09-16 20:55:48-03:00,1789602948,2866,38,6,8,147.0,10.9,68.0,2417,2059.0,719,715.0,20.916666666666668,True,estresada,propagada,False,-68,
2026-09-16 20:56:18-03:00,1789602978,2867,38,6,5,149.0,10.9,68.0,2411,2065.0,723,719.0,20.933333333333334,True,estresada,propagada,False,-69,
2026-09-16 20:56:48-03:00,1789603008,2868,38,6,0,149.0,10.9,67.0,2421,2066.0,721,717.0,20.933333333333334,True,estresada,propagada,False,-69,luz_saturada
2026-09-16 20:57:18-03:00,1789603038,2869,38,6,1,148.0,10.9,67.0,2414,2064.0,720,720.0,20.95,True,estresada,propagada,False,-69,
2026-09-16 20:57:48-03:00,1789603068,2870,38,6,13,150.0,10.9,67.0,2419,2064.0,718,715.0,20.95,True,estresada,propagada,False,-69,
2026-09-16 20:58:18-03:00,1789603098,2871,38,6,16,147.0,10.9,67.0,2416,2064.0,731,717.0,20.966666666666665,True,estresada,propagada,False,-69,
2026-09-16 20:58:48-03:00,1789603128,2872,38,6,8,152.0,10.9,67.0,2384,2062.0,720,715.0,20.966666666666665,True,estresada,propagada,False,-69,
2026-09-16 20:59:18-03:00,1789603158,2873,38,6,11,148.0,10.9,67.0,2414,2064.0,721,715.0,20.98333333333333,True,estresada,propagada,False,-69,
2026-09-16 20:59:48-03:00,1789603188,2874,38,6,0,147.0,10.9,67.0,2411,2064.0,719,716.0,20.98333333333333,True,estresada,propagada,False,-69,luz_saturada
2026-09-16 21:00:18-03:00,1789603218,2875,38,6,11,145.0,10.9,67.0,2420,2064.0,726,720.0,21.0,True,estresada,propagada,False,-69,
2026-09-16 21:00:48-03:00,1789603248,2876,38,6,0,150.0,10.9,68.0,2406,2064.0,726,725.0,21.0,True,estresada,propagada,False,-67,luz_saturada
2026-09-16 21:01:18-03:00,1789603278,2877,38,6,6,144.0,10.9,68.0,2417,2064.0,730,719.0,21.016666666666666,True,estresada,propagada,False,-72,
2026-09-16 21:01:48-03:00,1789603308,2878,38,6,2,149.0,10.9,68.0,2416,2066.0,726,716.0,21.016666666666666,True,estresada,propagada,False,-65,
2026-09-16 21:02:18-03:00,1789603338,2879,38,6,9,151.0,10.9,68.0,2413,2060.0,727,723.0,21.03333333333333,True,estresada,propagada,False,-66,
2026-09-16 21:02:48-03:00,1789603368,2880,38,6,15,146.0,10.9,68.0,2427,2065.0,732,717.0,21.03333333333333,True,estresada,propagada,False,-65,
2026-09-16 21:03:18-03:00,1789603398,2881,38,6,11,147.0,10.9,68.0,2422,2068.0,735,720.0,21.05,True,estresada,propagada,False,-65,
2026-09-16 21:03:48-03:00,1789603428,2882,38,6,16,150.0,10.9,68.0,2415,2069.0,722,725.0,21.05,True,estresada,propagada,False,-65,
2026-09-16 21:04:18-03:00,1789603458,2883,38,6,14,150.0,10.9,68.0,2429,2064.0,728,720.0,21.066666666666663,True,estresada,propagada,False,-66,
2026-09-16 21:04:48-03:00,1789603488,2884,38,6,3,148.0,10.9,68.0,2431,2068.0,731,723.0,21.066666666666663,True,estresada,propagada,False,-66,
2026-09-16 21:05:18-03:00,1789603518,2885,38,6,2,150.0,10.9,68.0,2407,2064.0,732,723.0,21.08333333333333,True,estresada,propagada,False,-65,
2026-09-16 21:05:48-03:00,1789603548,2886,38,6,0,150.0,10.9,68.0,2423,2068.0,731,723.0,21.08333333333333,True,estresada,propagada,False,-66,luz_saturada
2026-09-16 21:06:18-03:00,1789603578,2887,38,6,17,152.0,10.9,68.0,2410,2068.0,729,719.0,21.1,True,estresada,propagada,False,-65,
2026-09-16 21:06:48-03:00,1789603608,2888,38,6,9,152.0,10.9,68.0,2433,2069.0,731,723.0,21.1,True,estresada,propagada,False,-65,
2026-09-16 21:07:18-03:00,1789603638,2889,38,6,16,150.0,10.9,67.0,2421,2069.0,734,726.0,21.116666666666667,True,estresada,propagada,False,-66,
2026-09-16 21:07:48-03:00,1789603668,2890,38,6,13,150.0,10.9,67.0,2418,2066.0,737,727.0,21.116666666666667,True,estresada,propagada,False,-66,
2026-09-16 21:08:18-03:00,1789603698,2891,38,6,2,152.0,10.9,67.0,2418,2064.0,737,728.0,21.133333333333333,True,estresada,propagada,False,-66,
2026-09-16 21:08:48-03:00,1789603728,2892,38,6,1,148.0,10.9,67.0,2410,2064.0,736,724.0,21.133333333333333,True,estresada,propagada,False,-65,
2026-09-16 21:09:18-03:00,1789603758,2893,38,6,0,142.0,10.9,68.0,2333,2000.0,726,719.0,21.15,True,estresada,propagada,False,-66,luz_saturada
2026-09-17 15:01:09-03:00,1789668069,2894,39,7,3472,2820.0,23.0,43.0,2746,2329.0,1149,1051.0,15.016666666666667,False,marchita,manual,True,-67,
2026-09-17 15:01:39-03:00,1789668099,2895,39,7,3957,3067.0,23.0,43.0,2773,2351.0,1149,1053.0,15.016666666666667,False,marchita,propagada,False,-65,
2026-09-17 15:02:09-03:00,1789668129,2896,39,7,3969,3065.0,23.4,43.0,2759,2340.0,1146,1054.0,15.033333333333331,False,marchita,propagada,False,-64,
2026-09-17 15:02:39-03:00,1789668159,2897,39,7,3952,3069.0,23.4,43.0,2736,2317.0,1147,1053.0,15.033333333333331,False,marchita,propagada,False,-64,
2026-09-17 15:03:09-03:00,1789668189,2898,39,7,3954,3068.0,23.4,43.0,2682,2274.0,1146,1054.0,15.05,False,marchita,propagada,False,-64,
2026-09-17 15:03:39-03:00,1789668219,2899,39,7,3955,3067.0,23.4,43.0,2672,2282.0,1145,1053.0,15.05,False,marchita,propagada,False,-64,
2026-09-17 15:04:09-03:00,1789668249,2900,39,7,3966,3065.0,23.4,43.0,2669,2269.0,1142,1049.0,15.066666666666666,False,marchita,propagada,False,-65,
2026-09-17 15:04:39-03:00,1789668279,2901,39,7,3968,3070.0,23.4,43.0,2673,2267.0,1151,1054.0,15.066666666666666,False,marchita,propagada,False,-64,
2026-09-17 15:05:09-03:00,1789668309,2902,39,7,3965,3069.0,23.4,43.0,2654,2254.0,1173,1054.0,15.083333333333334,False,marchita,propagada,False,-64,
2026-09-17 15:05:39-03:00,1789668339,2903,39,7,3970,3073.0,23.4,43.0,2649,2242.0,1141,1046.0,15.083333333333334,False,marchita,propagada,False,-64,
2026-09-17 15:06:09-03:00,1789668369,2904,39,7,3978,3067.0,23.4,43.0,2645,2242.0,1139,1048.0,15.1,False,marchita,propagada,False,-64,
2026-09-17 15:06:39-03:00,1789668399,2905,39,7,3984,3069.0,23.4,43.0,2626,2227.0,1145,1051.0,15.1,False,marchita,propagada,False,-64,
2026-09-17 15:07:09-03:00,1789668429,2906,39,7,3985,3074.0,23.4,43.0,2629,2238.0,1135,1046.0,15.116666666666667,False,marchita,propagada,False,-64,
2026-09-17 15:07:39-03:00,1789668459,2907,39,7,3983,3071.0,23.4,43.0,2624,2229.0,1143,1048.0,15.116666666666667,False,marchita,propagada,False,-64,
2026-09-17 15:08:09-03:00,1789668489,2908,39,7,3983,3075.0,23.4,43.0,2588,2199.0,1138,1050.0,15.133333333333333,False,marchita,propagada,False,-64,
2026-09-17 15:08:39-03:00,1789668519,2909,39,7,3977,3073.0,23.4,43.0,2583,2198.0,1139,1046.0,15.133333333333333,False,marchita,propagada,False,-65,
2026-09-17 15:09:09-03:00,1789668549,2910,39,7,3968,3070.0,23.4,43.0,2559,2177.0,1141,1048.0,15.15,False,marchita,propagada,False,-65,
2026-09-17 15:09:39-03:00,1789668579,2911,39,7,3970,3073.0,23.4,43.0,2550,2177.0,1153,1057.0,15.15,False,marchita,propagada,False,-64,
2026-09-17 15:10:09-03:00,1789668609,2912,39,7,3984,3076.0,23.4,43.0,2554,2174.0,1151,1057.0,15.166666666666666,False,marchita,propagada,False,-64,
2026-09-17 15:10:39-03:00,1789668639,2913,39,7,3975,3070.0,23.4,43.0,2559,2177.0,1211,1054.0,15.166666666666666,False,marchita,propagada,False,-64,
2026-09-17 15:11:09-03:00,1789668669,2914,39,7,3971,3071.0,23.4,43.0,2559,2177.0,1160,1060.0,15.183333333333334,False,marchita,propagada,False,-64,
2026-09-17 15:11:39-03:00,1789668699,2915,39,7,3968,3075.0,23.4,43.0,2555,2171.0,1151,1058.0,15.183333333333334,False,marchita,propagada,False,-64,
2026-09-17 15:12:09-03:00,1789668729,2916,39,7,3984,3070.0,23.4,43.0,2544,2164.0,1161,1061.0,15.2,False,marchita,propagada,False,-65,
2026-09-17 15:12:39-03:00,1789668759,2917,39,7,3965,3076.0,23.4,42.0,2539,2154.0,1147,1057.0,15.2,False,marchita,propagada,False,-64,
2026-09-17 15:13:09-03:00,1789668789,2918,39,7,3985,3076.0,23.4,42.0,2521,2154.0,1152,1057.0,15.216666666666669,False,marchita,propagada,False,-64,
2026-09-17 15:13:39-03:00,1789668819,2919,39,7,3973,3074.0,23.4,42.0,2535,2158.0,1139,1050.0,15.216666666666669,False,marchita,propagada,False,-64,
2026-09-17 15:14:09-03:00,1789668849,2920,39,7,3983,3068.0,23.4,43.0,2541,2163.0,1149,1054.0,15.233333333333333,False,marchita,propagada,False,-64,
2026-09-17 15:14:39-03:00,1789668879,2921,39,7,3979,3073.0,23.4,43.0,2538,2157.0,1151,1057.0,15.233333333333333,False,marchita,propagada,False,-64,
2026-09-17 15:15:09-03:00,1789668909,2922,39,7,3983,3075.0,23.4,43.0,2530,2151.0,1153,1059.0,15.25,False,marchita,propagada,False,-64,
2026-09-17 15:15:39-03:00,1789668939,2923,39,7,3961,3075.0,23.4,43.0,2539,2164.0,1147,1058.0,15.25,False,marchita,propagada,False,-64,
2026-09-17 15:16:09-03:00,1789668969,2924,39,7,3985,3073.0,23.4,43.0,2543,2158.0,1152,1058.0,15.266666666666667,False,marchita,propagada,False,-65,
2026-09-17 15:16:39-03:00,1789668999,2925,39,7,3989,3072.0,23.4,43.0,2528,2153.0,1154,1058.0,15.266666666666667,False,marchita,propagada,False,-64,
2026-09-17 15:17:09-03:00,1789669029,2926,39,7,3970,3070.0,23.4,43.0,2541,2165.0,1150,1057.0,15.283333333333331,False,marchita,propagada,False,-64,
2026-09-17 15:17:39-03:00,1789669059,2927,39,7,3960,3071.0,23.4,43.0,2556,2165.0,1154,1060.0,15.283333333333331,False,marchita,propagada,False,-65,
2026-09-17 15:18:09-03:00,1789669089,2928,39,7,3968,3075.0,23.4,43.0,2543,2161.0,1154,1061.0,15.3,False,marchita,propagada,False,-64,
2026-09-17 15:18:39-03:00,1789669119,2929,39,7,3984,3074.0,23.4,43.0,2544,2165.0,1159,1064.0,15.3,False,marchita,propagada,False,-64,
2026-09-17 15:19:09-03:00,1789669149,2930,39,7,3975,3076.0,23.4,43.0,2544,2165.0,1159,1067.0,15.316666666666666,False,marchita,propagada,False,-65,
2026-09-17 15:19:39-03:00,1789669179,2931,39,7,3998,3076.0,23.4,43.0,2539,2164.0,1171,1071.0,15.316666666666666,False,marchita,propagada,False,-65,
2026-09-17 15:20:09-03:00,1789669209,2932,39,7,3987,3077.0,23.4,43.0,2523,2149.0,1165,1071.0,15.333333333333334,False,marchita,propagada,False,-64,
2026-09-17 15:20:39-03:00,1789669239,2933,39,7,4004,3079.0,23.4,43.0,2544,2164.0,1161,1065.0,15.333333333333334,False,marchita,propagada,False,-64,
2026-09-17 15:21:09-03:00,1789669269,2934,39,7,3984,3076.0,23.4,43.0,2544,2167.0,1162,1066.0,15.35,False,marchita,propagada,False,-64,
2026-09-17 15:21:39-03:00,1789669299,2935,39,7,4003,3084.0,23.4,43.0,2531,2161.0,1170,1070.0,15.35,False,marchita,propagada,False,-65,
2026-09-17 15:22:09-03:00,1789669329,2936,39,7,3987,3084.0,23.4,43.0,2540,2162.0,1168,1071.0,15.366666666666667,False,marchita,propagada,False,-65,
2026-09-17 15:22:39-03:00,1789669359,2937,39,7,4001,3083.0,23.4,43.0,2546,2167.0,1152,1061.0,15.366666666666667,False,marchita,propagada,False,-64,
2026-09-17 15:23:09-03:00,1789669389,2938,39,7,4000,3083.0,23.4,43.0,2551,2166.0,1167,1072.0,15.383333333333333,False,marchita,propagada,False,-64,
2026-09-17 15:23:39-03:00,1789669419,2939,39,7,4018,3083.0,23.4,43.0,2542,2164.0,1165,1063.0,15.383333333333333,False,marchita,propagada,False,-64,
2026-09-17 15:24:09-03:00,1789669449,2940,39,7,4013,3083.0,23.4,43.0,2540,2166.0,1162,1069.0,15.4,False,marchita,propagada,False,-64,
2026-09-17 15:24:39-03:00,1789669479,2941,39,7,3995,3083.0,23.5,43.0,2550,2167.0,1157,1065.0,15.4,False,marchita,propagada,False,-65,
2026-09-17 15:25:09-03:00,1789669509,2942,39,7,4011,3089.0,23.8,43.0,2549,2165.0,1168,1072.0,15.416666666666666,False,marchita,propagada,False,-64,
2026-09-17 15:25:39-03:00,1789669539,2943,39,7,4016,3086.0,23.8,43.0,2537,2163.0,1167,1071.0,15.416666666666666,False,marchita,propagada,False,-65,
2026-09-17 15:26:09-03:00,1789669569,2944,39,7,4016,3087.0,23.8,43.0,2538,2160.0,1168,1069.0,15.433333333333334,False,marchita,propagada,False,-64,
2026-09-17 15:26:39-03:00,1789669599,2945,39,7,4011,3089.0,23.8,43.0,2542,2158.0,1170,1073.0,15.433333333333334,False,marchita,propagada,False,-65,
2026-09-17 15:27:09-03:00,1789669629,2946,39,7,4026,3087.0,23.8,43.0,2544,2161.0,1171,1071.0,15.45,False,marchita,propagada,False,-64,
2026-09-17 15:27:39-03:00,1789669659,2947,39,7,4016,3088.0,23.8,43.0,2551,2165.0,1166,1069.0,15.45,False,marchita,propagada,False,-64,
2026-09-17 15:28:09-03:00,1789669689,2948,39,7,4017,3087.0,23.8,43.0,2550,2165.0,1175,1074.0,15.466666666666669,False,marchita,propagada,False,-64,
2026-09-17 15:28:39-03:00,1789669719,2949,39,7,4025,3088.0,23.8,43.0,2544,2165.0,1173,1077.0,15.466666666666669,False,marchita,propagada,False,-65,
2026-09-17 15:29:09-03:00,1789669749,2950,39,7,4017,3089.0,23.8,43.0,2544,2165.0,1171,1073.0,15.483333333333333,False,marchita,propagada,False,-65,
2026-09-17 15:29:39-03:00,1789669779,2951,39,7,4011,3087.0,23.8,43.0,2544,2165.0,1154,1061.0,15.483333333333333,False,marchita,propagada,False,-65,
2026-09-17 15:30:09-03:00,1789669809,2952,39,7,4005,3090.0,23.8,42.0,2527,2155.0,1158,1060.0,15.5,False,marchita,propagada,False,-65,
2026-09-17 15:30:39-03:00,1789669839,2953,39,7,3999,3089.0,23.8,42.0,2537,2165.0,1159,1069.0,15.5,False,marchita,propagada,False,-65,
2026-09-17 15:31:09-03:00,1789669869,2954,39,7,3989,3085.0,23.8,42.0,2546,2165.0,1168,1071.0,15.516666666666667,False,marchita,propagada,False,-64,
2026-09-17 15:31:39-03:00,1789669899,2955,39,7,4023,3089.0,23.8,43.0,2541,2161.0,1168,1071.0,15.516666666666667,False,marchita,propagada,False,-65,
2026-09-17 15:32:09-03:00,1789669929,2956,39,7,4015,3090.0,23.8,43.0,2545,2165.0,1170,1072.0,15.533333333333331,False,marchita,propagada,False,-64,
2026-09-17 15:32:39-03:00,1789669959,2957,39,7,4026,3087.0,23.8,43.0,2538,2165.0,1166,1069.0,15.533333333333331,False,marchita,propagada,False,-65,
2026-09-17 15:33:09-03:00,1789669989,2958,39,7,4014,3092.0,23.8,43.0,2551,2173.0,1173,1072.0,15.55,False,marchita,propagada,False,-66,
2026-09-17 15:33:39-03:00,1789670019,2959,39,7,4016,3089.0,23.8,43.0,2549,2166.0,1171,1073.0,15.55,False,marchita,propagada,False,-64,
2026-09-17 15:34:09-03:00,1789670049,2960,39,7,4016,3088.0,23.8,43.0,2543,2166.0,1166,1069.0,15.566666666666666,False,marchita,propagada,False,-65,
2026-09-17 15:34:39-03:00,1789670079,2961,39,7,4026,3086.0,23.8,43.0,2519,2147.0,1168,1072.0,15.566666666666666,False,marchita,propagada,False,-65,
2026-09-17 15:35:09-03:00,1789670109,2962,39,7,4010,3089.0,23.8,43.0,2529,2148.0,1171,1073.0,15.583333333333334,False,marchita,propagada,False,-65,
2026-09-17 15:35:39-03:00,1789670139,2963,39,7,4030,3092.0,23.8,43.0,2533,2161.0,1174,1076.0,15.583333333333334,False,marchita,propagada,False,-66,
2026-09-17 15:36:09-03:00,1789670169,2964,39,7,4015,3089.0,23.8,42.0,2531,2165.0,1171,1071.0,15.6,False,marchita,propagada,False,-66,
2026-09-17 15:36:39-03:00,1789670199,2965,39,7,4026,3092.0,23.8,43.0,2526,2154.0,1175,1078.0,15.6,False,marchita,propagada,False,-65,
2026-09-17 15:37:09-03:00,1789670229,2966,39,7,4013,3093.0,23.8,42.0,2543,2164.0,1169,1072.0,15.616666666666667,False,marchita,propagada,False,-65,
2026-09-17 15:37:39-03:00,1789670259,2967,39,7,4025,3089.0,23.8,43.0,2544,2161.0,1178,1073.0,15.616666666666667,False,marchita,propagada,False,-65,
2026-09-17 15:38:09-03:00,1789670289,2968,39,7,4016,3089.0,23.8,43.0,2544,2163.0,1171,1073.0,15.633333333333333,False,marchita,propagada,False,-64,
2026-09-17 15:38:39-03:00,1789670319,2969,39,7,4017,3092.0,23.8,42.0,2537,2157.0,1177,1078.0,15.633333333333333,False,marchita,propagada,False,-65,
2026-09-17 15:39:09-03:00,1789670349,2970,39,7,4018,3089.0,23.8,42.0,2542,2163.0,1168,1071.0,15.65,False,marchita,propagada,False,-65,
2026-09-17 15:39:39-03:00,1789670379,2971,39,7,4013,3092.0,23.8,42.0,2531,2152.0,1174,1073.0,15.65,False,marchita,propagada,False,-65,
2026-09-17 15:40:09-03:00,1789670409,2972,39,7,4032,3092.0,23.8,42.0,2511,2134.0,1173,1075.0,15.666666666666666,False,marchita,propagada,False,-64,
2026-09-17 15:40:39-03:00,1789670439,2973,39,7,4023,3094.0,23.8,42.0,2529,2146.0,1168,1071.0,15.666666666666666,False,marchita,propagada,False,-64,
2026-09-17 15:41:09-03:00,1789670469,2974,39,7,4017,3090.0,23.8,42.0,2532,2160.0,1178,1078.0,15.683333333333334,False,marchita,propagada,False,-65,
2026-09-17 15:41:39-03:00,1789670499,2975,39,7,4030,3095.0,23.8,43.0,2543,2162.0,1185,1081.0,15.683333333333334,False,marchita,propagada,False,-64,
2026-09-17 15:42:09-03:00,1789670529,2976,39,7,4023,3093.0,23.8,42.0,2539,2161.0,1183,1079.0,15.7,False,marchita,propagada,False,-65,
2026-09-17 15:42:39-03:00,1789670559,2977,39,7,4020,3096.0,23.8,42.0,2533,2157.0,1178,1081.0,15.7,False,marchita,propagada,False,-65,
2026-09-17 15:43:09-03:00,1789670589,2978,39,7,4031,3095.0,23.8,42.0,2538,2160.0,1176,1083.0,15.716666666666669,False,marchita,propagada,False,-65,
2026-09-17 15:43:39-03:00,1789670619,2979,39,7,4023,3098.0,23.8,43.0,2522,2154.0,1182,1081.0,15.716666666666669,False,marchita,propagada,False,-65,
2026-09-17 15:44:09-03:00,1789670649,2980,39,7,4039,3092.0,23.8,42.0,2534,2157.0,1169,1072.0,15.733333333333333,False,marchita,propagada,False,-65,
2026-09-17 15:44:39-03:00,1789670679,2981,39,7,4015,3092.0,23.8,42.0,2527,2158.0,1184,1088.0,15.733333333333333,False,marchita,propagada,False,-65,
2026-09-17 15:45:09-03:00,1789670709,2982,39,7,4027,3095.0,23.8,42.0,2543,2158.0,1186,1089.0,15.75,False,marchita,propagada,False,-65,
2026-09-17 15:45:39-03:00,1789670739,2983,39,7,4021,3095.0,23.8,42.0,2541,2162.0,1186,1089.0,15.75,False,marchita,propagada,False,-64,
2026-09-17 15:46:09-03:00,1789670769,2984,39,7,4037,3096.0,23.8,43.0,2529,2160.0,1188,1088.0,15.766666666666667,False,marchita,propagada,False,-64,
2026-09-17 15:46:39-03:00,1789670799,2985,39,7,4025,3096.0,23.8,43.0,2535,2158.0,1186,1087.0,15.766666666666667,False,marchita,propagada,False,-65,
2026-09-17 15:47:09-03:00,1789670829,2986,39,7,4030,3094.0,24.1,43.0,2534,2153.0,1185,1083.0,15.783333333333331,False,marchita,propagada,False,-64,
2026-09-17 15:47:39-03:00,1789670859,2987,39,7,4095,3095.0,23.8,43.0,2529,2157.0,1185,1082.0,15.783333333333331,False,marchita,propagada,False,-65,luz_saturada
2026-09-17 15:48:09-03:00,1789670889,2988,39,7,4036,3094.0,23.8,42.0,2529,2155.0,1190,1088.0,15.8,False,marchita,propagada,False,-65,
2026-09-17 15:48:39-03:00,1789670919,2989,39,7,4032,3097.0,23.8,42.0,2539,2154.0,1179,1080.0,15.8,False,marchita,propagada,False,-65,
2026-09-17 15:49:09-03:00,1789670949,2990,39,7,4036,3097.0,23.8,42.0,2529,2157.0,1178,1081.0,15.816666666666666,False,marchita,propagada,False,-64,
2026-09-17 15:49:39-03:00,1789670979,2991,39,7,4038,3097.0,23.8,42.0,2531,2154.0,1184,1082.0,15.816666666666666,False,marchita,propagada,False,-65,
2026-09-17 15:50:09-03:00,1789671009,2992,39,7,4029,3092.0,23.8,42.0,2525,2145.0,1179,1084.0,15.833333333333334,False,marchita,propagada,False,-64,
2026-09-17 15:50:39-03:00,1789671039,2993,39,7,4035,3096.0,23.8,42.0,2528,2150.0,1175,1077.0,15.833333333333334,False,marchita,propagada,False,-66,
2026-09-17 15:51:09-03:00,1789671069,2994,39,7,4030,3092.0,23.8,42.0,2529,2157.0,1185,1082.0,15.85,False,marchita,propagada,False,-65,
2026-09-17 15:51:39-03:00,1789671099,2995,39,7,4023,3095.0,23.8,42.0,2543,2158.0,1178,1081.0,15.85,False,marchita,propagada,False,-65,
2026-09-17 15:52:09-03:00,1789671129,2996,39,7,4023,3095.0,23.8,42.0,2543,2163.0,1178,1084.0,15.866666666666667,False,marchita,propagada,False,-65,
2026-09-17 15:52:39-03:00,1789671159,2997,39,7,4023,3096.0,23.8,42.0,2533,2155.0,1185,1089.0,15.866666666666667,False,marchita,propagada,False,-65,
2026-09-17 15:53:09-03:00,1789671189,2998,39,7,4029,3092.0,23.8,42.0,2538,2151.0,1195,1092.0,15.883333333333333,False,marchita,propagada,False,-65,
2026-09-17 15:53:39-03:00,1789671219,2999,39,7,4025,3096.0,23.8,42.0,2544,2157.0,1183,1081.0,15.883333333333333,False,marchita,propagada,False,-65,
2026-09-17 15:54:09-03:00,1789671249,3000,39,7,4022,3092.0,23.8,42.0,2530,2158.0,1182,1085.0,15.9,False,marchita,propagada,False,-65,
2026-09-17 15:54:39-03:00,1789671279,3001,39,7,4045,3090.0,23.8,42.0,2530,2155.0,1178,1079.0,15.9,False,marchita,propagada,False,-64,
2026-09-17 15:55:09-03:00,1789671309,3002,39,7,4043,3096.0,23.8,42.0,2530,2149.0,1185,1087.0,15.916666666666666,False,marchita,propagada,False,-65,
2026-09-17 15:55:39-03:00,1789671339,3003,39,7,4028,3097.0,24.1,42.0,2527,2145.0,1190,1089.0,15.916666666666666,False,marchita,propagada,False,-64,
2026-09-17 15:56:09-03:00,1789671369,3004,39,7,4035,3096.0,23.8,42.0,2523,2152.0,1185,1081.0,15.933333333333334,False,marchita,propagada,False,-64,
2026-09-17 15:56:39-03:00,1789671399,3005,39,7,4049,3097.0,23.8,42.0,2535,2148.0,1187,1089.0,15.933333333333334,False,marchita,propagada,False,-64,
2026-09-17 15:57:09-03:00,1789671429,3006,39,7,4065,3111.0,23.8,42.0,2534,2151.0,1187,1084.0,15.95,False,marchita,propagada,False,-65,
2026-09-17 15:57:39-03:00,1789671459,3007,39,7,4095,3124.0,23.8,42.0,2521,2146.0,1186,1085.0,15.95,False,marchita,propagada,False,-65,luz_saturada
2026-09-17 15:58:09-03:00,1789671489,3008,39,7,4095,3124.0,23.8,42.0,2527,2150.0,1198,1092.0,15.966666666666669,False,marchita,propagada,False,-65,luz_saturada
2026-09-17 15:58:39-03:00,1789671519,3009,39,7,4095,3124.0,24.1,42.0,2512,2142.0,1197,1094.0,15.966666666666669,False,marchita,propagada,False,-64,luz_saturada
2026-09-17 15:59:09-03:00,1789671549,3010,39,7,4095,3124.0,24.1,42.0,2533,2152.0,1195,1092.0,15.983333333333333,False,marchita,propagada,False,-65,luz_saturada
