id,dispositivo,numero_muestra,boot_id,firmware_version,ts_dispositivo,ts_servidor,temperatura_c,humedad_ambiente_pct,luz_raw,luz_mv,luz_pct,suelo_raw,suelo_mv,suelo_pct,termistor_raw,termistor_mv,temp_ntc_c,condicion_codigo,condicion_etiqueta,etiqueta_origen,wifi_rssi,errores
1,maceta-01,1,1,1.1.0,2025-09-11 23:56:40+00:00,2026-09-12 00:21:18.291211+00:00,24.3,61.0,2870,2310.0,70.0,1940,1560.0,54.0,1820,1470.0,23.8,1,saludable,manual,-58,
2,maceta-01,0,16,1.1.0,,2026-09-12 22:47:26.428758+00:00,21.0,47.0,1919,1665.0,50.0,1099,1017.0,100.0,4095,3124.0,-28.2,0,sin_etiquetar,propagada,-89,hora_sin_sincronizar
3,maceta-01,2,16,1.1.0,2026-09-12 22:48:02+00:00,2026-09-12 22:48:08.722718+00:00,21.0,47.0,1923,1667.0,50.0,1099,1018.0,99.0,4095,3124.0,-28.2,0,sin_etiquetar,propagada,-91,
4,maceta-01,3,16,1.1.0,2026-09-12 22:48:32+00:00,2026-09-12 22:48:39.508726+00:00,21.0,47.0,1911,1662.0,50.0,1102,1015.0,100.0,4095,3124.0,-28.2,0,sin_etiquetar,propagada,-93,
5,maceta-01,4,16,1.1.0,2026-09-12 22:49:02+00:00,2026-09-12 22:49:05.636276+00:00,21.0,47.0,1911,1666.0,50.0,1098,1015.0,100.0,4095,3124.0,-28.2,0,sin_etiquetar,propagada,-87,
6,maceta-01,5,16,1.1.0,2026-09-12 22:49:32+00:00,2026-09-12 22:49:40.740379+00:00,21.0,47.0,1920,1665.0,50.0,1105,1019.0,99.0,4095,3124.0,-28.2,0,sin_etiquetar,propagada,-87,
7,maceta-01,6,16,1.1.0,2026-09-12 22:52:08+00:00,2026-09-12 22:52:23.172294+00:00,21.0,47.0,1923,1674.0,50.0,1104,1019.0,99.0,4095,3124.0,-28.2,0,sin_etiquetar,propagada,-95,
8,maceta-01,7,16,1.1.0,2026-09-12 22:52:35+00:00,2026-09-12 22:52:42.669743+00:00,21.0,47.0,1919,1668.0,50.0,1094,1013.0,100.0,4095,3124.0,-28.2,0,sin_etiquetar,propagada,-95,
9,maceta-01,8,16,1.1.0,2026-09-12 22:53:08+00:00,2026-09-12 22:53:11.621801+00:00,21.0,47.0,1920,1667.0,50.0,1095,1016.0,100.0,4095,3124.0,-28.2,0,sin_etiquetar,propagada,-88,
10,maceta-01,9,16,1.1.0,2026-09-12 22:53:35+00:00,2026-09-12 22:53:38.635962+00:00,21.0,47.0,1918,1671.0,50.0,1097,1016.0,100.0,4095,3124.0,-28.2,0,sin_etiquetar,propagada,-91,
11,maceta-01,10,16,1.1.0,2026-09-12 22:54:05+00:00,2026-09-12 22:54:11.446063+00:00,21.0,47.0,1915,1668.0,50.0,1101,1015.0,100.0,4095,3124.0,-28.2,0,sin_etiquetar,propagada,-90,
12,maceta-01,11,16,1.1.0,2026-09-12 22:54:38+00:00,2026-09-12 22:54:54.217337+00:00,21.0,47.0,1915,1666.0,50.0,1102,1019.0,99.0,4095,3124.0,-28.2,0,sin_etiquetar,propagada,-91,
13,maceta-01,12,16,1.1.0,2026-09-12 22:55:06+00:00,2026-09-12 22:55:10.536053+00:00,21.0,47.0,1927,1668.0,50.0,1103,1019.0,99.0,4095,3124.0,-28.2,0,sin_etiquetar,propagada,-90,
14,maceta-01,13,16,1.1.0,2026-09-12 22:55:36+00:00,2026-09-12 22:55:39.175854+00:00,21.0,47.0,1914,1669.0,50.0,1093,1015.0,100.0,4095,3124.0,-28.2,0,sin_etiquetar,propagada,-95,
15,maceta-01,14,16,1.1.0,2026-09-12 22:56:08+00:00,2026-09-12 22:56:14.905264+00:00,21.0,47.0,1927,1671.0,50.0,1093,1016.0,100.0,4095,3124.0,-28.2,0,sin_etiquetar,propagada,-89,
16,maceta-01,15,16,1.1.0,2026-09-12 22:56:36+00:00,2026-09-12 22:56:42.017438+00:00,21.0,47.0,1909,1668.0,50.0,1098,1019.0,99.0,4095,3124.0,-28.2,0,sin_etiquetar,propagada,-91,
17,maceta-01,16,16,1.1.0,2026-09-12 22:57:06+00:00,2026-09-12 22:57:14.332457+00:00,21.0,47.0,1915,1667.0,50.0,1099,1015.0,100.0,4095,3124.0,-28.2,0,sin_etiquetar,propagada,-94,
18,maceta-01,17,16,1.1.0,2026-09-12 22:57:36+00:00,2026-09-12 22:57:41.736648+00:00,21.0,47.0,1920,1665.0,50.0,1099,1013.0,100.0,4095,3124.0,-28.2,0,sin_etiquetar,propagada,-92,
19,maceta-01,18,16,1.1.0,2026-09-12 22:58:06+00:00,2026-09-12 22:58:08.635537+00:00,21.0,47.0,1915,1666.0,50.0,1102,1015.0,100.0,4095,3124.0,-28.2,0,sin_etiquetar,propagada,-91,
20,maceta-01,19,16,1.1.0,2026-09-12 22:58:36+00:00,2026-09-12 22:58:43.587928+00:00,21.0,47.0,1906,1664.0,50.0,1098,1013.0,100.0,4095,3124.0,-28.2,0,sin_etiquetar,propagada,-91,
21,maceta-01,20,16,1.1.0,2026-09-12 22:59:08+00:00,2026-09-12 22:59:11.339338+00:00,21.0,47.0,1917,1661.0,50.0,1094,1015.0,100.0,4095,3124.0,-28.2,0,sin_etiquetar,propagada,-91,
22,maceta-01,21,16,1.1.0,2026-09-12 22:59:38+00:00,2026-09-12 22:59:41.323646+00:00,21.0,47.0,1912,1660.0,50.0,1104,1019.0,99.0,4095,3124.0,-28.2,0,sin_etiquetar,propagada,-88,
23,maceta-01,22,16,1.1.0,2026-09-12 23:00:06+00:00,2026-09-12 23:00:17.802424+00:00,21.0,47.0,1953,1693.0,51.0,1098,1015.0,100.0,4095,3124.0,-28.2,0,sin_etiquetar,propagada,-93,
24,maceta-01,23,16,1.1.0,2026-09-12 23:00:36+00:00,2026-09-12 23:00:41.771026+00:00,21.0,47.0,1931,1674.0,50.0,1099,1017.0,100.0,4095,3124.0,-28.2,0,sin_etiquetar,propagada,-90,
25,maceta-01,24,16,1.1.0,2026-09-12 23:01:06+00:00,2026-09-12 23:01:24.558361+00:00,21.0,47.0,1915,1659.0,50.0,1095,1013.0,100.0,4095,3124.0,-28.2,0,sin_etiquetar,propagada,-89,
26,maceta-01,25,16,1.1.0,2026-09-12 23:01:36+00:00,2026-09-12 23:01:42.988851+00:00,21.0,47.0,1915,1668.0,50.0,1098,1015.0,100.0,4095,3124.0,-28.2,0,sin_etiquetar,propagada,-89,
27,maceta-01,26,16,1.1.0,2026-09-12 23:02:08+00:00,2026-09-12 23:02:12.005737+00:00,21.0,47.0,1917,1667.0,50.0,1100,1015.0,100.0,4095,3124.0,-28.2,0,sin_etiquetar,propagada,-90,
28,maceta-01,27,16,1.1.0,2026-09-12 23:02:36+00:00,2026-09-12 23:02:39.426894+00:00,21.0,47.0,1907,1660.0,50.0,1098,1013.0,100.0,4095,3124.0,-28.2,0,sin_etiquetar,propagada,-91,
29,maceta-01,28,16,1.1.0,2026-09-12 23:03:06+00:00,2026-09-12 23:03:13.860209+00:00,21.0,47.0,1922,1670.0,50.0,1104,1019.0,99.0,4095,3124.0,-28.2,0,sin_etiquetar,propagada,-93,
30,maceta-01,29,16,1.1.0,2026-09-12 23:03:36+00:00,2026-09-12 23:03:51.607352+00:00,21.0,47.0,1910,1661.0,50.0,1101,1018.0,99.0,4095,3124.0,-28.2,0,sin_etiquetar,propagada,-90,
31,maceta-01,30,16,1.1.0,2026-09-12 23:04:06+00:00,2026-09-12 23:04:11.379883+00:00,21.0,47.0,1912,1664.0,50.0,1097,1015.0,100.0,4095,3124.0,-28.2,0,sin_etiquetar,propagada,-91,
32,maceta-01,31,16,1.1.0,2026-09-12 23:06:43+00:00,2026-09-12 23:07:08.701120+00:00,21.0,47.0,1913,1668.0,50.0,1097,1015.0,100.0,4095,3124.0,-28.2,0,sin_etiquetar,propagada,-93,
33,maceta-01,32,16,1.1.0,2026-09-12 23:07:14+00:00,2026-09-12 23:07:20.438838+00:00,21.0,47.0,1918,1665.0,50.0,1096,1015.0,100.0,4095,3124.0,-28.2,0,sin_etiquetar,propagada,-93,
34,maceta-01,33,16,1.1.0,2026-09-12 23:07:42+00:00,2026-09-12 23:08:06.596950+00:00,21.0,47.0,1918,1668.0,50.0,1095,1015.0,100.0,4095,3124.0,-28.2,0,sin_etiquetar,propagada,-87,
35,maceta-01,34,16,1.1.0,2026-09-12 23:08:12+00:00,2026-09-12 23:08:21.861324+00:00,21.0,47.0,1915,1668.0,50.0,1102,1015.0,100.0,4095,3124.0,-28.2,0,sin_etiquetar,propagada,-91,
36,maceta-01,35,16,1.1.0,2026-09-12 23:08:42+00:00,2026-09-12 23:08:45.003503+00:00,21.0,47.0,1913,1668.0,50.0,1104,1020.0,99.0,4095,3124.0,-28.2,0,sin_etiquetar,propagada,-92,
37,maceta-01,36,16,1.1.0,2026-09-12 23:09:12+00:00,2026-09-12 23:09:16.534827+00:00,21.0,47.0,1910,1660.0,50.0,1096,1016.0,100.0,4095,3124.0,-28.2,0,sin_etiquetar,propagada,-92,
38,maceta-01,37,16,1.1.0,2026-09-12 23:09:42+00:00,2026-09-12 23:09:45.297331+00:00,21.0,47.0,1915,1661.0,50.0,1099,1016.0,100.0,4095,3124.0,-28.2,0,sin_etiquetar,propagada,-93,
39,maceta-01,38,16,1.1.0,2026-09-12 23:10:14+00:00,2026-09-12 23:10:29.788509+00:00,21.0,47.0,1909,1664.0,50.0,1102,1019.0,99.0,4095,3124.0,-28.2,0,sin_etiquetar,propagada,-91,
40,maceta-01,39,16,1.1.0,2026-09-12 23:10:42+00:00,2026-09-12 23:10:54.845581+00:00,21.0,47.0,1906,1660.0,50.0,1101,1015.0,100.0,4095,3124.0,-28.2,0,sin_etiquetar,propagada,-94,
41,maceta-01,40,16,1.1.0,2026-09-12 23:11:12+00:00,2026-09-12 23:11:17.682739+00:00,21.0,47.0,1942,1691.0,51.0,1099,1016.0,100.0,4095,3124.0,-28.2,0,sin_etiquetar,propagada,-91,
42,maceta-01,41,16,1.1.0,2026-09-12 23:11:44+00:00,2026-09-12 23:11:51.266572+00:00,21.0,47.0,1936,1683.0,51.0,1101,1018.0,99.0,4095,3124.0,-28.2,0,sin_etiquetar,propagada,-89,
43,maceta-01,42,16,1.1.0,2026-09-12 23:12:12+00:00,2026-09-12 23:12:15.222792+00:00,21.0,47.0,1918,1668.0,50.0,1102,1015.0,100.0,4095,3124.0,-28.2,0,sin_etiquetar,propagada,-88,
44,maceta-01,43,16,1.1.0,2026-09-12 23:12:42+00:00,2026-09-12 23:12:56.678051+00:00,21.0,47.0,1909,1658.0,50.0,1091,1011.0,100.0,4095,3124.0,-28.2,0,sin_etiquetar,propagada,-90,
45,maceta-01,44,16,1.1.0,2026-09-12 23:13:12+00:00,2026-09-12 23:13:15.825073+00:00,21.0,47.0,1910,1659.0,50.0,1099,1015.0,100.0,4095,3124.0,-28.2,0,sin_etiquetar,propagada,-92,
46,maceta-01,45,16,1.1.0,2026-09-12 23:13:42+00:00,2026-09-12 23:13:54.071695+00:00,21.0,47.0,1915,1664.0,50.0,1098,1015.0,100.0,4095,3124.0,-28.2,0,sin_etiquetar,propagada,-92,
47,maceta-01,46,16,1.1.0,2026-09-12 23:14:12+00:00,2026-09-12 23:14:15.348969+00:00,21.0,47.0,1909,1662.0,50.0,1089,1010.0,100.0,4095,3124.0,-28.2,0,sin_etiquetar,propagada,-90,
48,maceta-01,47,16,1.1.0,2026-09-12 23:14:44+00:00,2026-09-12 23:14:51.771530+00:00,21.0,47.0,1918,1667.0,50.0,1097,1012.0,100.0,4095,3124.0,-28.2,0,sin_etiquetar,propagada,-88,
49,maceta-01,48,16,1.1.0,2026-09-12 23:15:12+00:00,2026-09-12 23:15:15.545327+00:00,21.0,47.0,1910,1662.0,50.0,1089,1008.0,100.0,4095,3124.0,-28.2,0,sin_etiquetar,propagada,-96,
50,maceta-01,49,16,1.1.0,2026-09-12 23:15:44+00:00,2026-09-12 23:15:48.750694+00:00,21.0,47.0,1917,1667.0,50.0,1091,1009.0,100.0,4095,3124.0,-28.2,0,sin_etiquetar,propagada,-90,
51,maceta-01,50,16,1.1.0,2026-09-12 23:16:12+00:00,2026-09-12 23:16:14.318044+00:00,21.0,47.0,1918,1668.0,50.0,1100,1014.0,100.0,4095,3124.0,-28.2,0,sin_etiquetar,propagada,-88,
52,maceta-01,51,16,1.1.0,2026-09-12 23:16:42+00:00,2026-09-12 23:16:44.239584+00:00,21.0,47.0,1919,1668.0,50.0,1090,1011.0,100.0,4095,3124.0,-28.2,0,sin_etiquetar,propagada,-88,
53,maceta-01,52,16,1.1.0,2026-09-12 23:17:12+00:00,2026-09-12 23:17:15.953221+00:00,21.0,47.0,1919,1668.0,50.0,1099,1015.0,100.0,4095,3124.0,-28.2,0,sin_etiquetar,propagada,-93,
54,maceta-01,53,16,1.1.0,2026-09-12 23:17:44+00:00,2026-09-12 23:17:46.670413+00:00,21.0,46.0,1915,1665.0,50.0,1097,1015.0,100.0,4095,3124.0,-28.2,0,sin_etiquetar,propagada,-93,
55,maceta-01,54,16,1.1.0,2026-09-12 23:18:12+00:00,2026-09-12 23:18:19.064776+00:00,21.0,46.0,1919,1668.0,50.0,1099,1015.0,100.0,4095,3124.0,-28.2,0,sin_etiquetar,propagada,-94,
56,maceta-01,55,18,1.1.0,2026-09-12 23:19:27+00:00,2026-09-12 23:19:29.906247+00:00,21.0,46.0,1910,1664.0,50.0,1093,1013.0,100.0,4095,3124.0,-28.2,0,sin_etiquetar,propagada,-86,
57,maceta-01,56,18,1.1.0,2026-09-12 23:19:57+00:00,2026-09-12 23:19:58.971330+00:00,21.0,46.0,1914,1665.0,50.0,1092,1009.0,100.0,4095,3124.0,-28.2,0,sin_etiquetar,propagada,-88,
58,maceta-01,57,18,1.1.0,2026-09-12 23:20:24+00:00,2026-09-12 23:20:29.519763+00:00,21.0,46.0,1919,1667.0,50.0,1097,1012.0,100.0,4095,3124.0,-28.2,0,sin_etiquetar,propagada,-87,
59,maceta-01,58,18,1.1.0,2026-09-12 23:21:54+00:00,2026-09-12 23:21:59.731836+00:00,21.0,46.0,1839,1605.0,48.0,1077,996.0,100.0,4095,3124.0,-28.2,0,sin_etiquetar,propagada,-96,
60,maceta-01,59,20,1.1.0,,2026-09-12 23:24:06.408658+00:00,21.0,46.0,803,778.0,23.0,1071,996.0,,4095,3124.0,-28.2,0,sin_etiquetar,propagada,-92,hora_sin_sincronizar
61,maceta-01,60,20,1.1.0,2026-09-12 23:24:29+00:00,2026-09-12 23:24:31.174606+00:00,21.0,46.0,707,703.0,21.0,1110,1026.0,,4095,3124.0,-28.2,0,sin_etiquetar,propagada,-91,
62,maceta-01,61,20,1.1.0,2026-09-12 23:24:57+00:00,2026-09-12 23:25:02.600459+00:00,21.0,46.0,493,534.0,16.0,1152,1056.0,,1819,1786.0,21.3,0,sin_etiquetar,propagada,-91,
63,maceta-01,62,20,1.1.0,2026-09-12 23:25:29+00:00,2026-09-12 23:25:37.823661+00:00,21.0,46.0,666,674.0,20.0,1173,1072.0,,4095,3124.0,-28.2,0,sin_etiquetar,propagada,-97,
64,maceta-01,63,20,1.1.0,2026-09-12 23:25:57+00:00,2026-09-12 23:25:59.688465+00:00,21.0,46.0,577,602.0,18.0,1168,1070.0,,4095,3124.0,-28.2,0,sin_etiquetar,propagada,-93,
65,maceta-01,64,20,1.1.0,2026-09-12 23:26:27+00:00,2026-09-12 23:26:29.540322+00:00,25.8,73.0,432,486.0,14.0,1167,1067.0,,3280,2709.0,-5.7,0,sin_etiquetar,propagada,-96,
66,maceta-01,65,20,1.1.0,2026-09-12 23:26:57+00:00,2026-09-12 23:26:59.465128+00:00,24.5,77.0,624,638.0,19.0,1159,1064.0,,4095,3124.0,-28.2,0,sin_etiquetar,propagada,-92,
67,maceta-01,66,20,1.1.0,2026-09-12 23:27:27+00:00,2026-09-12 23:27:29.248304+00:00,23.4,75.0,605,620.0,18.0,1153,1062.0,,4095,3124.0,-28.2,0,sin_etiquetar,propagada,-95,
68,maceta-01,67,20,1.1.0,2026-09-12 23:27:57+00:00,2026-09-12 23:27:59.468550+00:00,22.6,72.0,802,780.0,23.0,1156,1061.0,,4095,3124.0,-28.2,0,sin_etiquetar,propagada,-91,
69,maceta-01,68,20,1.1.0,2026-09-12 23:28:27+00:00,2026-09-12 23:28:29.605393+00:00,22.6,71.0,663,672.0,20.0,1157,1061.0,,4095,3124.0,-28.2,0,sin_etiquetar,propagada,-94,
70,maceta-01,69,20,1.1.0,2026-09-12 23:28:57+00:00,2026-09-12 23:29:01.687664+00:00,22.2,67.0,2011,1740.0,52.0,1167,1071.0,,4095,3124.0,-28.2,0,sin_etiquetar,propagada,-93,
71,maceta-01,70,20,1.1.0,2026-09-12 23:29:27+00:00,2026-09-12 23:29:29.090699+00:00,22.2,62.0,2734,2317.0,70.0,1131,1043.0,,4095,3124.0,-28.2,0,sin_etiquetar,propagada,-91,
72,maceta-01,71,20,1.1.0,2026-09-12 23:29:57+00:00,2026-09-12 23:29:59.581486+00:00,21.8,58.0,2762,2341.0,70.0,1127,1038.0,,4095,3124.0,-28.2,0,sin_etiquetar,propagada,-95,
73,maceta-01,72,20,1.1.0,2026-09-12 23:30:27+00:00,2026-09-12 23:30:29.251636+00:00,21.8,54.0,2722,2305.0,69.0,1104,1020.0,,4095,3124.0,-28.2,0,sin_etiquetar,propagada,-88,
74,maceta-01,73,20,1.1.0,2026-09-12 23:30:57+00:00,2026-09-12 23:30:59.043158+00:00,21.4,52.0,2727,2311.0,70.0,1096,1016.0,,4095,3124.0,-28.2,0,sin_etiquetar,propagada,-92,
75,maceta-01,74,20,1.1.0,2026-09-12 23:31:27+00:00,2026-09-12 23:31:29.879028+00:00,21.4,50.0,2734,2319.0,70.0,1098,1018.0,,4095,3124.0,-28.2,0,sin_etiquetar,propagada,-86,
76,maceta-01,75,20,1.1.0,2026-09-12 23:31:57+00:00,2026-09-12 23:31:59.155562+00:00,21.4,49.0,2724,2314.0,70.0,1106,1022.0,,4095,3124.0,-28.2,0,sin_etiquetar,propagada,-87,
77,maceta-01,76,20,1.1.0,2026-09-12 23:32:27+00:00,2026-09-12 23:32:29.074353+00:00,21.4,48.0,2737,2318.0,70.0,1109,1022.0,,4095,3124.0,-28.2,0,sin_etiquetar,propagada,-87,
78,maceta-01,77,20,1.1.0,2026-09-12 23:32:57+00:00,2026-09-12 23:32:59.368370+00:00,21.4,48.0,2762,2340.0,70.0,1357,1221.0,,4095,3124.0,-28.2,0,sin_etiquetar,propagada,-91,
79,maceta-01,78,20,1.1.0,2026-09-12 23:33:27+00:00,2026-09-12 23:33:29.058345+00:00,21.0,47.0,2762,2336.0,70.0,1317,1190.0,,4095,3124.0,-28.2,0,sin_etiquetar,propagada,-84,
80,maceta-01,79,20,1.1.0,2026-09-12 23:33:57+00:00,2026-09-12 23:33:59.479380+00:00,21.0,47.0,2768,2344.0,71.0,1289,1167.0,,4095,3124.0,-28.2,0,sin_etiquetar,propagada,-86,
81,maceta-01,80,20,1.1.0,2026-09-12 23:34:27+00:00,2026-09-12 23:34:29.112236+00:00,21.0,47.0,2775,2344.0,71.0,1274,1158.0,,4095,3124.0,-28.2,0,sin_etiquetar,propagada,-85,
82,maceta-01,81,20,1.1.0,2026-09-12 23:34:57+00:00,2026-09-12 23:34:59.195845+00:00,21.0,47.0,2769,2348.0,71.0,1250,1139.0,,4095,3124.0,-28.2,0,sin_etiquetar,propagada,-83,
83,maceta-01,82,20,1.1.0,2026-09-12 23:35:27+00:00,2026-09-12 23:35:29.304901+00:00,21.0,47.0,2781,2354.0,71.0,1245,1133.0,,4095,3124.0,-28.2,0,sin_etiquetar,propagada,-86,
84,maceta-01,83,20,1.1.0,2026-09-12 23:35:57+00:00,2026-09-12 23:35:59.617294+00:00,21.0,47.0,2747,2324.0,70.0,1153,1053.0,,4095,3124.0,-28.2,0,sin_etiquetar,propagada,-92,
85,maceta-01,84,20,1.1.0,2026-09-12 23:36:27+00:00,2026-09-12 23:36:29.417426+00:00,21.0,47.0,1486,1325.0,40.0,1168,1069.0,,4095,3124.0,-28.2,0,sin_etiquetar,propagada,-92,
86,maceta-01,85,20,1.1.0,2026-09-12 23:36:57+00:00,2026-09-12 23:36:59.437379+00:00,21.0,47.0,2559,2177.0,65.0,1190,1089.0,,4095,3124.0,-28.2,0,sin_etiquetar,propagada,-86,
87,maceta-01,86,20,1.1.0,2026-09-12 23:37:27+00:00,2026-09-12 23:37:29.007308+00:00,21.0,47.0,2579,2192.0,66.0,1179,1080.0,,4095,3124.0,-28.2,0,sin_etiquetar,propagada,-86,
88,maceta-01,87,20,1.1.0,2026-09-12 23:37:57+00:00,2026-09-12 23:37:59.108581+00:00,21.0,47.0,2559,2177.0,65.0,1179,1081.0,,4095,3124.0,-28.2,0,sin_etiquetar,propagada,-86,
89,maceta-01,88,20,1.1.0,2026-09-12 23:38:27+00:00,2026-09-12 23:38:31.703829+00:00,21.0,47.0,2596,2208.0,66.0,1177,1080.0,,4095,3124.0,-28.2,0,sin_etiquetar,propagada,-86,
90,maceta-01,89,20,1.1.0,2026-09-12 23:38:57+00:00,2026-09-12 23:38:59.126623+00:00,21.0,47.0,2583,2196.0,66.0,1173,1075.0,,4095,3124.0,-28.2,0,sin_etiquetar,propagada,-93,
91,maceta-01,90,20,1.1.0,2026-09-12 23:39:27+00:00,2026-09-12 23:39:29.114727+00:00,21.0,47.0,2582,2192.0,66.0,1197,1091.0,,4095,3124.0,-28.2,0,sin_etiquetar,propagada,-87,
92,maceta-01,91,22,1.1.0,2026-09-12 23:40:52+00:00,2026-09-12 23:40:54.816136+00:00,21.0,46.0,2640,2242.0,67.0,4095,3124.0,,1197,1092.0,41.7,0,sin_etiquetar,propagada,-88,suelo_saturado
93,maceta-01,92,22,1.1.0,2026-09-12 23:41:22+00:00,2026-09-12 23:41:24.716689+00:00,21.0,46.0,2624,2231.0,67.0,4095,3124.0,,1198,1096.0,41.6,0,sin_etiquetar,propagada,-94,suelo_saturado
94,maceta-01,93,22,1.1.0,2026-09-12 23:41:52+00:00,2026-09-12 23:41:54.956732+00:00,21.0,46.0,2624,2230.0,67.0,4095,3124.0,,1199,1095.0,41.6,0,sin_etiquetar,propagada,-91,suelo_saturado
95,maceta-01,94,22,1.1.0,2026-09-12 23:43:22+00:00,2026-09-12 23:43:25.875329+00:00,21.0,47.0,2623,2229.0,67.0,4095,3124.0,,1193,1092.0,41.7,0,sin_etiquetar,propagada,-92,suelo_saturado
96,maceta-01,95,22,1.1.0,2026-09-12 23:43:52+00:00,2026-09-12 23:43:57.627892+00:00,21.0,46.0,2638,2239.0,67.0,4095,3124.0,,1208,1101.0,41.4,0,sin_etiquetar,propagada,-91,suelo_saturado
97,maceta-01,96,22,1.1.0,2026-09-12 23:44:22+00:00,2026-09-12 23:44:25.305387+00:00,21.0,46.0,2639,2240.0,67.0,4095,3124.0,,1200,1096.0,41.6,0,sin_etiquetar,propagada,-95,suelo_saturado
98,maceta-01,97,22,1.1.0,2026-09-12 23:44:52+00:00,2026-09-12 23:44:55.256772+00:00,21.0,46.0,2637,2238.0,67.0,4095,3124.0,,1193,1091.0,41.8,0,sin_etiquetar,propagada,-94,suelo_saturado
99,maceta-01,98,22,1.1.0,2026-09-12 23:45:22+00:00,2026-09-12 23:45:25.275757+00:00,21.0,46.0,2613,2224.0,67.0,4095,3124.0,,1187,1086.0,41.9,0,sin_etiquetar,propagada,-93,suelo_saturado
100,maceta-01,99,24,1.1.0,2026-09-12 23:46:38+00:00,2026-09-12 23:46:41.164620+00:00,21.0,47.0,2627,2231.0,67.0,4095,3124.0,,1190,1089.0,21.2,0,sin_etiquetar,propagada,-92,suelo_saturado
101,maceta-01,100,24,1.1.0,2026-09-12 23:47:08+00:00,2026-09-12 23:47:10.843342+00:00,21.0,46.0,2625,2231.0,67.0,4095,3124.0,,1197,1092.0,21.1,0,sin_etiquetar,propagada,-95,suelo_saturado
102,maceta-01,101,24,1.1.0,2026-09-12 23:47:38+00:00,2026-09-12 23:47:40.871258+00:00,21.0,46.0,2620,2225.0,67.0,4095,3124.0,,1195,1091.0,21.1,0,sin_etiquetar,propagada,-94,suelo_saturado
103,maceta-01,102,24,1.1.0,2026-09-12 23:48:08+00:00,2026-09-12 23:48:11.065747+00:00,21.0,46.0,2628,2229.0,67.0,4095,3124.0,,1195,1094.0,21.0,0,sin_etiquetar,propagada,-95,suelo_saturado
104,maceta-01,103,24,1.1.0,2026-09-12 23:48:38+00:00,2026-09-12 23:48:42.856060+00:00,21.0,46.0,934,881.0,26.0,4095,3124.0,,1194,1090.0,21.2,0,sin_etiquetar,propagada,-94,suelo_saturado
105,maceta-01,104,24,1.1.0,2026-09-12 23:49:08+00:00,2026-09-12 23:49:10.951745+00:00,21.0,46.0,2624,2229.0,67.0,4095,3124.0,,1192,1092.0,21.1,0,sin_etiquetar,propagada,-96,suelo_saturado
106,maceta-01,105,24,1.1.0,2026-09-12 23:49:38+00:00,2026-09-12 23:49:41.338792+00:00,21.0,46.0,2549,2170.0,65.0,4095,3124.0,,1197,1096.0,21.0,0,sin_etiquetar,propagada,-90,suelo_saturado
107,maceta-01,106,25,1.1.0,2026-09-12 23:54:45+00:00,2026-09-12 23:54:47.351861+00:00,11.3,46.0,167,271.0,8.0,3557,2878.0,,674,675.0,36.2,0,sin_etiquetar,propagada,-71,
108,maceta-01,107,25,1.1.0,2026-09-12 23:55:13+00:00,2026-09-12 23:55:15.122860+00:00,10.9,47.0,176,269.0,8.0,3583,2883.0,,663,665.0,36.6,0,sin_etiquetar,propagada,-74,
109,maceta-01,108,25,1.1.0,2026-09-12 23:55:43+00:00,2026-09-12 23:55:45.112661+00:00,10.5,48.0,150,268.0,8.0,3573,2880.0,,663,663.0,36.7,0,sin_etiquetar,propagada,-76,
110,maceta-01,109,25,1.1.0,2026-09-12 23:56:13+00:00,2026-09-12 23:56:15.297755+00:00,10.1,49.0,144,266.0,8.0,3606,2902.0,,661,662.0,36.8,0,sin_etiquetar,propagada,-75,
111,maceta-01,110,25,1.1.0,2026-09-12 23:56:43+00:00,2026-09-12 23:56:45.181465+00:00,10.0,50.0,151,272.0,8.0,3615,2885.0,,655,661.0,36.8,0,sin_etiquetar,propagada,-73,
112,maceta-01,111,25,1.1.0,2026-09-12 23:57:13+00:00,2026-09-12 23:57:15.165912+00:00,10.0,51.0,161,268.0,8.0,3600,2891.0,,645,663.0,36.7,0,sin_etiquetar,propagada,-73,
113,maceta-01,112,25,1.1.0,2026-09-12 23:57:43+00:00,2026-09-12 23:57:45.660991+00:00,9.6,52.0,159,280.0,8.0,3600,2891.0,,656,662.0,36.8,0,sin_etiquetar,propagada,-73,
114,maceta-01,113,25,1.1.0,2026-09-12 23:58:13+00:00,2026-09-12 23:58:15.239734+00:00,9.6,52.0,176,267.0,8.0,3611,2904.0,,640,660.0,36.9,0,sin_etiquetar,propagada,-73,
115,maceta-01,114,25,1.1.0,2026-09-12 23:58:43+00:00,2026-09-12 23:58:45.119154+00:00,9.6,53.0,162,272.0,8.0,3615,2903.0,,641,661.0,36.8,0,sin_etiquetar,propagada,-72,
116,maceta-01,115,25,1.1.0,2026-09-12 23:59:13+00:00,2026-09-12 23:59:15.304389+00:00,9.6,53.0,156,272.0,8.0,3646,2911.0,,651,658.0,37.0,0,sin_etiquetar,propagada,-74,
117,maceta-01,116,25,1.1.0,2026-09-12 23:59:43+00:00,2026-09-12 23:59:45.207295+00:00,9.6,54.0,169,282.0,8.0,3647,2921.0,,640,654.0,37.1,0,sin_etiquetar,propagada,-74,
118,maceta-01,117,25,1.1.0,2026-09-13 00:00:13+00:00,2026-09-13 00:00:15.477697+00:00,9.3,55.0,176,272.0,8.0,3645,2916.0,,640,653.0,37.2,0,sin_etiquetar,propagada,-74,
119,maceta-01,118,25,1.1.0,2026-09-13 00:00:43+00:00,2026-09-13 00:00:45.157353+00:00,9.3,55.0,177,276.0,8.0,3674,2926.0,,647,660.0,36.9,0,sin_etiquetar,propagada,-73,
120,maceta-01,119,25,1.1.0,2026-09-13 00:01:13+00:00,2026-09-13 00:01:15.137087+00:00,9.3,56.0,156,280.0,8.0,3687,2934.0,,646,652.0,37.2,0,sin_etiquetar,propagada,-73,
121,maceta-01,120,25,1.1.0,2026-09-13 00:01:43+00:00,2026-09-13 00:01:45.325893+00:00,9.3,56.0,176,282.0,8.0,3634,2916.0,,643,653.0,37.2,0,sin_etiquetar,propagada,-74,
122,maceta-01,121,25,1.1.0,2026-09-13 00:02:13+00:00,2026-09-13 00:02:15.123928+00:00,9.3,56.0,181,273.0,8.0,3648,2926.0,,644,661.0,36.8,0,sin_etiquetar,propagada,-78,
123,maceta-01,122,25,1.1.0,2026-09-13 00:02:43+00:00,2026-09-13 00:02:45.087992+00:00,9.3,57.0,176,280.0,8.0,3695,2929.0,,647,659.0,36.9,0,sin_etiquetar,propagada,-74,
124,maceta-01,123,25,1.1.0,2026-09-13 00:03:13+00:00,2026-09-13 00:03:15.386169+00:00,9.3,57.0,181,270.0,8.0,3664,2923.0,,646,653.0,37.2,0,sin_etiquetar,propagada,-75,
125,maceta-01,124,25,1.1.0,2026-09-13 00:03:43+00:00,2026-09-13 00:03:45.157130+00:00,9.3,57.0,172,277.0,8.0,3660,2935.0,,641,656.0,37.0,0,sin_etiquetar,propagada,-76,
126,maceta-01,125,25,1.1.0,2026-09-13 00:04:13+00:00,2026-09-13 00:04:15.140558+00:00,9.3,57.0,156,275.0,8.0,3696,2936.0,,635,658.0,37.0,0,sin_etiquetar,propagada,-75,
127,maceta-01,126,25,1.1.0,2026-09-13 00:04:43+00:00,2026-09-13 00:04:45.435577+00:00,9.3,57.0,179,275.0,8.0,3686,2935.0,,643,657.0,37.0,0,sin_etiquetar,propagada,-74,
128,maceta-01,127,25,1.1.0,2026-09-13 00:05:13+00:00,2026-09-13 00:05:15.115335+00:00,9.3,58.0,163,271.0,8.0,3685,2939.0,,651,653.0,37.2,0,sin_etiquetar,propagada,-74,
129,maceta-01,128,25,1.1.0,2026-09-13 00:05:43+00:00,2026-09-13 00:05:45.301258+00:00,9.3,58.0,171,282.0,8.0,3700,2933.0,,641,661.0,36.8,0,sin_etiquetar,propagada,-75,
130,maceta-01,129,25,1.1.0,2026-09-13 00:06:13+00:00,2026-09-13 00:06:15.081374+00:00,9.3,58.0,157,271.0,8.0,3675,2938.0,,656,658.0,37.0,0,sin_etiquetar,propagada,-76,
131,maceta-01,130,25,1.1.0,2026-09-13 00:06:43+00:00,2026-09-13 00:06:45.061137+00:00,9.3,58.0,162,273.0,8.0,3668,2942.0,,655,656.0,37.0,0,sin_etiquetar,propagada,-73,
132,maceta-01,131,25,1.1.0,2026-09-13 00:07:13+00:00,2026-09-13 00:07:15.356912+00:00,9.3,58.0,177,277.0,8.0,3696,2952.0,,644,648.0,37.4,0,sin_etiquetar,propagada,-75,
133,maceta-01,132,25,1.1.0,2026-09-13 00:07:43+00:00,2026-09-13 00:07:45.134346+00:00,9.3,58.0,182,277.0,8.0,3723,2942.0,,645,654.0,37.1,0,sin_etiquetar,propagada,-75,
134,maceta-01,133,25,1.1.0,2026-09-13 00:08:13+00:00,2026-09-13 00:08:15.118652+00:00,9.3,58.0,175,282.0,8.0,3622,2899.0,,656,661.0,36.8,0,sin_etiquetar,propagada,-76,
135,maceta-01,134,25,1.1.0,2026-09-13 00:08:43+00:00,2026-09-13 00:08:45.309115+00:00,9.3,59.0,180,271.0,8.0,3594,2902.0,,645,660.0,36.9,0,sin_etiquetar,propagada,-76,
136,maceta-01,135,25,1.1.0,2026-09-13 00:09:13+00:00,2026-09-13 00:09:15.083788+00:00,9.3,59.0,182,273.0,8.0,3610,2909.0,,640,658.0,37.0,0,sin_etiquetar,propagada,-75,
137,maceta-01,136,25,1.1.0,2026-09-13 00:09:43+00:00,2026-09-13 00:09:45.070606+00:00,9.3,59.0,177,277.0,8.0,3599,2900.0,,655,661.0,36.8,0,sin_etiquetar,propagada,-74,
138,maceta-01,137,25,1.1.0,2026-09-13 00:10:13+00:00,2026-09-13 00:10:15.359903+00:00,9.3,59.0,169,273.0,8.0,3616,2899.0,,650,659.0,36.9,0,sin_etiquetar,propagada,-74,
139,maceta-01,138,25,1.1.0,2026-09-13 00:10:43+00:00,2026-09-13 00:10:45.135537+00:00,9.3,59.0,159,269.0,8.0,3634,2908.0,,656,652.0,37.2,0,sin_etiquetar,propagada,-74,
140,maceta-01,139,25,1.1.0,2026-09-13 00:11:13+00:00,2026-09-13 00:11:15.118823+00:00,9.3,59.0,160,269.0,8.0,3611,2899.0,,646,663.0,36.7,0,sin_etiquetar,propagada,-75,
141,maceta-01,140,25,1.1.0,2026-09-13 00:12:13+00:00,2026-09-13 00:12:15.292193+00:00,9.3,59.0,177,269.0,8.0,3600,2885.0,,655,653.0,37.2,0,sin_etiquetar,propagada,-73,
142,maceta-01,141,25,1.1.0,2026-09-13 00:12:43+00:00,2026-09-13 00:12:45.072785+00:00,9.3,59.0,169,271.0,8.0,3595,2885.0,,656,657.0,37.0,0,sin_etiquetar,propagada,-81,
143,maceta-01,142,25,1.1.0,2026-09-13 00:13:13+00:00,2026-09-13 00:13:15.360733+00:00,9.3,59.0,160,282.0,8.0,3595,2878.0,,640,651.0,37.3,0,sin_etiquetar,propagada,-71,
144,maceta-01,143,25,1.1.0,2026-09-13 00:13:43+00:00,2026-09-13 00:13:45.151988+00:00,9.3,59.0,185,276.0,8.0,3583,2895.0,,635,653.0,37.2,0,sin_etiquetar,propagada,-75,
145,maceta-01,144,25,1.1.0,2026-09-13 00:14:13+00:00,2026-09-13 00:14:15.126111+00:00,9.3,59.0,176,275.0,8.0,3575,2894.0,,648,652.0,37.2,0,sin_etiquetar,propagada,-75,
146,maceta-01,145,25,1.1.0,2026-09-13 00:14:43+00:00,2026-09-13 00:14:45.313054+00:00,9.3,59.0,149,281.0,8.0,3583,2897.0,,651,651.0,37.3,0,sin_etiquetar,propagada,-81,
147,maceta-01,146,25,1.1.0,2026-09-13 00:15:13+00:00,2026-09-13 00:15:15.097094+00:00,9.3,59.0,176,280.0,8.0,3610,2895.0,,647,653.0,37.2,0,sin_etiquetar,propagada,-80,
148,maceta-01,147,25,1.1.0,2026-09-13 00:15:43+00:00,2026-09-13 00:15:45.080904+00:00,9.3,59.0,183,282.0,8.0,3583,2900.0,,640,653.0,37.2,0,sin_etiquetar,propagada,-78,
149,maceta-01,148,25,1.1.0,2026-09-13 00:16:13+00:00,2026-09-13 00:16:15.371765+00:00,9.3,60.0,172,282.0,8.0,3583,2897.0,,639,655.0,37.1,0,sin_etiquetar,propagada,-73,
150,maceta-01,149,25,1.1.0,2026-09-13 00:16:43+00:00,2026-09-13 00:16:45.151423+00:00,9.3,60.0,155,280.0,8.0,3627,2895.0,,654,653.0,37.2,0,sin_etiquetar,propagada,-75,
151,maceta-01,150,25,1.1.0,2026-09-13 00:17:13+00:00,2026-09-13 00:17:15.130987+00:00,9.3,60.0,185,269.0,8.0,3633,2899.0,,656,653.0,37.2,0,sin_etiquetar,propagada,-83,
152,maceta-01,151,25,1.1.0,2026-09-13 00:17:43+00:00,2026-09-13 00:17:45.332090+00:00,9.3,60.0,163,273.0,8.0,3617,2894.0,,648,659.0,36.9,0,sin_etiquetar,propagada,-75,
153,maceta-01,152,25,1.1.0,2026-09-13 00:18:13+00:00,2026-09-13 00:18:15.107996+00:00,9.3,60.0,176,278.0,8.0,3600,2895.0,,654,657.0,37.0,0,sin_etiquetar,propagada,-75,
154,maceta-01,153,25,1.1.0,2026-09-13 00:18:43+00:00,2026-09-13 00:18:45.086599+00:00,9.3,60.0,157,278.0,8.0,3583,2897.0,,651,659.0,36.9,0,sin_etiquetar,propagada,-76,
155,maceta-01,154,25,1.1.0,2026-09-13 00:19:13+00:00,2026-09-13 00:19:15.272132+00:00,9.3,60.0,157,275.0,8.0,3583,2902.0,,656,654.0,37.1,0,sin_etiquetar,propagada,-75,
156,maceta-01,155,25,1.1.0,2026-09-13 00:19:43+00:00,2026-09-13 00:19:45.057130+00:00,9.3,60.0,175,280.0,8.0,3645,2904.0,,640,660.0,36.9,0,sin_etiquetar,propagada,-74,
157,maceta-01,156,25,1.1.0,2026-09-13 00:20:13+00:00,2026-09-13 00:20:15.038133+00:00,9.3,60.0,174,274.0,8.0,3615,2907.0,,640,652.0,37.2,0,sin_etiquetar,propagada,-76,
158,maceta-01,157,25,1.1.0,2026-09-13 00:20:43+00:00,2026-09-13 00:20:45.330763+00:00,9.3,60.0,165,280.0,8.0,3596,2885.0,,640,657.0,37.0,0,sin_etiquetar,propagada,-74,
159,maceta-01,158,25,1.1.0,2026-09-13 00:21:13+00:00,2026-09-13 00:21:15.179659+00:00,9.3,60.0,158,280.0,8.0,3564,2877.0,,640,654.0,37.1,0,sin_etiquetar,propagada,-75,
160,maceta-01,159,25,1.1.0,2026-09-13 00:21:43+00:00,2026-09-13 00:21:45.293039+00:00,9.3,60.0,159,282.0,8.0,3579,2877.0,,641,655.0,37.1,0,sin_etiquetar,propagada,-77,
161,maceta-01,160,25,1.1.0,2026-09-13 00:22:13+00:00,2026-09-13 00:22:15.075318+00:00,9.3,60.0,170,277.0,8.0,3543,2879.0,,640,655.0,37.1,0,sin_etiquetar,propagada,-77,
162,maceta-01,161,25,1.1.0,2026-09-13 00:22:43+00:00,2026-09-13 00:22:45.061284+00:00,9.3,60.0,176,274.0,8.0,3559,2876.0,,656,652.0,37.2,0,sin_etiquetar,propagada,-74,
163,maceta-01,162,25,1.1.0,2026-09-13 00:23:13+00:00,2026-09-13 00:23:15.262953+00:00,9.3,60.0,173,275.0,8.0,3583,2878.0,,655,657.0,37.0,0,sin_etiquetar,propagada,-73,
164,maceta-01,163,25,1.1.0,2026-09-13 00:23:43+00:00,2026-09-13 00:23:45.039297+00:00,9.3,60.0,180,275.0,8.0,3536,2872.0,,638,657.0,37.0,0,sin_etiquetar,propagada,-75,
165,maceta-01,164,25,1.1.0,2026-09-13 00:24:13+00:00,2026-09-13 00:24:15.320571+00:00,9.3,60.0,181,279.0,8.0,3573,2874.0,,636,654.0,37.1,0,sin_etiquetar,propagada,-75,
166,maceta-01,165,25,1.1.0,2026-09-13 00:24:43+00:00,2026-09-13 00:24:45.105227+00:00,9.3,60.0,157,282.0,8.0,3551,2880.0,,656,651.0,37.3,0,sin_etiquetar,propagada,-73,
167,maceta-01,166,25,1.1.0,2026-09-13 00:25:13+00:00,2026-09-13 00:25:15.091953+00:00,9.3,60.0,176,277.0,8.0,3551,2877.0,,645,651.0,37.3,0,sin_etiquetar,propagada,-75,
168,maceta-01,167,25,1.1.0,2026-09-13 00:25:43+00:00,2026-09-13 00:25:45.276641+00:00,9.3,60.0,181,274.0,8.0,3571,2883.0,,640,656.0,37.0,0,sin_etiquetar,propagada,-78,
169,maceta-01,168,25,1.1.0,2026-09-13 00:26:13+00:00,2026-09-13 00:26:15.084749+00:00,9.3,60.0,159,282.0,8.0,3555,2877.0,,656,660.0,36.9,0,sin_etiquetar,propagada,-74,
170,maceta-01,169,25,1.1.0,2026-09-13 00:26:43+00:00,2026-09-13 00:26:45.350984+00:00,9.3,60.0,167,269.0,8.0,3583,2882.0,,649,651.0,37.3,0,sin_etiquetar,propagada,-78,
171,maceta-01,170,25,1.1.0,2026-09-13 00:27:13+00:00,2026-09-13 00:27:15.025329+00:00,9.3,60.0,170,277.0,8.0,3600,2885.0,,646,651.0,37.3,0,sin_etiquetar,propagada,-77,
172,maceta-01,171,25,1.1.0,2026-09-13 00:27:43+00:00,2026-09-13 00:27:45.109669+00:00,9.3,60.0,182,270.0,8.0,3574,2892.0,,649,649.0,37.4,0,sin_etiquetar,propagada,-78,
173,maceta-01,172,25,1.1.0,2026-09-13 00:28:13+00:00,2026-09-13 00:28:15.312613+00:00,9.3,60.0,180,276.0,8.0,3583,2893.0,,637,650.0,37.3,0,sin_etiquetar,propagada,-77,
174,maceta-01,173,25,1.1.0,2026-09-13 00:28:43+00:00,2026-09-13 00:28:45.077569+00:00,9.3,60.0,170,277.0,8.0,3579,2885.0,,646,653.0,37.2,0,sin_etiquetar,propagada,-73,
175,maceta-01,174,25,1.1.0,2026-09-13 00:29:13+00:00,2026-09-13 00:29:15.059423+00:00,9.3,60.0,171,282.0,8.0,3582,2893.0,,634,653.0,37.2,0,sin_etiquetar,propagada,-74,
176,maceta-01,175,25,1.1.0,2026-09-13 00:29:43+00:00,2026-09-13 00:29:45.246735+00:00,9.3,60.0,155,274.0,8.0,3600,2880.0,,647,649.0,37.4,0,sin_etiquetar,propagada,-78,
177,maceta-01,176,25,1.1.0,2026-09-13 00:30:13+00:00,2026-09-13 00:30:15.029935+00:00,9.3,60.0,176,281.0,8.0,3606,2895.0,,635,653.0,37.2,0,sin_etiquetar,propagada,-76,
178,maceta-01,177,25,1.1.0,2026-09-13 00:30:43+00:00,2026-09-13 00:30:45.116002+00:00,9.3,60.0,153,282.0,8.0,3583,2885.0,,650,657.0,37.0,0,sin_etiquetar,propagada,-75,
179,maceta-01,178,25,1.1.0,2026-09-13 00:31:13+00:00,2026-09-13 00:31:15.310124+00:00,9.3,60.0,164,276.0,8.0,3583,2884.0,,639,651.0,37.3,0,sin_etiquetar,propagada,-76,
180,maceta-01,179,25,1.1.0,2026-09-13 00:31:43+00:00,2026-09-13 00:31:45.085982+00:00,9.3,60.0,155,269.0,8.0,3603,2883.0,,640,654.0,37.1,0,sin_etiquetar,propagada,-73,
181,maceta-01,180,25,1.1.0,2026-09-13 00:32:13+00:00,2026-09-13 00:32:15.072666+00:00,9.3,60.0,176,276.0,8.0,3583,2885.0,,642,657.0,37.0,0,sin_etiquetar,propagada,-75,
182,maceta-01,181,25,1.1.0,2026-09-13 00:32:43+00:00,2026-09-13 00:32:45.353631+00:00,9.3,60.0,176,276.0,8.0,3600,2892.0,,652,653.0,37.2,0,sin_etiquetar,propagada,-76,
183,maceta-01,182,25,1.1.0,2026-09-13 00:33:13+00:00,2026-09-13 00:33:15.033367+00:00,9.3,60.0,160,274.0,8.0,3567,2871.0,,654,652.0,37.2,0,sin_etiquetar,propagada,-76,
184,maceta-01,183,25,1.1.0,2026-09-13 00:33:43+00:00,2026-09-13 00:33:45.026745+00:00,9.3,60.0,172,273.0,8.0,3560,2876.0,,642,651.0,37.3,0,sin_etiquetar,propagada,-75,
185,maceta-01,184,25,1.1.0,2026-09-13 00:34:13+00:00,2026-09-13 00:34:15.307137+00:00,9.3,60.0,176,281.0,8.0,3556,2875.0,,638,650.0,37.3,0,sin_etiquetar,propagada,-75,
186,maceta-01,185,25,1.1.0,2026-09-13 00:34:43+00:00,2026-09-13 00:34:45.083723+00:00,9.3,60.0,176,272.0,8.0,3594,2884.0,,647,648.0,37.4,0,sin_etiquetar,propagada,-77,
187,maceta-01,186,25,1.1.0,2026-09-13 00:35:13+00:00,2026-09-13 00:35:15.066686+00:00,9.3,60.0,162,278.0,8.0,3577,2878.0,,647,650.0,37.3,0,sin_etiquetar,propagada,-79,
188,maceta-01,187,25,1.1.0,2026-09-13 00:35:43+00:00,2026-09-13 00:35:45.255238+00:00,9.3,60.0,161,276.0,8.0,3570,2875.0,,651,661.0,36.8,0,sin_etiquetar,propagada,-76,
189,maceta-01,188,25,1.1.0,2026-09-13 00:36:13+00:00,2026-09-13 00:36:15.140571+00:00,9.3,60.0,177,282.0,8.0,3580,2893.0,,634,651.0,37.3,0,sin_etiquetar,propagada,-75,
190,maceta-01,189,25,1.1.0,2026-09-13 00:36:43+00:00,2026-09-13 00:36:45.019755+00:00,9.3,60.0,183,276.0,8.0,3563,2872.0,,654,653.0,37.2,0,sin_etiquetar,propagada,-78,
191,maceta-01,190,25,1.1.0,2026-09-13 00:37:13+00:00,2026-09-13 00:37:15.315577+00:00,9.3,60.0,159,280.0,8.0,3559,2877.0,,636,652.0,37.2,0,sin_etiquetar,propagada,-73,
192,maceta-01,191,25,1.1.0,2026-09-13 00:37:43+00:00,2026-09-13 00:37:45.092036+00:00,9.3,60.0,155,282.0,8.0,3555,2877.0,,653,657.0,37.0,0,sin_etiquetar,propagada,-73,
193,maceta-01,192,25,1.1.0,2026-09-13 00:38:13+00:00,2026-09-13 00:38:15.075208+00:00,9.3,60.0,182,276.0,8.0,3573,2885.0,,650,656.0,37.0,0,sin_etiquetar,propagada,-75,
194,maceta-01,193,25,1.1.0,2026-09-13 00:38:43+00:00,2026-09-13 00:38:45.274780+00:00,9.3,60.0,177,281.0,8.0,3567,2880.0,,635,659.0,36.9,0,sin_etiquetar,propagada,-74,
195,maceta-01,194,25,1.1.0,2026-09-13 00:39:13+00:00,2026-09-13 00:39:15.045960+00:00,9.3,60.0,177,282.0,8.0,3582,2877.0,,640,655.0,37.1,0,sin_etiquetar,propagada,-74,
196,maceta-01,195,25,1.1.0,2026-09-13 00:39:43+00:00,2026-09-13 00:39:45.031539+00:00,9.3,60.0,171,273.0,8.0,3561,2880.0,,647,656.0,37.0,0,sin_etiquetar,propagada,-76,
197,maceta-01,196,25,1.1.0,2026-09-13 00:40:13+00:00,2026-09-13 00:40:15.219089+00:00,9.3,60.0,154,272.0,8.0,3551,2877.0,,642,656.0,37.0,0,sin_etiquetar,propagada,-74,
198,maceta-01,197,25,1.1.0,2026-09-13 00:40:43+00:00,2026-09-13 00:40:44.995717+00:00,9.3,60.0,163,282.0,8.0,3561,2876.0,,643,653.0,37.2,0,sin_etiquetar,propagada,-74,
199,maceta-01,198,25,1.1.0,2026-09-13 00:41:13+00:00,2026-09-13 00:41:15.283363+00:00,9.3,60.0,176,274.0,8.0,3558,2872.0,,653,651.0,37.3,0,sin_etiquetar,propagada,-75,
200,maceta-01,199,25,1.1.0,2026-09-13 00:41:43+00:00,2026-09-13 00:41:45.067949+00:00,9.3,61.0,179,279.0,8.0,3568,2874.0,,654,651.0,37.3,0,sin_etiquetar,propagada,-74,
201,maceta-01,200,25,1.1.0,2026-09-13 00:42:13+00:00,2026-09-13 00:42:15.057753+00:00,9.3,61.0,179,274.0,8.0,3550,2874.0,,635,651.0,37.3,0,sin_etiquetar,propagada,-75,
202,maceta-01,201,25,1.1.0,2026-09-13 00:42:43+00:00,2026-09-13 00:42:45.240988+00:00,9.3,61.0,180,283.0,8.0,3552,2862.0,,640,654.0,37.1,0,sin_etiquetar,propagada,-75,
203,maceta-01,202,25,1.1.0,2026-09-13 00:43:13+00:00,2026-09-13 00:43:15.019226+00:00,9.3,61.0,179,273.0,8.0,3550,2877.0,,655,654.0,37.1,0,sin_etiquetar,propagada,-74,
204,maceta-01,203,25,1.1.0,2026-09-13 00:43:43+00:00,2026-09-13 00:43:44.997365+00:00,9.3,61.0,177,282.0,8.0,3561,2868.0,,639,653.0,37.2,0,sin_etiquetar,propagada,-75,
205,maceta-01,204,25,1.1.0,2026-09-13 00:44:13+00:00,2026-09-13 00:44:15.502006+00:00,9.3,61.0,166,280.0,8.0,3546,2874.0,,647,655.0,37.1,0,sin_etiquetar,propagada,-75,
206,maceta-01,205,25,1.1.0,2026-09-13 00:44:43+00:00,2026-09-13 00:44:45.081465+00:00,9.3,61.0,181,283.0,8.0,3553,2875.0,,647,646.0,37.5,0,sin_etiquetar,propagada,-75,
207,maceta-01,206,25,1.1.0,2026-09-13 00:45:13+00:00,2026-09-13 00:45:15.058774+00:00,9.3,61.0,168,273.0,8.0,3549,2877.0,,643,651.0,37.3,0,sin_etiquetar,propagada,-75,
208,maceta-01,207,25,1.1.0,2026-09-13 00:45:43+00:00,2026-09-13 00:45:45.242970+00:00,9.3,61.0,178,278.0,8.0,3547,2869.0,,642,648.0,37.4,0,sin_etiquetar,propagada,-75,
209,maceta-01,208,25,1.1.0,2026-09-13 00:46:13+00:00,2026-09-13 00:46:15.044783+00:00,9.3,60.0,160,271.0,8.0,3576,2874.0,,640,651.0,37.3,0,sin_etiquetar,propagada,-75,
210,maceta-01,209,25,1.1.0,2026-09-13 00:46:43+00:00,2026-09-13 00:46:45.010381+00:00,9.3,60.0,182,272.0,8.0,3508,2850.0,,638,654.0,37.1,0,sin_etiquetar,propagada,-73,
211,maceta-01,210,25,1.1.0,2026-09-13 00:47:13+00:00,2026-09-13 00:47:15.306366+00:00,9.3,61.0,169,280.0,8.0,3535,2854.0,,647,653.0,37.2,0,sin_etiquetar,propagada,-74,
212,maceta-01,211,25,1.1.0,2026-09-13 00:47:43+00:00,2026-09-13 00:47:45.181117+00:00,9.3,61.0,181,282.0,8.0,3536,2857.0,,636,650.0,37.3,0,sin_etiquetar,propagada,-74,
213,maceta-01,212,25,1.1.0,2026-09-13 00:48:13+00:00,2026-09-13 00:48:15.060383+00:00,9.3,61.0,164,274.0,8.0,3530,2856.0,,650,658.0,37.0,0,sin_etiquetar,propagada,-76,
214,maceta-01,213,25,1.1.0,2026-09-13 00:48:43+00:00,2026-09-13 00:48:45.348562+00:00,9.3,60.0,176,274.0,8.0,3527,2855.0,,639,653.0,37.2,0,sin_etiquetar,propagada,-76,
215,maceta-01,214,25,1.1.0,2026-09-13 00:49:13+00:00,2026-09-13 00:49:15.031148+00:00,9.3,60.0,173,269.0,8.0,3511,2850.0,,651,656.0,37.0,0,sin_etiquetar,propagada,-75,
216,maceta-01,215,25,1.1.0,2026-09-13 00:49:43+00:00,2026-09-13 00:49:44.926526+00:00,9.3,60.0,164,281.0,8.0,3515,2852.0,,639,656.0,37.0,0,sin_etiquetar,propagada,-77,
217,maceta-01,216,25,1.1.0,2026-09-13 00:50:13+00:00,2026-09-13 00:50:15.208459+00:00,9.3,60.0,170,273.0,8.0,3527,2847.0,,652,651.0,37.3,0,sin_etiquetar,propagada,-74,
218,maceta-01,217,25,1.1.0,2026-09-13 00:50:43+00:00,2026-09-13 00:50:44.981244+00:00,9.3,60.0,177,278.0,8.0,3523,2842.0,,641,651.0,37.3,0,sin_etiquetar,propagada,-82,
219,maceta-01,218,25,1.1.0,2026-09-13 00:51:13+00:00,2026-09-13 00:51:15.064953+00:00,9.3,60.0,163,272.0,8.0,3522,2851.0,,648,654.0,37.1,0,sin_etiquetar,propagada,-77,
220,maceta-01,219,25,1.1.0,2026-09-13 00:51:43+00:00,2026-09-13 00:51:45.256936+00:00,9.3,60.0,177,273.0,8.0,3504,2847.0,,639,651.0,37.3,0,sin_etiquetar,propagada,-74,
221,maceta-01,220,25,1.1.0,2026-09-13 00:52:13+00:00,2026-09-13 00:52:15.042237+00:00,9.3,60.0,175,270.0,8.0,3503,2851.0,,631,653.0,37.2,0,sin_etiquetar,propagada,-74,
222,maceta-01,221,25,1.1.0,2026-09-13 00:52:43+00:00,2026-09-13 00:52:45.022267+00:00,9.3,60.0,169,279.0,8.0,3519,2852.0,,637,659.0,36.9,0,sin_etiquetar,propagada,-78,
223,maceta-01,222,25,1.1.0,2026-09-13 00:53:13+00:00,2026-09-13 00:53:15.204903+00:00,9.3,60.0,176,273.0,8.0,3521,2851.0,,640,651.0,37.3,0,sin_etiquetar,propagada,-79,
224,maceta-01,223,25,1.1.0,2026-09-13 00:53:43+00:00,2026-09-13 00:53:44.984918+00:00,9.3,60.0,149,269.0,8.0,3523,2850.0,,640,656.0,37.0,0,sin_etiquetar,propagada,-75,
225,maceta-01,224,25,1.1.0,2026-09-13 00:54:13+00:00,2026-09-13 00:54:14.970648+00:00,9.3,60.0,161,272.0,8.0,3511,2838.0,,641,653.0,37.2,0,sin_etiquetar,propagada,-75,
226,maceta-01,225,25,1.1.0,2026-09-13 00:54:43+00:00,2026-09-13 00:54:45.262166+00:00,9.3,60.0,179,275.0,8.0,3522,2849.0,,647,651.0,37.3,0,sin_etiquetar,propagada,-75,
227,maceta-01,226,25,1.1.0,2026-09-13 00:55:13+00:00,2026-09-13 00:55:15.039863+00:00,9.3,60.0,164,276.0,8.0,3526,2851.0,,645,656.0,37.0,0,sin_etiquetar,propagada,-75,
228,maceta-01,227,25,1.1.0,2026-09-13 00:55:43+00:00,2026-09-13 00:55:45.029406+00:00,9.3,60.0,170,279.0,8.0,3511,2850.0,,648,655.0,37.1,0,sin_etiquetar,propagada,-75,
229,maceta-01,228,25,1.1.0,2026-09-13 00:56:13+00:00,2026-09-13 00:56:15.214137+00:00,9.3,60.0,180,282.0,8.0,3519,2851.0,,649,655.0,37.1,0,sin_etiquetar,propagada,-75,
230,maceta-01,229,25,1.1.0,2026-09-13 00:56:43+00:00,2026-09-13 00:56:44.994947+00:00,9.3,60.0,162,275.0,8.0,3512,2857.0,,638,653.0,37.2,0,sin_etiquetar,propagada,-73,
231,maceta-01,230,25,1.1.0,2026-09-13 00:57:13+00:00,2026-09-13 00:57:14.975047+00:00,9.3,60.0,179,278.0,8.0,3527,2857.0,,646,658.0,37.0,0,sin_etiquetar,propagada,-74,
232,maceta-01,231,25,1.1.0,2026-09-13 00:57:43+00:00,2026-09-13 00:57:45.267564+00:00,9.3,60.0,150,282.0,8.0,3522,2857.0,,640,650.0,37.3,0,sin_etiquetar,propagada,-76,
233,maceta-01,232,25,1.1.0,2026-09-13 00:58:13+00:00,2026-09-13 00:58:15.042832+00:00,9.3,60.0,158,282.0,8.0,3553,2860.0,,636,649.0,37.4,0,sin_etiquetar,propagada,-73,
234,maceta-01,233,25,1.1.0,2026-09-13 00:58:43+00:00,2026-09-13 00:58:45.013900+00:00,9.3,60.0,178,283.0,8.0,3522,2860.0,,635,653.0,37.2,0,sin_etiquetar,propagada,-71,
235,maceta-01,234,25,1.1.0,2026-09-13 00:59:13+00:00,2026-09-13 00:59:15.217945+00:00,9.3,60.0,180,282.0,8.0,3529,2866.0,,635,650.0,37.3,0,sin_etiquetar,propagada,-75,
236,maceta-01,235,25,1.1.0,2026-09-13 00:59:43+00:00,2026-09-13 00:59:44.998181+00:00,9.3,60.0,155,283.0,8.0,3528,2853.0,,650,652.0,37.2,0,sin_etiquetar,propagada,-78,
237,maceta-01,236,25,1.1.0,2026-09-13 01:00:13+00:00,2026-09-13 01:00:14.984253+00:00,9.3,60.0,176,282.0,8.0,3522,2853.0,,654,653.0,37.2,0,sin_etiquetar,propagada,-75,
238,maceta-01,237,25,1.1.0,2026-09-13 01:00:43+00:00,2026-09-13 01:00:45.273786+00:00,9.3,60.0,181,276.0,8.0,3504,2857.0,,641,655.0,37.1,0,sin_etiquetar,propagada,-72,
239,maceta-01,238,25,1.1.0,2026-09-13 01:01:13+00:00,2026-09-13 01:01:14.951207+00:00,9.3,60.0,176,274.0,8.0,3506,2855.0,,640,657.0,37.0,0,sin_etiquetar,propagada,-75,
240,maceta-01,239,25,1.1.0,2026-09-13 01:01:43+00:00,2026-09-13 01:01:45.034786+00:00,9.3,60.0,149,277.0,8.0,3536,2856.0,,643,651.0,37.3,0,sin_etiquetar,propagada,-73,
241,maceta-01,240,25,1.1.0,2026-09-13 01:02:13+00:00,2026-09-13 01:02:15.246278+00:00,9.3,60.0,171,269.0,8.0,3543,2860.0,,647,649.0,37.4,0,sin_etiquetar,propagada,-73,
242,maceta-01,241,25,1.1.0,2026-09-13 01:02:43+00:00,2026-09-13 01:02:45.008993+00:00,9.3,60.0,177,282.0,8.0,3537,2869.0,,651,653.0,37.2,0,sin_etiquetar,propagada,-73,
243,maceta-01,242,25,1.1.0,2026-09-13 01:03:13+00:00,2026-09-13 01:03:14.993774+00:00,9.3,60.0,153,278.0,8.0,3519,2842.0,,643,649.0,37.4,0,sin_etiquetar,propagada,-74,
244,maceta-01,243,25,1.1.0,2026-09-13 01:03:43+00:00,2026-09-13 01:03:45.176065+00:00,9.3,60.0,175,278.0,8.0,3520,2851.0,,652,651.0,37.3,0,sin_etiquetar,propagada,-75,
245,maceta-01,244,25,1.1.0,2026-09-13 01:04:13+00:00,2026-09-13 01:04:14.955933+00:00,9.3,60.0,179,274.0,8.0,3532,2851.0,,641,651.0,37.3,0,sin_etiquetar,propagada,-76,
246,maceta-01,245,25,1.1.0,2026-09-13 01:04:43+00:00,2026-09-13 01:04:45.040144+00:00,9.3,60.0,176,283.0,8.0,3518,2850.0,,631,649.0,37.4,0,sin_etiquetar,propagada,-76,
247,maceta-01,246,25,1.1.0,2026-09-13 01:05:13+00:00,2026-09-13 01:05:15.228956+00:00,9.3,60.0,155,277.0,8.0,3504,2840.0,,627,653.0,37.2,0,sin_etiquetar,propagada,-76,
248,maceta-01,247,25,1.1.0,2026-09-13 01:05:43+00:00,2026-09-13 01:05:45.008483+00:00,9.3,60.0,163,274.0,8.0,3508,2844.0,,638,650.0,37.3,0,sin_etiquetar,propagada,-75,
249,maceta-01,248,25,1.1.0,2026-09-13 01:06:13+00:00,2026-09-13 01:06:14.996710+00:00,9.3,60.0,163,278.0,8.0,3529,2843.0,,654,651.0,37.3,0,sin_etiquetar,propagada,-75,
250,maceta-01,249,25,1.1.0,2026-09-13 01:06:43+00:00,2026-09-13 01:06:45.185691+00:00,9.3,60.0,159,284.0,8.0,3515,2845.0,,638,649.0,37.4,0,sin_etiquetar,propagada,-76,
251,maceta-01,250,25,1.1.0,2026-09-13 01:07:13+00:00,2026-09-13 01:07:18.033520+00:00,9.3,60.0,166,282.0,8.0,3510,2845.0,,652,653.0,37.2,0,sin_etiquetar,propagada,-72,
252,maceta-01,251,25,1.1.0,2026-09-13 01:07:43+00:00,2026-09-13 01:07:45.047670+00:00,9.3,60.0,176,283.0,8.0,3504,2842.0,,638,653.0,37.2,0,sin_etiquetar,propagada,-74,
253,maceta-01,252,25,1.1.0,2026-09-13 01:08:13+00:00,2026-09-13 01:08:15.340403+00:00,9.3,60.0,177,273.0,8.0,3478,2834.0,,637,651.0,37.3,0,sin_etiquetar,propagada,-78,
254,maceta-01,253,25,1.1.0,2026-09-13 01:08:43+00:00,2026-09-13 01:08:45.015311+00:00,9.3,60.0,176,273.0,8.0,3509,2846.0,,655,651.0,37.3,0,sin_etiquetar,propagada,-73,
255,maceta-01,254,25,1.1.0,2026-09-13 01:09:13+00:00,2026-09-13 01:09:15.000601+00:00,9.3,60.0,171,272.0,8.0,3493,2846.0,,636,652.0,37.2,0,sin_etiquetar,propagada,-80,
256,maceta-01,255,25,1.1.0,2026-09-13 01:09:43+00:00,2026-09-13 01:09:45.186595+00:00,9.3,60.0,181,280.0,8.0,3498,2849.0,,651,651.0,37.3,0,sin_etiquetar,propagada,-73,
257,maceta-01,256,25,1.1.0,2026-09-13 01:10:13+00:00,2026-09-13 01:10:14.979685+00:00,9.3,60.0,161,274.0,8.0,3511,2845.0,,641,652.0,37.2,0,sin_etiquetar,propagada,-72,
258,maceta-01,257,25,1.1.0,2026-09-13 01:10:43+00:00,2026-09-13 01:10:44.953776+00:00,9.3,60.0,160,281.0,8.0,3504,2840.0,,640,651.0,37.3,0,sin_etiquetar,propagada,-76,
259,maceta-01,258,25,1.1.0,2026-09-13 01:11:13+00:00,2026-09-13 01:11:15.445132+00:00,9.3,60.0,164,273.0,8.0,3497,2837.0,,641,659.0,36.9,0,sin_etiquetar,propagada,-74,
260,maceta-01,259,25,1.1.0,2026-09-13 01:11:43+00:00,2026-09-13 01:11:44.914179+00:00,9.3,60.0,170,284.0,8.0,3534,2847.0,,637,657.0,37.0,0,sin_etiquetar,propagada,-74,
261,maceta-01,260,25,1.1.0,2026-09-13 01:12:13+00:00,2026-09-13 01:12:15.003600+00:00,9.3,60.0,174,275.0,8.0,3517,2845.0,,644,656.0,37.0,0,sin_etiquetar,propagada,-74,
262,maceta-01,261,25,1.1.0,2026-09-13 01:12:43+00:00,2026-09-13 01:12:45.398472+00:00,9.3,60.0,155,282.0,8.0,3530,2855.0,,635,657.0,37.0,0,sin_etiquetar,propagada,-76,
263,maceta-01,262,25,1.1.0,2026-09-13 01:13:13+00:00,2026-09-13 01:13:14.970612+00:00,9.3,60.0,186,273.0,8.0,3473,2841.0,,645,654.0,37.1,0,sin_etiquetar,propagada,-76,
264,maceta-01,263,25,1.1.0,2026-09-13 01:13:43+00:00,2026-09-13 01:13:44.956375+00:00,9.3,60.0,176,282.0,8.0,3523,2840.0,,654,657.0,37.0,0,sin_etiquetar,propagada,-78,
265,maceta-01,264,25,1.1.0,2026-09-13 01:14:13+00:00,2026-09-13 01:14:15.141488+00:00,9.3,60.0,160,271.0,8.0,3498,2838.0,,650,656.0,37.0,0,sin_etiquetar,propagada,-78,
266,maceta-01,265,25,1.1.0,2026-09-13 01:14:43+00:00,2026-09-13 01:14:44.926653+00:00,9.3,60.0,159,281.0,8.0,3474,2837.0,,638,661.0,36.8,0,sin_etiquetar,propagada,-77,
267,maceta-01,266,25,1.1.0,2026-09-13 01:15:13+00:00,2026-09-13 01:15:15.420161+00:00,9.3,60.0,157,284.0,8.0,3491,2843.0,,651,651.0,37.3,0,sin_etiquetar,propagada,-79,
268,maceta-01,267,25,1.1.0,2026-09-13 01:15:43+00:00,2026-09-13 01:15:44.989109+00:00,9.3,60.0,160,277.0,8.0,3490,2849.0,,640,653.0,37.2,0,sin_etiquetar,propagada,-78,
269,maceta-01,268,25,1.1.0,2026-09-13 01:16:13+00:00,2026-09-13 01:16:14.983895+00:00,9.3,60.0,164,275.0,8.0,3506,2843.0,,643,649.0,37.4,0,sin_etiquetar,propagada,-76,
270,maceta-01,269,25,1.1.0,2026-09-13 01:16:43+00:00,2026-09-13 01:16:45.165359+00:00,9.3,60.0,184,282.0,8.0,3520,2852.0,,643,655.0,37.1,0,sin_etiquetar,propagada,-76,
271,maceta-01,270,25,1.1.0,2026-09-13 01:17:13+00:00,2026-09-13 01:17:14.939717+00:00,9.3,60.0,165,284.0,8.0,3506,2851.0,,646,651.0,37.3,0,sin_etiquetar,propagada,-76,
272,maceta-01,271,25,1.1.0,2026-09-13 01:17:43+00:00,2026-09-13 01:17:44.924149+00:00,9.3,60.0,176,282.0,8.0,3493,2843.0,,635,657.0,37.0,0,sin_etiquetar,propagada,-76,
273,maceta-01,272,25,1.1.0,2026-09-13 01:18:13+00:00,2026-09-13 01:18:15.214967+00:00,9.3,60.0,158,282.0,8.0,3470,2841.0,,640,655.0,37.1,0,sin_etiquetar,propagada,-75,
274,maceta-01,273,25,1.1.0,2026-09-13 01:18:43+00:00,2026-09-13 01:18:45.008762+00:00,9.3,60.0,179,280.0,8.0,3498,2847.0,,640,647.0,37.5,0,sin_etiquetar,propagada,-76,
275,maceta-01,274,25,1.1.0,2026-09-13 01:19:13+00:00,2026-09-13 01:19:14.976561+00:00,9.3,59.0,152,274.0,8.0,3504,2843.0,,631,652.0,37.2,0,sin_etiquetar,propagada,-75,
276,maceta-01,275,25,1.1.0,2026-09-13 01:19:43+00:00,2026-09-13 01:19:45.276932+00:00,9.3,60.0,154,268.0,8.0,3519,2854.0,,650,652.0,37.2,0,sin_etiquetar,propagada,-75,
277,maceta-01,276,25,1.1.0,2026-09-13 01:20:13+00:00,2026-09-13 01:20:14.950023+00:00,9.3,60.0,163,276.0,8.0,3517,2849.0,,646,652.0,37.2,0,sin_etiquetar,propagada,-73,
278,maceta-01,277,25,1.1.0,2026-09-13 01:20:43+00:00,2026-09-13 01:20:44.931774+00:00,9.3,60.0,161,278.0,8.0,3534,2847.0,,638,653.0,37.2,0,sin_etiquetar,propagada,-73,
279,maceta-01,278,25,1.1.0,2026-09-13 01:21:13+00:00,2026-09-13 01:21:16.655255+00:00,9.3,60.0,179,282.0,8.0,3521,2851.0,,643,649.0,37.4,0,sin_etiquetar,propagada,-74,
280,maceta-01,279,25,1.1.0,2026-09-13 01:21:45+00:00,2026-09-13 01:21:47.151541+00:00,9.3,60.0,173,272.0,8.0,3537,2860.0,,635,646.0,37.5,0,sin_etiquetar,propagada,-74,
281,maceta-01,280,25,1.1.0,2026-09-13 01:22:13+00:00,2026-09-13 01:22:15.501995+00:00,9.3,60.0,150,279.0,8.0,3536,2849.0,,647,649.0,37.4,0,sin_etiquetar,propagada,-83,
282,maceta-01,281,25,1.1.0,2026-09-13 01:22:43+00:00,2026-09-13 01:22:45.081353+00:00,9.3,60.0,165,276.0,8.0,3536,2859.0,,631,652.0,37.2,0,sin_etiquetar,propagada,-75,
283,maceta-01,282,25,1.1.0,2026-09-13 01:23:13+00:00,2026-09-13 01:23:15.069234+00:00,9.3,60.0,176,282.0,8.0,3527,2855.0,,635,652.0,37.2,0,sin_etiquetar,propagada,-74,
284,maceta-01,283,25,1.1.0,2026-09-13 01:23:43+00:00,2026-09-13 01:23:45.251463+00:00,9.3,60.0,163,282.0,8.0,3517,2860.0,,646,651.0,37.3,0,sin_etiquetar,propagada,-77,
285,maceta-01,284,25,1.1.0,2026-09-13 01:24:13+00:00,2026-09-13 01:24:15.040011+00:00,9.3,60.0,163,269.0,8.0,3543,2853.0,,640,655.0,37.1,0,sin_etiquetar,propagada,-73,
286,maceta-01,285,25,1.1.0,2026-09-13 01:24:43+00:00,2026-09-13 01:24:45.016223+00:00,9.3,61.0,160,269.0,8.0,3520,2852.0,,635,655.0,37.1,0,sin_etiquetar,propagada,-73,
287,maceta-01,286,25,1.1.0,2026-09-13 01:25:13+00:00,2026-09-13 01:25:15.308019+00:00,9.3,61.0,175,275.0,8.0,3535,2860.0,,643,651.0,37.3,0,sin_etiquetar,propagada,-77,
288,maceta-01,287,25,1.1.0,2026-09-13 01:25:43+00:00,2026-09-13 01:25:45.100277+00:00,9.3,61.0,160,282.0,8.0,3545,2860.0,,641,653.0,37.2,0,sin_etiquetar,propagada,-74,
289,maceta-01,288,25,1.1.0,2026-09-13 01:26:13+00:00,2026-09-13 01:26:15.098969+00:00,9.3,61.0,173,282.0,8.0,3547,2860.0,,644,646.0,37.5,0,sin_etiquetar,propagada,-76,
290,maceta-01,289,25,1.1.0,2026-09-13 01:26:43+00:00,2026-09-13 01:26:45.365133+00:00,9.3,61.0,176,276.0,8.0,3539,2862.0,,629,655.0,37.1,0,sin_etiquetar,propagada,-77,
291,maceta-01,290,25,1.1.0,2026-09-13 01:27:13+00:00,2026-09-13 01:27:15.169702+00:00,9.3,61.0,175,283.0,8.0,3557,2858.0,,639,643.0,37.7,0,sin_etiquetar,propagada,-77,
292,maceta-01,291,25,1.1.0,2026-09-13 01:27:43+00:00,2026-09-13 01:27:45.021718+00:00,9.3,61.0,156,271.0,8.0,3536,2860.0,,634,651.0,37.3,0,sin_etiquetar,propagada,-77,
293,maceta-01,292,25,1.1.0,2026-09-13 01:28:13+00:00,2026-09-13 01:28:15.319278+00:00,9.3,61.0,162,277.0,8.0,3524,2861.0,,643,652.0,37.2,0,sin_etiquetar,propagada,-77,
294,maceta-01,293,25,1.1.0,2026-09-13 01:28:43+00:00,2026-09-13 01:28:45.096247+00:00,9.3,61.0,156,277.0,8.0,3561,2873.0,,630,644.0,37.6,0,sin_etiquetar,propagada,-80,
295,maceta-01,294,25,1.1.0,2026-09-13 01:29:13+00:00,2026-09-13 01:29:15.075545+00:00,9.3,62.0,163,276.0,8.0,3567,2868.0,,633,652.0,37.2,0,sin_etiquetar,propagada,-78,
296,maceta-01,295,25,1.1.0,2026-09-13 01:29:43+00:00,2026-09-13 01:29:45.265237+00:00,9.3,62.0,166,280.0,8.0,3546,2870.0,,637,650.0,37.3,0,sin_etiquetar,propagada,-77,
297,maceta-01,296,25,1.1.0,2026-09-13 01:30:13+00:00,2026-09-13 01:30:15.046755+00:00,9.3,62.0,181,282.0,8.0,3543,2859.0,,645,652.0,37.2,0,sin_etiquetar,propagada,-77,
298,maceta-01,297,25,1.1.0,2026-09-13 01:30:43+00:00,2026-09-13 01:30:45.029172+00:00,9.3,62.0,149,282.0,8.0,3538,2860.0,,630,646.0,37.5,0,sin_etiquetar,propagada,-77,
299,maceta-01,298,25,1.1.0,2026-09-13 01:31:13+00:00,2026-09-13 01:31:15.461895+00:00,9.3,62.0,158,276.0,8.0,3522,2862.0,,641,651.0,37.3,0,sin_etiquetar,propagada,-78,
300,maceta-01,299,25,1.1.0,2026-09-13 01:31:43+00:00,2026-09-13 01:31:45.101738+00:00,9.3,62.0,167,276.0,8.0,3545,2857.0,,635,652.0,37.2,0,sin_etiquetar,propagada,-77,
301,maceta-01,300,25,1.1.0,2026-09-13 01:32:13+00:00,2026-09-13 01:32:15.078765+00:00,9.3,62.0,183,277.0,8.0,3546,2862.0,,643,649.0,37.4,0,sin_etiquetar,propagada,-79,
302,maceta-01,301,25,1.1.0,2026-09-13 01:32:43+00:00,2026-09-13 01:32:48.547603+00:00,9.3,62.0,153,274.0,8.0,3552,2858.0,,648,647.0,37.5,0,sin_etiquetar,propagada,-79,
303,maceta-01,302,25,1.1.0,2026-09-13 01:33:15+00:00,2026-09-13 01:33:17.098275+00:00,9.3,62.0,163,277.0,8.0,3522,2860.0,,630,651.0,37.3,0,sin_etiquetar,propagada,-79,
304,maceta-01,303,25,1.1.0,2026-09-13 01:33:43+00:00,2026-09-13 01:33:45.031121+00:00,9.0,62.0,163,277.0,8.0,3551,2864.0,,640,649.0,37.4,0,sin_etiquetar,propagada,-76,
305,maceta-01,304,25,1.1.0,2026-09-13 01:34:13+00:00,2026-09-13 01:34:15.327513+00:00,8.9,62.0,171,282.0,8.0,3538,2865.0,,634,649.0,37.4,0,sin_etiquetar,propagada,-79,
306,maceta-01,305,25,1.1.0,2026-09-13 01:34:43+00:00,2026-09-13 01:34:44.999867+00:00,9.0,62.0,175,277.0,8.0,3542,2862.0,,633,653.0,37.2,0,sin_etiquetar,propagada,-85,
307,maceta-01,306,25,1.1.0,2026-09-13 01:35:13+00:00,2026-09-13 01:35:15.187438+00:00,9.3,62.0,165,276.0,8.0,3536,2853.0,,643,642.0,37.7,0,sin_etiquetar,propagada,-80,
308,maceta-01,307,25,1.1.0,2026-09-13 01:35:43+00:00,2026-09-13 01:35:45.287667+00:00,8.9,62.0,170,279.0,8.0,3537,2863.0,,626,645.0,37.6,0,sin_etiquetar,propagada,-76,
309,maceta-01,308,25,1.1.0,2026-09-13 01:36:13+00:00,2026-09-13 01:36:15.056790+00:00,9.0,62.0,180,275.0,8.0,3539,2860.0,,647,650.0,37.3,0,sin_etiquetar,propagada,-77,
310,maceta-01,309,25,1.1.0,2026-09-13 01:36:43+00:00,2026-09-13 01:36:45.036219+00:00,9.3,62.0,161,277.0,8.0,3533,2858.0,,639,651.0,37.3,0,sin_etiquetar,propagada,-79,
311,maceta-01,310,25,1.1.0,2026-09-13 01:37:13+00:00,2026-09-13 01:37:15.241853+00:00,9.3,62.0,188,284.0,8.0,3574,2866.0,,641,650.0,37.3,0,sin_etiquetar,propagada,-79,
312,maceta-01,311,25,1.1.0,2026-09-13 01:37:43+00:00,2026-09-13 01:37:44.975395+00:00,9.3,62.0,178,277.0,8.0,3558,2860.0,,647,651.0,37.3,0,sin_etiquetar,propagada,-82,
313,maceta-01,312,25,1.1.0,2026-09-13 01:38:13+00:00,2026-09-13 01:38:14.992091+00:00,9.3,62.0,159,281.0,8.0,3543,2865.0,,644,651.0,37.3,0,sin_etiquetar,propagada,-78,
314,maceta-01,313,25,1.1.0,2026-09-13 01:38:43+00:00,2026-09-13 01:38:45.280107+00:00,9.3,62.0,172,274.0,8.0,3534,2861.0,,635,648.0,37.4,0,sin_etiquetar,propagada,-78,
315,maceta-01,314,25,1.1.0,2026-09-13 01:39:13+00:00,2026-09-13 01:39:15.063643+00:00,9.3,62.0,201,282.0,8.0,3536,2862.0,,634,657.0,37.0,0,sin_etiquetar,propagada,-78,
316,maceta-01,315,25,1.1.0,2026-09-13 01:39:43+00:00,2026-09-13 01:39:45.042958+00:00,9.3,62.0,179,278.0,8.0,3554,2869.0,,637,649.0,37.4,0,sin_etiquetar,propagada,-77,
317,maceta-01,316,25,1.1.0,2026-09-13 01:40:13+00:00,2026-09-13 01:40:15.236831+00:00,9.3,62.0,176,272.0,8.0,3545,2858.0,,638,646.0,37.5,0,sin_etiquetar,propagada,-77,
318,maceta-01,317,25,1.1.0,2026-09-13 01:40:43+00:00,2026-09-13 01:40:45.009904+00:00,9.3,62.0,179,282.0,8.0,3540,2862.0,,630,644.0,37.6,0,sin_etiquetar,propagada,-77,
319,maceta-01,318,25,1.1.0,2026-09-13 01:41:13+00:00,2026-09-13 01:41:14.995112+00:00,9.3,62.0,164,278.0,8.0,3541,2860.0,,631,649.0,37.4,0,sin_etiquetar,propagada,-77,
320,maceta-01,319,25,1.1.0,2026-09-13 01:41:43+00:00,2026-09-13 01:41:45.283719+00:00,9.3,62.0,178,275.0,8.0,3514,2857.0,,629,651.0,37.3,0,sin_etiquetar,propagada,-77,
321,maceta-01,320,25,1.1.0,2026-09-13 01:42:13+00:00,2026-09-13 01:42:15.064444+00:00,9.3,62.0,180,281.0,8.0,3527,2857.0,,649,642.0,37.7,0,sin_etiquetar,propagada,-77,
322,maceta-01,321,25,1.1.0,2026-09-13 01:42:43+00:00,2026-09-13 01:42:45.060605+00:00,8.9,62.0,158,272.0,8.0,3536,2860.0,,628,645.0,37.6,0,sin_etiquetar,propagada,-81,
323,maceta-01,322,25,1.1.0,2026-09-13 01:43:13+00:00,2026-09-13 01:43:15.239916+00:00,8.9,62.0,153,278.0,8.0,3535,2862.0,,642,647.0,37.5,0,sin_etiquetar,propagada,-75,
324,maceta-01,323,25,1.1.0,2026-09-13 01:43:43+00:00,2026-09-13 01:43:45.020996+00:00,8.9,62.0,161,273.0,8.0,3545,2866.0,,636,640.0,37.8,0,sin_etiquetar,propagada,-76,
325,maceta-01,324,25,1.1.0,2026-09-13 01:44:13+00:00,2026-09-13 01:44:15.016025+00:00,8.9,62.0,179,282.0,8.0,3554,2867.0,,626,649.0,37.4,0,sin_etiquetar,propagada,-76,
326,maceta-01,325,25,1.1.0,2026-09-13 01:44:43+00:00,2026-09-13 01:44:45.296846+00:00,8.9,62.0,178,278.0,8.0,3551,2869.0,,629,653.0,37.2,0,sin_etiquetar,propagada,-76,
327,maceta-01,326,25,1.1.0,2026-09-13 01:45:13+00:00,2026-09-13 01:45:14.969599+00:00,8.9,62.0,158,278.0,8.0,3519,2862.0,,631,646.0,37.5,0,sin_etiquetar,propagada,-73,
328,maceta-01,327,25,1.1.0,2026-09-13 01:45:43+00:00,2026-09-13 01:45:45.051929+00:00,9.1,62.0,176,277.0,8.0,3527,2857.0,,648,651.0,37.3,0,sin_etiquetar,propagada,-73,
329,maceta-01,328,25,1.1.0,2026-09-13 01:46:13+00:00,2026-09-13 01:46:15.142167+00:00,9.2,62.0,178,271.0,8.0,3555,2869.0,,626,642.0,37.7,0,sin_etiquetar,propagada,-72,
330,maceta-01,329,25,1.1.0,2026-09-13 01:46:43+00:00,2026-09-13 01:46:45.025432+00:00,8.9,62.0,160,282.0,8.0,3551,2864.0,,627,649.0,37.4,0,sin_etiquetar,propagada,-74,
331,maceta-01,330,25,1.1.0,2026-09-13 01:47:13+00:00,2026-09-13 01:47:15.009984+00:00,8.9,62.0,171,277.0,8.0,3553,2860.0,,640,650.0,37.3,0,sin_etiquetar,propagada,-77,
332,maceta-01,331,25,1.1.0,2026-09-13 01:47:43+00:00,2026-09-13 01:47:45.197231+00:00,8.9,62.0,182,282.0,8.0,3556,2860.0,,650,645.0,37.6,0,sin_etiquetar,propagada,-84,
333,maceta-01,332,25,1.1.0,2026-09-13 01:48:13+00:00,2026-09-13 01:48:14.974729+00:00,9.3,62.0,163,282.0,8.0,3536,2862.0,,629,647.0,37.5,0,sin_etiquetar,propagada,-75,
334,maceta-01,333,25,1.1.0,2026-09-13 01:48:43+00:00,2026-09-13 01:48:45.061004+00:00,9.3,62.0,150,280.0,8.0,3540,2866.0,,628,650.0,37.3,0,sin_etiquetar,propagada,-77,
335,maceta-01,334,25,1.1.0,2026-09-13 01:49:13+00:00,2026-09-13 01:49:15.246027+00:00,9.3,62.0,158,275.0,8.0,3554,2866.0,,640,650.0,37.3,0,sin_etiquetar,propagada,-76,
336,maceta-01,335,25,1.1.0,2026-09-13 01:49:43+00:00,2026-09-13 01:49:45.028894+00:00,8.9,61.0,150,274.0,8.0,3555,2868.0,,636,645.0,37.6,0,sin_etiquetar,propagada,-73,
337,maceta-01,336,25,1.1.0,2026-09-13 01:50:13+00:00,2026-09-13 01:50:15.014779+00:00,8.9,61.0,177,272.0,8.0,3553,2877.0,,627,651.0,37.3,0,sin_etiquetar,propagada,-74,
338,maceta-01,337,25,1.1.0,2026-09-13 01:50:43+00:00,2026-09-13 01:50:45.200450+00:00,8.9,61.0,175,282.0,8.0,3534,2869.0,,627,649.0,37.4,0,sin_etiquetar,propagada,-81,
339,maceta-01,338,25,1.1.0,2026-09-13 01:51:13+00:00,2026-09-13 01:51:14.979669+00:00,8.9,61.0,176,274.0,8.0,3545,2865.0,,635,651.0,37.3,0,sin_etiquetar,propagada,-82,
340,maceta-01,339,25,1.1.0,2026-09-13 01:51:43+00:00,2026-09-13 01:51:44.962942+00:00,8.9,61.0,176,277.0,8.0,3546,2864.0,,635,650.0,37.3,0,sin_etiquetar,propagada,-73,
341,maceta-01,340,25,1.1.0,2026-09-13 01:52:13+00:00,2026-09-13 01:52:16.789782+00:00,8.9,61.0,181,276.0,8.0,3542,2868.0,,631,643.0,37.7,0,sin_etiquetar,propagada,-72,
342,maceta-01,341,25,1.1.0,2026-09-13 01:52:45+00:00,2026-09-13 01:52:47.285393+00:00,8.9,61.0,167,282.0,8.0,3546,2867.0,,638,651.0,37.3,0,sin_etiquetar,propagada,-79,
343,maceta-01,342,25,1.1.0,2026-09-13 01:53:13+00:00,2026-09-13 01:53:15.433992+00:00,9.0,61.0,151,282.0,8.0,3553,2874.0,,639,653.0,37.2,0,sin_etiquetar,propagada,-73,
344,maceta-01,343,25,1.1.0,2026-09-13 01:53:43+00:00,2026-09-13 01:53:46.336467+00:00,9.3,61.0,176,280.0,8.0,3563,2864.0,,641,651.0,37.3,0,sin_etiquetar,propagada,-73,
345,maceta-01,344,25,1.1.0,2026-09-13 01:54:13+00:00,2026-09-13 01:54:15.393515+00:00,9.3,61.0,166,280.0,8.0,3543,2875.0,,643,647.0,37.5,0,sin_etiquetar,propagada,-75,
346,maceta-01,345,25,1.1.0,2026-09-13 01:54:43+00:00,2026-09-13 01:54:45.173460+00:00,9.3,61.0,175,280.0,8.0,3561,2862.0,,646,652.0,37.2,0,sin_etiquetar,propagada,-75,
347,maceta-01,346,25,1.1.0,2026-09-13 01:55:13+00:00,2026-09-13 01:55:15.159320+00:00,9.3,61.0,185,269.0,8.0,3553,2869.0,,633,646.0,37.5,0,sin_etiquetar,propagada,-74,
348,maceta-01,347,25,1.1.0,2026-09-13 01:55:43+00:00,2026-09-13 01:55:45.457648+00:00,9.3,61.0,183,273.0,8.0,3563,2876.0,,645,645.0,37.6,0,sin_etiquetar,propagada,-73,
349,maceta-01,348,25,1.1.0,2026-09-13 01:56:13+00:00,2026-09-13 01:56:15.230351+00:00,9.3,61.0,157,278.0,8.0,3550,2870.0,,642,648.0,37.4,0,sin_etiquetar,propagada,-76,
350,maceta-01,349,25,1.1.0,2026-09-13 01:56:43+00:00,2026-09-13 01:56:45.219465+00:00,9.3,61.0,181,282.0,8.0,3567,2866.0,,635,652.0,37.2,0,sin_etiquetar,propagada,-73,
351,maceta-01,350,25,1.1.0,2026-09-13 01:57:13+00:00,2026-09-13 01:57:15.404189+00:00,9.3,61.0,159,273.0,8.0,3543,2867.0,,641,650.0,37.3,0,sin_etiquetar,propagada,-73,
352,maceta-01,351,25,1.1.0,2026-09-13 01:57:43+00:00,2026-09-13 01:57:45.295939+00:00,9.3,61.0,179,278.0,8.0,3614,2869.0,,638,654.0,37.1,0,sin_etiquetar,propagada,-74,
353,maceta-01,352,25,1.1.0,2026-09-13 01:58:13+00:00,2026-09-13 01:58:15.167262+00:00,9.3,61.0,176,273.0,8.0,3551,2875.0,,645,651.0,37.3,0,sin_etiquetar,propagada,-72,
354,maceta-01,353,25,1.1.0,2026-09-13 01:58:43+00:00,2026-09-13 01:58:45.458093+00:00,9.3,61.0,163,278.0,8.0,3551,2872.0,,635,653.0,37.2,0,sin_etiquetar,propagada,-74,
355,maceta-01,354,25,1.1.0,2026-09-13 01:59:13+00:00,2026-09-13 01:59:15.438696+00:00,9.3,61.0,173,276.0,8.0,3565,2874.0,,629,646.0,37.5,0,sin_etiquetar,propagada,-78,
356,maceta-01,355,25,1.1.0,2026-09-13 01:59:43+00:00,2026-09-13 01:59:45.222258+00:00,9.3,61.0,169,277.0,8.0,3568,2877.0,,645,652.0,37.2,0,sin_etiquetar,propagada,-77,
357,maceta-01,356,25,1.1.0,2026-09-13 02:00:13+00:00,2026-09-13 02:00:15.413632+00:00,9.3,61.0,155,282.0,8.0,3555,2877.0,,637,651.0,37.3,0,sin_etiquetar,propagada,-72,
358,maceta-01,357,25,1.1.0,2026-09-13 02:00:43+00:00,2026-09-13 02:00:45.184719+00:00,9.3,61.0,162,281.0,8.0,3562,2878.0,,635,646.0,37.5,0,sin_etiquetar,propagada,-76,
359,maceta-01,358,25,1.1.0,2026-09-13 02:01:13+00:00,2026-09-13 02:01:15.179503+00:00,9.3,61.0,162,282.0,8.0,3567,2881.0,,633,642.0,37.7,0,sin_etiquetar,propagada,-71,
360,maceta-01,359,25,1.1.0,2026-09-13 02:01:43+00:00,2026-09-13 02:01:45.459444+00:00,9.0,61.0,139,257.0,7.0,3549,2877.0,,643,648.0,37.4,0,sin_etiquetar,propagada,-76,
361,maceta-01,360,25,1.1.0,2026-09-13 02:02:13+00:00,2026-09-13 02:02:15.249080+00:00,8.9,61.0,136,257.0,7.0,3571,2878.0,,640,643.0,37.7,0,sin_etiquetar,propagada,-78,
362,maceta-01,361,25,1.1.0,2026-09-13 02:02:43+00:00,2026-09-13 02:02:45.534895+00:00,8.9,62.0,177,277.0,8.0,3581,2878.0,,626,648.0,37.4,0,sin_etiquetar,propagada,-75,
363,maceta-01,362,25,1.1.0,2026-09-13 02:03:13+00:00,2026-09-13 02:03:15.209213+00:00,8.9,62.0,144,264.0,8.0,3573,2878.0,,631,645.0,37.6,0,sin_etiquetar,propagada,-72,
364,maceta-01,363,25,1.1.0,2026-09-13 02:03:43+00:00,2026-09-13 02:03:45.193550+00:00,8.9,62.0,140,264.0,8.0,3558,2875.0,,641,651.0,37.3,0,sin_etiquetar,propagada,-73,
365,maceta-01,364,25,1.1.0,2026-09-13 02:04:13+00:00,2026-09-13 02:04:15.379881+00:00,8.9,62.0,181,282.0,8.0,3568,2878.0,,640,642.0,37.7,0,sin_etiquetar,propagada,-74,
366,maceta-01,365,25,1.1.0,2026-09-13 02:04:43+00:00,2026-09-13 02:04:45.156519+00:00,8.9,62.0,155,280.0,8.0,3569,2880.0,,640,649.0,37.4,0,sin_etiquetar,propagada,-76,
367,maceta-01,366,25,1.1.0,2026-09-13 02:05:13+00:00,2026-09-13 02:05:15.276600+00:00,8.9,62.0,149,267.0,8.0,3563,2876.0,,634,647.0,37.5,0,sin_etiquetar,propagada,-74,
368,maceta-01,367,25,1.1.0,2026-09-13 02:05:43+00:00,2026-09-13 02:05:45.441836+00:00,8.9,62.0,166,277.0,8.0,3549,2869.0,,630,639.0,37.8,0,sin_etiquetar,propagada,-72,
369,maceta-01,368,25,1.1.0,2026-09-13 02:06:13+00:00,2026-09-13 02:06:15.220063+00:00,8.9,62.0,176,274.0,8.0,3570,2873.0,,639,642.0,37.7,0,sin_etiquetar,propagada,-78,
370,maceta-01,369,25,1.1.0,2026-09-13 02:06:43+00:00,2026-09-13 02:06:45.202303+00:00,8.9,62.0,176,282.0,8.0,3581,2885.0,,625,647.0,37.5,0,sin_etiquetar,propagada,-74,
371,maceta-01,370,25,1.1.0,2026-09-13 02:07:13+00:00,2026-09-13 02:07:15.389954+00:00,8.9,62.0,173,272.0,8.0,3581,2879.0,,639,651.0,37.3,0,sin_etiquetar,propagada,-75,
372,maceta-01,371,25,1.1.0,2026-09-13 02:07:43+00:00,2026-09-13 02:07:45.164354+00:00,8.9,62.0,167,282.0,8.0,3571,2878.0,,643,652.0,37.2,0,sin_etiquetar,propagada,-72,
373,maceta-01,372,25,1.1.0,2026-09-13 02:08:13+00:00,2026-09-13 02:08:15.165245+00:00,8.9,62.0,179,271.0,8.0,3575,2885.0,,628,649.0,37.4,0,sin_etiquetar,propagada,-75,
374,maceta-01,373,25,1.1.0,2026-09-13 02:08:43+00:00,2026-09-13 02:08:45.443201+00:00,8.9,62.0,182,271.0,8.0,3577,2877.0,,640,649.0,37.4,0,sin_etiquetar,propagada,-79,
375,maceta-01,374,25,1.1.0,2026-09-13 02:09:13+00:00,2026-09-13 02:09:15.519475+00:00,8.9,62.0,157,276.0,8.0,3594,2884.0,,637,645.0,37.6,0,sin_etiquetar,propagada,-73,
376,maceta-01,375,25,1.1.0,2026-09-13 02:09:43+00:00,2026-09-13 02:09:45.521818+00:00,8.9,61.0,153,277.0,8.0,3595,2882.0,,624,649.0,37.4,0,sin_etiquetar,propagada,-78,
377,maceta-01,376,25,1.1.0,2026-09-13 02:10:13+00:00,2026-09-13 02:10:15.877227+00:00,8.9,61.0,151,281.0,8.0,3568,2883.0,,638,649.0,37.4,0,sin_etiquetar,propagada,-75,
378,maceta-01,377,25,1.1.0,2026-09-13 02:10:43+00:00,2026-09-13 02:10:45.179718+00:00,8.9,61.0,159,282.0,8.0,3571,2877.0,,629,642.0,37.7,0,sin_etiquetar,propagada,-72,
379,maceta-01,378,25,1.1.0,2026-09-13 02:11:13+00:00,2026-09-13 02:11:15.116666+00:00,8.9,61.0,163,277.0,8.0,3563,2882.0,,640,650.0,37.3,0,sin_etiquetar,propagada,-72,
380,maceta-01,379,25,1.1.0,2026-09-13 02:11:43+00:00,2026-09-13 02:11:45.448265+00:00,8.9,61.0,177,272.0,8.0,3568,2880.0,,640,651.0,37.3,0,sin_etiquetar,propagada,-77,
381,maceta-01,380,25,1.1.0,2026-09-13 02:12:13+00:00,2026-09-13 02:12:15.228537+00:00,8.9,61.0,176,282.0,8.0,3564,2877.0,,630,649.0,37.4,0,sin_etiquetar,propagada,-78,
382,maceta-01,381,25,1.1.0,2026-09-13 02:12:43+00:00,2026-09-13 02:12:45.212322+00:00,8.9,61.0,171,266.0,8.0,3553,2865.0,,630,653.0,37.2,0,sin_etiquetar,propagada,-78,
383,maceta-01,382,25,1.1.0,2026-09-13 02:13:13+00:00,2026-09-13 02:13:15.502597+00:00,9.0,61.0,174,275.0,8.0,3551,2864.0,,637,653.0,37.2,0,sin_etiquetar,propagada,-78,
384,maceta-01,383,25,1.1.0,2026-09-13 02:13:43+00:00,2026-09-13 02:13:45.173841+00:00,9.3,61.0,177,270.0,8.0,3563,2872.0,,640,649.0,37.4,0,sin_etiquetar,propagada,-76,
385,maceta-01,384,25,1.1.0,2026-09-13 02:14:13+00:00,2026-09-13 02:14:15.367462+00:00,8.9,61.0,149,274.0,8.0,3563,2871.0,,642,651.0,37.3,0,sin_etiquetar,propagada,-77,
386,maceta-01,385,25,1.1.0,2026-09-13 02:14:43+00:00,2026-09-13 02:14:45.147298+00:00,8.9,61.0,161,272.0,8.0,3567,2863.0,,631,651.0,37.3,0,sin_etiquetar,propagada,-76,
387,maceta-01,386,25,1.1.0,2026-09-13 02:15:13+00:00,2026-09-13 02:15:15.131807+00:00,8.9,61.0,165,282.0,8.0,3549,2868.0,,640,649.0,37.4,0,sin_etiquetar,propagada,-76,
388,maceta-01,387,25,1.1.0,2026-09-13 02:15:43+00:00,2026-09-13 02:15:45.416033+00:00,8.9,61.0,157,284.0,8.0,3565,2873.0,,640,649.0,37.4,0,sin_etiquetar,propagada,-79,
389,maceta-01,388,25,1.1.0,2026-09-13 02:16:13+00:00,2026-09-13 02:16:15.198577+00:00,8.9,61.0,149,275.0,8.0,3560,2877.0,,640,642.0,37.7,0,sin_etiquetar,propagada,-75,
390,maceta-01,389,25,1.1.0,2026-09-13 02:16:43+00:00,2026-09-13 02:16:45.179064+00:00,8.9,61.0,153,283.0,8.0,3575,2872.0,,631,645.0,37.6,0,sin_etiquetar,propagada,-75,
391,maceta-01,390,25,1.1.0,2026-09-13 02:17:13+00:00,2026-09-13 02:17:16.802017+00:00,9.3,61.0,147,282.0,8.0,3523,2879.0,,643,650.0,37.3,0,sin_etiquetar,propagada,-73,
392,maceta-01,391,25,1.1.0,2026-09-13 02:17:45+00:00,2026-09-13 02:17:47.295180+00:00,9.2,61.0,166,271.0,8.0,3549,2875.0,,644,651.0,37.3,0,sin_etiquetar,propagada,-78,
393,maceta-01,392,25,1.1.0,2026-09-13 02:18:13+00:00,2026-09-13 02:18:15.442115+00:00,9.3,61.0,173,272.0,8.0,3559,2870.0,,628,647.0,37.5,0,sin_etiquetar,propagada,-75,
394,maceta-01,393,25,1.1.0,2026-09-13 02:18:43+00:00,2026-09-13 02:18:45.216413+00:00,9.3,61.0,176,267.0,8.0,3535,2874.0,,639,652.0,37.2,0,sin_etiquetar,propagada,-74,
395,maceta-01,394,25,1.1.0,2026-09-13 02:19:13+00:00,2026-09-13 02:19:15.205661+00:00,8.9,61.0,148,266.0,8.0,3574,2883.0,,641,649.0,37.4,0,sin_etiquetar,propagada,-75,
396,maceta-01,395,25,1.1.0,2026-09-13 02:19:43+00:00,2026-09-13 02:19:48.980049+00:00,8.9,61.0,146,268.0,8.0,3559,2879.0,,626,647.0,37.5,0,sin_etiquetar,propagada,-77,
397,maceta-01,396,25,1.1.0,2026-09-13 02:20:15+00:00,2026-09-13 02:20:17.422213+00:00,9.0,61.0,171,271.0,8.0,3579,2883.0,,641,652.0,37.2,0,sin_etiquetar,propagada,-76,
398,maceta-01,397,25,1.1.0,2026-09-13 02:20:43+00:00,2026-09-13 02:20:45.664491+00:00,9.2,61.0,157,264.0,8.0,3569,2877.0,,627,648.0,37.4,0,sin_etiquetar,propagada,-76,
399,maceta-01,398,25,1.1.0,2026-09-13 02:21:13+00:00,2026-09-13 02:21:15.448207+00:00,8.9,61.0,176,262.0,7.0,3541,2877.0,,630,647.0,37.5,0,sin_etiquetar,propagada,-74,
400,maceta-01,399,25,1.1.0,2026-09-13 02:21:43+00:00,2026-09-13 02:21:45.428808+00:00,8.9,61.0,173,277.0,8.0,3570,2876.0,,634,649.0,37.4,0,sin_etiquetar,propagada,-77,
401,maceta-01,400,25,1.1.0,2026-09-13 02:22:13+00:00,2026-09-13 02:22:15.627442+00:00,9.3,61.0,170,272.0,8.0,3583,2878.0,,630,653.0,37.2,0,sin_etiquetar,propagada,-77,
402,maceta-01,401,25,1.1.0,2026-09-13 02:22:43+00:00,2026-09-13 02:22:45.406546+00:00,9.3,61.0,159,261.0,7.0,3559,2881.0,,639,649.0,37.4,0,sin_etiquetar,propagada,-75,
403,maceta-01,402,25,1.1.0,2026-09-13 02:23:13+00:00,2026-09-13 02:23:15.390923+00:00,9.3,61.0,171,274.0,8.0,3570,2877.0,,628,651.0,37.3,0,sin_etiquetar,propagada,-76,
404,maceta-01,403,25,1.1.0,2026-09-13 02:23:43+00:00,2026-09-13 02:23:45.578214+00:00,9.3,61.0,170,269.0,8.0,3551,2880.0,,638,655.0,37.1,0,sin_etiquetar,propagada,-73,
405,maceta-01,404,25,1.1.0,2026-09-13 02:24:13+00:00,2026-09-13 02:24:15.372252+00:00,9.3,61.0,158,269.0,8.0,3578,2885.0,,643,651.0,37.3,0,sin_etiquetar,propagada,-76,
406,maceta-01,405,25,1.1.0,2026-09-13 02:24:43+00:00,2026-09-13 02:24:45.348894+00:00,9.3,61.0,150,274.0,8.0,3600,2880.0,,629,648.0,37.4,0,sin_etiquetar,propagada,-73,
407,maceta-01,406,25,1.1.0,2026-09-13 02:25:13+00:00,2026-09-13 02:25:15.771782+00:00,9.3,61.0,164,274.0,8.0,3570,2878.0,,626,643.0,37.7,0,sin_etiquetar,propagada,-75,
408,maceta-01,407,25,1.1.0,2026-09-13 02:25:43+00:00,2026-09-13 02:25:45.422618+00:00,9.3,61.0,151,264.0,8.0,3582,2885.0,,639,651.0,37.3,0,sin_etiquetar,propagada,-75,
409,maceta-01,408,25,1.1.0,2026-09-13 02:26:13+00:00,2026-09-13 02:26:15.498905+00:00,8.9,61.0,159,277.0,8.0,3565,2877.0,,643,647.0,37.5,0,sin_etiquetar,propagada,-72,
410,maceta-01,409,25,1.1.0,2026-09-13 02:26:43+00:00,2026-09-13 02:26:45.610633+00:00,8.9,61.0,166,276.0,8.0,3565,2881.0,,646,649.0,37.4,0,sin_etiquetar,propagada,-73,
411,maceta-01,410,25,1.1.0,2026-09-13 02:27:13+00:00,2026-09-13 02:27:16.909180+00:00,8.9,61.0,166,272.0,8.0,3569,2878.0,,648,645.0,37.6,0,sin_etiquetar,propagada,-74,
412,maceta-01,411,25,1.1.0,2026-09-13 02:27:45+00:00,2026-09-13 02:27:47.712624+00:00,8.9,61.0,145,271.0,8.0,3568,2871.0,,640,643.0,37.7,0,sin_etiquetar,propagada,-73,
413,maceta-01,412,25,1.1.0,2026-09-13 02:28:13+00:00,2026-09-13 02:28:15.461236+00:00,8.9,61.0,152,272.0,8.0,3558,2873.0,,637,646.0,37.5,0,sin_etiquetar,propagada,-75,
414,maceta-01,413,25,1.1.0,2026-09-13 02:28:43+00:00,2026-09-13 02:28:45.416301+00:00,9.3,61.0,169,260.0,7.0,3561,2877.0,,640,647.0,37.5,0,sin_etiquetar,propagada,-75,
415,maceta-01,414,25,1.1.0,2026-09-13 02:29:13+00:00,2026-09-13 02:29:15.603945+00:00,9.3,61.0,146,270.0,8.0,3568,2885.0,,643,646.0,37.5,0,sin_etiquetar,propagada,-76,
416,maceta-01,415,25,1.1.0,2026-09-13 02:29:43+00:00,2026-09-13 02:29:45.387813+00:00,8.9,61.0,151,271.0,8.0,3564,2872.0,,636,644.0,37.6,0,sin_etiquetar,propagada,-74,
417,maceta-01,416,25,1.1.0,2026-09-13 02:30:13+00:00,2026-09-13 02:30:15.375144+00:00,8.9,61.0,160,272.0,8.0,3547,2878.0,,635,646.0,37.5,0,sin_etiquetar,propagada,-72,
418,maceta-01,417,25,1.1.0,2026-09-13 02:30:43+00:00,2026-09-13 02:30:45.585015+00:00,8.9,61.0,149,271.0,8.0,3578,2881.0,,625,649.0,37.4,0,sin_etiquetar,propagada,-74,
419,maceta-01,418,25,1.1.0,2026-09-13 02:31:13+00:00,2026-09-13 02:31:15.343203+00:00,8.9,61.0,155,261.0,7.0,3568,2882.0,,640,651.0,37.3,0,sin_etiquetar,propagada,-73,
420,maceta-01,419,25,1.1.0,2026-09-13 02:31:43+00:00,2026-09-13 02:31:45.425063+00:00,8.9,61.0,156,268.0,8.0,3622,2880.0,,625,644.0,37.6,0,sin_etiquetar,propagada,-73,
421,maceta-01,420,25,1.1.0,2026-09-13 02:32:13+00:00,2026-09-13 02:32:15.668391+00:00,8.9,61.0,144,267.0,8.0,3578,2878.0,,625,638.0,37.9,0,sin_etiquetar,propagada,-74,
422,maceta-01,421,25,1.1.0,2026-09-13 02:32:43+00:00,2026-09-13 02:32:45.396194+00:00,8.9,61.0,167,267.0,8.0,3573,2878.0,,640,645.0,37.6,0,sin_etiquetar,propagada,-80,
423,maceta-01,422,25,1.1.0,2026-09-13 02:33:13+00:00,2026-09-13 02:33:15.379189+00:00,8.9,61.0,149,272.0,8.0,3576,2882.0,,643,642.0,37.7,0,sin_etiquetar,propagada,-79,
424,maceta-01,423,25,1.1.0,2026-09-13 02:33:43+00:00,2026-09-13 02:33:45.562939+00:00,8.9,61.0,161,268.0,8.0,3574,2877.0,,640,650.0,37.3,0,sin_etiquetar,propagada,-75,
425,maceta-01,424,25,1.1.0,2026-09-13 02:34:13+00:00,2026-09-13 02:34:15.344385+00:00,8.9,61.0,157,267.0,8.0,3569,2880.0,,637,644.0,37.6,0,sin_etiquetar,propagada,-79,
426,maceta-01,425,25,1.1.0,2026-09-13 02:34:43+00:00,2026-09-13 02:34:45.327805+00:00,8.9,61.0,159,274.0,8.0,3605,2883.0,,634,651.0,37.3,0,sin_etiquetar,propagada,-76,
427,maceta-01,426,25,1.1.0,2026-09-13 02:35:13+00:00,2026-09-13 02:35:15.625010+00:00,8.9,61.0,174,276.0,8.0,3574,2881.0,,623,646.0,37.5,0,sin_etiquetar,propagada,-77,
428,maceta-01,427,25,1.1.0,2026-09-13 02:35:43+00:00,2026-09-13 02:35:45.397519+00:00,8.9,61.0,172,270.0,8.0,3570,2881.0,,625,648.0,37.4,0,sin_etiquetar,propagada,-77,
429,maceta-01,428,25,1.1.0,2026-09-13 02:36:13+00:00,2026-09-13 02:36:15.383779+00:00,8.9,61.0,156,269.0,8.0,3578,2879.0,,625,646.0,37.5,0,sin_etiquetar,propagada,-77,
430,maceta-01,429,25,1.1.0,2026-09-13 02:36:43+00:00,2026-09-13 02:36:45.574544+00:00,8.9,61.0,174,276.0,8.0,3553,2882.0,,640,649.0,37.4,0,sin_etiquetar,propagada,-74,
431,maceta-01,430,25,1.1.0,2026-09-13 02:37:13+00:00,2026-09-13 02:37:15.348073+00:00,8.9,61.0,158,267.0,8.0,3563,2877.0,,635,646.0,37.5,0,sin_etiquetar,propagada,-76,
432,maceta-01,431,25,1.1.0,2026-09-13 02:37:43+00:00,2026-09-13 02:37:45.332077+00:00,8.9,61.0,157,272.0,8.0,3565,2876.0,,625,643.0,37.7,0,sin_etiquetar,propagada,-75,
433,maceta-01,432,25,1.1.0,2026-09-13 02:38:13+00:00,2026-09-13 02:38:15.546240+00:00,8.9,61.0,150,261.0,7.0,3583,2876.0,,643,644.0,37.6,0,sin_etiquetar,propagada,-85,
434,maceta-01,433,25,1.1.0,2026-09-13 02:38:43+00:00,2026-09-13 02:38:45.403879+00:00,8.9,61.0,147,272.0,8.0,3581,2885.0,,624,649.0,37.4,0,sin_etiquetar,propagada,-76,
435,maceta-01,434,25,1.1.0,2026-09-13 02:39:13+00:00,2026-09-13 02:39:15.385288+00:00,8.9,61.0,157,277.0,8.0,3578,2879.0,,626,646.0,37.5,0,sin_etiquetar,propagada,-77,
436,maceta-01,435,25,1.1.0,2026-09-13 02:39:43+00:00,2026-09-13 02:39:45.573196+00:00,8.9,61.0,141,272.0,8.0,3594,2881.0,,643,647.0,37.5,0,sin_etiquetar,propagada,-73,
437,maceta-01,436,25,1.1.0,2026-09-13 02:40:13+00:00,2026-09-13 02:40:15.361499+00:00,9.3,61.0,148,276.0,8.0,3574,2875.0,,643,648.0,37.4,0,sin_etiquetar,propagada,-74,
438,maceta-01,437,25,1.1.0,2026-09-13 02:40:43+00:00,2026-09-13 02:40:45.342684+00:00,9.3,61.0,160,266.0,8.0,3573,2883.0,,641,651.0,37.3,0,sin_etiquetar,propagada,-76,
439,maceta-01,438,25,1.1.0,2026-09-13 02:41:13+00:00,2026-09-13 02:41:15.532432+00:00,9.3,62.0,157,272.0,8.0,3583,2880.0,,640,644.0,37.6,0,sin_etiquetar,propagada,-80,
440,maceta-01,439,25,1.1.0,2026-09-13 02:41:43+00:00,2026-09-13 02:41:45.407067+00:00,9.3,62.0,145,276.0,8.0,3567,2878.0,,641,645.0,37.6,0,sin_etiquetar,propagada,-74,
441,maceta-01,440,25,1.1.0,2026-09-13 02:42:13+00:00,2026-09-13 02:42:15.395537+00:00,8.9,62.0,171,274.0,8.0,3566,2885.0,,635,651.0,37.3,0,sin_etiquetar,propagada,-79,
442,maceta-01,441,25,1.1.0,2026-09-13 02:42:43+00:00,2026-09-13 02:42:45.577997+00:00,8.9,62.0,147,267.0,8.0,3570,2885.0,,629,649.0,37.4,0,sin_etiquetar,propagada,-72,
443,maceta-01,442,25,1.1.0,2026-09-13 02:43:13+00:00,2026-09-13 02:43:15.366332+00:00,8.9,62.0,158,268.0,8.0,3573,2879.0,,624,645.0,37.6,0,sin_etiquetar,propagada,-73,
444,maceta-01,443,25,1.1.0,2026-09-13 02:43:43+00:00,2026-09-13 02:43:45.343920+00:00,8.9,62.0,171,270.0,8.0,3575,2878.0,,625,644.0,37.6,0,sin_etiquetar,propagada,-71,
445,maceta-01,444,25,1.1.0,2026-09-13 02:44:13+00:00,2026-09-13 02:44:15.531675+00:00,8.9,62.0,153,268.0,8.0,3583,2879.0,,640,649.0,37.4,0,sin_etiquetar,propagada,-75,
446,maceta-01,445,25,1.1.0,2026-09-13 02:44:43+00:00,2026-09-13 02:44:45.310717+00:00,8.9,62.0,161,264.0,8.0,3558,2878.0,,630,643.0,37.7,0,sin_etiquetar,propagada,-73,
447,maceta-01,446,25,1.1.0,2026-09-13 02:45:13+00:00,2026-09-13 02:45:15.303853+00:00,8.9,62.0,173,271.0,8.0,3554,2870.0,,640,645.0,37.6,0,sin_etiquetar,propagada,-74,
448,maceta-01,447,25,1.1.0,2026-09-13 02:45:43+00:00,2026-09-13 02:45:45.584858+00:00,8.9,62.0,151,264.0,8.0,3583,2878.0,,625,641.0,37.7,0,sin_etiquetar,propagada,-74,
449,maceta-01,448,25,1.1.0,2026-09-13 02:46:13+00:00,2026-09-13 02:46:15.367171+00:00,8.9,62.0,148,268.0,8.0,3583,2876.0,,627,646.0,37.5,0,sin_etiquetar,propagada,-77,
450,maceta-01,449,25,1.1.0,2026-09-13 02:46:43+00:00,2026-09-13 02:46:45.352948+00:00,8.9,62.0,167,275.0,8.0,3561,2876.0,,641,646.0,37.5,0,sin_etiquetar,propagada,-75,
451,maceta-01,450,25,1.1.0,2026-09-13 02:47:13+00:00,2026-09-13 02:47:15.537980+00:00,8.9,62.0,147,272.0,8.0,3553,2879.0,,640,645.0,37.6,0,sin_etiquetar,propagada,-71,
452,maceta-01,451,25,1.1.0,2026-09-13 02:47:43+00:00,2026-09-13 02:47:45.318668+00:00,8.9,62.0,165,271.0,8.0,3562,2882.0,,627,651.0,37.3,0,sin_etiquetar,propagada,-75,
453,maceta-01,452,25,1.1.0,2026-09-13 02:48:13+00:00,2026-09-13 02:48:15.303717+00:00,8.9,62.0,149,270.0,8.0,3543,2877.0,,642,647.0,37.5,0,sin_etiquetar,propagada,-75,
454,maceta-01,453,25,1.1.0,2026-09-13 02:48:43+00:00,2026-09-13 02:48:45.596511+00:00,8.9,62.0,171,268.0,8.0,3607,2885.0,,638,644.0,37.6,0,sin_etiquetar,propagada,-77,
455,maceta-01,454,25,1.1.0,2026-09-13 02:49:13+00:00,2026-09-13 02:49:15.370070+00:00,8.9,62.0,158,273.0,8.0,3570,2880.0,,624,642.0,37.7,0,sin_etiquetar,propagada,-77,
456,maceta-01,455,25,1.1.0,2026-09-13 02:49:43+00:00,2026-09-13 02:49:45.357860+00:00,8.9,62.0,139,265.0,8.0,3573,2877.0,,631,644.0,37.6,0,sin_etiquetar,propagada,-75,
457,maceta-01,456,25,1.1.0,2026-09-13 02:50:13+00:00,2026-09-13 02:50:15.549264+00:00,8.9,62.0,148,279.0,8.0,3563,2876.0,,636,642.0,37.7,0,sin_etiquetar,propagada,-76,
458,maceta-01,457,25,1.1.0,2026-09-13 02:50:43+00:00,2026-09-13 02:50:45.322871+00:00,8.9,62.0,162,272.0,8.0,3577,2876.0,,624,643.0,37.7,0,sin_etiquetar,propagada,-78,
459,maceta-01,458,25,1.1.0,2026-09-13 02:51:13+00:00,2026-09-13 02:51:15.307339+00:00,8.9,62.0,153,270.0,8.0,3565,2875.0,,636,641.0,37.7,0,sin_etiquetar,propagada,-76,
460,maceta-01,459,25,1.1.0,2026-09-13 02:51:43+00:00,2026-09-13 02:51:45.602060+00:00,8.9,62.0,169,269.0,8.0,3568,2872.0,,634,640.0,37.8,0,sin_etiquetar,propagada,-77,
461,maceta-01,460,25,1.1.0,2026-09-13 02:52:13+00:00,2026-09-13 02:52:15.380252+00:00,8.9,62.0,173,278.0,8.0,3568,2880.0,,625,644.0,37.6,0,sin_etiquetar,propagada,-78,
462,maceta-01,461,25,1.1.0,2026-09-13 02:52:43+00:00,2026-09-13 02:52:45.260673+00:00,8.9,62.0,171,268.0,8.0,3559,2879.0,,621,643.0,37.7,0,sin_etiquetar,propagada,-78,
463,maceta-01,462,25,1.1.0,2026-09-13 02:53:13+00:00,2026-09-13 02:53:15.553030+00:00,8.9,62.0,155,273.0,8.0,3565,2870.0,,624,644.0,37.6,0,sin_etiquetar,propagada,-79,
464,maceta-01,463,25,1.1.0,2026-09-13 02:53:43+00:00,2026-09-13 02:53:45.286925+00:00,8.9,62.0,146,265.0,8.0,3581,2878.0,,624,641.0,37.7,0,sin_etiquetar,propagada,-80,
465,maceta-01,464,25,1.1.0,2026-09-13 02:54:13+00:00,2026-09-13 02:54:15.315067+00:00,8.9,62.0,171,275.0,8.0,3567,2881.0,,639,644.0,37.6,0,sin_etiquetar,propagada,-79,
466,maceta-01,465,25,1.1.0,2026-09-13 02:54:43+00:00,2026-09-13 02:54:45.502890+00:00,8.9,62.0,164,274.0,8.0,3568,2877.0,,624,646.0,37.5,0,sin_etiquetar,propagada,-81,
467,maceta-01,466,25,1.1.0,2026-09-13 02:55:13+00:00,2026-09-13 02:55:15.286048+00:00,8.9,62.0,171,264.0,8.0,3549,2877.0,,624,645.0,37.6,0,sin_etiquetar,propagada,-80,
468,maceta-01,467,25,1.1.0,2026-09-13 02:55:43+00:00,2026-09-13 02:55:45.366227+00:00,8.9,62.0,150,268.0,8.0,3563,2872.0,,626,638.0,37.9,0,sin_etiquetar,propagada,-77,
469,maceta-01,468,25,1.1.0,2026-09-13 02:56:13+00:00,2026-09-13 02:56:15.558096+00:00,8.9,62.0,161,263.0,7.0,3555,2880.0,,626,639.0,37.8,0,sin_etiquetar,propagada,-80,
470,maceta-01,469,25,1.1.0,2026-09-13 02:56:43+00:00,2026-09-13 02:56:45.335364+00:00,8.9,62.0,172,270.0,8.0,3568,2875.0,,640,651.0,37.3,0,sin_etiquetar,propagada,-80,
471,maceta-01,470,25,1.1.0,2026-09-13 02:57:13+00:00,2026-09-13 02:57:15.322619+00:00,8.9,62.0,173,274.0,8.0,3582,2883.0,,636,645.0,37.6,0,sin_etiquetar,propagada,-82,
472,maceta-01,471,25,1.1.0,2026-09-13 02:57:43+00:00,2026-09-13 02:57:45.506916+00:00,8.9,62.0,177,264.0,8.0,3571,2876.0,,626,641.0,37.7,0,sin_etiquetar,propagada,-80,
473,maceta-01,472,25,1.1.0,2026-09-13 02:58:13+00:00,2026-09-13 02:58:15.288221+00:00,8.9,62.0,164,271.0,8.0,3539,2877.0,,634,639.0,37.8,0,sin_etiquetar,propagada,-79,
474,maceta-01,473,25,1.1.0,2026-09-13 02:58:43+00:00,2026-09-13 02:58:45.274016+00:00,8.9,62.0,172,270.0,8.0,3568,2877.0,,624,647.0,37.5,0,sin_etiquetar,propagada,-77,
475,maceta-01,474,25,1.1.0,2026-09-13 02:59:13+00:00,2026-09-13 02:59:15.563148+00:00,8.9,62.0,66,187.0,5.0,3580,2867.0,,631,640.0,37.8,0,sin_etiquetar,propagada,-74,
476,maceta-01,475,25,1.1.0,2026-09-13 02:59:43+00:00,2026-09-13 02:59:45.343176+00:00,8.9,62.0,48,193.0,5.0,3555,2870.0,,639,645.0,37.6,0,sin_etiquetar,propagada,-80,
477,maceta-01,476,25,1.1.0,2026-09-13 03:00:13+00:00,2026-09-13 03:00:15.331501+00:00,8.9,62.0,51,185.0,5.0,3568,2877.0,,624,641.0,37.7,0,sin_etiquetar,propagada,-79,
478,maceta-01,477,25,1.1.0,2026-09-13 03:00:43+00:00,2026-09-13 03:00:45.514425+00:00,8.9,62.0,64,180.0,5.0,3582,2877.0,,625,650.0,37.3,0,sin_etiquetar,propagada,-75,
479,maceta-01,478,25,1.1.0,2026-09-13 03:01:13+00:00,2026-09-13 03:01:15.289898+00:00,8.9,62.0,48,193.0,5.0,3565,2877.0,,625,644.0,37.6,0,sin_etiquetar,propagada,-73,
480,maceta-01,479,25,1.1.0,2026-09-13 03:01:43+00:00,2026-09-13 03:01:45.277318+00:00,8.9,62.0,65,187.0,5.0,3583,2875.0,,626,649.0,37.4,0,sin_etiquetar,propagada,-76,
481,maceta-01,480,25,1.1.0,2026-09-13 03:02:13+00:00,2026-09-13 03:02:15.569211+00:00,8.9,62.0,70,191.0,5.0,3555,2868.0,,625,641.0,37.7,0,sin_etiquetar,propagada,-78,
482,maceta-01,481,25,1.1.0,2026-09-13 03:02:43+00:00,2026-09-13 03:02:45.347107+00:00,8.9,62.0,51,183.0,5.0,3533,2862.0,,619,641.0,37.7,0,sin_etiquetar,propagada,-76,
483,maceta-01,482,25,1.1.0,2026-09-13 03:03:13+00:00,2026-09-13 03:03:15.327255+00:00,8.9,62.0,67,193.0,5.0,3575,2876.0,,640,641.0,37.7,0,sin_etiquetar,propagada,-78,
484,maceta-01,483,25,1.1.0,2026-09-13 03:03:43+00:00,2026-09-13 03:03:48.998928+00:00,8.9,62.0,65,194.0,5.0,3571,2878.0,,624,639.0,37.8,0,sin_etiquetar,propagada,-79,
485,maceta-01,484,25,1.1.0,2026-09-13 03:04:15+00:00,2026-09-13 03:04:17.445712+00:00,8.9,62.0,74,189.0,5.0,3556,2877.0,,637,644.0,37.6,0,sin_etiquetar,propagada,-74,
486,maceta-01,485,25,1.1.0,2026-09-13 03:04:43+00:00,2026-09-13 03:04:45.690085+00:00,8.9,62.0,48,188.0,5.0,3568,2880.0,,631,649.0,37.4,0,sin_etiquetar,propagada,-78,
487,maceta-01,486,25,1.1.0,2026-09-13 03:05:13+00:00,2026-09-13 03:05:15.473485+00:00,8.9,62.0,67,197.0,5.0,3568,2877.0,,631,640.0,37.8,0,sin_etiquetar,propagada,-75,
488,maceta-01,487,25,1.1.0,2026-09-13 03:05:43+00:00,2026-09-13 03:05:45.455603+00:00,8.9,62.0,68,185.0,5.0,3568,2875.0,,627,640.0,37.8,0,sin_etiquetar,propagada,-73,
489,maceta-01,488,25,1.1.0,2026-09-13 03:06:13+00:00,2026-09-13 03:06:15.641973+00:00,8.9,62.0,66,191.0,5.0,3568,2877.0,,635,646.0,37.5,0,sin_etiquetar,propagada,-78,
490,maceta-01,489,25,1.1.0,2026-09-13 03:06:43+00:00,2026-09-13 03:06:45.437948+00:00,8.9,62.0,67,184.0,5.0,3550,2875.0,,640,651.0,37.3,0,sin_etiquetar,propagada,-75,
491,maceta-01,490,25,1.1.0,2026-09-13 03:07:13+00:00,2026-09-13 03:07:15.409256+00:00,8.9,62.0,58,189.0,5.0,3552,2875.0,,637,647.0,37.5,0,sin_etiquetar,propagada,-73,
492,maceta-01,491,25,1.1.0,2026-09-13 03:07:43+00:00,2026-09-13 03:07:45.592918+00:00,8.9,62.0,49,193.0,5.0,3567,2880.0,,637,647.0,37.5,0,sin_etiquetar,propagada,-74,
493,maceta-01,492,25,1.1.0,2026-09-13 03:08:13+00:00,2026-09-13 03:08:15.374398+00:00,8.9,62.0,69,198.0,6.0,3568,2877.0,,634,643.0,37.7,0,sin_etiquetar,propagada,-72,
494,maceta-01,493,25,1.1.0,2026-09-13 03:08:43+00:00,2026-09-13 03:08:45.461330+00:00,8.9,62.0,70,191.0,5.0,3540,2878.0,,630,649.0,37.4,0,sin_etiquetar,propagada,-72,
495,maceta-01,494,25,1.1.0,2026-09-13 03:09:13+00:00,2026-09-13 03:09:15.646004+00:00,8.9,62.0,65,186.0,5.0,3579,2877.0,,631,648.0,37.4,0,sin_etiquetar,propagada,-75,
496,maceta-01,495,25,1.1.0,2026-09-13 03:09:43+00:00,2026-09-13 03:09:45.430414+00:00,8.9,62.0,52,193.0,5.0,3561,2879.0,,641,643.0,37.7,0,sin_etiquetar,propagada,-75,
497,maceta-01,496,25,1.1.0,2026-09-13 03:10:13+00:00,2026-09-13 03:10:15.412310+00:00,8.9,62.0,64,193.0,5.0,3573,2877.0,,640,645.0,37.6,0,sin_etiquetar,propagada,-75,
498,maceta-01,497,25,1.1.0,2026-09-13 03:10:43+00:00,2026-09-13 03:10:45.599643+00:00,8.9,62.0,57,191.0,5.0,3581,2877.0,,624,644.0,37.6,0,sin_etiquetar,propagada,-76,
499,maceta-01,498,25,1.1.0,2026-09-13 03:11:13+00:00,2026-09-13 03:11:15.382701+00:00,8.9,62.0,53,183.0,5.0,3555,2874.0,,625,647.0,37.5,0,sin_etiquetar,propagada,-74,
500,maceta-01,499,25,1.1.0,2026-09-13 03:11:43+00:00,2026-09-13 03:11:45.365696+00:00,8.9,62.0,67,189.0,5.0,3559,2871.0,,640,645.0,37.6,0,sin_etiquetar,propagada,-74,
501,maceta-01,500,25,1.1.0,2026-09-13 03:12:13+00:00,2026-09-13 03:12:15.665992+00:00,8.9,62.0,77,187.0,5.0,3568,2877.0,,625,640.0,37.8,0,sin_etiquetar,propagada,-75,
502,maceta-01,501,25,1.1.0,2026-09-13 03:12:43+00:00,2026-09-13 03:12:45.435194+00:00,8.9,62.0,59,191.0,5.0,3568,2882.0,,625,639.0,37.8,0,sin_etiquetar,propagada,-74,
503,maceta-01,502,25,1.1.0,2026-09-13 03:13:13+00:00,2026-09-13 03:13:15.415789+00:00,8.9,62.0,52,196.0,5.0,3575,2883.0,,633,638.0,37.9,0,sin_etiquetar,propagada,-75,
504,maceta-01,503,25,1.1.0,2026-09-13 03:13:43+00:00,2026-09-13 03:13:45.706781+00:00,8.9,62.0,62,193.0,5.0,3603,2883.0,,624,644.0,37.6,0,sin_etiquetar,propagada,-73,
505,maceta-01,504,25,1.1.0,2026-09-13 03:14:13+00:00,2026-09-13 03:14:15.388940+00:00,8.9,62.0,55,194.0,5.0,3563,2882.0,,623,638.0,37.9,0,sin_etiquetar,propagada,-74,
506,maceta-01,505,25,1.1.0,2026-09-13 03:14:43+00:00,2026-09-13 03:14:45.381426+00:00,8.9,62.0,68,187.0,5.0,3595,2878.0,,638,647.0,37.5,0,sin_etiquetar,propagada,-75,
507,maceta-01,506,25,1.1.0,2026-09-13 03:15:13+00:00,2026-09-13 03:15:15.670758+00:00,8.9,62.0,70,193.0,5.0,3611,2882.0,,634,645.0,37.6,0,sin_etiquetar,propagada,-84,
508,maceta-01,507,25,1.1.0,2026-09-13 03:15:43+00:00,2026-09-13 03:15:45.440164+00:00,8.9,62.0,52,198.0,6.0,3583,2881.0,,620,638.0,37.9,0,sin_etiquetar,propagada,-77,
509,maceta-01,508,25,1.1.0,2026-09-13 03:16:13+00:00,2026-09-13 03:16:15.423305+00:00,8.9,62.0,48,191.0,5.0,3599,2878.0,,630,649.0,37.4,0,sin_etiquetar,propagada,-74,
510,maceta-01,509,25,1.1.0,2026-09-13 03:16:43+00:00,2026-09-13 03:16:45.615924+00:00,8.9,62.0,69,200.0,6.0,3600,2879.0,,630,643.0,37.7,0,sin_etiquetar,propagada,-76,
511,maceta-01,510,25,1.1.0,2026-09-13 03:17:13+00:00,2026-09-13 03:17:15.390545+00:00,8.9,62.0,65,195.0,5.0,3583,2883.0,,640,650.0,37.3,0,sin_etiquetar,propagada,-76,
512,maceta-01,511,25,1.1.0,2026-09-13 03:17:43+00:00,2026-09-13 03:17:45.379592+00:00,8.9,62.0,71,193.0,5.0,3576,2885.0,,639,647.0,37.5,0,sin_etiquetar,propagada,-75,
513,maceta-01,512,25,1.1.0,2026-09-13 03:18:13+00:00,2026-09-13 03:18:15.563738+00:00,8.9,62.0,63,194.0,5.0,3558,2885.0,,624,644.0,37.6,0,sin_etiquetar,propagada,-79,
514,maceta-01,513,25,1.1.0,2026-09-13 03:18:43+00:00,2026-09-13 03:18:45.853541+00:00,8.9,62.0,58,194.0,5.0,3570,2885.0,,634,640.0,37.8,0,sin_etiquetar,propagada,-77,
515,maceta-01,514,25,1.1.0,2026-09-13 03:19:13+00:00,2026-09-13 03:19:15.428565+00:00,8.9,62.0,69,193.0,5.0,3601,2896.0,,636,641.0,37.7,0,sin_etiquetar,propagada,-76,
516,maceta-01,515,25,1.1.0,2026-09-13 03:19:43+00:00,2026-09-13 03:19:45.617521+00:00,8.9,62.0,48,194.0,5.0,3607,2892.0,,623,647.0,37.5,0,sin_etiquetar,propagada,-72,
517,maceta-01,516,25,1.1.0,2026-09-13 03:20:13+00:00,2026-09-13 03:20:15.404116+00:00,8.9,62.0,68,191.0,5.0,3597,2883.0,,624,639.0,37.8,0,sin_etiquetar,propagada,-74,
518,maceta-01,517,25,1.1.0,2026-09-13 03:20:43+00:00,2026-09-13 03:20:45.384069+00:00,8.9,62.0,77,193.0,5.0,3598,2884.0,,637,643.0,37.7,0,sin_etiquetar,propagada,-73,
519,maceta-01,518,25,1.1.0,2026-09-13 03:21:13+00:00,2026-09-13 03:21:15.572827+00:00,8.9,62.0,64,193.0,5.0,3582,2891.0,,640,641.0,37.7,0,sin_etiquetar,propagada,-73,
520,maceta-01,519,25,1.1.0,2026-09-13 03:21:43+00:00,2026-09-13 03:21:45.348075+00:00,8.9,62.0,53,197.0,5.0,3600,2885.0,,628,640.0,37.8,0,sin_etiquetar,propagada,-72,
521,maceta-01,520,25,1.1.0,2026-09-13 03:22:13+00:00,2026-09-13 03:22:15.546798+00:00,8.9,62.0,72,185.0,5.0,3580,2885.0,,624,651.0,37.3,0,sin_etiquetar,propagada,-79,
522,maceta-01,521,25,1.1.0,2026-09-13 03:22:43+00:00,2026-09-13 03:22:45.632452+00:00,8.9,62.0,70,193.0,5.0,3583,2891.0,,624,641.0,37.7,0,sin_etiquetar,propagada,-72,
523,maceta-01,522,25,1.1.0,2026-09-13 03:23:13+00:00,2026-09-13 03:23:15.423582+00:00,8.9,62.0,59,193.0,5.0,3595,2894.0,,635,646.0,37.5,0,sin_etiquetar,propagada,-72,
524,maceta-01,523,25,1.1.0,2026-09-13 03:23:43+00:00,2026-09-13 03:23:45.395515+00:00,8.9,62.0,49,193.0,5.0,3605,2894.0,,637,643.0,37.7,0,sin_etiquetar,propagada,-74,
525,maceta-01,524,25,1.1.0,2026-09-13 03:24:13+00:00,2026-09-13 03:24:15.592769+00:00,8.9,62.0,49,186.0,5.0,3605,2891.0,,631,640.0,37.8,0,sin_etiquetar,propagada,-73,
526,maceta-01,525,25,1.1.0,2026-09-13 03:24:43+00:00,2026-09-13 03:24:45.362624+00:00,8.9,62.0,64,195.0,5.0,3566,2892.0,,631,639.0,37.8,0,sin_etiquetar,propagada,-76,
527,maceta-01,526,25,1.1.0,2026-09-13 03:25:13+00:00,2026-09-13 03:25:15.351417+00:00,8.9,62.0,73,194.0,5.0,3581,2885.0,,624,644.0,37.6,0,sin_etiquetar,propagada,-75,
528,maceta-01,527,25,1.1.0,2026-09-13 03:25:43+00:00,2026-09-13 03:25:45.755749+00:00,8.9,62.0,55,193.0,5.0,3583,2885.0,,627,648.0,37.4,0,sin_etiquetar,propagada,-75,
529,maceta-01,528,25,1.1.0,2026-09-13 03:26:13+00:00,2026-09-13 03:26:15.435992+00:00,8.9,62.0,64,198.0,6.0,3606,2885.0,,627,638.0,37.9,0,sin_etiquetar,propagada,-72,
530,maceta-01,529,25,1.1.0,2026-09-13 03:26:43+00:00,2026-09-13 03:26:45.401858+00:00,8.9,62.0,45,193.0,5.0,3583,2885.0,,624,649.0,37.4,0,sin_etiquetar,propagada,-79,
531,maceta-01,530,25,1.1.0,2026-09-13 03:27:13+00:00,2026-09-13 03:27:15.590694+00:00,8.9,62.0,53,189.0,5.0,3568,2883.0,,634,647.0,37.5,0,sin_etiquetar,propagada,-77,
532,maceta-01,531,25,1.1.0,2026-09-13 03:27:43+00:00,2026-09-13 03:27:45.381242+00:00,8.9,62.0,63,197.0,5.0,3600,2885.0,,636,642.0,37.7,0,sin_etiquetar,propagada,-76,
533,maceta-01,532,25,1.1.0,2026-09-13 03:28:13+00:00,2026-09-13 03:28:15.364541+00:00,8.9,62.0,71,191.0,5.0,3573,2893.0,,622,639.0,37.8,0,sin_etiquetar,propagada,-74,
534,maceta-01,533,25,1.1.0,2026-09-13 03:28:43+00:00,2026-09-13 03:28:45.644977+00:00,8.9,62.0,54,188.0,5.0,3575,2885.0,,621,645.0,37.6,0,sin_etiquetar,propagada,-74,
535,maceta-01,534,25,1.1.0,2026-09-13 03:29:13+00:00,2026-09-13 03:29:15.319780+00:00,8.9,62.0,57,193.0,5.0,3583,2885.0,,624,641.0,37.7,0,sin_etiquetar,propagada,-75,
536,maceta-01,535,25,1.1.0,2026-09-13 03:29:43+00:00,2026-09-13 03:29:49.089330+00:00,8.9,62.0,51,188.0,5.0,3574,2879.0,,639,643.0,37.7,0,sin_etiquetar,propagada,-73,
537,maceta-01,536,25,1.1.0,2026-09-13 03:30:15+00:00,2026-09-13 03:30:17.749576+00:00,8.9,62.0,64,192.0,5.0,3571,2877.0,,634,643.0,37.7,0,sin_etiquetar,propagada,-75,
538,maceta-01,537,25,1.1.0,2026-09-13 03:30:43+00:00,2026-09-13 03:30:45.478487+00:00,8.9,62.0,70,188.0,5.0,3595,2880.0,,631,648.0,37.4,0,sin_etiquetar,propagada,-73,
539,maceta-01,538,25,1.1.0,2026-09-13 03:31:13+00:00,2026-09-13 03:31:15.467227+00:00,8.9,62.0,59,197.0,5.0,3568,2877.0,,626,641.0,37.7,0,sin_etiquetar,propagada,-73,
540,maceta-01,539,25,1.1.0,2026-09-13 03:31:43+00:00,2026-09-13 03:31:45.755342+00:00,8.9,62.0,48,191.0,5.0,3583,2878.0,,624,642.0,37.7,0,sin_etiquetar,propagada,-73,
541,maceta-01,540,25,1.1.0,2026-09-13 03:32:13+00:00,2026-09-13 03:32:15.531925+00:00,8.9,62.0,54,193.0,5.0,3582,2876.0,,636,638.0,37.9,0,sin_etiquetar,propagada,-79,
542,maceta-01,541,25,1.1.0,2026-09-13 03:32:43+00:00,2026-09-13 03:32:45.516113+00:00,8.9,62.0,56,191.0,5.0,3568,2880.0,,639,644.0,37.6,0,sin_etiquetar,propagada,-78,
543,maceta-01,542,25,1.1.0,2026-09-13 03:33:13+00:00,2026-09-13 03:33:15.705721+00:00,8.9,62.0,54,193.0,5.0,3569,2878.0,,626,639.0,37.8,0,sin_etiquetar,propagada,-78,
544,maceta-01,543,25,1.1.0,2026-09-13 03:33:43+00:00,2026-09-13 03:33:45.496759+00:00,8.9,62.0,75,196.0,5.0,3568,2868.0,,636,638.0,37.9,0,sin_etiquetar,propagada,-76,
545,maceta-01,544,25,1.1.0,2026-09-13 03:34:13+00:00,2026-09-13 03:34:15.473770+00:00,8.9,62.0,53,191.0,5.0,3571,2877.0,,624,648.0,37.4,0,sin_etiquetar,propagada,-76,
546,maceta-01,545,25,1.1.0,2026-09-13 03:34:43+00:00,2026-09-13 03:34:45.861383+00:00,8.9,62.0,69,195.0,5.0,3565,2872.0,,624,645.0,37.6,0,sin_etiquetar,propagada,-77,
547,maceta-01,546,25,1.1.0,2026-09-13 03:35:13+00:00,2026-09-13 03:35:15.536014+00:00,8.9,62.0,78,193.0,5.0,3551,2877.0,,631,649.0,37.4,0,sin_etiquetar,propagada,-77,
548,maceta-01,547,25,1.1.0,2026-09-13 03:35:43+00:00,2026-09-13 03:35:48.602516+00:00,8.9,62.0,50,192.0,5.0,3568,2873.0,,624,645.0,37.6,0,sin_etiquetar,propagada,-76,
549,maceta-01,548,25,1.1.0,2026-09-13 03:36:13+00:00,2026-09-13 03:36:15.720108+00:00,8.9,62.0,57,185.0,5.0,3546,2876.0,,624,644.0,37.6,0,sin_etiquetar,propagada,-76,
550,maceta-01,549,25,1.1.0,2026-09-13 03:36:43+00:00,2026-09-13 03:36:45.498691+00:00,8.9,62.0,77,197.0,5.0,3557,2877.0,,631,640.0,37.8,0,sin_etiquetar,propagada,-76,
551,maceta-01,550,25,1.1.0,2026-09-13 03:37:13+00:00,2026-09-13 03:37:15.482886+00:00,8.9,61.0,71,193.0,5.0,3574,2883.0,,640,642.0,37.7,0,sin_etiquetar,propagada,-76,
552,maceta-01,551,25,1.1.0,2026-09-13 03:37:43+00:00,2026-09-13 03:37:45.762726+00:00,8.9,61.0,71,187.0,5.0,3559,2884.0,,640,642.0,37.7,0,sin_etiquetar,propagada,-73,
553,maceta-01,552,25,1.1.0,2026-09-13 03:38:13+00:00,2026-09-13 03:38:15.545630+00:00,8.9,61.0,61,186.0,5.0,3571,2892.0,,639,641.0,37.7,0,sin_etiquetar,propagada,-76,
554,maceta-01,553,25,1.1.0,2026-09-13 03:38:43+00:00,2026-09-13 03:38:45.538507+00:00,8.9,61.0,64,185.0,5.0,3577,2885.0,,634,640.0,37.8,0,sin_etiquetar,propagada,-75,
555,maceta-01,554,25,1.1.0,2026-09-13 03:39:13+00:00,2026-09-13 03:39:15.724992+00:00,8.9,61.0,50,193.0,5.0,3598,2894.0,,642,645.0,37.6,0,sin_etiquetar,propagada,-75,
556,maceta-01,555,25,1.1.0,2026-09-13 03:39:43+00:00,2026-09-13 03:39:45.504551+00:00,8.9,61.0,70,194.0,5.0,3575,2885.0,,634,645.0,37.6,0,sin_etiquetar,propagada,-74,
557,maceta-01,556,25,1.1.0,2026-09-13 03:40:13+00:00,2026-09-13 03:40:15.479606+00:00,8.9,61.0,50,185.0,5.0,3600,2885.0,,659,644.0,37.6,0,sin_etiquetar,propagada,-75,
558,maceta-01,557,25,1.1.0,2026-09-13 03:40:43+00:00,2026-09-13 03:40:45.676098+00:00,8.9,61.0,49,200.0,6.0,3607,2881.0,,639,639.0,37.8,0,sin_etiquetar,propagada,-73,
559,maceta-01,558,25,1.1.0,2026-09-13 03:41:13+00:00,2026-09-13 03:41:15.446677+00:00,8.9,61.0,63,188.0,5.0,3521,2863.0,,630,649.0,37.4,0,sin_etiquetar,propagada,-74,
560,maceta-01,559,25,1.1.0,2026-09-13 03:41:43+00:00,2026-09-13 03:41:45.555910+00:00,8.9,61.0,59,189.0,5.0,3569,2881.0,,649,644.0,37.6,0,sin_etiquetar,propagada,-74,
561,maceta-01,560,25,1.1.0,2026-09-13 03:42:13+00:00,2026-09-13 03:42:15.725557+00:00,8.9,61.0,63,189.0,5.0,3600,2892.0,,624,645.0,37.6,0,sin_etiquetar,propagada,-74,
562,maceta-01,561,25,1.1.0,2026-09-13 03:42:43+00:00,2026-09-13 03:42:45.502286+00:00,8.9,61.0,80,191.0,5.0,3575,2881.0,,623,638.0,37.9,0,sin_etiquetar,propagada,-75,
563,maceta-01,562,25,1.1.0,2026-09-13 03:43:13+00:00,2026-09-13 03:43:15.492994+00:00,8.9,61.0,71,186.0,5.0,3599,2885.0,,624,638.0,37.9,0,sin_etiquetar,propagada,-76,
564,maceta-01,563,25,1.1.0,2026-09-13 03:43:43+00:00,2026-09-13 03:43:45.683072+00:00,8.9,61.0,71,193.0,5.0,3579,2881.0,,627,640.0,37.8,0,sin_etiquetar,propagada,-78,
565,maceta-01,564,25,1.1.0,2026-09-13 03:44:13+00:00,2026-09-13 03:44:15.460329+00:00,8.9,61.0,52,188.0,5.0,3556,2879.0,,636,638.0,37.9,0,sin_etiquetar,propagada,-76,
566,maceta-01,565,25,1.1.0,2026-09-13 03:44:43+00:00,2026-09-13 03:44:45.443775+00:00,8.9,61.0,50,191.0,5.0,3555,2878.0,,630,639.0,37.8,0,sin_etiquetar,propagada,-74,
567,maceta-01,566,25,1.1.0,2026-09-13 03:45:13+00:00,2026-09-13 03:45:15.726910+00:00,8.9,61.0,55,187.0,5.0,3557,2879.0,,630,640.0,37.8,0,sin_etiquetar,propagada,-79,
568,maceta-01,567,25,1.1.0,2026-09-13 03:45:43+00:00,2026-09-13 03:45:45.515023+00:00,8.9,61.0,59,191.0,5.0,3566,2875.0,,637,647.0,37.5,0,sin_etiquetar,propagada,-75,
569,maceta-01,568,25,1.1.0,2026-09-13 03:46:13+00:00,2026-09-13 03:46:15.502724+00:00,8.9,61.0,48,183.0,5.0,3571,2876.0,,637,638.0,37.9,0,sin_etiquetar,propagada,-76,
570,maceta-01,569,25,1.1.0,2026-09-13 03:46:43+00:00,2026-09-13 03:46:45.585397+00:00,8.9,61.0,71,191.0,5.0,3549,2877.0,,627,643.0,37.7,0,sin_etiquetar,propagada,-76,
571,maceta-01,570,25,1.1.0,2026-09-13 03:47:13+00:00,2026-09-13 03:47:15.468457+00:00,8.9,61.0,54,182.0,5.0,3568,2877.0,,631,649.0,37.4,0,sin_etiquetar,propagada,-78,
572,maceta-01,571,25,1.1.0,2026-09-13 03:47:43+00:00,2026-09-13 03:47:45.454925+00:00,8.9,61.0,66,186.0,5.0,3543,2876.0,,624,648.0,37.4,0,sin_etiquetar,propagada,-78,
573,maceta-01,572,25,1.1.0,2026-09-13 03:48:13+00:00,2026-09-13 03:48:15.741614+00:00,8.9,61.0,53,193.0,5.0,3565,2862.0,,633,640.0,37.8,0,sin_etiquetar,propagada,-78,
574,maceta-01,573,25,1.1.0,2026-09-13 03:48:43+00:00,2026-09-13 03:48:45.519159+00:00,8.9,61.0,70,195.0,5.0,3541,2873.0,,633,641.0,37.7,0,sin_etiquetar,propagada,-75,
575,maceta-01,574,25,1.1.0,2026-09-13 03:49:13+00:00,2026-09-13 03:49:15.510811+00:00,8.9,61.0,76,190.0,5.0,3571,2870.0,,624,647.0,37.5,0,sin_etiquetar,propagada,-75,
576,maceta-01,575,25,1.1.0,2026-09-13 03:49:43+00:00,2026-09-13 03:49:45.594080+00:00,8.9,61.0,53,189.0,5.0,3557,2870.0,,624,648.0,37.4,0,sin_etiquetar,propagada,-77,
577,maceta-01,576,25,1.1.0,2026-09-13 03:50:13+00:00,2026-09-13 03:50:15.479184+00:00,8.9,61.0,69,187.0,5.0,3547,2869.0,,633,648.0,37.4,0,sin_etiquetar,propagada,-73,
578,maceta-01,577,25,1.1.0,2026-09-13 03:50:43+00:00,2026-09-13 03:50:45.457008+00:00,8.9,61.0,50,198.0,6.0,3557,2860.0,,640,647.0,37.5,0,sin_etiquetar,propagada,-77,
579,maceta-01,578,25,1.1.0,2026-09-13 03:51:13+00:00,2026-09-13 03:51:15.745791+00:00,8.9,61.0,51,193.0,5.0,3536,2860.0,,635,641.0,37.7,0,sin_etiquetar,propagada,-75,
580,maceta-01,579,25,1.1.0,2026-09-13 03:51:43+00:00,2026-09-13 03:51:45.425892+00:00,8.9,61.0,69,195.0,5.0,3531,2860.0,,623,644.0,37.6,0,sin_etiquetar,propagada,-76,
581,maceta-01,580,25,1.1.0,2026-09-13 03:52:13+00:00,2026-09-13 03:52:15.514236+00:00,8.9,61.0,62,189.0,5.0,3549,2863.0,,626,638.0,37.9,0,sin_etiquetar,propagada,-74,
582,maceta-01,581,25,1.1.0,2026-09-13 03:52:43+00:00,2026-09-13 03:52:45.699944+00:00,8.9,61.0,64,193.0,5.0,3565,2876.0,,624,643.0,37.7,0,sin_etiquetar,propagada,-77,
583,maceta-01,582,25,1.1.0,2026-09-13 03:53:13+00:00,2026-09-13 03:53:15.479933+00:00,8.9,61.0,69,193.0,5.0,3539,2868.0,,619,644.0,37.6,0,sin_etiquetar,propagada,-76,
584,maceta-01,583,25,1.1.0,2026-09-13 03:53:43+00:00,2026-09-13 03:53:45.466763+00:00,8.9,61.0,51,190.0,5.0,3554,2873.0,,623,640.0,37.8,0,sin_etiquetar,propagada,-75,
585,maceta-01,584,25,1.1.0,2026-09-13 03:54:13+00:00,2026-09-13 03:54:15.651960+00:00,8.9,61.0,66,198.0,6.0,3569,2870.0,,623,645.0,37.6,0,sin_etiquetar,propagada,-77,
586,maceta-01,585,25,1.1.0,2026-09-13 03:54:43+00:00,2026-09-13 03:54:45.428723+00:00,8.9,61.0,68,188.0,5.0,3563,2869.0,,628,638.0,37.9,0,sin_etiquetar,propagada,-83,
587,maceta-01,586,25,1.1.0,2026-09-13 03:55:13+00:00,2026-09-13 03:55:15.515265+00:00,8.9,61.0,48,191.0,5.0,3541,2870.0,,618,639.0,37.8,0,sin_etiquetar,propagada,-75,
588,maceta-01,587,25,1.1.0,2026-09-13 03:55:43+00:00,2026-09-13 03:55:45.708373+00:00,8.9,61.0,61,193.0,5.0,3535,2868.0,,621,638.0,37.9,0,sin_etiquetar,propagada,-78,
589,maceta-01,588,25,1.1.0,2026-09-13 03:56:13+00:00,2026-09-13 03:56:15.482992+00:00,8.9,61.0,65,187.0,5.0,3536,2872.0,,639,646.0,37.5,0,sin_etiquetar,propagada,-77,
590,maceta-01,589,25,1.1.0,2026-09-13 03:56:43+00:00,2026-09-13 03:56:45.468482+00:00,8.9,61.0,64,183.0,5.0,3539,2872.0,,640,644.0,37.6,0,sin_etiquetar,propagada,-77,
591,maceta-01,590,25,1.1.0,2026-09-13 03:57:13+00:00,2026-09-13 03:57:15.656876+00:00,8.9,61.0,48,183.0,5.0,3573,2873.0,,640,644.0,37.6,0,sin_etiquetar,propagada,-79,
592,maceta-01,591,25,1.1.0,2026-09-13 03:57:43+00:00,2026-09-13 03:57:45.436111+00:00,8.9,61.0,73,186.0,5.0,3549,2866.0,,629,650.0,37.3,0,sin_etiquetar,propagada,-80,
593,maceta-01,592,25,1.1.0,2026-09-13 03:58:13+00:00,2026-09-13 03:58:15.418791+00:00,8.9,61.0,49,191.0,5.0,3538,2869.0,,634,647.0,37.5,0,sin_etiquetar,propagada,-79,
594,maceta-01,593,25,1.1.0,2026-09-13 03:58:43+00:00,2026-09-13 03:58:45.710394+00:00,8.9,61.0,55,185.0,5.0,3546,2876.0,,633,646.0,37.5,0,sin_etiquetar,propagada,-79,
595,maceta-01,594,25,1.1.0,2026-09-13 03:59:13+00:00,2026-09-13 03:59:15.488022+00:00,8.9,61.0,32,193.0,5.0,3535,2860.0,,624,649.0,37.4,0,sin_etiquetar,propagada,-78,
596,maceta-01,595,25,1.1.0,2026-09-13 03:59:43+00:00,2026-09-13 03:59:45.472278+00:00,8.9,61.0,45,190.0,5.0,3534,2862.0,,624,645.0,37.6,0,sin_etiquetar,propagada,-77,
597,maceta-01,596,25,1.1.0,2026-09-13 04:00:13+00:00,2026-09-13 04:00:15.667097+00:00,8.9,61.0,48,189.0,5.0,3552,2859.0,,638,643.0,37.7,0,sin_etiquetar,propagada,-79,
598,maceta-01,597,25,1.1.0,2026-09-13 04:00:43+00:00,2026-09-13 04:00:45.443157+00:00,8.9,61.0,75,187.0,5.0,3568,2866.0,,633,643.0,37.7,0,sin_etiquetar,propagada,-78,
599,maceta-01,598,25,1.1.0,2026-09-13 04:01:13+00:00,2026-09-13 04:01:15.417091+00:00,8.9,61.0,73,196.0,5.0,3547,2863.0,,624,638.0,37.9,0,sin_etiquetar,propagada,-79,
600,maceta-01,599,25,1.1.0,2026-09-13 04:01:43+00:00,2026-09-13 04:01:46.939067+00:00,8.9,61.0,48,188.0,5.0,3523,2854.0,,634,647.0,37.5,0,sin_etiquetar,propagada,-80,
601,maceta-01,600,25,1.1.0,2026-09-13 04:02:15+00:00,2026-09-13 04:02:17.539885+00:00,8.9,61.0,67,186.0,5.0,3550,2860.0,,640,648.0,37.4,0,sin_etiquetar,propagada,-79,
602,maceta-01,601,25,1.1.0,2026-09-13 04:02:43+00:00,2026-09-13 04:02:45.486573+00:00,8.9,61.0,48,192.0,5.0,3568,2860.0,,644,640.0,37.8,0,sin_etiquetar,propagada,-85,
603,maceta-01,602,25,1.1.0,2026-09-13 04:03:13+00:00,2026-09-13 04:03:15.659693+00:00,8.9,61.0,70,191.0,5.0,3518,2861.0,,628,641.0,37.7,0,sin_etiquetar,propagada,-79,
604,maceta-01,603,25,1.1.0,2026-09-13 04:03:43+00:00,2026-09-13 04:03:45.442454+00:00,8.9,62.0,75,194.0,5.0,3546,2860.0,,624,649.0,37.4,0,sin_etiquetar,propagada,-77,
605,maceta-01,604,25,1.1.0,2026-09-13 04:04:13+00:00,2026-09-13 04:04:15.424883+00:00,8.9,62.0,65,193.0,5.0,3536,2860.0,,627,638.0,37.9,0,sin_etiquetar,propagada,-79,
606,maceta-01,605,25,1.1.0,2026-09-13 04:04:43+00:00,2026-09-13 04:04:45.715892+00:00,8.9,62.0,47,195.0,5.0,3535,2860.0,,624,650.0,37.3,0,sin_etiquetar,propagada,-79,
607,maceta-01,606,25,1.1.0,2026-09-13 04:05:13+00:00,2026-09-13 04:05:15.393371+00:00,8.9,62.0,49,194.0,5.0,3515,2856.0,,635,648.0,37.4,0,sin_etiquetar,propagada,-80,
608,maceta-01,607,25,1.1.0,2026-09-13 04:05:43+00:00,2026-09-13 04:05:45.482958+00:00,8.9,62.0,71,190.0,5.0,3541,2860.0,,624,647.0,37.5,0,sin_etiquetar,propagada,-80,
609,maceta-01,608,25,1.1.0,2026-09-13 04:06:13+00:00,2026-09-13 04:06:15.566082+00:00,8.9,62.0,66,195.0,5.0,3559,2866.0,,640,642.0,37.7,0,sin_etiquetar,propagada,-80,
610,maceta-01,609,25,1.1.0,2026-09-13 04:06:43+00:00,2026-09-13 04:06:45.447378+00:00,8.9,62.0,52,184.0,5.0,3537,2864.0,,628,639.0,37.8,0,sin_etiquetar,propagada,-79,
611,maceta-01,610,25,1.1.0,2026-09-13 04:07:13+00:00,2026-09-13 04:07:15.435065+00:00,8.9,62.0,65,193.0,5.0,3583,2869.0,,624,649.0,37.4,0,sin_etiquetar,propagada,-78,
612,maceta-01,611,25,1.1.0,2026-09-13 04:07:43+00:00,2026-09-13 04:07:45.618846+00:00,8.9,62.0,54,196.0,5.0,3559,2877.0,,624,642.0,37.7,0,sin_etiquetar,propagada,-80,
613,maceta-01,612,25,1.1.0,2026-09-13 04:08:13+00:00,2026-09-13 04:08:15.398051+00:00,8.9,62.0,70,190.0,5.0,3533,2867.0,,638,645.0,37.6,0,sin_etiquetar,propagada,-79,
614,maceta-01,613,25,1.1.0,2026-09-13 04:08:43+00:00,2026-09-13 04:08:45.483725+00:00,8.9,62.0,48,196.0,5.0,3547,2868.0,,650,640.0,37.8,0,sin_etiquetar,propagada,-79,
615,maceta-01,614,25,1.1.0,2026-09-13 04:09:13+00:00,2026-09-13 04:09:15.673713+00:00,8.9,62.0,78,193.0,5.0,3556,2868.0,,624,645.0,37.6,0,sin_etiquetar,propagada,-79,
616,maceta-01,615,25,1.1.0,2026-09-13 04:09:43+00:00,2026-09-13 04:09:46.168404+00:00,8.9,62.0,58,191.0,5.0,3555,2877.0,,624,645.0,37.6,0,sin_etiquetar,propagada,-79,
617,maceta-01,616,25,1.1.0,2026-09-13 04:10:13+00:00,2026-09-13 04:10:15.448777+00:00,8.9,62.0,66,189.0,5.0,3558,2877.0,,623,640.0,37.8,0,sin_etiquetar,propagada,-79,
618,maceta-01,617,25,1.1.0,2026-09-13 04:10:43+00:00,2026-09-13 04:10:45.581924+00:00,8.9,62.0,57,193.0,5.0,3569,2877.0,,640,646.0,37.5,0,sin_etiquetar,propagada,-80,
619,maceta-01,618,25,1.1.0,2026-09-13 04:11:13+00:00,2026-09-13 04:11:15.405694+00:00,8.9,62.0,58,191.0,5.0,3569,2877.0,,635,647.0,37.5,0,sin_etiquetar,propagada,-79,
620,maceta-01,619,25,1.1.0,2026-09-13 04:11:43+00:00,2026-09-13 04:11:45.385411+00:00,8.9,62.0,50,196.0,5.0,3532,2864.0,,635,648.0,37.4,0,sin_etiquetar,propagada,-77,
621,maceta-01,620,25,1.1.0,2026-09-13 04:12:13+00:00,2026-09-13 04:12:15.675540+00:00,8.9,62.0,49,193.0,5.0,3568,2868.0,,635,648.0,37.4,0,sin_etiquetar,propagada,-77,
622,maceta-01,621,25,1.1.0,2026-09-13 04:12:43+00:00,2026-09-13 04:12:45.457562+00:00,8.9,62.0,64,193.0,5.0,3567,2866.0,,624,642.0,37.7,0,sin_etiquetar,propagada,-79,
623,maceta-01,622,25,1.1.0,2026-09-13 04:13:13+00:00,2026-09-13 04:13:15.453042+00:00,8.9,62.0,53,193.0,5.0,3568,2874.0,,625,649.0,37.4,0,sin_etiquetar,propagada,-77,
624,maceta-01,623,25,1.1.0,2026-09-13 04:13:43+00:00,2026-09-13 04:13:45.630492+00:00,8.9,62.0,64,191.0,5.0,3572,2875.0,,631,649.0,37.4,0,sin_etiquetar,propagada,-80,
625,maceta-01,624,25,1.1.0,2026-09-13 04:14:13+00:00,2026-09-13 04:14:15.408503+00:00,8.9,62.0,65,191.0,5.0,3551,2869.0,,627,648.0,37.4,0,sin_etiquetar,propagada,-79,
626,maceta-01,625,25,1.1.0,2026-09-13 04:14:43+00:00,2026-09-13 04:14:45.389561+00:00,8.9,62.0,62,193.0,5.0,3555,2867.0,,636,641.0,37.7,0,sin_etiquetar,propagada,-74,
627,maceta-01,626,25,1.1.0,2026-09-13 04:15:13+00:00,2026-09-13 04:15:15.680943+00:00,8.9,62.0,62,192.0,5.0,3531,2855.0,,624,641.0,37.7,0,sin_etiquetar,propagada,-80,
628,maceta-01,627,25,1.1.0,2026-09-13 04:15:43+00:00,2026-09-13 04:15:45.474586+00:00,8.9,62.0,59,190.0,5.0,3524,2870.0,,622,638.0,37.9,0,sin_etiquetar,propagada,-79,
629,maceta-01,628,25,1.1.0,2026-09-13 04:16:13+00:00,2026-09-13 04:16:15.449540+00:00,8.9,62.0,69,184.0,5.0,3552,2877.0,,630,638.0,37.9,0,sin_etiquetar,propagada,-77,
630,maceta-01,629,25,1.1.0,2026-09-13 04:16:43+00:00,2026-09-13 04:16:45.645526+00:00,8.9,62.0,69,197.0,5.0,3583,2877.0,,636,644.0,37.6,0,sin_etiquetar,propagada,-77,
631,maceta-01,630,25,1.1.0,2026-09-13 04:17:13+00:00,2026-09-13 04:17:15.413096+00:00,8.9,62.0,59,193.0,5.0,3558,2862.0,,622,638.0,37.9,0,sin_etiquetar,propagada,-76,
632,maceta-01,631,25,1.1.0,2026-09-13 04:17:43+00:00,2026-09-13 04:17:45.395578+00:00,8.9,62.0,65,192.0,5.0,3550,2870.0,,630,649.0,37.4,0,sin_etiquetar,propagada,-75,
633,maceta-01,632,25,1.1.0,2026-09-13 04:18:13+00:00,2026-09-13 04:18:15.586057+00:00,8.9,62.0,64,193.0,5.0,3563,2877.0,,625,638.0,37.9,0,sin_etiquetar,propagada,-77,
634,maceta-01,633,25,1.1.0,2026-09-13 04:18:43+00:00,2026-09-13 04:18:45.366057+00:00,8.9,62.0,73,194.0,5.0,3570,2866.0,,627,645.0,37.6,0,sin_etiquetar,propagada,-80,
635,maceta-01,634,25,1.1.0,2026-09-13 04:19:13+00:00,2026-09-13 04:19:15.452549+00:00,8.9,62.0,55,191.0,5.0,3567,2876.0,,625,647.0,37.5,0,sin_etiquetar,propagada,-76,
636,maceta-01,635,25,1.1.0,2026-09-13 04:19:43+00:00,2026-09-13 04:19:45.641097+00:00,8.9,62.0,78,192.0,5.0,3568,2876.0,,641,646.0,37.5,0,sin_etiquetar,propagada,-75,
637,maceta-01,636,25,1.1.0,2026-09-13 04:20:13+00:00,2026-09-13 04:20:15.418693+00:00,8.9,62.0,52,191.0,5.0,3553,2877.0,,639,649.0,37.4,0,sin_etiquetar,propagada,-76,
638,maceta-01,637,25,1.1.0,2026-09-13 04:20:43+00:00,2026-09-13 04:20:45.403760+00:00,8.9,62.0,64,185.0,5.0,3558,2878.0,,636,641.0,37.7,0,sin_etiquetar,propagada,-76,
639,maceta-01,638,25,1.1.0,2026-09-13 04:21:13+00:00,2026-09-13 04:21:15.590292+00:00,8.9,62.0,67,187.0,5.0,3568,2873.0,,629,643.0,37.7,0,sin_etiquetar,propagada,-72,
640,maceta-01,639,25,1.1.0,2026-09-13 04:21:43+00:00,2026-09-13 04:21:45.371013+00:00,8.9,62.0,48,191.0,5.0,3549,2878.0,,630,638.0,37.9,0,sin_etiquetar,propagada,-75,
641,maceta-01,640,25,1.1.0,2026-09-13 04:22:13+00:00,2026-09-13 04:22:15.368342+00:00,8.9,62.0,71,184.0,5.0,3571,2868.0,,624,641.0,37.7,0,sin_etiquetar,propagada,-78,
642,maceta-01,641,25,1.1.0,2026-09-13 04:22:43+00:00,2026-09-13 04:22:45.657540+00:00,8.9,62.0,51,184.0,5.0,3531,2862.0,,622,638.0,37.9,0,sin_etiquetar,propagada,-77,
643,maceta-01,642,25,1.1.0,2026-09-13 04:23:13+00:00,2026-09-13 04:23:15.438803+00:00,8.9,62.0,53,185.0,5.0,3551,2873.0,,636,645.0,37.6,0,sin_etiquetar,propagada,-77,
644,maceta-01,643,25,1.1.0,2026-09-13 04:23:43+00:00,2026-09-13 04:23:45.426174+00:00,8.9,62.0,60,195.0,5.0,3568,2877.0,,624,639.0,37.8,0,sin_etiquetar,propagada,-80,
645,maceta-01,644,25,1.1.0,2026-09-13 04:24:13+00:00,2026-09-13 04:24:15.611314+00:00,8.9,62.0,58,193.0,5.0,3562,2870.0,,636,649.0,37.4,0,sin_etiquetar,propagada,-77,
646,maceta-01,645,25,1.1.0,2026-09-13 04:24:43+00:00,2026-09-13 04:24:45.387795+00:00,8.9,62.0,51,191.0,5.0,3580,2877.0,,637,642.0,37.7,0,sin_etiquetar,propagada,-78,
647,maceta-01,646,25,1.1.0,2026-09-13 04:25:13+00:00,2026-09-13 04:25:15.375505+00:00,8.9,62.0,64,192.0,5.0,3549,2866.0,,631,638.0,37.9,0,sin_etiquetar,propagada,-77,
648,maceta-01,647,25,1.1.0,2026-09-13 04:25:43+00:00,2026-09-13 04:25:45.666339+00:00,8.9,62.0,62,186.0,5.0,3552,2875.0,,639,648.0,37.4,0,sin_etiquetar,propagada,-77,
649,maceta-01,648,25,1.1.0,2026-09-13 04:26:13+00:00,2026-09-13 04:26:15.445608+00:00,8.9,62.0,57,189.0,5.0,3571,2873.0,,630,638.0,37.9,0,sin_etiquetar,propagada,-80,
650,maceta-01,649,25,1.1.0,2026-09-13 04:26:43+00:00,2026-09-13 04:26:45.429082+00:00,8.9,62.0,74,194.0,5.0,3579,2878.0,,621,641.0,37.7,0,sin_etiquetar,propagada,-79,
651,maceta-01,650,25,1.1.0,2026-09-13 04:27:13+00:00,2026-09-13 04:27:15.617111+00:00,8.9,62.0,61,189.0,5.0,3522,2868.0,,629,639.0,37.8,0,sin_etiquetar,propagada,-75,
652,maceta-01,651,25,1.1.0,2026-09-13 04:27:43+00:00,2026-09-13 04:27:45.393088+00:00,8.9,62.0,70,187.0,5.0,3543,2861.0,,628,640.0,37.8,0,sin_etiquetar,propagada,-75,
653,maceta-01,652,25,1.1.0,2026-09-13 04:28:13+00:00,2026-09-13 04:28:15.386215+00:00,8.9,62.0,65,181.0,5.0,3550,2870.0,,637,639.0,37.8,0,sin_etiquetar,propagada,-75,
654,maceta-01,653,25,1.1.0,2026-09-13 04:28:43+00:00,2026-09-13 04:28:45.567251+00:00,8.9,63.0,48,192.0,5.0,3570,2865.0,,625,638.0,37.9,0,sin_etiquetar,propagada,-78,
655,maceta-01,654,25,1.1.0,2026-09-13 04:29:13+00:00,2026-09-13 04:29:15.345838+00:00,8.9,63.0,72,183.0,5.0,3611,2860.0,,623,640.0,37.8,0,sin_etiquetar,propagada,-76,
656,maceta-01,655,25,1.1.0,2026-09-13 04:29:43+00:00,2026-09-13 04:29:45.436182+00:00,8.9,63.0,47,190.0,5.0,3564,2864.0,,622,646.0,37.5,0,sin_etiquetar,propagada,-81,
657,maceta-01,656,25,1.1.0,2026-09-13 04:30:13+00:00,2026-09-13 04:30:15.621377+00:00,8.9,63.0,59,191.0,5.0,3541,2860.0,,619,637.0,37.9,0,sin_etiquetar,propagada,-69,
658,maceta-01,657,25,1.1.0,2026-09-13 04:30:43+00:00,2026-09-13 04:30:45.501659+00:00,8.9,63.0,70,181.0,5.0,3565,2877.0,,630,643.0,37.7,0,sin_etiquetar,propagada,-76,
659,maceta-01,658,25,1.1.0,2026-09-13 04:31:13+00:00,2026-09-13 04:31:15.393146+00:00,8.9,63.0,71,194.0,5.0,3556,2870.0,,624,638.0,37.9,0,sin_etiquetar,propagada,-80,
660,maceta-01,659,25,1.1.0,2026-09-13 04:31:43+00:00,2026-09-13 04:31:45.571787+00:00,8.9,63.0,17,144.0,4.0,3568,2872.0,,624,638.0,37.9,0,sin_etiquetar,propagada,-81,
661,maceta-01,660,25,1.1.0,2026-09-13 04:32:13+00:00,2026-09-13 04:32:15.349848+00:00,8.5,63.0,13,142.0,4.0,3567,2870.0,,625,638.0,37.9,0,sin_etiquetar,propagada,-81,
662,maceta-01,661,25,1.1.0,2026-09-13 04:32:43+00:00,2026-09-13 04:32:45.338430+00:00,8.5,63.0,14,142.0,4.0,3522,2853.0,,634,636.0,38.0,0,sin_etiquetar,propagada,-81,
663,maceta-01,662,25,1.1.0,2026-09-13 04:33:13+00:00,2026-09-13 04:33:15.626480+00:00,8.6,63.0,2,148.0,4.0,3549,2868.0,,629,638.0,37.9,0,sin_etiquetar,propagada,-81,
664,maceta-01,663,25,1.1.0,2026-09-13 04:33:43+00:00,2026-09-13 04:33:45.442009+00:00,8.5,63.0,0,151.0,4.0,3539,2872.0,,624,639.0,37.8,0,sin_etiquetar,propagada,-81,luz_saturada
665,maceta-01,664,25,1.1.0,2026-09-13 04:34:13+00:00,2026-09-13 04:34:15.595614+00:00,8.5,63.0,0,142.0,4.0,3563,2870.0,,629,644.0,37.6,0,sin_etiquetar,propagada,-80,luz_saturada
666,maceta-01,665,25,1.1.0,2026-09-13 04:34:43+00:00,2026-09-13 04:34:45.384344+00:00,8.5,63.0,0,143.0,4.0,3568,2874.0,,627,641.0,37.7,0,sin_etiquetar,propagada,-81,luz_saturada
667,maceta-01,666,25,1.1.0,2026-09-13 04:35:13+00:00,2026-09-13 04:35:15.357903+00:00,8.8,63.0,0,142.0,4.0,3541,2860.0,,619,634.0,38.1,0,sin_etiquetar,propagada,-80,luz_saturada
668,maceta-01,667,25,1.1.0,2026-09-13 04:35:43+00:00,2026-09-13 04:35:45.560684+00:00,8.5,63.0,8,151.0,4.0,3551,2870.0,,626,638.0,37.9,0,sin_etiquetar,propagada,-81,
669,maceta-01,668,25,1.1.0,2026-09-13 04:36:13+00:00,2026-09-13 04:36:15.326702+00:00,8.5,63.0,6,142.0,4.0,3566,2866.0,,622,638.0,37.9,0,sin_etiquetar,propagada,-82,
670,maceta-01,669,25,1.1.0,2026-09-13 04:36:43+00:00,2026-09-13 04:36:45.410664+00:00,8.5,63.0,5,142.0,4.0,3543,2870.0,,631,641.0,37.7,0,sin_etiquetar,propagada,-81,
671,maceta-01,670,25,1.1.0,2026-09-13 04:37:13+00:00,2026-09-13 04:37:15.602203+00:00,8.5,63.0,0,143.0,4.0,3531,2863.0,,619,640.0,37.8,0,sin_etiquetar,propagada,-82,luz_saturada
672,maceta-01,671,25,1.1.0,2026-09-13 04:37:43+00:00,2026-09-13 04:37:45.384838+00:00,8.5,62.0,0,148.0,4.0,3520,2860.0,,615,636.0,38.0,0,sin_etiquetar,propagada,-81,luz_saturada
673,maceta-01,672,25,1.1.0,2026-09-13 04:38:13+00:00,2026-09-13 04:38:15.429724+00:00,8.5,62.0,0,146.0,4.0,3547,2866.0,,627,640.0,37.8,0,sin_etiquetar,propagada,-82,luz_saturada
674,maceta-01,673,25,1.1.0,2026-09-13 04:38:43+00:00,2026-09-13 04:38:45.550792+00:00,8.5,62.0,3,149.0,4.0,3545,2862.0,,630,637.0,37.9,0,sin_etiquetar,propagada,-81,
675,maceta-01,674,25,1.1.0,2026-09-13 04:39:13+00:00,2026-09-13 04:39:15.330688+00:00,8.5,62.0,14,147.0,4.0,3550,2860.0,,623,638.0,37.9,0,sin_etiquetar,propagada,-81,
676,maceta-01,675,25,1.1.0,2026-09-13 04:39:43+00:00,2026-09-13 04:39:45.619478+00:00,8.5,62.0,12,142.0,4.0,3526,2865.0,,613,639.0,37.8,0,sin_etiquetar,propagada,-82,
677,maceta-01,676,25,1.1.0,2026-09-13 04:40:13+00:00,2026-09-13 04:40:15.402374+00:00,8.5,62.0,15,147.0,4.0,3535,2856.0,,619,640.0,37.8,0,sin_etiquetar,propagada,-81,
678,maceta-01,677,25,1.1.0,2026-09-13 04:40:43+00:00,2026-09-13 04:40:45.382791+00:00,8.5,62.0,1,142.0,4.0,3536,2864.0,,624,637.0,37.9,0,sin_etiquetar,propagada,-81,
679,maceta-01,678,25,1.1.0,2026-09-13 04:41:13+00:00,2026-09-13 04:41:15.571598+00:00,8.5,62.0,10,146.0,4.0,3550,2869.0,,613,637.0,37.9,0,sin_etiquetar,propagada,-81,
680,maceta-01,679,25,1.1.0,2026-09-13 04:41:43+00:00,2026-09-13 04:41:45.349841+00:00,8.5,62.0,5,147.0,4.0,3537,2868.0,,614,638.0,37.9,0,sin_etiquetar,propagada,-81,
681,maceta-01,680,25,1.1.0,2026-09-13 04:42:13+00:00,2026-09-13 04:42:15.346588+00:00,8.5,62.0,0,144.0,4.0,3562,2867.0,,624,638.0,37.9,0,sin_etiquetar,propagada,-81,luz_saturada
682,maceta-01,681,25,1.1.0,2026-09-13 04:42:43+00:00,2026-09-13 04:42:45.639455+00:00,8.5,62.0,12,146.0,4.0,3530,2851.0,,625,638.0,37.9,0,sin_etiquetar,propagada,-89,
683,maceta-01,682,25,1.1.0,2026-09-13 04:43:13+00:00,2026-09-13 04:43:15.405794+00:00,8.5,62.0,0,142.0,4.0,3514,2852.0,,627,635.0,38.0,0,sin_etiquetar,propagada,-81,luz_saturada
684,maceta-01,683,25,1.1.0,2026-09-13 04:43:43+00:00,2026-09-13 04:43:45.389678+00:00,8.5,62.0,16,142.0,4.0,3533,2855.0,,624,638.0,37.9,0,sin_etiquetar,propagada,-81,
685,maceta-01,684,25,1.1.0,2026-09-13 04:44:13+00:00,2026-09-13 04:44:15.576652+00:00,8.5,62.0,1,143.0,4.0,3527,2850.0,,624,632.0,38.2,0,sin_etiquetar,propagada,-81,
686,maceta-01,685,25,1.1.0,2026-09-13 04:44:43+00:00,2026-09-13 04:44:45.354680+00:00,8.5,62.0,3,146.0,4.0,3517,2856.0,,619,638.0,37.9,0,sin_etiquetar,propagada,-81,
687,maceta-01,686,25,1.1.0,2026-09-13 04:45:13+00:00,2026-09-13 04:45:15.555978+00:00,8.5,62.0,15,144.0,4.0,3517,2852.0,,625,638.0,37.9,0,sin_etiquetar,propagada,-81,
688,maceta-01,687,25,1.1.0,2026-09-13 04:45:43+00:00,2026-09-13 04:45:45.327489+00:00,8.5,62.0,16,142.0,4.0,3539,2853.0,,618,637.0,37.9,0,sin_etiquetar,propagada,-81,
689,maceta-01,688,25,1.1.0,2026-09-13 04:46:13+00:00,2026-09-13 04:46:15.308741+00:00,8.5,62.0,3,142.0,4.0,3533,2859.0,,633,640.0,37.8,0,sin_etiquetar,propagada,-80,
690,maceta-01,689,25,1.1.0,2026-09-13 04:46:43+00:00,2026-09-13 04:46:45.599840+00:00,8.5,62.0,0,143.0,4.0,3542,2860.0,,624,638.0,37.9,0,sin_etiquetar,propagada,-81,luz_saturada
691,maceta-01,690,25,1.1.0,2026-09-13 04:47:13+00:00,2026-09-13 04:47:15.376850+00:00,8.5,62.0,1,143.0,4.0,3543,2860.0,,630,638.0,37.9,0,sin_etiquetar,propagada,-81,
692,maceta-01,691,25,1.1.0,2026-09-13 04:47:43+00:00,2026-09-13 04:47:45.367007+00:00,8.5,62.0,0,142.0,4.0,3533,2860.0,,625,639.0,37.8,0,sin_etiquetar,propagada,-81,luz_saturada
693,maceta-01,692,25,1.1.0,2026-09-13 04:48:13+00:00,2026-09-13 04:48:15.558409+00:00,8.5,62.0,9,148.0,4.0,3535,2859.0,,623,641.0,37.7,0,sin_etiquetar,propagada,-82,
694,maceta-01,693,25,1.1.0,2026-09-13 04:48:43+00:00,2026-09-13 04:48:45.331225+00:00,8.5,62.0,13,143.0,4.0,3518,2860.0,,622,639.0,37.8,0,sin_etiquetar,propagada,-81,
695,maceta-01,694,25,1.1.0,2026-09-13 04:49:13+00:00,2026-09-13 04:49:15.517795+00:00,8.5,62.0,0,148.0,4.0,3541,2866.0,,618,634.0,38.1,0,sin_etiquetar,propagada,-82,luz_saturada
696,maceta-01,695,25,1.1.0,2026-09-13 04:49:43+00:00,2026-09-13 04:49:45.312516+00:00,8.5,62.0,0,150.0,4.0,3551,2866.0,,617,638.0,37.9,0,sin_etiquetar,propagada,-81,luz_saturada
697,maceta-01,696,25,1.1.0,2026-09-13 04:50:13+00:00,2026-09-13 04:50:15.299911+00:00,8.5,62.0,1,142.0,4.0,3562,2870.0,,626,630.0,38.3,0,sin_etiquetar,propagada,-82,
698,maceta-01,697,25,1.1.0,2026-09-13 04:50:43+00:00,2026-09-13 04:50:45.573931+00:00,8.5,62.0,16,147.0,4.0,3530,2855.0,,626,638.0,37.9,0,sin_etiquetar,propagada,-79,
699,maceta-01,698,25,1.1.0,2026-09-13 04:51:13+00:00,2026-09-13 04:51:15.353322+00:00,8.5,62.0,0,146.0,4.0,3563,2872.0,,621,636.0,38.0,0,sin_etiquetar,propagada,-81,luz_saturada
700,maceta-01,699,25,1.1.0,2026-09-13 04:51:43+00:00,2026-09-13 04:51:45.337376+00:00,8.5,62.0,5,142.0,4.0,3579,2868.0,,624,638.0,37.9,0,sin_etiquetar,propagada,-82,
701,maceta-01,700,25,1.1.0,2026-09-13 04:52:13+00:00,2026-09-13 04:52:15.523637+00:00,8.5,62.0,0,142.0,4.0,3571,2873.0,,608,634.0,38.1,0,sin_etiquetar,propagada,-82,luz_saturada
702,maceta-01,701,25,1.1.0,2026-09-13 04:52:43+00:00,2026-09-13 04:52:45.312990+00:00,8.5,62.0,0,148.0,4.0,3557,2862.0,,632,638.0,37.9,0,sin_etiquetar,propagada,-80,luz_saturada
703,maceta-01,702,25,1.1.0,2026-09-13 04:53:13+00:00,2026-09-13 04:53:15.401490+00:00,8.5,62.0,0,142.0,4.0,3557,2864.0,,615,641.0,37.7,0,sin_etiquetar,propagada,-82,luz_saturada
704,maceta-01,703,25,1.1.0,2026-09-13 04:53:43+00:00,2026-09-13 04:53:45.577494+00:00,8.5,62.0,12,153.0,4.0,3536,2864.0,,626,639.0,37.8,0,sin_etiquetar,propagada,-82,
705,maceta-01,704,25,1.1.0,2026-09-13 04:54:13+00:00,2026-09-13 04:54:15.360193+00:00,8.5,62.0,0,155.0,4.0,3538,2855.0,,629,640.0,37.8,0,sin_etiquetar,propagada,-81,luz_saturada
706,maceta-01,705,25,1.1.0,2026-09-13 04:54:43+00:00,2026-09-13 04:54:45.250429+00:00,8.5,62.0,15,152.0,4.0,3524,2862.0,,620,638.0,37.9,0,sin_etiquetar,propagada,-81,
707,maceta-01,706,25,1.1.0,2026-09-13 04:55:13+00:00,2026-09-13 04:55:15.530682+00:00,8.5,62.0,0,142.0,4.0,3543,2857.0,,630,638.0,37.9,0,sin_etiquetar,propagada,-82,luz_saturada
708,maceta-01,707,25,1.1.0,2026-09-13 04:55:43+00:00,2026-09-13 04:55:45.415777+00:00,8.5,62.0,10,142.0,4.0,3527,2854.0,,624,642.0,37.7,0,sin_etiquetar,propagada,-81,
709,maceta-01,708,25,1.1.0,2026-09-13 04:56:13+00:00,2026-09-13 04:56:15.295991+00:00,8.5,62.0,0,143.0,4.0,3533,2853.0,,630,637.0,37.9,0,sin_etiquetar,propagada,-81,luz_saturada
710,maceta-01,709,25,1.1.0,2026-09-13 04:56:43+00:00,2026-09-13 04:56:45.584104+00:00,8.5,62.0,2,150.0,4.0,3493,2838.0,,624,638.0,37.9,0,sin_etiquetar,propagada,-82,
711,maceta-01,710,25,1.1.0,2026-09-13 04:57:13+00:00,2026-09-13 04:57:15.363484+00:00,8.5,62.0,16,147.0,4.0,3517,2852.0,,619,638.0,37.9,0,sin_etiquetar,propagada,-81,
712,maceta-01,711,25,1.1.0,2026-09-13 04:57:43+00:00,2026-09-13 04:57:45.550422+00:00,8.5,61.0,0,147.0,4.0,3536,2859.0,,625,638.0,37.9,0,sin_etiquetar,propagada,-81,luz_saturada
713,maceta-01,712,25,1.1.0,2026-09-13 04:58:13+00:00,2026-09-13 04:58:15.330961+00:00,8.5,61.0,12,152.0,4.0,3526,2858.0,,622,640.0,37.8,0,sin_etiquetar,propagada,-81,
714,maceta-01,713,25,1.1.0,2026-09-13 04:58:43+00:00,2026-09-13 04:58:45.328658+00:00,8.6,61.0,7,143.0,4.0,3536,2856.0,,622,638.0,37.9,0,sin_etiquetar,propagada,-81,
715,maceta-01,714,25,1.1.0,2026-09-13 04:59:13+00:00,2026-09-13 04:59:15.505126+00:00,8.9,61.0,0,145.0,4.0,3534,2853.0,,618,642.0,37.7,0,sin_etiquetar,propagada,-81,luz_saturada
716,maceta-01,715,25,1.1.0,2026-09-13 04:59:43+00:00,2026-09-13 04:59:45.290661+00:00,8.5,61.0,1,144.0,4.0,3559,2852.0,,624,642.0,37.7,0,sin_etiquetar,propagada,-81,
717,maceta-01,716,25,1.1.0,2026-09-13 05:00:13+00:00,2026-09-13 05:00:15.583356+00:00,8.5,61.0,0,150.0,4.0,3550,2858.0,,614,637.0,37.9,0,sin_etiquetar,propagada,-82,luz_saturada
718,maceta-01,717,25,1.1.0,2026-09-13 05:00:43+00:00,2026-09-13 05:00:45.367907+00:00,8.5,61.0,0,146.0,4.0,3536,2853.0,,627,638.0,37.9,0,sin_etiquetar,propagada,-81,luz_saturada
719,maceta-01,718,25,1.1.0,2026-09-13 05:01:13+00:00,2026-09-13 05:01:15.347645+00:00,8.5,61.0,15,151.0,4.0,3523,2859.0,,618,643.0,37.7,0,sin_etiquetar,propagada,-80,
720,maceta-01,719,25,1.1.0,2026-09-13 05:01:43+00:00,2026-09-13 05:01:45.529845+00:00,8.5,61.0,11,142.0,4.0,3543,2858.0,,631,641.0,37.7,0,sin_etiquetar,propagada,-82,
721,maceta-01,720,25,1.1.0,2026-09-13 05:02:13+00:00,2026-09-13 05:02:15.308479+00:00,8.9,61.0,3,142.0,4.0,3533,2862.0,,635,641.0,37.7,0,sin_etiquetar,propagada,-80,
722,maceta-01,721,25,1.1.0,2026-09-13 05:02:43+00:00,2026-09-13 05:02:45.293741+00:00,8.9,61.0,0,142.0,4.0,3535,2859.0,,622,643.0,37.7,0,sin_etiquetar,propagada,-81,luz_saturada
723,maceta-01,722,25,1.1.0,2026-09-13 05:03:13+00:00,2026-09-13 05:03:15.586084+00:00,8.9,61.0,0,147.0,4.0,3534,2860.0,,624,638.0,37.9,0,sin_etiquetar,propagada,-82,luz_saturada
724,maceta-01,723,25,1.1.0,2026-09-13 05:03:43+00:00,2026-09-13 05:03:45.263388+00:00,8.9,61.0,3,144.0,4.0,3536,2860.0,,627,636.0,38.0,0,sin_etiquetar,propagada,-81,
725,maceta-01,724,25,1.1.0,2026-09-13 05:04:13+00:00,2026-09-13 05:04:15.350074+00:00,8.9,61.0,15,145.0,4.0,3530,2860.0,,638,641.0,37.7,0,sin_etiquetar,propagada,-82,
726,maceta-01,725,25,1.1.0,2026-09-13 05:04:43+00:00,2026-09-13 05:04:45.536687+00:00,8.9,61.0,0,142.0,4.0,3517,2845.0,,626,638.0,37.9,0,sin_etiquetar,propagada,-82,luz_saturada
727,maceta-01,726,25,1.1.0,2026-09-13 05:05:13+00:00,2026-09-13 05:05:15.330373+00:00,8.9,62.0,10,148.0,4.0,3533,2855.0,,626,637.0,37.9,0,sin_etiquetar,propagada,-81,
728,maceta-01,727,25,1.1.0,2026-09-13 05:05:43+00:00,2026-09-13 05:05:45.302041+00:00,8.5,62.0,0,151.0,4.0,3535,2851.0,,611,634.0,38.1,0,sin_etiquetar,propagada,-81,luz_saturada
729,maceta-01,728,25,1.1.0,2026-09-13 05:06:13+00:00,2026-09-13 05:06:15.495451+00:00,8.5,62.0,0,148.0,4.0,3530,2859.0,,625,639.0,37.8,0,sin_etiquetar,propagada,-81,luz_saturada
730,maceta-01,729,25,1.1.0,2026-09-13 05:06:43+00:00,2026-09-13 05:06:45.267004+00:00,8.5,62.0,0,152.0,4.0,3495,2837.0,,627,640.0,37.8,0,sin_etiquetar,propagada,-81,luz_saturada
731,maceta-01,730,25,1.1.0,2026-09-13 05:07:13+00:00,2026-09-13 05:07:15.353999+00:00,8.5,62.0,15,144.0,4.0,3536,2851.0,,615,638.0,37.9,0,sin_etiquetar,propagada,-80,
732,maceta-01,731,25,1.1.0,2026-09-13 05:07:43+00:00,2026-09-13 05:07:45.543636+00:00,8.5,62.0,4,154.0,4.0,3505,2852.0,,625,643.0,37.7,0,sin_etiquetar,propagada,-82,
733,maceta-01,732,25,1.1.0,2026-09-13 05:08:13+00:00,2026-09-13 05:08:15.328827+00:00,8.9,62.0,0,148.0,4.0,3504,2853.0,,638,643.0,37.7,0,sin_etiquetar,propagada,-81,luz_saturada
734,maceta-01,733,25,1.1.0,2026-09-13 05:08:43+00:00,2026-09-13 05:08:45.515131+00:00,8.9,62.0,16,144.0,4.0,3519,2863.0,,634,638.0,37.9,0,sin_etiquetar,propagada,-82,
735,maceta-01,734,25,1.1.0,2026-09-13 05:09:13+00:00,2026-09-13 05:09:15.298265+00:00,8.9,62.0,0,143.0,4.0,3523,2858.0,,622,640.0,37.8,0,sin_etiquetar,propagada,-80,luz_saturada
736,maceta-01,735,25,1.1.0,2026-09-13 05:09:43+00:00,2026-09-13 05:09:45.272687+00:00,8.9,62.0,6,150.0,4.0,3541,2865.0,,639,638.0,37.9,0,sin_etiquetar,propagada,-81,
737,maceta-01,736,25,1.1.0,2026-09-13 05:10:13+00:00,2026-09-13 05:10:15.568348+00:00,8.9,62.0,0,144.0,4.0,3531,2847.0,,620,638.0,37.9,0,sin_etiquetar,propagada,-82,luz_saturada
738,maceta-01,737,25,1.1.0,2026-09-13 05:10:43+00:00,2026-09-13 05:10:45.241118+00:00,8.9,62.0,13,145.0,4.0,3511,2845.0,,611,636.0,38.0,0,sin_etiquetar,propagada,-81,
739,maceta-01,738,25,1.1.0,2026-09-13 05:11:13+00:00,2026-09-13 05:11:15.325809+00:00,8.5,62.0,1,149.0,4.0,3512,2850.0,,622,637.0,37.9,0,sin_etiquetar,propagada,-81,
740,maceta-01,739,25,1.1.0,2026-09-13 05:11:43+00:00,2026-09-13 05:11:45.516807+00:00,8.5,62.0,0,142.0,4.0,3507,2847.0,,625,638.0,37.9,0,sin_etiquetar,propagada,-80,luz_saturada
741,maceta-01,740,25,1.1.0,2026-09-13 05:12:13+00:00,2026-09-13 05:12:15.293210+00:00,8.5,62.0,9,142.0,4.0,3509,2851.0,,624,639.0,37.8,0,sin_etiquetar,propagada,-82,
742,maceta-01,741,25,1.1.0,2026-09-13 05:12:43+00:00,2026-09-13 05:12:45.278642+00:00,8.5,62.0,16,144.0,4.0,3506,2845.0,,627,638.0,37.9,0,sin_etiquetar,propagada,-81,
743,maceta-01,742,25,1.1.0,2026-09-13 05:13:13+00:00,2026-09-13 05:13:15.464066+00:00,8.9,62.0,3,147.0,4.0,3507,2846.0,,635,638.0,37.9,0,sin_etiquetar,propagada,-80,
744,maceta-01,743,25,1.1.0,2026-09-13 05:13:43+00:00,2026-09-13 05:13:45.246833+00:00,8.5,62.0,16,144.0,4.0,3523,2843.0,,626,638.0,37.9,0,sin_etiquetar,propagada,-82,
745,maceta-01,744,25,1.1.0,2026-09-13 05:14:13+00:00,2026-09-13 05:14:15.335426+00:00,8.5,62.0,2,142.0,4.0,3516,2851.0,,625,638.0,37.9,0,sin_etiquetar,propagada,-85,
746,maceta-01,745,25,1.1.0,2026-09-13 05:14:43+00:00,2026-09-13 05:14:45.522439+00:00,8.8,62.0,1,145.0,4.0,3534,2855.0,,629,641.0,37.7,0,sin_etiquetar,propagada,-81,
747,maceta-01,746,25,1.1.0,2026-09-13 05:15:13+00:00,2026-09-13 05:15:15.300939+00:00,8.8,61.0,1,145.0,4.0,3511,2850.0,,627,640.0,37.8,0,sin_etiquetar,propagada,-81,
748,maceta-01,747,25,1.1.0,2026-09-13 05:15:43+00:00,2026-09-13 05:15:45.488693+00:00,8.9,61.0,16,148.0,4.0,3514,2852.0,,637,641.0,37.7,0,sin_etiquetar,propagada,-81,
749,maceta-01,748,25,1.1.0,2026-09-13 05:16:13+00:00,2026-09-13 05:16:15.265925+00:00,8.9,61.0,13,146.0,4.0,3528,2851.0,,630,642.0,37.7,0,sin_etiquetar,propagada,-81,
750,maceta-01,749,25,1.1.0,2026-09-13 05:16:43+00:00,2026-09-13 05:16:45.250209+00:00,8.9,61.0,16,143.0,4.0,3494,2851.0,,635,638.0,37.9,0,sin_etiquetar,propagada,-81,
751,maceta-01,750,25,1.1.0,2026-09-13 05:17:13+00:00,2026-09-13 05:17:15.541905+00:00,8.9,61.0,8,147.0,4.0,3518,2846.0,,630,640.0,37.8,0,sin_etiquetar,propagada,-81,
752,maceta-01,751,25,1.1.0,2026-09-13 05:17:43+00:00,2026-09-13 05:17:45.319559+00:00,8.9,61.0,16,148.0,4.0,3501,2850.0,,614,638.0,37.9,0,sin_etiquetar,propagada,-81,
753,maceta-01,752,25,1.1.0,2026-09-13 05:18:13+00:00,2026-09-13 05:18:15.508252+00:00,8.5,61.0,0,144.0,4.0,3521,2855.0,,631,637.0,37.9,0,sin_etiquetar,propagada,-81,luz_saturada
754,maceta-01,753,25,1.1.0,2026-09-13 05:18:43+00:00,2026-09-13 05:18:45.288793+00:00,8.5,61.0,0,146.0,4.0,3504,2853.0,,633,640.0,37.8,0,sin_etiquetar,propagada,-81,luz_saturada
755,maceta-01,754,25,1.1.0,2026-09-13 05:19:13+00:00,2026-09-13 05:19:15.272942+00:00,8.5,61.0,0,143.0,4.0,3503,2840.0,,623,638.0,37.9,0,sin_etiquetar,propagada,-82,luz_saturada
756,maceta-01,755,25,1.1.0,2026-09-13 05:19:43+00:00,2026-09-13 05:19:45.469111+00:00,8.9,61.0,3,142.0,4.0,3526,2842.0,,629,643.0,37.7,0,sin_etiquetar,propagada,-81,
757,maceta-01,756,25,1.1.0,2026-09-13 05:20:13+00:00,2026-09-13 05:20:15.240049+00:00,8.9,61.0,11,142.0,4.0,3494,2845.0,,624,645.0,37.6,0,sin_etiquetar,propagada,-82,
758,maceta-01,757,25,1.1.0,2026-09-13 05:20:43+00:00,2026-09-13 05:20:45.529501+00:00,8.9,61.0,0,143.0,4.0,3517,2849.0,,621,638.0,37.9,0,sin_etiquetar,propagada,-82,luz_saturada
759,maceta-01,758,25,1.1.0,2026-09-13 05:21:13+00:00,2026-09-13 05:21:15.309380+00:00,8.9,61.0,12,146.0,4.0,3513,2838.0,,635,638.0,37.9,0,sin_etiquetar,propagada,-81,
760,maceta-01,759,25,1.1.0,2026-09-13 05:21:43+00:00,2026-09-13 05:21:45.292732+00:00,8.9,61.0,12,155.0,4.0,3513,2838.0,,619,638.0,37.9,0,sin_etiquetar,propagada,-81,
761,maceta-01,760,25,1.1.0,2026-09-13 05:22:13+00:00,2026-09-13 05:22:15.490755+00:00,8.5,61.0,0,144.0,4.0,3506,2842.0,,626,634.0,38.1,0,sin_etiquetar,propagada,-81,luz_saturada
762,maceta-01,761,25,1.1.0,2026-09-13 05:22:43+00:00,2026-09-13 05:22:45.280011+00:00,8.5,61.0,0,148.0,4.0,3493,2838.0,,614,638.0,37.9,0,sin_etiquetar,propagada,-79,luz_saturada
763,maceta-01,762,25,1.1.0,2026-09-13 05:23:13+00:00,2026-09-13 05:23:15.260057+00:00,8.5,61.0,0,142.0,4.0,3495,2835.0,,624,634.0,38.1,0,sin_etiquetar,propagada,-81,luz_saturada
764,maceta-01,763,25,1.1.0,2026-09-13 05:23:43+00:00,2026-09-13 05:23:45.446606+00:00,8.5,61.0,14,152.0,4.0,3507,2832.0,,624,638.0,37.9,0,sin_etiquetar,propagada,-81,
765,maceta-01,764,25,1.1.0,2026-09-13 05:24:13+00:00,2026-09-13 05:24:15.233053+00:00,8.5,61.0,10,147.0,4.0,3502,2849.0,,629,641.0,37.7,0,sin_etiquetar,propagada,-80,
766,maceta-01,765,25,1.1.0,2026-09-13 05:24:43+00:00,2026-09-13 05:24:45.417321+00:00,8.5,61.0,0,142.0,4.0,3504,2843.0,,621,638.0,37.9,0,sin_etiquetar,propagada,-81,luz_saturada
767,maceta-01,766,25,1.1.0,2026-09-13 05:25:13+00:00,2026-09-13 05:25:15.503389+00:00,8.5,61.0,9,145.0,4.0,3510,2851.0,,621,634.0,38.1,0,sin_etiquetar,propagada,-82,
768,maceta-01,767,25,1.1.0,2026-09-13 05:25:43+00:00,2026-09-13 05:25:45.281880+00:00,8.5,61.0,0,154.0,4.0,3495,2833.0,,614,638.0,37.9,0,sin_etiquetar,propagada,-81,luz_saturada
769,maceta-01,768,25,1.1.0,2026-09-13 05:26:13+00:00,2026-09-13 05:26:15.468419+00:00,8.5,61.0,10,148.0,4.0,3501,2839.0,,620,640.0,37.8,0,sin_etiquetar,propagada,-81,
770,maceta-01,769,25,1.1.0,2026-09-13 05:26:43+00:00,2026-09-13 05:26:45.251459+00:00,8.5,61.0,0,144.0,4.0,3491,2837.0,,631,640.0,37.8,0,sin_etiquetar,propagada,-81,luz_saturada
771,maceta-01,770,25,1.1.0,2026-09-13 05:27:13+00:00,2026-09-13 05:27:15.231546+00:00,8.5,61.0,0,142.0,4.0,3507,2835.0,,632,644.0,37.6,0,sin_etiquetar,propagada,-79,luz_saturada
772,maceta-01,771,25,1.1.0,2026-09-13 05:27:43+00:00,2026-09-13 05:27:45.521027+00:00,8.5,61.0,12,145.0,4.0,3498,2839.0,,623,638.0,37.9,0,sin_etiquetar,propagada,-80,
773,maceta-01,772,25,1.1.0,2026-09-13 05:28:13+00:00,2026-09-13 05:28:15.320672+00:00,8.5,61.0,18,142.0,4.0,3504,2843.0,,614,638.0,37.9,0,sin_etiquetar,propagada,-81,
774,maceta-01,773,25,1.1.0,2026-09-13 05:28:43+00:00,2026-09-13 05:28:45.285951+00:00,8.5,61.0,0,142.0,4.0,3514,2843.0,,623,639.0,37.8,0,sin_etiquetar,propagada,-81,luz_saturada
775,maceta-01,774,25,1.1.0,2026-09-13 05:29:13+00:00,2026-09-13 05:29:15.476186+00:00,8.5,61.0,0,147.0,4.0,3497,2850.0,,618,636.0,38.0,0,sin_etiquetar,propagada,-80,luz_saturada
776,maceta-01,775,25,1.1.0,2026-09-13 05:29:43+00:00,2026-09-13 05:29:45.253396+00:00,8.5,61.0,16,144.0,4.0,3511,2849.0,,617,640.0,37.8,0,sin_etiquetar,propagada,-78,
777,maceta-01,776,25,1.1.0,2026-09-13 05:30:13+00:00,2026-09-13 05:30:15.243413+00:00,8.5,61.0,11,152.0,4.0,3497,2839.0,,631,641.0,37.7,0,sin_etiquetar,propagada,-80,
778,maceta-01,777,25,1.1.0,2026-09-13 05:30:43+00:00,2026-09-13 05:30:45.527952+00:00,8.5,61.0,16,143.0,4.0,3504,2842.0,,625,638.0,37.9,0,sin_etiquetar,propagada,-79,
779,maceta-01,778,25,1.1.0,2026-09-13 05:31:13+00:00,2026-09-13 05:31:15.206951+00:00,8.5,61.0,15,148.0,4.0,3510,2849.0,,619,641.0,37.7,0,sin_etiquetar,propagada,-80,
780,maceta-01,779,25,1.1.0,2026-09-13 05:31:43+00:00,2026-09-13 05:31:45.289599+00:00,8.5,61.0,0,143.0,4.0,3517,2851.0,,625,642.0,37.7,0,sin_etiquetar,propagada,-79,luz_saturada
781,maceta-01,780,25,1.1.0,2026-09-13 05:32:13+00:00,2026-09-13 05:32:15.483200+00:00,8.5,61.0,8,144.0,4.0,3498,2843.0,,629,638.0,37.9,0,sin_etiquetar,propagada,-84,
782,maceta-01,781,25,1.1.0,2026-09-13 05:32:43+00:00,2026-09-13 05:32:45.262059+00:00,8.5,61.0,15,143.0,4.0,3523,2843.0,,626,638.0,37.9,0,sin_etiquetar,propagada,-80,
783,maceta-01,782,25,1.1.0,2026-09-13 05:33:13+00:00,2026-09-13 05:33:15.450947+00:00,8.5,61.0,16,155.0,4.0,3505,2848.0,,631,640.0,37.8,0,sin_etiquetar,propagada,-80,
784,maceta-01,783,25,1.1.0,2026-09-13 05:33:43+00:00,2026-09-13 05:33:45.330860+00:00,8.5,60.0,0,148.0,4.0,3488,2843.0,,633,639.0,37.8,0,sin_etiquetar,propagada,-80,luz_saturada
785,maceta-01,784,25,1.1.0,2026-09-13 05:34:13+00:00,2026-09-13 05:34:15.211854+00:00,8.5,60.0,5,146.0,4.0,3521,2842.0,,624,637.0,37.9,0,sin_etiquetar,propagada,-85,
786,maceta-01,785,25,1.1.0,2026-09-13 05:34:43+00:00,2026-09-13 05:34:45.604463+00:00,8.5,61.0,0,142.0,4.0,3507,2846.0,,624,637.0,37.9,0,sin_etiquetar,propagada,-79,luz_saturada
787,maceta-01,786,25,1.1.0,2026-09-13 05:35:13+00:00,2026-09-13 05:35:15.279282+00:00,8.5,61.0,41,144.0,4.0,3505,2843.0,,612,631.0,38.2,0,sin_etiquetar,propagada,-80,
788,maceta-01,787,25,1.1.0,2026-09-13 05:35:43+00:00,2026-09-13 05:35:45.265834+00:00,8.5,61.0,17,145.0,4.0,3520,2842.0,,629,640.0,37.8,0,sin_etiquetar,propagada,-79,
789,maceta-01,788,25,1.1.0,2026-09-13 05:36:13+00:00,2026-09-13 05:36:15.659754+00:00,8.5,61.0,11,142.0,4.0,3515,2849.0,,624,634.0,38.1,0,sin_etiquetar,propagada,-83,
790,maceta-01,789,25,1.1.0,2026-09-13 05:36:43+00:00,2026-09-13 05:36:45.336567+00:00,8.5,61.0,0,142.0,4.0,3529,2853.0,,617,640.0,37.8,0,sin_etiquetar,propagada,-80,luz_saturada
791,maceta-01,790,25,1.1.0,2026-09-13 05:37:13+00:00,2026-09-13 05:37:15.321009+00:00,8.5,61.0,5,142.0,4.0,3521,2858.0,,633,639.0,37.8,0,sin_etiquetar,propagada,-80,
792,maceta-01,791,25,1.1.0,2026-09-13 05:37:43+00:00,2026-09-13 05:37:45.507292+00:00,8.7,61.0,0,144.0,4.0,3495,2846.0,,622,642.0,37.7,0,sin_etiquetar,propagada,-80,luz_saturada
793,maceta-01,792,25,1.1.0,2026-09-13 05:38:13+00:00,2026-09-13 05:38:15.301078+00:00,8.5,61.0,16,144.0,4.0,3503,2853.0,,626,636.0,38.0,0,sin_etiquetar,propagada,-80,
794,maceta-01,793,25,1.1.0,2026-09-13 05:38:43+00:00,2026-09-13 05:38:45.271840+00:00,8.8,61.0,1,145.0,4.0,3520,2858.0,,625,646.0,37.5,0,sin_etiquetar,propagada,-81,
795,maceta-01,794,25,1.1.0,2026-09-13 05:39:13+00:00,2026-09-13 05:39:15.459647+00:00,8.9,61.0,0,142.0,4.0,3527,2853.0,,622,642.0,37.7,0,sin_etiquetar,propagada,-83,luz_saturada
796,maceta-01,795,25,1.1.0,2026-09-13 05:39:43+00:00,2026-09-13 05:39:45.337636+00:00,8.9,60.0,11,144.0,4.0,3515,2848.0,,626,640.0,37.8,0,sin_etiquetar,propagada,-85,
797,maceta-01,796,25,1.1.0,2026-09-13 05:40:13+00:00,2026-09-13 05:40:15.220179+00:00,8.5,60.0,0,144.0,4.0,3501,2846.0,,625,643.0,37.7,0,sin_etiquetar,propagada,-83,luz_saturada
798,maceta-01,797,25,1.1.0,2026-09-13 05:40:43+00:00,2026-09-13 05:40:45.410525+00:00,8.5,60.0,9,142.0,4.0,3519,2855.0,,624,642.0,37.7,0,sin_etiquetar,propagada,-80,
799,maceta-01,798,25,1.1.0,2026-09-13 05:41:13+00:00,2026-09-13 05:41:15.193879+00:00,8.5,60.0,0,142.0,4.0,3518,2851.0,,630,642.0,37.7,0,sin_etiquetar,propagada,-84,luz_saturada
800,maceta-01,799,25,1.1.0,2026-09-13 05:41:43+00:00,2026-09-13 05:41:45.174084+00:00,8.9,60.0,6,142.0,4.0,3519,2857.0,,621,637.0,37.9,0,sin_etiquetar,propagada,-80,
801,maceta-01,800,25,1.1.0,2026-09-13 05:42:13+00:00,2026-09-13 05:42:15.460724+00:00,8.9,60.0,0,142.0,4.0,3505,2843.0,,620,632.0,38.2,0,sin_etiquetar,propagada,-81,luz_saturada
802,maceta-01,801,25,1.1.0,2026-09-13 05:42:43+00:00,2026-09-13 05:42:45.244460+00:00,8.9,60.0,16,147.0,4.0,3495,2842.0,,636,640.0,37.8,0,sin_etiquetar,propagada,-81,
803,maceta-01,802,25,1.1.0,2026-09-13 05:43:13+00:00,2026-09-13 05:43:15.225858+00:00,8.9,60.0,0,151.0,4.0,3510,2849.0,,621,638.0,37.9,0,sin_etiquetar,propagada,-80,luz_saturada
804,maceta-01,803,25,1.1.0,2026-09-13 05:43:43+00:00,2026-09-13 05:43:45.416862+00:00,8.9,60.0,0,142.0,4.0,3462,2822.0,,633,638.0,37.9,0,sin_etiquetar,propagada,-79,luz_saturada
805,maceta-01,804,25,1.1.0,2026-09-13 05:44:13+00:00,2026-09-13 05:44:15.194712+00:00,8.7,60.0,0,144.0,4.0,3471,2824.0,,630,638.0,37.9,0,sin_etiquetar,propagada,-80,luz_saturada
806,maceta-01,805,25,1.1.0,2026-09-13 05:44:43+00:00,2026-09-13 05:44:45.178301+00:00,8.5,61.0,6,142.0,4.0,3472,2815.0,,629,638.0,37.9,0,sin_etiquetar,propagada,-80,
807,maceta-01,806,25,1.1.0,2026-09-13 05:45:13+00:00,2026-09-13 05:45:15.467743+00:00,8.5,61.0,1,142.0,4.0,3465,2821.0,,616,638.0,37.9,0,sin_etiquetar,propagada,-79,
808,maceta-01,807,25,1.1.0,2026-09-13 05:45:43+00:00,2026-09-13 05:45:45.248567+00:00,8.5,61.0,0,146.0,4.0,3499,2831.0,,624,640.0,37.8,0,sin_etiquetar,propagada,-81,luz_saturada
809,maceta-01,808,25,1.1.0,2026-09-13 05:46:13+00:00,2026-09-13 05:46:15.445076+00:00,8.5,61.0,0,147.0,4.0,3473,2828.0,,619,639.0,37.8,0,sin_etiquetar,propagada,-78,luz_saturada
810,maceta-01,809,25,1.1.0,2026-09-13 05:46:43+00:00,2026-09-13 05:46:45.320267+00:00,8.5,61.0,7,151.0,4.0,3459,2824.0,,628,639.0,37.8,0,sin_etiquetar,propagada,-81,
811,maceta-01,810,25,1.1.0,2026-09-13 05:47:13+00:00,2026-09-13 05:47:15.199823+00:00,8.5,61.0,5,142.0,4.0,3472,2824.0,,622,638.0,37.9,0,sin_etiquetar,propagada,-80,
812,maceta-01,811,25,1.1.0,2026-09-13 05:47:43+00:00,2026-09-13 05:47:45.490790+00:00,8.5,61.0,10,144.0,4.0,3485,2825.0,,621,641.0,37.7,0,sin_etiquetar,propagada,-82,
813,maceta-01,812,25,1.1.0,2026-09-13 05:48:13+00:00,2026-09-13 05:48:15.169096+00:00,8.5,61.0,16,147.0,4.0,3465,2812.0,,618,638.0,37.9,0,sin_etiquetar,propagada,-79,
814,maceta-01,813,25,1.1.0,2026-09-13 05:48:43+00:00,2026-09-13 05:48:45.254645+00:00,8.5,61.0,2,142.0,4.0,3461,2824.0,,615,638.0,37.9,0,sin_etiquetar,propagada,-80,
815,maceta-01,814,25,1.1.0,2026-09-13 05:49:13+00:00,2026-09-13 05:49:15.449370+00:00,8.5,61.0,4,142.0,4.0,3463,2808.0,,629,640.0,37.8,0,sin_etiquetar,propagada,-78,
816,maceta-01,815,25,1.1.0,2026-09-13 05:49:43+00:00,2026-09-13 05:49:45.324878+00:00,8.5,60.0,0,148.0,4.0,3459,2808.0,,610,630.0,38.3,0,sin_etiquetar,propagada,-78,luz_saturada
817,maceta-01,816,25,1.1.0,2026-09-13 05:50:13+00:00,2026-09-13 05:50:15.410130+00:00,8.5,60.0,0,144.0,4.0,3469,2825.0,,630,635.0,38.0,0,sin_etiquetar,propagada,-80,luz_saturada
818,maceta-01,817,25,1.1.0,2026-09-13 05:50:43+00:00,2026-09-13 05:50:45.291888+00:00,8.5,60.0,16,154.0,4.0,3472,2819.0,,631,638.0,37.9,0,sin_etiquetar,propagada,-81,
819,maceta-01,818,25,1.1.0,2026-09-13 05:51:13+00:00,2026-09-13 05:51:15.180746+00:00,8.5,60.0,0,142.0,4.0,3458,2817.0,,624,635.0,38.0,0,sin_etiquetar,propagada,-82,luz_saturada
820,maceta-01,819,25,1.1.0,2026-09-13 05:51:43+00:00,2026-09-13 05:51:45.466521+00:00,8.5,60.0,10,150.0,4.0,3424,2813.0,,626,636.0,38.0,0,sin_etiquetar,propagada,-81,
821,maceta-01,820,25,1.1.0,2026-09-13 05:52:13+00:00,2026-09-13 05:52:15.245383+00:00,8.5,60.0,3,142.0,4.0,3454,2813.0,,626,641.0,37.7,0,sin_etiquetar,propagada,-82,
822,maceta-01,821,25,1.1.0,2026-09-13 05:52:43+00:00,2026-09-13 05:52:45.436138+00:00,8.5,60.0,32,143.0,4.0,3470,2822.0,,619,640.0,37.8,0,sin_etiquetar,propagada,-79,
823,maceta-01,822,25,1.1.0,2026-09-13 05:53:13+00:00,2026-09-13 05:53:15.212141+00:00,8.5,60.0,7,144.0,4.0,3472,2825.0,,629,638.0,37.9,0,sin_etiquetar,propagada,-78,
824,maceta-01,823,25,1.1.0,2026-09-13 05:53:43+00:00,2026-09-13 05:53:45.191367+00:00,8.5,60.0,0,144.0,4.0,3447,2815.0,,624,634.0,38.1,0,sin_etiquetar,propagada,-82,luz_saturada
825,maceta-01,824,25,1.1.0,2026-09-13 05:54:13+00:00,2026-09-13 05:54:15.384212+00:00,8.5,60.0,13,144.0,4.0,3442,2812.0,,615,635.0,38.0,0,sin_etiquetar,propagada,-79,
826,maceta-01,825,25,1.1.0,2026-09-13 05:54:43+00:00,2026-09-13 05:54:45.263497+00:00,8.5,60.0,0,142.0,4.0,3467,2821.0,,631,638.0,37.9,0,sin_etiquetar,propagada,-82,luz_saturada
827,maceta-01,826,25,1.1.0,2026-09-13 05:55:13+00:00,2026-09-13 05:55:15.145991+00:00,8.5,60.0,1,145.0,4.0,3477,2822.0,,624,634.0,38.1,0,sin_etiquetar,propagada,-81,
828,maceta-01,827,25,1.1.0,2026-09-13 05:55:43+00:00,2026-09-13 05:55:45.439744+00:00,8.5,60.0,14,145.0,4.0,3459,2815.0,,623,637.0,37.9,0,sin_etiquetar,propagada,-79,
829,maceta-01,828,25,1.1.0,2026-09-13 05:56:13+00:00,2026-09-13 05:56:15.215439+00:00,8.5,60.0,1,142.0,4.0,3442,2818.0,,624,638.0,37.9,0,sin_etiquetar,propagada,-79,
830,maceta-01,829,25,1.1.0,2026-09-13 05:56:43+00:00,2026-09-13 05:56:45.202200+00:00,8.5,60.0,0,142.0,4.0,3440,2808.0,,619,638.0,37.9,0,sin_etiquetar,propagada,-81,luz_saturada
831,maceta-01,830,25,1.1.0,2026-09-13 05:57:13+00:00,2026-09-13 05:57:15.394731+00:00,8.5,60.0,0,142.0,4.0,3473,2827.0,,613,638.0,37.9,0,sin_etiquetar,propagada,-81,luz_saturada
832,maceta-01,831,25,1.1.0,2026-09-13 05:57:43+00:00,2026-09-13 05:57:45.170011+00:00,8.5,60.0,15,147.0,4.0,3477,2828.0,,624,638.0,37.9,0,sin_etiquetar,propagada,-81,
833,maceta-01,832,25,1.1.0,2026-09-13 05:58:13+00:00,2026-09-13 05:58:15.158747+00:00,8.5,60.0,0,142.0,4.0,3468,2828.0,,619,640.0,37.8,0,sin_etiquetar,propagada,-82,luz_saturada
834,maceta-01,833,25,1.1.0,2026-09-13 05:58:43+00:00,2026-09-13 05:58:45.445339+00:00,8.5,60.0,0,144.0,4.0,3460,2822.0,,625,634.0,38.1,0,sin_etiquetar,propagada,-81,luz_saturada
835,maceta-01,834,25,1.1.0,2026-09-13 05:59:13+00:00,2026-09-13 05:59:15.322094+00:00,8.5,60.0,3,142.0,4.0,3475,2824.0,,618,638.0,37.9,0,sin_etiquetar,propagada,-81,
836,maceta-01,835,25,1.1.0,2026-09-13 05:59:43+00:00,2026-09-13 05:59:45.210986+00:00,8.5,60.0,9,142.0,4.0,3476,2833.0,,623,638.0,37.9,0,sin_etiquetar,propagada,-81,
837,maceta-01,836,25,1.1.0,2026-09-13 06:00:13+00:00,2026-09-13 06:00:15.401364+00:00,8.5,60.0,13,146.0,4.0,3491,2830.0,,618,636.0,38.0,0,sin_etiquetar,propagada,-81,
838,maceta-01,837,25,1.1.0,2026-09-13 06:00:43+00:00,2026-09-13 06:00:45.176731+00:00,8.5,60.0,14,147.0,4.0,3486,2825.0,,624,637.0,37.9,0,sin_etiquetar,propagada,-82,
839,maceta-01,838,25,1.1.0,2026-09-13 06:01:13+00:00,2026-09-13 06:01:15.369645+00:00,8.5,60.0,0,146.0,4.0,3472,2820.0,,630,640.0,37.8,0,sin_etiquetar,propagada,-79,luz_saturada
840,maceta-01,839,25,1.1.0,2026-09-13 06:01:43+00:00,2026-09-13 06:01:45.151181+00:00,8.5,60.0,5,148.0,4.0,3456,2819.0,,619,638.0,37.9,0,sin_etiquetar,propagada,-81,
841,maceta-01,840,25,1.1.0,2026-09-13 06:02:13+00:00,2026-09-13 06:02:15.440791+00:00,8.5,60.0,0,142.0,4.0,3470,2825.0,,614,636.0,38.0,0,sin_etiquetar,propagada,-84,luz_saturada
842,maceta-01,841,25,1.1.0,2026-09-13 06:02:43+00:00,2026-09-13 06:02:45.222089+00:00,8.5,60.0,0,150.0,4.0,3472,2837.0,,622,633.0,38.1,0,sin_etiquetar,propagada,-81,luz_saturada
843,maceta-01,842,25,1.1.0,2026-09-13 06:03:13+00:00,2026-09-13 06:03:15.201615+00:00,8.5,60.0,6,142.0,4.0,3456,2826.0,,624,646.0,37.5,0,sin_etiquetar,propagada,-81,
844,maceta-01,843,25,1.1.0,2026-09-13 06:03:43+00:00,2026-09-13 06:03:45.389610+00:00,8.5,60.0,13,144.0,4.0,3458,2821.0,,635,638.0,37.9,0,sin_etiquetar,propagada,-81,
845,maceta-01,844,25,1.1.0,2026-09-13 06:04:13+00:00,2026-09-13 06:04:15.168743+00:00,8.5,60.0,0,142.0,4.0,3499,2832.0,,629,639.0,37.8,0,sin_etiquetar,propagada,-81,luz_saturada
846,maceta-01,845,25,1.1.0,2026-09-13 06:04:43+00:00,2026-09-13 06:04:45.158930+00:00,8.5,60.0,0,148.0,4.0,3494,2828.0,,630,638.0,37.9,0,sin_etiquetar,propagada,-83,luz_saturada
847,maceta-01,846,25,1.1.0,2026-09-13 06:05:13+00:00,2026-09-13 06:05:15.446511+00:00,8.5,60.0,7,153.0,4.0,3471,2826.0,,618,640.0,37.8,0,sin_etiquetar,propagada,-80,
848,maceta-01,847,25,1.1.0,2026-09-13 06:05:43+00:00,2026-09-13 06:05:45.224442+00:00,8.5,60.0,0,142.0,4.0,3470,2832.0,,621,638.0,37.9,0,sin_etiquetar,propagada,-82,luz_saturada
849,maceta-01,848,25,1.1.0,2026-09-13 06:06:13+00:00,2026-09-13 06:06:15.411786+00:00,8.5,60.0,16,147.0,4.0,3479,2826.0,,615,639.0,37.8,0,sin_etiquetar,propagada,-82,
850,maceta-01,849,25,1.1.0,2026-09-13 06:06:43+00:00,2026-09-13 06:06:45.190824+00:00,8.5,60.0,12,142.0,4.0,3490,2834.0,,624,635.0,38.0,0,sin_etiquetar,propagada,-82,
851,maceta-01,850,25,1.1.0,2026-09-13 06:07:13+00:00,2026-09-13 06:07:15.173065+00:00,8.5,60.0,15,142.0,4.0,3477,2828.0,,615,638.0,37.9,0,sin_etiquetar,propagada,-79,
852,maceta-01,851,25,1.1.0,2026-09-13 06:07:43+00:00,2026-09-13 06:07:45.365308+00:00,8.5,60.0,13,148.0,4.0,3473,2828.0,,623,638.0,37.9,0,sin_etiquetar,propagada,-80,
853,maceta-01,852,25,1.1.0,2026-09-13 06:08:13+00:00,2026-09-13 06:08:15.142327+00:00,8.5,60.0,16,149.0,4.0,3466,2830.0,,618,634.0,38.1,0,sin_etiquetar,propagada,-81,
854,maceta-01,853,25,1.1.0,2026-09-13 06:08:43+00:00,2026-09-13 06:08:45.122450+00:00,8.5,60.0,13,147.0,4.0,3470,2824.0,,611,635.0,38.0,0,sin_etiquetar,propagada,-78,
855,maceta-01,854,25,1.1.0,2026-09-13 06:09:13+00:00,2026-09-13 06:09:15.416237+00:00,8.5,60.0,14,148.0,4.0,3491,2834.0,,633,634.0,38.1,0,sin_etiquetar,propagada,-78,
856,maceta-01,855,25,1.1.0,2026-09-13 06:09:43+00:00,2026-09-13 06:09:45.299321+00:00,8.5,60.0,3,145.0,4.0,3465,2828.0,,628,640.0,37.8,0,sin_etiquetar,propagada,-79,
857,maceta-01,856,25,1.1.0,2026-09-13 06:10:13+00:00,2026-09-13 06:10:15.181228+00:00,8.5,60.0,0,142.0,4.0,3471,2835.0,,624,634.0,38.1,0,sin_etiquetar,propagada,-78,luz_saturada
858,maceta-01,857,25,1.1.0,2026-09-13 06:10:43+00:00,2026-09-13 06:10:45.368867+00:00,8.5,60.0,0,147.0,4.0,3473,2831.0,,630,638.0,37.9,0,sin_etiquetar,propagada,-78,luz_saturada
859,maceta-01,858,25,1.1.0,2026-09-13 06:11:13+00:00,2026-09-13 06:11:15.246404+00:00,8.5,60.0,0,142.0,4.0,3477,2826.0,,615,634.0,38.1,0,sin_etiquetar,propagada,-78,luz_saturada
860,maceta-01,859,25,1.1.0,2026-09-13 06:11:43+00:00,2026-09-13 06:11:45.132201+00:00,8.5,60.0,11,142.0,4.0,3482,2833.0,,623,638.0,37.9,0,sin_etiquetar,propagada,-78,
861,maceta-01,860,25,1.1.0,2026-09-13 06:12:13+00:00,2026-09-13 06:12:15.419946+00:00,8.5,60.0,11,147.0,4.0,3501,2838.0,,627,638.0,37.9,0,sin_etiquetar,propagada,-78,
862,maceta-01,861,25,1.1.0,2026-09-13 06:12:43+00:00,2026-09-13 06:12:45.621484+00:00,8.5,60.0,10,142.0,4.0,3478,2826.0,,624,636.0,38.0,0,sin_etiquetar,propagada,-79,
863,maceta-01,862,25,1.1.0,2026-09-13 06:13:13+00:00,2026-09-13 06:13:15.388442+00:00,8.5,60.0,9,148.0,4.0,3493,2839.0,,617,635.0,38.0,0,sin_etiquetar,propagada,-77,
864,maceta-01,863,25,1.1.0,2026-09-13 06:13:43+00:00,2026-09-13 06:13:45.373111+00:00,8.5,60.0,12,149.0,4.0,3489,2835.0,,631,638.0,37.9,0,sin_etiquetar,propagada,-78,
865,maceta-01,864,25,1.1.0,2026-09-13 06:14:13+00:00,2026-09-13 06:14:15.251384+00:00,8.5,60.0,0,147.0,4.0,3485,2831.0,,621,633.0,38.1,0,sin_etiquetar,propagada,-77,luz_saturada
866,maceta-01,865,25,1.1.0,2026-09-13 06:14:43+00:00,2026-09-13 06:14:45.135459+00:00,8.5,60.0,0,150.0,4.0,3479,2831.0,,624,638.0,37.9,0,sin_etiquetar,propagada,-80,luz_saturada
867,maceta-01,866,25,1.1.0,2026-09-13 06:15:13+00:00,2026-09-13 06:15:15.322843+00:00,8.5,60.0,4,148.0,4.0,3463,2833.0,,615,640.0,37.8,0,sin_etiquetar,propagada,-78,
868,maceta-01,867,25,1.1.0,2026-09-13 06:15:43+00:00,2026-09-13 06:15:45.210002+00:00,8.5,60.0,0,143.0,4.0,3491,2839.0,,611,638.0,37.9,0,sin_etiquetar,propagada,-78,luz_saturada
869,maceta-01,868,25,1.1.0,2026-09-13 06:16:13+00:00,2026-09-13 06:16:15.393333+00:00,8.5,60.0,0,142.0,4.0,3494,2825.0,,624,633.0,38.1,0,sin_etiquetar,propagada,-78,luz_saturada
870,maceta-01,869,25,1.1.0,2026-09-13 06:16:43+00:00,2026-09-13 06:16:45.173374+00:00,8.5,60.0,4,142.0,4.0,3470,2813.0,,612,634.0,38.1,0,sin_etiquetar,propagada,-77,
871,maceta-01,870,25,1.1.0,2026-09-13 06:17:13+00:00,2026-09-13 06:17:15.159215+00:00,8.5,60.0,16,142.0,4.0,3463,2819.0,,627,636.0,38.0,0,sin_etiquetar,propagada,-78,
872,maceta-01,871,25,1.1.0,2026-09-13 06:17:43+00:00,2026-09-13 06:17:45.556857+00:00,8.5,60.0,0,142.0,4.0,3459,2815.0,,614,628.0,38.4,0,sin_etiquetar,propagada,-80,luz_saturada
873,maceta-01,872,25,1.1.0,2026-09-13 06:18:13+00:00,2026-09-13 06:18:15.127956+00:00,8.5,60.0,4,144.0,4.0,3467,2822.0,,629,634.0,38.1,0,sin_etiquetar,propagada,-76,
874,maceta-01,873,25,1.1.0,2026-09-13 06:18:43+00:00,2026-09-13 06:18:45.108884+00:00,8.5,60.0,0,144.0,4.0,3469,2819.0,,624,641.0,37.7,0,sin_etiquetar,propagada,-77,luz_saturada
875,maceta-01,874,25,1.1.0,2026-09-13 06:19:13+00:00,2026-09-13 06:19:15.501474+00:00,8.5,60.0,6,142.0,4.0,3465,2822.0,,611,638.0,37.9,0,sin_etiquetar,propagada,-78,
876,maceta-01,875,25,1.1.0,2026-09-13 06:19:43+00:00,2026-09-13 06:19:45.181902+00:00,8.5,60.0,14,142.0,4.0,3478,2818.0,,617,638.0,37.9,0,sin_etiquetar,propagada,-78,
877,maceta-01,876,25,1.1.0,2026-09-13 06:20:13+00:00,2026-09-13 06:20:15.367307+00:00,8.5,60.0,14,142.0,4.0,3456,2819.0,,634,633.0,38.1,0,sin_etiquetar,propagada,-78,
878,maceta-01,877,25,1.1.0,2026-09-13 06:20:43+00:00,2026-09-13 06:20:45.146752+00:00,8.5,60.0,9,143.0,4.0,3481,2825.0,,624,638.0,37.9,0,sin_etiquetar,propagada,-77,
879,maceta-01,878,25,1.1.0,2026-09-13 06:21:13+00:00,2026-09-13 06:21:15.441814+00:00,8.5,60.0,11,142.0,4.0,3444,2821.0,,626,634.0,38.1,0,sin_etiquetar,propagada,-81,
880,maceta-01,879,25,1.1.0,2026-09-13 06:21:43+00:00,2026-09-13 06:21:46.034029+00:00,8.5,60.0,7,142.0,4.0,3471,2826.0,,628,640.0,37.8,0,sin_etiquetar,propagada,-78,
881,maceta-01,880,25,1.1.0,2026-09-13 06:22:13+00:00,2026-09-13 06:22:15.101064+00:00,8.5,60.0,13,146.0,4.0,3469,2818.0,,614,640.0,37.8,0,sin_etiquetar,propagada,-81,
882,maceta-01,881,25,1.1.0,2026-09-13 06:22:43+00:00,2026-09-13 06:22:45.397230+00:00,8.5,59.0,0,146.0,4.0,3456,2820.0,,627,638.0,37.9,0,sin_etiquetar,propagada,-78,luz_saturada
883,maceta-01,882,25,1.1.0,2026-09-13 06:23:13+00:00,2026-09-13 06:23:15.175553+00:00,8.5,59.0,0,142.0,4.0,3475,2832.0,,627,638.0,37.9,0,sin_etiquetar,propagada,-77,luz_saturada
884,maceta-01,883,25,1.1.0,2026-09-13 06:23:43+00:00,2026-09-13 06:23:45.163632+00:00,8.5,59.0,0,142.0,4.0,3477,2822.0,,619,634.0,38.1,0,sin_etiquetar,propagada,-77,luz_saturada
885,maceta-01,884,25,1.1.0,2026-09-13 06:24:13+00:00,2026-09-13 06:24:15.349571+00:00,8.5,59.0,0,153.0,4.0,3479,2824.0,,625,635.0,38.0,0,sin_etiquetar,propagada,-78,luz_saturada
886,maceta-01,885,25,1.1.0,2026-09-13 06:24:43+00:00,2026-09-13 06:24:45.133559+00:00,8.5,59.0,16,142.0,4.0,3479,2828.0,,624,638.0,37.9,0,sin_etiquetar,propagada,-78,
887,maceta-01,886,25,1.1.0,2026-09-13 06:25:13+00:00,2026-09-13 06:25:15.111447+00:00,8.5,59.0,0,144.0,4.0,3461,2824.0,,623,637.0,37.9,0,sin_etiquetar,propagada,-78,luz_saturada
888,maceta-01,887,25,1.1.0,2026-09-13 06:25:43+00:00,2026-09-13 06:25:45.401700+00:00,8.5,59.0,16,142.0,4.0,3472,2822.0,,635,638.0,37.9,0,sin_etiquetar,propagada,-78,
889,maceta-01,888,25,1.1.0,2026-09-13 06:26:13+00:00,2026-09-13 06:26:15.182242+00:00,8.5,59.0,0,151.0,4.0,3472,2816.0,,611,638.0,37.9,0,sin_etiquetar,propagada,-78,luz_saturada
890,maceta-01,889,25,1.1.0,2026-09-13 06:26:43+00:00,2026-09-13 06:26:45.165291+00:00,8.5,59.0,5,144.0,4.0,3455,2819.0,,624,633.0,38.1,0,sin_etiquetar,propagada,-77,
891,maceta-01,890,25,1.1.0,2026-09-13 06:27:13+00:00,2026-09-13 06:27:15.352317+00:00,8.5,59.0,14,150.0,4.0,3450,2822.0,,615,638.0,37.9,0,sin_etiquetar,propagada,-77,
892,maceta-01,891,25,1.1.0,2026-09-13 06:27:43+00:00,2026-09-13 06:27:45.132345+00:00,8.5,60.0,10,142.0,4.0,3473,2819.0,,624,638.0,37.9,0,sin_etiquetar,propagada,-78,
893,maceta-01,892,25,1.1.0,2026-09-13 06:28:13+00:00,2026-09-13 06:28:15.116355+00:00,8.5,60.0,10,142.0,4.0,3455,2818.0,,624,638.0,37.9,0,sin_etiquetar,propagada,-77,
894,maceta-01,893,25,1.1.0,2026-09-13 06:28:43+00:00,2026-09-13 06:28:45.209695+00:00,8.5,60.0,0,144.0,4.0,3456,2824.0,,611,640.0,37.8,0,sin_etiquetar,propagada,-78,luz_saturada
895,maceta-01,894,25,1.1.0,2026-09-13 06:29:13+00:00,2026-09-13 06:29:15.090682+00:00,8.5,60.0,0,152.0,4.0,3479,2817.0,,624,639.0,37.8,0,sin_etiquetar,propagada,-77,luz_saturada
896,maceta-01,895,25,1.1.0,2026-09-13 06:29:43+00:00,2026-09-13 06:29:45.173303+00:00,8.5,60.0,13,153.0,4.0,3496,2830.0,,627,634.0,38.1,0,sin_etiquetar,propagada,-78,
897,maceta-01,896,25,1.1.0,2026-09-13 06:30:13+00:00,2026-09-13 06:30:15.363784+00:00,8.5,60.0,1,142.0,4.0,3471,2826.0,,615,638.0,37.9,0,sin_etiquetar,propagada,-77,
898,maceta-01,897,25,1.1.0,2026-09-13 06:30:43+00:00,2026-09-13 06:30:45.144295+00:00,8.5,60.0,0,150.0,4.0,3490,2831.0,,630,638.0,37.9,0,sin_etiquetar,propagada,-78,luz_saturada
899,maceta-01,898,25,1.1.0,2026-09-13 06:31:13+00:00,2026-09-13 06:31:15.331419+00:00,8.5,60.0,11,154.0,4.0,3465,2828.0,,626,638.0,37.9,0,sin_etiquetar,propagada,-77,
900,maceta-01,899,25,1.1.0,2026-09-13 06:31:43+00:00,2026-09-13 06:31:45.114424+00:00,8.5,60.0,3,142.0,4.0,3488,2827.0,,617,638.0,37.9,0,sin_etiquetar,propagada,-77,
901,maceta-01,900,25,1.1.0,2026-09-13 06:32:13+00:00,2026-09-13 06:32:15.102550+00:00,8.5,60.0,0,151.0,4.0,3467,2834.0,,617,634.0,38.1,0,sin_etiquetar,propagada,-78,luz_saturada
902,maceta-01,901,25,1.1.0,2026-09-13 06:32:43+00:00,2026-09-13 06:32:45.381564+00:00,8.5,60.0,1,142.0,4.0,3457,2824.0,,631,636.0,38.0,0,sin_etiquetar,propagada,-78,
903,maceta-01,902,25,1.1.0,2026-09-13 06:33:13+00:00,2026-09-13 06:33:15.160797+00:00,8.5,60.0,0,152.0,4.0,3478,2824.0,,628,634.0,38.1,0,sin_etiquetar,propagada,-78,luz_saturada
904,maceta-01,903,25,1.1.0,2026-09-13 06:33:43+00:00,2026-09-13 06:33:45.356827+00:00,8.5,60.0,12,148.0,4.0,3486,2827.0,,626,644.0,37.6,0,sin_etiquetar,propagada,-78,
905,maceta-01,904,25,1.1.0,2026-09-13 06:34:13+00:00,2026-09-13 06:34:15.146187+00:00,8.5,60.0,6,146.0,4.0,3462,2826.0,,625,640.0,37.8,0,sin_etiquetar,propagada,-78,
906,maceta-01,905,25,1.1.0,2026-09-13 06:34:43+00:00,2026-09-13 06:34:45.115606+00:00,8.5,60.0,16,143.0,4.0,3484,2832.0,,635,642.0,37.7,0,sin_etiquetar,propagada,-78,
907,maceta-01,906,25,1.1.0,2026-09-13 06:35:13+00:00,2026-09-13 06:35:15.302815+00:00,8.5,60.0,1,145.0,4.0,3488,2826.0,,624,638.0,37.9,0,sin_etiquetar,propagada,-77,
908,maceta-01,907,25,1.1.0,2026-09-13 06:35:43+00:00,2026-09-13 06:35:45.082721+00:00,8.5,60.0,0,147.0,4.0,3474,2830.0,,634,642.0,37.7,0,sin_etiquetar,propagada,-78,luz_saturada
909,maceta-01,908,25,1.1.0,2026-09-13 06:36:13+00:00,2026-09-13 06:36:15.371989+00:00,8.5,60.0,0,142.0,4.0,3515,2824.0,,624,638.0,37.9,0,sin_etiquetar,propagada,-83,luz_saturada
910,maceta-01,909,25,1.1.0,2026-09-13 06:36:43+00:00,2026-09-13 06:36:45.054325+00:00,8.5,60.0,0,142.0,4.0,3472,2826.0,,615,638.0,37.9,0,sin_etiquetar,propagada,-78,luz_saturada
911,maceta-01,910,25,1.1.0,2026-09-13 06:37:13+00:00,2026-09-13 06:37:15.143941+00:00,8.5,59.0,11,142.0,4.0,3472,2828.0,,623,638.0,37.9,0,sin_etiquetar,propagada,-78,
912,maceta-01,911,25,1.1.0,2026-09-13 06:37:43+00:00,2026-09-13 06:37:45.323896+00:00,8.5,59.0,7,153.0,4.0,3497,2833.0,,617,638.0,37.9,0,sin_etiquetar,propagada,-77,
913,maceta-01,912,25,1.1.0,2026-09-13 06:38:13+00:00,2026-09-13 06:38:15.109454+00:00,8.5,59.0,6,150.0,4.0,3501,2831.0,,623,637.0,37.9,0,sin_etiquetar,propagada,-78,
914,maceta-01,913,25,1.1.0,2026-09-13 06:38:43+00:00,2026-09-13 06:38:45.089166+00:00,8.5,59.0,9,146.0,4.0,3482,2828.0,,629,635.0,38.0,0,sin_etiquetar,propagada,-78,
915,maceta-01,914,25,1.1.0,2026-09-13 06:39:13+00:00,2026-09-13 06:39:15.376964+00:00,8.5,59.0,0,142.0,4.0,3490,2831.0,,619,638.0,37.9,0,sin_etiquetar,propagada,-78,luz_saturada
916,maceta-01,915,25,1.1.0,2026-09-13 06:39:43+00:00,2026-09-13 06:39:45.060007+00:00,8.5,60.0,12,142.0,4.0,3469,2824.0,,613,638.0,37.9,0,sin_etiquetar,propagada,-78,
917,maceta-01,916,25,1.1.0,2026-09-13 06:40:13+00:00,2026-09-13 06:40:15.143010+00:00,8.5,60.0,0,144.0,4.0,3456,2818.0,,614,633.0,38.1,0,sin_etiquetar,propagada,-78,luz_saturada
918,maceta-01,917,25,1.1.0,2026-09-13 06:40:43+00:00,2026-09-13 06:40:45.328157+00:00,8.5,60.0,0,142.0,4.0,3501,2826.0,,611,638.0,37.9,0,sin_etiquetar,propagada,-78,luz_saturada
919,maceta-01,918,25,1.1.0,2026-09-13 06:41:13+00:00,2026-09-13 06:41:15.108871+00:00,8.5,60.0,14,142.0,4.0,3487,2826.0,,625,631.0,38.2,0,sin_etiquetar,propagada,-77,
920,maceta-01,919,25,1.1.0,2026-09-13 06:41:43+00:00,2026-09-13 06:41:45.092963+00:00,8.5,60.0,5,144.0,4.0,3472,2824.0,,617,628.0,38.4,0,sin_etiquetar,propagada,-78,
921,maceta-01,920,25,1.1.0,2026-09-13 06:42:13+00:00,2026-09-13 06:42:15.298282+00:00,8.5,60.0,16,143.0,4.0,3440,2812.0,,609,633.0,38.1,0,sin_etiquetar,propagada,-78,
922,maceta-01,921,25,1.1.0,2026-09-13 06:42:43+00:00,2026-09-13 06:42:45.060072+00:00,8.5,60.0,17,142.0,4.0,3456,2806.0,,625,635.0,38.0,0,sin_etiquetar,propagada,-78,
923,maceta-01,922,25,1.1.0,2026-09-13 06:43:13+00:00,2026-09-13 06:43:15.046584+00:00,8.5,60.0,14,142.0,4.0,3472,2821.0,,611,634.0,38.1,0,sin_etiquetar,propagada,-78,
924,maceta-01,923,25,1.1.0,2026-09-13 06:43:43+00:00,2026-09-13 06:43:45.333683+00:00,8.5,60.0,16,146.0,4.0,3465,2826.0,,615,634.0,38.1,0,sin_etiquetar,propagada,-78,
925,maceta-01,924,25,1.1.0,2026-09-13 06:44:13+00:00,2026-09-13 06:44:15.115726+00:00,8.5,61.0,0,148.0,4.0,3488,2831.0,,624,634.0,38.1,0,sin_etiquetar,propagada,-78,luz_saturada
926,maceta-01,925,25,1.1.0,2026-09-13 06:44:43+00:00,2026-09-13 06:44:45.107738+00:00,8.5,61.0,10,145.0,4.0,3489,2824.0,,624,638.0,37.9,0,sin_etiquetar,propagada,-83,
927,maceta-01,926,25,1.1.0,2026-09-13 06:45:13+00:00,2026-09-13 06:45:15.287193+00:00,8.5,61.0,9,142.0,4.0,3455,2816.0,,616,631.0,38.2,0,sin_etiquetar,propagada,-77,
928,maceta-01,927,25,1.1.0,2026-09-13 06:45:43+00:00,2026-09-13 06:45:45.070030+00:00,8.5,61.0,0,142.0,4.0,3475,2827.0,,623,634.0,38.1,0,sin_etiquetar,propagada,-77,luz_saturada
929,maceta-01,928,25,1.1.0,2026-09-13 06:46:13+00:00,2026-09-13 06:46:15.053433+00:00,8.5,61.0,7,147.0,4.0,3485,2824.0,,624,637.0,37.9,0,sin_etiquetar,propagada,-78,
930,maceta-01,929,25,1.1.0,2026-09-13 06:46:43+00:00,2026-09-13 06:46:45.359699+00:00,8.5,61.0,0,146.0,4.0,3479,2827.0,,624,634.0,38.1,0,sin_etiquetar,propagada,-78,luz_saturada
931,maceta-01,930,25,1.1.0,2026-09-13 06:47:13+00:00,2026-09-13 06:47:15.125579+00:00,8.5,61.0,11,142.0,4.0,3466,2826.0,,614,631.0,38.2,0,sin_etiquetar,propagada,-84,
932,maceta-01,931,25,1.1.0,2026-09-13 06:47:43+00:00,2026-09-13 06:47:45.112594+00:00,8.5,61.0,0,147.0,4.0,3487,2832.0,,617,638.0,37.9,0,sin_etiquetar,propagada,-78,luz_saturada
933,maceta-01,932,25,1.1.0,2026-09-13 06:48:13+00:00,2026-09-13 06:48:15.299255+00:00,8.5,61.0,16,143.0,4.0,3483,2831.0,,609,634.0,38.1,0,sin_etiquetar,propagada,-78,
934,maceta-01,933,25,1.1.0,2026-09-13 06:48:43+00:00,2026-09-13 06:48:45.073953+00:00,8.5,61.0,2,149.0,4.0,3477,2837.0,,625,633.0,38.1,0,sin_etiquetar,propagada,-78,
935,maceta-01,934,25,1.1.0,2026-09-13 06:49:13+00:00,2026-09-13 06:49:15.057117+00:00,8.5,61.0,0,142.0,4.0,3467,2827.0,,624,634.0,38.1,0,sin_etiquetar,propagada,-78,luz_saturada
936,maceta-01,935,25,1.1.0,2026-09-13 06:49:43+00:00,2026-09-13 06:49:45.355574+00:00,8.5,61.0,0,147.0,4.0,3463,2819.0,,617,634.0,38.1,0,sin_etiquetar,propagada,-77,luz_saturada
937,maceta-01,936,25,1.1.0,2026-09-13 06:50:13+00:00,2026-09-13 06:50:15.128124+00:00,8.5,61.0,10,148.0,4.0,3487,2835.0,,613,638.0,37.9,0,sin_etiquetar,propagada,-78,
938,maceta-01,937,25,1.1.0,2026-09-13 06:50:43+00:00,2026-09-13 06:50:45.111791+00:00,8.5,61.0,11,147.0,4.0,3481,2828.0,,617,638.0,37.9,0,sin_etiquetar,propagada,-78,
939,maceta-01,938,25,1.1.0,2026-09-13 06:51:13+00:00,2026-09-13 06:51:15.299578+00:00,8.5,61.0,12,144.0,4.0,3487,2834.0,,624,635.0,38.0,0,sin_etiquetar,propagada,-78,
940,maceta-01,939,25,1.1.0,2026-09-13 06:51:43+00:00,2026-09-13 06:51:45.080501+00:00,8.5,61.0,10,152.0,4.0,3458,2824.0,,631,638.0,37.9,0,sin_etiquetar,propagada,-78,
941,maceta-01,940,25,1.1.0,2026-09-13 06:52:13+00:00,2026-09-13 06:52:15.063677+00:00,8.5,61.0,4,146.0,4.0,3466,2821.0,,612,638.0,37.9,0,sin_etiquetar,propagada,-77,
942,maceta-01,941,25,1.1.0,2026-09-13 06:52:43+00:00,2026-09-13 06:52:45.249651+00:00,8.5,61.0,1,146.0,4.0,3491,2824.0,,624,638.0,37.9,0,sin_etiquetar,propagada,-84,
943,maceta-01,942,25,1.1.0,2026-09-13 06:53:13+00:00,2026-09-13 06:53:15.029849+00:00,8.5,61.0,0,147.0,4.0,3458,2817.0,,618,640.0,37.8,0,sin_etiquetar,propagada,-77,luz_saturada
944,maceta-01,943,25,1.1.0,2026-09-13 06:53:43+00:00,2026-09-13 06:53:45.321030+00:00,8.5,61.0,0,143.0,4.0,3489,2830.0,,614,638.0,37.9,0,sin_etiquetar,propagada,-78,luz_saturada
945,maceta-01,944,25,1.1.0,2026-09-13 06:54:13+00:00,2026-09-13 06:54:15.101043+00:00,8.5,61.0,7,142.0,4.0,3466,2822.0,,629,638.0,37.9,0,sin_etiquetar,propagada,-78,
946,maceta-01,945,25,1.1.0,2026-09-13 06:54:43+00:00,2026-09-13 06:54:45.102056+00:00,8.5,61.0,15,145.0,4.0,3477,2825.0,,628,636.0,38.0,0,sin_etiquetar,propagada,-78,
947,maceta-01,946,25,1.1.0,2026-09-13 06:55:13+00:00,2026-09-13 06:55:15.276080+00:00,8.5,61.0,7,142.0,4.0,3478,2823.0,,618,638.0,37.9,0,sin_etiquetar,propagada,-78,
948,maceta-01,947,25,1.1.0,2026-09-13 06:55:43+00:00,2026-09-13 06:55:45.059066+00:00,8.5,61.0,0,142.0,4.0,3474,2824.0,,626,638.0,37.9,0,sin_etiquetar,propagada,-78,luz_saturada
949,maceta-01,948,25,1.1.0,2026-09-13 06:56:13+00:00,2026-09-13 06:56:15.037969+00:00,8.5,61.0,9,145.0,4.0,3470,2824.0,,625,633.0,38.1,0,sin_etiquetar,propagada,-78,
950,maceta-01,949,25,1.1.0,2026-09-13 06:56:43+00:00,2026-09-13 06:56:45.332008+00:00,8.5,61.0,16,142.0,4.0,3454,2819.0,,627,639.0,37.8,0,sin_etiquetar,propagada,-77,
951,maceta-01,950,25,1.1.0,2026-09-13 06:57:13+00:00,2026-09-13 06:57:15.109092+00:00,8.5,61.0,0,145.0,4.0,3472,2815.0,,624,638.0,37.9,0,sin_etiquetar,propagada,-78,luz_saturada
952,maceta-01,951,25,1.1.0,2026-09-13 06:57:43+00:00,2026-09-13 06:57:45.091956+00:00,8.5,61.0,0,145.0,4.0,3487,2826.0,,627,638.0,37.9,0,sin_etiquetar,propagada,-83,luz_saturada
953,maceta-01,952,25,1.1.0,2026-09-13 06:58:13+00:00,2026-09-13 06:58:15.282235+00:00,8.5,61.0,16,151.0,4.0,3471,2824.0,,611,638.0,37.9,0,sin_etiquetar,propagada,-78,
954,maceta-01,953,25,1.1.0,2026-09-13 06:58:43+00:00,2026-09-13 06:58:45.061894+00:00,8.5,61.0,0,153.0,4.0,3485,2826.0,,615,631.0,38.2,0,sin_etiquetar,propagada,-78,luz_saturada
955,maceta-01,954,25,1.1.0,2026-09-13 06:59:13+00:00,2026-09-13 06:59:15.046135+00:00,8.5,61.0,3,142.0,4.0,3472,2824.0,,624,638.0,37.9,0,sin_etiquetar,propagada,-77,
956,maceta-01,955,25,1.1.0,2026-09-13 06:59:43+00:00,2026-09-13 06:59:45.338292+00:00,8.5,61.0,0,142.0,4.0,3499,2815.0,,618,638.0,37.9,0,sin_etiquetar,propagada,-78,luz_saturada
957,maceta-01,956,25,1.1.0,2026-09-13 07:00:13+00:00,2026-09-13 07:00:15.017635+00:00,8.5,61.0,1,145.0,4.0,3475,2833.0,,627,633.0,38.1,0,sin_etiquetar,propagada,-78,
958,maceta-01,957,25,1.1.0,2026-09-13 07:00:43+00:00,2026-09-13 07:00:45.096951+00:00,8.5,61.0,11,144.0,4.0,3488,2831.0,,605,628.0,38.4,0,sin_etiquetar,propagada,-77,
959,maceta-01,958,25,1.1.0,2026-09-13 07:01:13+00:00,2026-09-13 07:01:15.287309+00:00,8.5,61.0,0,142.0,4.0,3473,2826.0,,626,636.0,38.0,0,sin_etiquetar,propagada,-78,luz_saturada
960,maceta-01,959,25,1.1.0,2026-09-13 07:01:43+00:00,2026-09-13 07:01:45.077807+00:00,8.5,61.0,0,142.0,4.0,3491,2831.0,,612,632.0,38.2,0,sin_etiquetar,propagada,-78,luz_saturada
961,maceta-01,960,25,1.1.0,2026-09-13 07:02:13+00:00,2026-09-13 07:02:15.051485+00:00,8.5,61.0,3,142.0,4.0,3485,2832.0,,610,638.0,37.9,0,sin_etiquetar,propagada,-77,
962,maceta-01,961,25,1.1.0,2026-09-13 07:02:43+00:00,2026-09-13 07:02:45.238825+00:00,8.5,61.0,4,142.0,4.0,3481,2825.0,,614,634.0,38.1,0,sin_etiquetar,propagada,-78,
963,maceta-01,962,25,1.1.0,2026-09-13 07:03:13+00:00,2026-09-13 07:03:15.226336+00:00,8.5,61.0,0,144.0,4.0,3478,2825.0,,619,638.0,37.9,0,sin_etiquetar,propagada,-75,luz_saturada
964,maceta-01,963,25,1.1.0,2026-09-13 07:03:43+00:00,2026-09-13 07:03:45.308217+00:00,8.5,61.0,0,142.0,4.0,3479,2826.0,,608,634.0,38.1,0,sin_etiquetar,propagada,-78,luz_saturada
965,maceta-01,964,25,1.1.0,2026-09-13 07:04:13+00:00,2026-09-13 07:04:15.189830+00:00,8.5,61.0,0,142.0,4.0,3467,2823.0,,607,638.0,37.9,0,sin_etiquetar,propagada,-78,luz_saturada
966,maceta-01,965,25,1.1.0,2026-09-13 07:04:43+00:00,2026-09-13 07:04:45.073011+00:00,8.5,61.0,0,142.0,4.0,3486,2822.0,,613,638.0,37.9,0,sin_etiquetar,propagada,-78,luz_saturada
967,maceta-01,966,25,1.1.0,2026-09-13 07:05:13+00:00,2026-09-13 07:05:15.260909+00:00,8.5,61.0,12,142.0,4.0,3468,2826.0,,615,638.0,37.9,0,sin_etiquetar,propagada,-77,
968,maceta-01,967,25,1.1.0,2026-09-13 07:05:43+00:00,2026-09-13 07:05:45.039581+00:00,8.5,61.0,0,142.0,4.0,3481,2832.0,,618,633.0,38.1,0,sin_etiquetar,propagada,-78,luz_saturada
969,maceta-01,968,25,1.1.0,2026-09-13 07:06:13+00:00,2026-09-13 07:06:15.025652+00:00,8.5,61.0,9,142.0,4.0,3486,2830.0,,624,633.0,38.1,0,sin_etiquetar,propagada,-78,
970,maceta-01,969,25,1.1.0,2026-09-13 07:06:43+00:00,2026-09-13 07:06:45.415548+00:00,8.5,61.0,7,143.0,4.0,3469,2823.0,,626,634.0,38.1,0,sin_etiquetar,propagada,-78,
971,maceta-01,970,25,1.1.0,2026-09-13 07:07:13+00:00,2026-09-13 07:07:15.092658+00:00,8.5,61.0,13,142.0,4.0,3472,2823.0,,624,634.0,38.1,0,sin_etiquetar,propagada,-74,
972,maceta-01,971,25,1.1.0,2026-09-13 07:07:43+00:00,2026-09-13 07:07:45.282596+00:00,8.5,61.0,0,145.0,4.0,3489,2833.0,,625,638.0,37.9,0,sin_etiquetar,propagada,-78,luz_saturada
973,maceta-01,972,25,1.1.0,2026-09-13 07:08:13+00:00,2026-09-13 07:08:15.060387+00:00,8.5,61.0,0,142.0,4.0,3475,2830.0,,621,634.0,38.1,0,sin_etiquetar,propagada,-78,luz_saturada
974,maceta-01,973,25,1.1.0,2026-09-13 07:08:43+00:00,2026-09-13 07:08:45.043190+00:00,8.5,61.0,0,142.0,4.0,3477,2834.0,,622,634.0,38.1,0,sin_etiquetar,propagada,-77,luz_saturada
975,maceta-01,974,25,1.1.0,2026-09-13 07:09:13+00:00,2026-09-13 07:09:15.339846+00:00,8.5,61.0,9,142.0,4.0,3472,2839.0,,625,638.0,37.9,0,sin_etiquetar,propagada,-78,
976,maceta-01,975,25,1.1.0,2026-09-13 07:09:43+00:00,2026-09-13 07:09:45.008994+00:00,8.5,61.0,5,144.0,4.0,3492,2828.0,,613,636.0,38.0,0,sin_etiquetar,propagada,-78,
977,maceta-01,976,25,1.1.0,2026-09-13 07:10:13+00:00,2026-09-13 07:10:14.999666+00:00,8.5,60.0,5,142.0,4.0,3505,2835.0,,624,638.0,37.9,0,sin_etiquetar,propagada,-77,
978,maceta-01,977,25,1.1.0,2026-09-13 07:10:43+00:00,2026-09-13 07:10:45.386760+00:00,8.5,60.0,0,142.0,4.0,3493,2839.0,,621,637.0,37.9,0,sin_etiquetar,propagada,-75,luz_saturada
979,maceta-01,978,25,1.1.0,2026-09-13 07:11:13+00:00,2026-09-13 07:11:15.073762+00:00,8.5,60.0,0,142.0,4.0,3501,2833.0,,620,635.0,38.0,0,sin_etiquetar,propagada,-77,luz_saturada
980,maceta-01,979,25,1.1.0,2026-09-13 07:11:43+00:00,2026-09-13 07:11:45.051363+00:00,8.5,60.0,0,147.0,4.0,3500,2849.0,,625,638.0,37.9,0,sin_etiquetar,propagada,-78,luz_saturada
981,maceta-01,980,25,1.1.0,2026-09-13 07:12:13+00:00,2026-09-13 07:12:15.240640+00:00,8.5,60.0,0,142.0,4.0,3503,2834.0,,619,633.0,38.1,0,sin_etiquetar,propagada,-78,luz_saturada
982,maceta-01,981,25,1.1.0,2026-09-13 07:12:43+00:00,2026-09-13 07:12:45.015715+00:00,8.5,60.0,3,146.0,4.0,3525,2847.0,,610,633.0,38.1,0,sin_etiquetar,propagada,-78,
983,maceta-01,982,25,1.1.0,2026-09-13 07:13:13+00:00,2026-09-13 07:13:15.003768+00:00,8.5,60.0,0,151.0,4.0,3507,2843.0,,622,638.0,37.9,0,sin_etiquetar,propagada,-78,luz_saturada
984,maceta-01,983,25,1.1.0,2026-09-13 07:13:43+00:00,2026-09-13 07:13:45.299345+00:00,8.5,60.0,1,142.0,4.0,3487,2837.0,,622,637.0,37.9,0,sin_etiquetar,propagada,-77,
985,maceta-01,984,25,1.1.0,2026-09-13 07:14:13+00:00,2026-09-13 07:14:15.081403+00:00,8.5,60.0,8,142.0,4.0,3498,2839.0,,615,634.0,38.1,0,sin_etiquetar,propagada,-78,
986,maceta-01,985,25,1.1.0,2026-09-13 07:14:43+00:00,2026-09-13 07:14:45.268817+00:00,8.5,60.0,0,145.0,4.0,3504,2837.0,,611,636.0,38.0,0,sin_etiquetar,propagada,-78,luz_saturada
987,maceta-01,986,25,1.1.0,2026-09-13 07:15:13+00:00,2026-09-13 07:15:15.040525+00:00,8.5,60.0,9,144.0,4.0,3484,2833.0,,624,638.0,37.9,0,sin_etiquetar,propagada,-78,
988,maceta-01,987,25,1.1.0,2026-09-13 07:15:43+00:00,2026-09-13 07:15:45.022109+00:00,8.5,60.0,0,142.0,4.0,3498,2843.0,,624,626.0,38.5,0,sin_etiquetar,propagada,-78,luz_saturada
989,maceta-01,988,25,1.1.0,2026-09-13 07:16:13+00:00,2026-09-13 07:16:15.211846+00:00,8.5,60.0,0,142.0,4.0,3472,2838.0,,613,638.0,37.9,0,sin_etiquetar,propagada,-78,luz_saturada
990,maceta-01,989,25,1.1.0,2026-09-13 07:16:43+00:00,2026-09-13 07:16:44.997417+00:00,8.5,60.0,1,143.0,4.0,3499,2837.0,,624,638.0,37.9,0,sin_etiquetar,propagada,-78,
991,maceta-01,990,25,1.1.0,2026-09-13 07:17:13+00:00,2026-09-13 07:17:14.976122+00:00,8.5,60.0,1,142.0,4.0,3495,2831.0,,605,634.0,38.1,0,sin_etiquetar,propagada,-79,
992,maceta-01,991,25,1.1.0,2026-09-13 07:17:43+00:00,2026-09-13 07:17:45.265031+00:00,8.5,60.0,13,143.0,4.0,3522,2845.0,,621,636.0,38.0,0,sin_etiquetar,propagada,-78,
993,maceta-01,992,25,1.1.0,2026-09-13 07:18:13+00:00,2026-09-13 07:18:15.046685+00:00,8.5,60.0,7,149.0,4.0,3491,2842.0,,614,634.0,38.1,0,sin_etiquetar,propagada,-78,
994,maceta-01,993,25,1.1.0,2026-09-13 07:18:43+00:00,2026-09-13 07:18:45.028770+00:00,8.5,59.0,3,142.0,4.0,3490,2842.0,,607,633.0,38.1,0,sin_etiquetar,propagada,-77,
995,maceta-01,994,25,1.1.0,2026-09-13 07:19:13+00:00,2026-09-13 07:19:15.217061+00:00,8.5,59.0,0,142.0,4.0,3486,2834.0,,624,638.0,37.9,0,sin_etiquetar,propagada,-78,luz_saturada
996,maceta-01,995,25,1.1.0,2026-09-13 07:19:43+00:00,2026-09-13 07:19:44.995317+00:00,8.5,59.0,0,142.0,4.0,3505,2841.0,,622,634.0,38.1,0,sin_etiquetar,propagada,-77,luz_saturada
997,maceta-01,996,25,1.1.0,2026-09-13 07:20:13+00:00,2026-09-13 07:20:14.980801+00:00,8.5,59.0,0,144.0,4.0,3507,2843.0,,609,638.0,37.9,0,sin_etiquetar,propagada,-78,luz_saturada
998,maceta-01,997,25,1.1.0,2026-09-13 07:20:43+00:00,2026-09-13 07:20:45.272124+00:00,8.5,59.0,0,146.0,4.0,3497,2838.0,,623,638.0,37.9,0,sin_etiquetar,propagada,-78,luz_saturada
999,maceta-01,998,25,1.1.0,2026-09-13 07:21:13+00:00,2026-09-13 07:21:15.050175+00:00,8.5,59.0,0,142.0,4.0,3498,2841.0,,618,629.0,38.3,0,sin_etiquetar,propagada,-78,luz_saturada
1000,maceta-01,999,25,1.1.0,2026-09-13 07:21:43+00:00,2026-09-13 07:21:45.039412+00:00,8.5,59.0,4,142.0,4.0,3514,2843.0,,623,636.0,38.0,0,sin_etiquetar,propagada,-78,
1001,maceta-01,1000,25,1.1.0,2026-09-13 07:22:13+00:00,2026-09-13 07:22:15.224843+00:00,8.5,59.0,0,142.0,4.0,3487,2835.0,,623,636.0,38.0,0,sin_etiquetar,propagada,-80,luz_saturada
1002,maceta-01,1001,25,1.1.0,2026-09-13 07:22:43+00:00,2026-09-13 07:22:45.009198+00:00,8.5,59.0,6,142.0,4.0,3502,2845.0,,608,634.0,38.1,0,sin_etiquetar,propagada,-78,
1003,maceta-01,1002,25,1.1.0,2026-09-13 07:23:13+00:00,2026-09-13 07:23:14.995915+00:00,8.5,60.0,0,142.0,4.0,3506,2844.0,,620,634.0,38.1,0,sin_etiquetar,propagada,-78,luz_saturada
1004,maceta-01,1003,25,1.1.0,2026-09-13 07:23:43+00:00,2026-09-13 07:23:45.286350+00:00,8.5,60.0,7,145.0,4.0,3495,2846.0,,608,634.0,38.1,0,sin_etiquetar,propagada,-78,
1005,maceta-01,1004,25,1.1.0,2026-09-13 07:24:13+00:00,2026-09-13 07:24:14.963685+00:00,8.5,60.0,0,143.0,4.0,3495,2838.0,,609,634.0,38.1,0,sin_etiquetar,propagada,-78,luz_saturada
1006,maceta-01,1005,25,1.1.0,2026-09-13 07:24:43+00:00,2026-09-13 07:24:45.049523+00:00,8.5,60.0,0,142.0,4.0,3494,2839.0,,618,629.0,38.3,0,sin_etiquetar,propagada,-77,luz_saturada
1007,maceta-01,1006,25,1.1.0,2026-09-13 07:25:13+00:00,2026-09-13 07:25:15.240735+00:00,8.5,60.0,0,147.0,4.0,3491,2845.0,,610,634.0,38.1,0,sin_etiquetar,propagada,-78,luz_saturada
1008,maceta-01,1007,25,1.1.0,2026-09-13 07:25:43+00:00,2026-09-13 07:25:45.015311+00:00,8.5,60.0,6,142.0,4.0,3506,2847.0,,621,628.0,38.4,0,sin_etiquetar,propagada,-77,
1009,maceta-01,1008,25,1.1.0,2026-09-13 07:26:13+00:00,2026-09-13 07:26:15.003599+00:00,8.5,60.0,0,142.0,4.0,3517,2843.0,,609,636.0,38.0,0,sin_etiquetar,propagada,-78,luz_saturada
1010,maceta-01,1009,25,1.1.0,2026-09-13 07:26:43+00:00,2026-09-13 07:26:45.190027+00:00,8.5,61.0,13,145.0,4.0,3494,2841.0,,614,638.0,37.9,0,sin_etiquetar,propagada,-78,
1011,maceta-01,1010,25,1.1.0,2026-09-13 07:27:13+00:00,2026-09-13 07:27:14.972735+00:00,8.5,61.0,12,144.0,4.0,3498,2834.0,,624,634.0,38.1,0,sin_etiquetar,propagada,-78,
1012,maceta-01,1011,25,1.1.0,2026-09-13 07:27:43+00:00,2026-09-13 07:27:44.962904+00:00,8.5,61.0,0,143.0,4.0,3504,2838.0,,611,629.0,38.3,0,sin_etiquetar,propagada,-78,luz_saturada
1013,maceta-01,1012,25,1.1.0,2026-09-13 07:28:13+00:00,2026-09-13 07:28:15.251658+00:00,8.5,61.0,3,142.0,4.0,3499,2841.0,,603,631.0,38.2,0,sin_etiquetar,propagada,-77,
1014,maceta-01,1013,25,1.1.0,2026-09-13 07:28:43+00:00,2026-09-13 07:28:45.024815+00:00,8.5,61.0,0,143.0,4.0,3521,2840.0,,624,634.0,38.1,0,sin_etiquetar,propagada,-78,luz_saturada
1015,maceta-01,1014,25,1.1.0,2026-09-13 07:29:13+00:00,2026-09-13 07:29:15.005986+00:00,8.5,61.0,8,145.0,4.0,3490,2844.0,,610,630.0,38.3,0,sin_etiquetar,propagada,-78,
1016,maceta-01,1015,25,1.1.0,2026-09-13 07:29:43+00:00,2026-09-13 07:29:45.197884+00:00,8.5,61.0,8,142.0,4.0,3458,2835.0,,624,630.0,38.3,0,sin_etiquetar,propagada,-77,
1017,maceta-01,1016,25,1.1.0,2026-09-13 07:30:13+00:00,2026-09-13 07:30:14.979344+00:00,8.5,61.0,0,142.0,4.0,3526,2842.0,,613,623.0,38.6,0,sin_etiquetar,propagada,-78,luz_saturada
1018,maceta-01,1017,25,1.1.0,2026-09-13 07:30:43+00:00,2026-09-13 07:30:44.959863+00:00,8.5,61.0,3,142.0,4.0,3509,2843.0,,613,631.0,38.2,0,sin_etiquetar,propagada,-78,
1019,maceta-01,1018,25,1.1.0,2026-09-13 07:31:13+00:00,2026-09-13 07:31:15.250447+00:00,8.5,61.0,11,142.0,4.0,3497,2839.0,,623,628.0,38.4,0,sin_etiquetar,propagada,-78,
1020,maceta-01,1019,25,1.1.0,2026-09-13 07:31:43+00:00,2026-09-13 07:31:45.032691+00:00,8.5,61.0,0,143.0,4.0,3506,2846.0,,606,630.0,38.3,0,sin_etiquetar,propagada,-78,luz_saturada
1021,maceta-01,1020,25,1.1.0,2026-09-13 07:32:13+00:00,2026-09-13 07:32:15.018755+00:00,8.5,61.0,4,144.0,4.0,3506,2844.0,,619,631.0,38.2,0,sin_etiquetar,propagada,-77,
1022,maceta-01,1021,25,1.1.0,2026-09-13 07:32:43+00:00,2026-09-13 07:32:45.206006+00:00,8.5,61.0,10,143.0,4.0,3509,2843.0,,612,628.0,38.4,0,sin_etiquetar,propagada,-77,
1023,maceta-01,1022,25,1.1.0,2026-09-13 07:33:13+00:00,2026-09-13 07:33:14.987830+00:00,8.5,61.0,10,148.0,4.0,3517,2850.0,,609,631.0,38.2,0,sin_etiquetar,propagada,-78,
1024,maceta-01,1023,25,1.1.0,2026-09-13 07:33:43+00:00,2026-09-13 07:33:44.963859+00:00,8.5,61.0,2,142.0,4.0,3506,2853.0,,607,634.0,38.1,0,sin_etiquetar,propagada,-78,
1025,maceta-01,1024,25,1.1.0,2026-09-13 07:34:13+00:00,2026-09-13 07:34:15.254465+00:00,8.5,61.0,0,143.0,4.0,3498,2840.0,,621,629.0,38.3,0,sin_etiquetar,propagada,-78,luz_saturada
1026,maceta-01,1025,25,1.1.0,2026-09-13 07:34:43+00:00,2026-09-13 07:34:45.036588+00:00,8.2,61.0,0,142.0,4.0,3517,2843.0,,607,623.0,38.6,0,sin_etiquetar,propagada,-78,luz_saturada
1027,maceta-01,1026,25,1.1.0,2026-09-13 07:35:13+00:00,2026-09-13 07:35:15.028548+00:00,8.4,61.0,3,142.0,4.0,3521,2845.0,,621,625.0,38.5,0,sin_etiquetar,propagada,-78,
1028,maceta-01,1027,25,1.1.0,2026-09-13 07:35:43+00:00,2026-09-13 07:35:45.216765+00:00,8.3,61.0,0,142.0,4.0,3542,2851.0,,611,630.0,38.3,0,sin_etiquetar,propagada,-77,luz_saturada
1029,maceta-01,1028,25,1.1.0,2026-09-13 07:36:13+00:00,2026-09-13 07:36:14.983333+00:00,8.2,61.0,0,142.0,4.0,3520,2841.0,,623,627.0,38.4,0,sin_etiquetar,propagada,-78,luz_saturada
1030,maceta-01,1029,25,1.1.0,2026-09-13 07:36:43+00:00,2026-09-13 07:36:44.968886+00:00,8.5,61.0,0,145.0,4.0,3487,2835.0,,609,629.0,38.3,0,sin_etiquetar,propagada,-77,luz_saturada
1031,maceta-01,1030,25,1.1.0,2026-09-13 07:37:13+00:00,2026-09-13 07:37:15.161681+00:00,8.5,61.0,2,150.0,4.0,3514,2843.0,,613,626.0,38.5,0,sin_etiquetar,propagada,-78,
1032,maceta-01,1031,25,1.1.0,2026-09-13 07:37:43+00:00,2026-09-13 07:37:44.938725+00:00,8.5,61.0,2,142.0,4.0,3520,2845.0,,608,627.0,38.4,0,sin_etiquetar,propagada,-77,
1033,maceta-01,1032,25,1.1.0,2026-09-13 07:38:13+00:00,2026-09-13 07:38:15.029060+00:00,8.5,61.0,13,142.0,4.0,3510,2840.0,,607,627.0,38.4,0,sin_etiquetar,propagada,-78,
1034,maceta-01,1033,25,1.1.0,2026-09-13 07:38:43+00:00,2026-09-13 07:38:45.214419+00:00,8.5,61.0,13,142.0,4.0,3487,2838.0,,611,628.0,38.4,0,sin_etiquetar,propagada,-79,
1035,maceta-01,1034,25,1.1.0,2026-09-13 07:39:13+00:00,2026-09-13 07:39:14.991841+00:00,8.5,61.0,0,142.0,4.0,3494,2833.0,,613,631.0,38.2,0,sin_etiquetar,propagada,-78,luz_saturada
1036,maceta-01,1035,25,1.1.0,2026-09-13 07:39:43+00:00,2026-09-13 07:39:44.974965+00:00,8.5,61.0,10,142.0,4.0,3503,2842.0,,607,631.0,38.2,0,sin_etiquetar,propagada,-77,
1037,maceta-01,1036,25,1.1.0,2026-09-13 07:40:13+00:00,2026-09-13 07:40:15.166706+00:00,8.5,61.0,0,142.0,4.0,3514,2841.0,,611,626.0,38.5,0,sin_etiquetar,propagada,-78,luz_saturada
1038,maceta-01,1037,25,1.1.0,2026-09-13 07:40:43+00:00,2026-09-13 07:40:44.946528+00:00,8.5,62.0,0,148.0,4.0,3496,2842.0,,611,630.0,38.3,0,sin_etiquetar,propagada,-78,luz_saturada
1039,maceta-01,1038,25,1.1.0,2026-09-13 07:41:13+00:00,2026-09-13 07:41:14.925609+00:00,8.5,62.0,0,142.0,4.0,3481,2832.0,,608,633.0,38.1,0,sin_etiquetar,propagada,-78,luz_saturada
1040,maceta-01,1039,25,1.1.0,2026-09-13 07:41:43+00:00,2026-09-13 07:41:45.219105+00:00,8.5,62.0,0,142.0,4.0,3504,2830.0,,624,624.0,38.6,0,sin_etiquetar,propagada,-78,luz_saturada
1041,maceta-01,1040,25,1.1.0,2026-09-13 07:42:13+00:00,2026-09-13 07:42:14.995559+00:00,8.5,62.0,0,142.0,4.0,3504,2845.0,,605,630.0,38.3,0,sin_etiquetar,propagada,-78,luz_saturada
1042,maceta-01,1041,25,1.1.0,2026-09-13 07:42:43+00:00,2026-09-13 07:42:44.984394+00:00,8.5,62.0,0,142.0,4.0,3499,2839.0,,609,634.0,38.1,0,sin_etiquetar,propagada,-78,luz_saturada
1043,maceta-01,1042,25,1.1.0,2026-09-13 07:43:13+00:00,2026-09-13 07:43:15.175229+00:00,8.5,62.0,0,142.0,4.0,3490,2834.0,,608,637.0,37.9,0,sin_etiquetar,propagada,-78,luz_saturada
1044,maceta-01,1043,25,1.1.0,2026-09-13 07:43:43+00:00,2026-09-13 07:43:44.962219+00:00,8.5,62.0,0,151.0,4.0,3471,2824.0,,624,633.0,38.1,0,sin_etiquetar,propagada,-78,luz_saturada
1045,maceta-01,1044,25,1.1.0,2026-09-13 07:44:13+00:00,2026-09-13 07:44:14.934661+00:00,8.5,61.0,5,151.0,4.0,3492,2835.0,,618,630.0,38.3,0,sin_etiquetar,propagada,-78,
1046,maceta-01,1045,25,1.1.0,2026-09-13 07:44:43+00:00,2026-09-13 07:44:45.226556+00:00,8.5,61.0,16,142.0,4.0,3473,2834.0,,606,637.0,37.9,0,sin_etiquetar,propagada,-78,
1047,maceta-01,1046,25,1.1.0,2026-09-13 07:45:13+00:00,2026-09-13 07:45:15.004364+00:00,8.5,61.0,0,148.0,4.0,3477,2835.0,,614,626.0,38.5,0,sin_etiquetar,propagada,-78,luz_saturada
1048,maceta-01,1047,25,1.1.0,2026-09-13 07:45:43+00:00,2026-09-13 07:45:44.990905+00:00,8.5,62.0,0,142.0,4.0,3489,2831.0,,608,628.0,38.4,0,sin_etiquetar,propagada,-78,luz_saturada
1049,maceta-01,1048,25,1.1.0,2026-09-13 07:46:13+00:00,2026-09-13 07:46:15.184552+00:00,8.5,62.0,0,142.0,4.0,3474,2824.0,,623,636.0,38.0,0,sin_etiquetar,propagada,-78,luz_saturada
1050,maceta-01,1049,25,1.1.0,2026-09-13 07:46:43+00:00,2026-09-13 07:46:44.955503+00:00,8.5,62.0,0,142.0,4.0,3479,2826.0,,607,631.0,38.2,0,sin_etiquetar,propagada,-78,luz_saturada
1051,maceta-01,1050,25,1.1.0,2026-09-13 07:47:13+00:00,2026-09-13 07:47:14.941912+00:00,8.5,62.0,0,142.0,4.0,3475,2828.0,,618,634.0,38.1,0,sin_etiquetar,propagada,-78,luz_saturada
1052,maceta-01,1051,25,1.1.0,2026-09-13 07:47:43+00:00,2026-09-13 07:47:45.128958+00:00,8.5,62.0,0,142.0,4.0,3476,2828.0,,607,631.0,38.2,0,sin_etiquetar,propagada,-77,luz_saturada
1053,maceta-01,1052,25,1.1.0,2026-09-13 07:48:13+00:00,2026-09-13 07:48:14.922264+00:00,8.5,62.0,0,144.0,4.0,3483,2825.0,,607,633.0,38.1,0,sin_etiquetar,propagada,-78,luz_saturada
1054,maceta-01,1053,25,1.1.0,2026-09-13 07:48:43+00:00,2026-09-13 07:48:44.998175+00:00,8.5,62.0,9,150.0,4.0,3475,2825.0,,624,630.0,38.3,0,sin_etiquetar,propagada,-78,
1055,maceta-01,1054,25,1.1.0,2026-09-13 07:49:13+00:00,2026-09-13 07:49:15.183022+00:00,8.5,62.0,0,150.0,4.0,3491,2831.0,,610,630.0,38.3,0,sin_etiquetar,propagada,-78,luz_saturada
1056,maceta-01,1055,25,1.1.0,2026-09-13 07:49:43+00:00,2026-09-13 07:49:44.968117+00:00,8.5,62.0,11,142.0,4.0,3488,2838.0,,624,634.0,38.1,0,sin_etiquetar,propagada,-78,
1057,maceta-01,1056,25,1.1.0,2026-09-13 07:50:13+00:00,2026-09-13 07:50:14.947836+00:00,8.5,62.0,0,142.0,4.0,3495,2831.0,,609,630.0,38.3,0,sin_etiquetar,propagada,-78,luz_saturada
1058,maceta-01,1057,25,1.1.0,2026-09-13 07:50:43+00:00,2026-09-13 07:50:45.133488+00:00,8.5,62.0,0,143.0,4.0,3477,2832.0,,612,630.0,38.3,0,sin_etiquetar,propagada,-78,luz_saturada
1059,maceta-01,1058,25,1.1.0,2026-09-13 07:51:13+00:00,2026-09-13 07:51:14.923748+00:00,8.5,62.0,0,142.0,4.0,3500,2826.0,,607,634.0,38.1,0,sin_etiquetar,propagada,-78,luz_saturada
1060,maceta-01,1059,25,1.1.0,2026-09-13 07:51:43+00:00,2026-09-13 07:51:45.001382+00:00,8.5,62.0,0,148.0,4.0,3493,2842.0,,625,637.0,37.9,0,sin_etiquetar,propagada,-77,luz_saturada
1061,maceta-01,1060,25,1.1.0,2026-09-13 07:52:13+00:00,2026-09-13 07:52:15.191067+00:00,8.5,62.0,16,142.0,4.0,3488,2837.0,,607,627.0,38.4,0,sin_etiquetar,propagada,-77,
1062,maceta-01,1061,25,1.1.0,2026-09-13 07:52:43+00:00,2026-09-13 07:52:44.965755+00:00,8.5,61.0,3,142.0,4.0,3489,2838.0,,624,628.0,38.4,0,sin_etiquetar,propagada,-77,
1063,maceta-01,1062,25,1.1.0,2026-09-13 07:53:13+00:00,2026-09-13 07:53:14.950995+00:00,8.5,61.0,0,151.0,4.0,3495,2832.0,,624,634.0,38.1,0,sin_etiquetar,propagada,-78,luz_saturada
1064,maceta-01,1063,25,1.1.0,2026-09-13 07:53:43+00:00,2026-09-13 07:53:45.143795+00:00,8.5,61.0,0,142.0,4.0,3471,2828.0,,620,637.0,37.9,0,sin_etiquetar,propagada,-78,luz_saturada
1065,maceta-01,1064,25,1.1.0,2026-09-13 07:54:13+00:00,2026-09-13 07:54:14.932958+00:00,8.5,61.0,5,152.0,4.0,3487,2834.0,,626,635.0,38.0,0,sin_etiquetar,propagada,-78,
1066,maceta-01,1065,25,1.1.0,2026-09-13 07:54:43+00:00,2026-09-13 07:54:44.902874+00:00,8.5,61.0,0,143.0,4.0,3459,2828.0,,624,635.0,38.0,0,sin_etiquetar,propagada,-78,luz_saturada
1067,maceta-01,1066,25,1.1.0,2026-09-13 07:55:13+00:00,2026-09-13 07:55:15.192074+00:00,8.5,61.0,12,142.0,4.0,3481,2826.0,,614,629.0,38.3,0,sin_etiquetar,propagada,-78,
1068,maceta-01,1067,25,1.1.0,2026-09-13 07:55:43+00:00,2026-09-13 07:55:44.970995+00:00,8.5,61.0,0,142.0,4.0,3484,2824.0,,618,637.0,37.9,0,sin_etiquetar,propagada,-78,luz_saturada
1069,maceta-01,1068,25,1.1.0,2026-09-13 07:56:13+00:00,2026-09-13 07:56:14.962444+00:00,8.5,61.0,0,146.0,4.0,3461,2826.0,,613,633.0,38.1,0,sin_etiquetar,propagada,-77,luz_saturada
1070,maceta-01,1069,25,1.1.0,2026-09-13 07:56:43+00:00,2026-09-13 07:56:45.159095+00:00,8.5,61.0,0,143.0,4.0,3473,2819.0,,623,631.0,38.2,0,sin_etiquetar,propagada,-78,luz_saturada
1071,maceta-01,1070,25,1.1.0,2026-09-13 07:57:13+00:00,2026-09-13 07:57:14.925854+00:00,8.5,61.0,0,142.0,4.0,3488,2824.0,,624,630.0,38.3,0,sin_etiquetar,propagada,-77,luz_saturada
1072,maceta-01,1071,25,1.1.0,2026-09-13 07:57:43+00:00,2026-09-13 07:57:44.913298+00:00,8.5,61.0,0,144.0,4.0,3489,2824.0,,622,633.0,38.1,0,sin_etiquetar,propagada,-78,luz_saturada
1073,maceta-01,1072,25,1.1.0,2026-09-13 07:58:13+00:00,2026-09-13 07:58:15.200691+00:00,8.5,61.0,0,145.0,4.0,3449,2824.0,,623,633.0,38.1,0,sin_etiquetar,propagada,-77,luz_saturada
1074,maceta-01,1073,25,1.1.0,2026-09-13 07:58:43+00:00,2026-09-13 07:58:44.980465+00:00,8.5,61.0,4,142.0,4.0,3486,2827.0,,621,630.0,38.3,0,sin_etiquetar,propagada,-85,
1075,maceta-01,1074,25,1.1.0,2026-09-13 07:59:13+00:00,2026-09-13 07:59:14.965152+00:00,8.5,61.0,7,142.0,4.0,3483,2824.0,,611,638.0,37.9,0,sin_etiquetar,propagada,-78,
1076,maceta-01,1075,25,1.1.0,2026-09-13 07:59:43+00:00,2026-09-13 07:59:45.155452+00:00,8.5,61.0,0,142.0,4.0,3472,2824.0,,622,631.0,38.2,0,sin_etiquetar,propagada,-78,luz_saturada
1077,maceta-01,1076,25,1.1.0,2026-09-13 08:00:13+00:00,2026-09-13 08:00:14.937536+00:00,8.5,61.0,0,142.0,4.0,3503,2834.0,,624,627.0,38.4,0,sin_etiquetar,propagada,-77,luz_saturada
1078,maceta-01,1077,25,1.1.0,2026-09-13 08:00:43+00:00,2026-09-13 08:00:44.916047+00:00,8.5,62.0,0,143.0,4.0,3472,2834.0,,623,636.0,38.0,0,sin_etiquetar,propagada,-78,luz_saturada
1079,maceta-01,1078,25,1.1.0,2026-09-13 08:01:13+00:00,2026-09-13 08:01:15.105392+00:00,8.5,62.0,9,143.0,4.0,3460,2823.0,,621,628.0,38.4,0,sin_etiquetar,propagada,-78,
1080,maceta-01,1079,25,1.1.0,2026-09-13 08:01:43+00:00,2026-09-13 08:01:44.891162+00:00,8.5,62.0,0,142.0,4.0,3463,2824.0,,624,630.0,38.3,0,sin_etiquetar,propagada,-78,luz_saturada
1081,maceta-01,1080,25,1.1.0,2026-09-13 08:02:13+00:00,2026-09-13 08:02:15.007244+00:00,8.5,62.0,0,143.0,4.0,3511,2832.0,,606,626.0,38.5,0,sin_etiquetar,propagada,-78,luz_saturada
1082,maceta-01,1081,25,1.1.0,2026-09-13 08:02:43+00:00,2026-09-13 08:02:45.157021+00:00,8.5,62.0,3,149.0,4.0,3467,2828.0,,609,628.0,38.4,0,sin_etiquetar,propagada,-78,
1083,maceta-01,1082,25,1.1.0,2026-09-13 08:03:13+00:00,2026-09-13 08:03:14.937578+00:00,8.5,62.0,0,143.0,4.0,3472,2827.0,,619,633.0,38.1,0,sin_etiquetar,propagada,-78,luz_saturada
1084,maceta-01,1083,25,1.1.0,2026-09-13 08:03:43+00:00,2026-09-13 08:03:44.923500+00:00,8.5,62.0,0,146.0,4.0,3455,2818.0,,624,636.0,38.0,0,sin_etiquetar,propagada,-77,luz_saturada
1085,maceta-01,1084,25,1.1.0,2026-09-13 08:04:13+00:00,2026-09-13 08:04:15.114905+00:00,8.5,62.0,0,142.0,4.0,3472,2825.0,,617,636.0,38.0,0,sin_etiquetar,propagada,-83,luz_saturada
1086,maceta-01,1085,25,1.1.0,2026-09-13 08:04:43+00:00,2026-09-13 08:04:44.894144+00:00,8.5,62.0,13,144.0,4.0,3491,2824.0,,608,634.0,38.1,0,sin_etiquetar,propagada,-77,
1087,maceta-01,1086,25,1.1.0,2026-09-13 08:05:13+00:00,2026-09-13 08:05:14.874304+00:00,8.5,62.0,0,142.0,4.0,3475,2827.0,,607,635.0,38.0,0,sin_etiquetar,propagada,-77,luz_saturada
1088,maceta-01,1087,25,1.1.0,2026-09-13 08:05:43+00:00,2026-09-13 08:05:45.162430+00:00,8.5,62.0,10,142.0,4.0,3457,2832.0,,623,626.0,38.5,0,sin_etiquetar,propagada,-77,
1089,maceta-01,1088,25,1.1.0,2026-09-13 08:06:13+00:00,2026-09-13 08:06:14.940869+00:00,8.5,62.0,3,146.0,4.0,3486,2823.0,,624,636.0,38.0,0,sin_etiquetar,propagada,-78,
1090,maceta-01,1089,25,1.1.0,2026-09-13 08:06:43+00:00,2026-09-13 08:06:44.928554+00:00,8.5,62.0,0,146.0,4.0,3479,2823.0,,609,631.0,38.2,0,sin_etiquetar,propagada,-85,luz_saturada
1091,maceta-01,1090,25,1.1.0,2026-09-13 08:07:13+00:00,2026-09-13 08:07:15.116366+00:00,8.5,62.0,0,144.0,4.0,3478,2835.0,,611,626.0,38.5,0,sin_etiquetar,propagada,-77,luz_saturada
1092,maceta-01,1091,25,1.1.0,2026-09-13 08:07:43+00:00,2026-09-13 08:07:44.892522+00:00,8.5,62.0,14,142.0,4.0,3488,2824.0,,619,630.0,38.3,0,sin_etiquetar,propagada,-78,
1093,maceta-01,1092,25,1.1.0,2026-09-13 08:08:13+00:00,2026-09-13 08:08:14.874899+00:00,8.5,62.0,2,148.0,4.0,3482,2830.0,,624,626.0,38.5,0,sin_etiquetar,propagada,-77,
1094,maceta-01,1093,25,1.1.0,2026-09-13 08:08:43+00:00,2026-09-13 08:08:45.170103+00:00,8.5,62.0,0,146.0,4.0,3440,2811.0,,611,630.0,38.3,0,sin_etiquetar,propagada,-78,luz_saturada
1095,maceta-01,1094,25,1.1.0,2026-09-13 08:09:13+00:00,2026-09-13 08:09:14.949526+00:00,8.5,62.0,0,142.0,4.0,3481,2828.0,,615,628.0,38.4,0,sin_etiquetar,propagada,-77,luz_saturada
1096,maceta-01,1095,25,1.1.0,2026-09-13 08:09:43+00:00,2026-09-13 08:09:44.936797+00:00,8.5,62.0,0,142.0,4.0,3486,2829.0,,625,637.0,37.9,0,sin_etiquetar,propagada,-78,luz_saturada
1097,maceta-01,1096,25,1.1.0,2026-09-13 08:10:13+00:00,2026-09-13 08:10:15.117393+00:00,8.5,62.0,6,142.0,4.0,3469,2832.0,,613,638.0,37.9,0,sin_etiquetar,propagada,-78,
1098,maceta-01,1097,25,1.1.0,2026-09-13 08:10:43+00:00,2026-09-13 08:10:44.896692+00:00,8.5,62.0,0,142.0,4.0,3474,2824.0,,624,630.0,38.3,0,sin_etiquetar,propagada,-78,luz_saturada
1099,maceta-01,1098,25,1.1.0,2026-09-13 08:11:13+00:00,2026-09-13 08:11:14.886512+00:00,8.5,62.0,0,142.0,4.0,3479,2825.0,,618,634.0,38.1,0,sin_etiquetar,propagada,-78,luz_saturada
1100,maceta-01,1099,25,1.1.0,2026-09-13 08:11:43+00:00,2026-09-13 08:11:45.172246+00:00,8.5,62.0,10,142.0,4.0,3464,2826.0,,621,630.0,38.3,0,sin_etiquetar,propagada,-77,
1101,maceta-01,1100,25,1.1.0,2026-09-13 08:12:13+00:00,2026-09-13 08:12:14.955027+00:00,8.5,62.0,0,142.0,4.0,3438,2815.0,,615,626.0,38.5,0,sin_etiquetar,propagada,-77,luz_saturada
1102,maceta-01,1101,25,1.1.0,2026-09-13 08:12:43+00:00,2026-09-13 08:12:44.941006+00:00,8.5,62.0,2,142.0,4.0,3470,2809.0,,624,630.0,38.3,0,sin_etiquetar,propagada,-78,
1103,maceta-01,1102,25,1.1.0,2026-09-13 08:13:13+00:00,2026-09-13 08:13:15.133865+00:00,8.5,62.0,0,142.0,4.0,3440,2813.0,,624,633.0,38.1,0,sin_etiquetar,propagada,-77,luz_saturada
1104,maceta-01,1103,25,1.1.0,2026-09-13 08:13:43+00:00,2026-09-13 08:13:45.154929+00:00,8.5,61.0,0,145.0,4.0,3445,2808.0,,621,633.0,38.1,0,sin_etiquetar,propagada,-77,luz_saturada
1105,maceta-01,1104,25,1.1.0,2026-09-13 08:14:13+00:00,2026-09-13 08:14:14.890636+00:00,8.5,61.0,1,142.0,4.0,3431,2806.0,,623,628.0,38.4,0,sin_etiquetar,propagada,-77,
1106,maceta-01,1105,25,1.1.0,2026-09-13 08:14:43+00:00,2026-09-13 08:14:45.085465+00:00,8.5,61.0,10,142.0,4.0,3452,2808.0,,623,631.0,38.2,0,sin_etiquetar,propagada,-76,
1107,maceta-01,1106,25,1.1.0,2026-09-13 08:15:13+00:00,2026-09-13 08:15:14.858270+00:00,8.5,61.0,0,142.0,4.0,3442,2805.0,,613,628.0,38.4,0,sin_etiquetar,propagada,-77,luz_saturada
1108,maceta-01,1107,25,1.1.0,2026-09-13 08:15:43+00:00,2026-09-13 08:15:44.944030+00:00,8.1,61.0,0,142.0,4.0,3439,2802.0,,613,626.0,38.5,0,sin_etiquetar,propagada,-77,luz_saturada
1109,maceta-01,1108,25,1.1.0,2026-09-13 08:16:13+00:00,2026-09-13 08:16:15.133351+00:00,8.1,61.0,0,148.0,4.0,3447,2810.0,,618,628.0,38.4,0,sin_etiquetar,propagada,-78,luz_saturada
1110,maceta-01,1109,25,1.1.0,2026-09-13 08:16:43+00:00,2026-09-13 08:16:44.910837+00:00,8.2,61.0,10,142.0,4.0,3449,2806.0,,605,630.0,38.3,0,sin_etiquetar,propagada,-77,
1111,maceta-01,1110,25,1.1.0,2026-09-13 08:17:13+00:00,2026-09-13 08:17:14.894943+00:00,8.5,61.0,7,142.0,4.0,3469,2810.0,,604,625.0,38.5,0,sin_etiquetar,propagada,-84,
1112,maceta-01,1111,25,1.1.0,2026-09-13 08:17:43+00:00,2026-09-13 08:17:45.088245+00:00,8.1,61.0,0,144.0,4.0,3460,2815.0,,617,624.0,38.6,0,sin_etiquetar,propagada,-78,luz_saturada
1113,maceta-01,1112,25,1.1.0,2026-09-13 08:18:13+00:00,2026-09-13 08:18:14.863134+00:00,8.4,61.0,0,142.0,4.0,3440,2814.0,,606,633.0,38.1,0,sin_etiquetar,propagada,-77,luz_saturada
1114,maceta-01,1113,25,1.1.0,2026-09-13 08:18:43+00:00,2026-09-13 08:18:44.845674+00:00,8.1,61.0,3,147.0,4.0,3449,2807.0,,604,633.0,38.1,0,sin_etiquetar,propagada,-78,
1115,maceta-01,1114,25,1.1.0,2026-09-13 08:19:13+00:00,2026-09-13 08:19:15.137682+00:00,8.1,61.0,4,142.0,4.0,3447,2818.0,,604,621.0,38.7,0,sin_etiquetar,propagada,-77,
1116,maceta-01,1115,25,1.1.0,2026-09-13 08:19:43+00:00,2026-09-13 08:19:44.914574+00:00,8.1,61.0,0,142.0,4.0,3450,2816.0,,608,626.0,38.5,0,sin_etiquetar,propagada,-78,luz_saturada
1117,maceta-01,1116,25,1.1.0,2026-09-13 08:20:13+00:00,2026-09-13 08:20:14.903221+00:00,8.1,61.0,0,142.0,4.0,3471,2807.0,,615,624.0,38.6,0,sin_etiquetar,propagada,-78,luz_saturada
1118,maceta-01,1117,25,1.1.0,2026-09-13 08:20:43+00:00,2026-09-13 08:20:45.086438+00:00,8.1,61.0,0,145.0,4.0,3440,2805.0,,623,630.0,38.3,0,sin_etiquetar,propagada,-78,luz_saturada
1119,maceta-01,1118,25,1.1.0,2026-09-13 08:21:13+00:00,2026-09-13 08:21:14.873668+00:00,8.1,61.0,14,142.0,4.0,3447,2803.0,,614,631.0,38.2,0,sin_etiquetar,propagada,-77,
1120,maceta-01,1119,25,1.1.0,2026-09-13 08:21:43+00:00,2026-09-13 08:21:45.056703+00:00,8.1,61.0,0,149.0,4.0,3423,2806.0,,615,624.0,38.6,0,sin_etiquetar,propagada,-78,luz_saturada
1121,maceta-01,1120,25,1.1.0,2026-09-13 08:22:13+00:00,2026-09-13 08:22:15.145810+00:00,8.1,61.0,0,144.0,4.0,3418,2803.0,,606,623.0,38.6,0,sin_etiquetar,propagada,-78,luz_saturada
1122,maceta-01,1121,25,1.1.0,2026-09-13 08:22:43+00:00,2026-09-13 08:22:44.829444+00:00,8.1,61.0,1,143.0,4.0,3438,2798.0,,610,626.0,38.5,0,sin_etiquetar,propagada,-78,
1123,maceta-01,1122,25,1.1.0,2026-09-13 08:23:13+00:00,2026-09-13 08:23:14.918517+00:00,8.1,61.0,0,147.0,4.0,3438,2804.0,,607,628.0,38.4,0,sin_etiquetar,propagada,-77,luz_saturada
1124,maceta-01,1123,25,1.1.0,2026-09-13 08:23:43+00:00,2026-09-13 08:23:45.101986+00:00,8.1,61.0,15,146.0,4.0,3440,2806.0,,611,624.0,38.6,0,sin_etiquetar,propagada,-78,
1125,maceta-01,1124,25,1.1.0,2026-09-13 08:24:13+00:00,2026-09-13 08:24:14.882179+00:00,8.1,61.0,9,142.0,4.0,3433,2802.0,,621,626.0,38.5,0,sin_etiquetar,propagada,-78,
1126,maceta-01,1125,25,1.1.0,2026-09-13 08:24:43+00:00,2026-09-13 08:24:44.868395+00:00,8.1,61.0,0,144.0,4.0,3433,2798.0,,615,624.0,38.6,0,sin_etiquetar,propagada,-77,luz_saturada
1127,maceta-01,1126,25,1.1.0,2026-09-13 08:25:13+00:00,2026-09-13 08:25:15.061708+00:00,8.1,61.0,11,142.0,4.0,3443,2802.0,,603,629.0,38.3,0,sin_etiquetar,propagada,-78,
1128,maceta-01,1127,25,1.1.0,2026-09-13 08:25:43+00:00,2026-09-13 08:25:44.836217+00:00,8.1,62.0,0,142.0,4.0,3430,2797.0,,613,633.0,38.1,0,sin_etiquetar,propagada,-78,luz_saturada
1129,maceta-01,1128,25,1.1.0,2026-09-13 08:26:13+00:00,2026-09-13 08:26:14.920290+00:00,8.1,62.0,0,148.0,4.0,3414,2799.0,,601,627.0,38.4,0,sin_etiquetar,propagada,-77,luz_saturada
1130,maceta-01,1129,25,1.1.0,2026-09-13 08:26:43+00:00,2026-09-13 08:26:45.113628+00:00,8.1,62.0,0,142.0,4.0,3429,2803.0,,611,624.0,38.6,0,sin_etiquetar,propagada,-77,luz_saturada
1131,maceta-01,1130,25,1.1.0,2026-09-13 08:27:13+00:00,2026-09-13 08:27:14.887626+00:00,8.1,62.0,4,142.0,4.0,3434,2802.0,,603,622.0,38.7,0,sin_etiquetar,propagada,-77,
1132,maceta-01,1131,25,1.1.0,2026-09-13 08:27:43+00:00,2026-09-13 08:27:44.873514+00:00,8.1,62.0,2,146.0,4.0,3420,2802.0,,615,623.0,38.6,0,sin_etiquetar,propagada,-78,
1133,maceta-01,1132,25,1.1.0,2026-09-13 08:28:13+00:00,2026-09-13 08:28:15.065604+00:00,8.1,62.0,16,142.0,4.0,3439,2798.0,,618,626.0,38.5,0,sin_etiquetar,propagada,-78,
1134,maceta-01,1133,25,1.1.0,2026-09-13 08:28:43+00:00,2026-09-13 08:28:44.842161+00:00,8.1,62.0,0,151.0,4.0,3438,2802.0,,615,622.0,38.7,0,sin_etiquetar,propagada,-77,luz_saturada
1135,maceta-01,1134,25,1.1.0,2026-09-13 08:29:13+00:00,2026-09-13 08:29:14.845221+00:00,8.1,62.0,9,142.0,4.0,3437,2802.0,,597,621.0,38.7,0,sin_etiquetar,propagada,-77,
1136,maceta-01,1135,25,1.1.0,2026-09-13 08:29:43+00:00,2026-09-13 08:29:45.116563+00:00,8.1,62.0,14,144.0,4.0,3434,2796.0,,612,620.0,38.8,0,sin_etiquetar,propagada,-77,
1137,maceta-01,1136,25,1.1.0,2026-09-13 08:30:13+00:00,2026-09-13 08:30:14.897170+00:00,8.1,62.0,4,143.0,4.0,3439,2802.0,,594,616.0,39.0,0,sin_etiquetar,propagada,-77,
1138,maceta-01,1137,25,1.1.0,2026-09-13 08:30:43+00:00,2026-09-13 08:30:44.880338+00:00,8.1,62.0,0,142.0,4.0,3437,2798.0,,609,624.0,38.6,0,sin_etiquetar,propagada,-77,luz_saturada
1139,maceta-01,1138,25,1.1.0,2026-09-13 08:31:13+00:00,2026-09-13 08:31:15.070043+00:00,8.1,62.0,0,146.0,4.0,3451,2802.0,,601,621.0,38.7,0,sin_etiquetar,propagada,-77,luz_saturada
1140,maceta-01,1139,25,1.1.0,2026-09-13 08:31:43+00:00,2026-09-13 08:31:44.849968+00:00,8.1,62.0,0,142.0,4.0,3439,2806.0,,607,623.0,38.6,0,sin_etiquetar,propagada,-77,luz_saturada
1141,maceta-01,1140,25,1.1.0,2026-09-13 08:32:13+00:00,2026-09-13 08:32:14.829875+00:00,8.1,63.0,0,147.0,4.0,3451,2814.0,,599,624.0,38.6,0,sin_etiquetar,propagada,-77,luz_saturada
1142,maceta-01,1141,25,1.1.0,2026-09-13 08:32:43+00:00,2026-09-13 08:32:45.121637+00:00,8.1,63.0,4,147.0,4.0,3442,2806.0,,612,629.0,38.3,0,sin_etiquetar,propagada,-78,
1143,maceta-01,1142,25,1.1.0,2026-09-13 08:33:13+00:00,2026-09-13 08:33:14.903008+00:00,8.1,63.0,13,146.0,4.0,3445,2809.0,,606,627.0,38.4,0,sin_etiquetar,propagada,-77,
1144,maceta-01,1143,25,1.1.0,2026-09-13 08:33:43+00:00,2026-09-13 08:33:44.889457+00:00,8.1,63.0,0,145.0,4.0,3440,2814.0,,606,627.0,38.4,0,sin_etiquetar,propagada,-77,luz_saturada
1145,maceta-01,1144,25,1.1.0,2026-09-13 08:34:13+00:00,2026-09-13 08:34:15.079617+00:00,8.1,63.0,8,142.0,4.0,3443,2808.0,,598,626.0,38.5,0,sin_etiquetar,propagada,-78,
1146,maceta-01,1145,25,1.1.0,2026-09-13 08:34:43+00:00,2026-09-13 08:34:44.853892+00:00,8.1,63.0,0,145.0,4.0,3456,2815.0,,617,626.0,38.5,0,sin_etiquetar,propagada,-78,luz_saturada
1147,maceta-01,1146,25,1.1.0,2026-09-13 08:35:13+00:00,2026-09-13 08:35:14.834730+00:00,8.1,63.0,0,146.0,4.0,3440,2812.0,,595,624.0,38.6,0,sin_etiquetar,propagada,-77,luz_saturada
1148,maceta-01,1147,25,1.1.0,2026-09-13 08:35:43+00:00,2026-09-13 08:35:45.025032+00:00,8.1,64.0,0,142.0,4.0,3470,2811.0,,605,627.0,38.4,0,sin_etiquetar,propagada,-78,luz_saturada
1149,maceta-01,1148,25,1.1.0,2026-09-13 08:36:13+00:00,2026-09-13 08:36:14.802972+00:00,8.1,64.0,16,142.0,4.0,3430,2809.0,,608,627.0,38.4,0,sin_etiquetar,propagada,-76,
1150,maceta-01,1149,25,1.1.0,2026-09-13 08:36:43+00:00,2026-09-13 08:36:44.790552+00:00,8.1,64.0,14,142.0,4.0,3442,2803.0,,609,625.0,38.5,0,sin_etiquetar,propagada,-78,
1151,maceta-01,1150,25,1.1.0,2026-09-13 08:37:13+00:00,2026-09-13 08:37:15.086025+00:00,8.1,64.0,0,142.0,4.0,3441,2806.0,,610,625.0,38.5,0,sin_etiquetar,propagada,-77,luz_saturada
1152,maceta-01,1151,25,1.1.0,2026-09-13 08:37:43+00:00,2026-09-13 08:37:44.856540+00:00,8.1,64.0,0,142.0,4.0,3410,2798.0,,617,629.0,38.3,0,sin_etiquetar,propagada,-78,luz_saturada
1153,maceta-01,1152,25,1.1.0,2026-09-13 08:38:13+00:00,2026-09-13 08:38:14.846146+00:00,8.1,64.0,0,142.0,4.0,3421,2799.0,,613,634.0,38.1,0,sin_etiquetar,propagada,-77,luz_saturada
1154,maceta-01,1153,25,1.1.0,2026-09-13 08:38:43+00:00,2026-09-13 08:38:45.033931+00:00,8.1,64.0,11,142.0,4.0,3435,2805.0,,619,632.0,38.2,0,sin_etiquetar,propagada,-78,
1155,maceta-01,1154,25,1.1.0,2026-09-13 08:39:13+00:00,2026-09-13 08:39:14.807143+00:00,8.1,64.0,0,146.0,4.0,3446,2800.0,,613,630.0,38.3,0,sin_etiquetar,propagada,-77,luz_saturada
1156,maceta-01,1155,25,1.1.0,2026-09-13 08:39:43+00:00,2026-09-13 08:39:44.893815+00:00,8.1,64.0,0,146.0,4.0,3439,2802.0,,610,621.0,38.7,0,sin_etiquetar,propagada,-77,luz_saturada
1157,maceta-01,1156,25,1.1.0,2026-09-13 08:40:13+00:00,2026-09-13 08:40:15.087989+00:00,8.1,64.0,3,146.0,4.0,3440,2806.0,,612,621.0,38.7,0,sin_etiquetar,propagada,-78,
1158,maceta-01,1157,25,1.1.0,2026-09-13 08:40:43+00:00,2026-09-13 08:40:44.861603+00:00,8.1,64.0,12,146.0,4.0,3457,2811.0,,601,623.0,38.6,0,sin_etiquetar,propagada,-78,
1159,maceta-01,1158,25,1.1.0,2026-09-13 08:41:13+00:00,2026-09-13 08:41:14.846684+00:00,8.1,64.0,0,145.0,4.0,3443,2809.0,,603,622.0,38.7,0,sin_etiquetar,propagada,-86,luz_saturada
1160,maceta-01,1159,25,1.1.0,2026-09-13 08:41:43+00:00,2026-09-13 08:41:45.043855+00:00,8.1,64.0,16,142.0,4.0,3447,2806.0,,602,628.0,38.4,0,sin_etiquetar,propagada,-78,
1161,maceta-01,1160,25,1.1.0,2026-09-13 08:42:13+00:00,2026-09-13 08:42:14.815623+00:00,8.1,64.0,5,142.0,4.0,3463,2812.0,,613,628.0,38.4,0,sin_etiquetar,propagada,-77,
1162,maceta-01,1161,25,1.1.0,2026-09-13 08:42:43+00:00,2026-09-13 08:42:44.801173+00:00,8.1,64.0,4,149.0,4.0,3465,2810.0,,603,630.0,38.3,0,sin_etiquetar,propagada,-78,
1163,maceta-01,1162,25,1.1.0,2026-09-13 08:43:13+00:00,2026-09-13 08:43:15.091778+00:00,8.1,64.0,0,142.0,4.0,3452,2823.0,,613,626.0,38.5,0,sin_etiquetar,propagada,-78,luz_saturada
1164,maceta-01,1163,25,1.1.0,2026-09-13 08:43:43+00:00,2026-09-13 08:43:44.873630+00:00,8.1,64.0,0,142.0,4.0,3472,2816.0,,613,618.0,38.9,0,sin_etiquetar,propagada,-78,luz_saturada
1165,maceta-01,1164,25,1.1.0,2026-09-13 08:44:13+00:00,2026-09-13 08:44:14.862538+00:00,8.1,64.0,9,144.0,4.0,3471,2817.0,,606,623.0,38.6,0,sin_etiquetar,propagada,-77,
1166,maceta-01,1165,25,1.1.0,2026-09-13 08:44:43+00:00,2026-09-13 08:44:45.048568+00:00,8.1,64.0,14,142.0,4.0,3453,2815.0,,593,622.0,38.7,0,sin_etiquetar,propagada,-78,
1167,maceta-01,1166,25,1.1.0,2026-09-13 08:45:13+00:00,2026-09-13 08:45:14.821335+00:00,8.1,64.0,0,142.0,4.0,3431,2815.0,,614,620.0,38.8,0,sin_etiquetar,propagada,-77,luz_saturada
1168,maceta-01,1167,25,1.1.0,2026-09-13 08:45:43+00:00,2026-09-13 08:45:45.010001+00:00,8.1,63.0,12,142.0,4.0,3471,2815.0,,596,618.0,38.9,0,sin_etiquetar,propagada,-78,
1169,maceta-01,1168,25,1.1.0,2026-09-13 08:46:13+00:00,2026-09-13 08:46:14.798194+00:00,8.1,63.0,0,142.0,4.0,3456,2824.0,,594,624.0,38.6,0,sin_etiquetar,propagada,-78,luz_saturada
1170,maceta-01,1169,25,1.1.0,2026-09-13 08:46:43+00:00,2026-09-13 08:46:44.883009+00:00,8.1,64.0,15,142.0,4.0,3457,2815.0,,606,622.0,38.7,0,sin_etiquetar,propagada,-85,
1171,maceta-01,1170,25,1.1.0,2026-09-13 08:47:13+00:00,2026-09-13 08:47:15.072813+00:00,8.1,64.0,0,142.0,4.0,3453,2815.0,,605,625.0,38.5,0,sin_etiquetar,propagada,-78,luz_saturada
1172,maceta-01,1171,25,1.1.0,2026-09-13 08:47:43+00:00,2026-09-13 08:47:44.842036+00:00,8.1,64.0,7,142.0,4.0,3472,2825.0,,608,626.0,38.5,0,sin_etiquetar,propagada,-77,
1173,maceta-01,1172,25,1.1.0,2026-09-13 08:48:13+00:00,2026-09-13 08:48:14.827301+00:00,8.1,63.0,9,142.0,4.0,3478,2828.0,,610,624.0,38.6,0,sin_etiquetar,propagada,-77,
1174,maceta-01,1173,25,1.1.0,2026-09-13 08:48:43+00:00,2026-09-13 08:48:45.015621+00:00,8.1,63.0,0,144.0,4.0,3478,2825.0,,598,616.0,39.0,0,sin_etiquetar,propagada,-78,luz_saturada
1175,maceta-01,1174,25,1.1.0,2026-09-13 08:49:13+00:00,2026-09-13 08:49:14.797761+00:00,8.1,63.0,13,142.0,4.0,3451,2815.0,,613,623.0,38.6,0,sin_etiquetar,propagada,-78,
1176,maceta-01,1175,25,1.1.0,2026-09-13 08:49:43+00:00,2026-09-13 08:49:44.786089+00:00,8.1,63.0,4,144.0,4.0,3451,2819.0,,606,622.0,38.7,0,sin_etiquetar,propagada,-78,
1177,maceta-01,1176,25,1.1.0,2026-09-13 08:50:13+00:00,2026-09-13 08:50:15.070098+00:00,8.1,63.0,2,143.0,4.0,3463,2816.0,,595,623.0,38.6,0,sin_etiquetar,propagada,-77,
1178,maceta-01,1177,25,1.1.0,2026-09-13 08:50:43+00:00,2026-09-13 08:50:44.847122+00:00,8.1,63.0,13,149.0,4.0,3463,2828.0,,607,622.0,38.7,0,sin_etiquetar,propagada,-78,
1179,maceta-01,1178,25,1.1.0,2026-09-13 08:51:13+00:00,2026-09-13 08:51:14.831975+00:00,8.1,63.0,14,142.0,4.0,3458,2827.0,,597,622.0,38.7,0,sin_etiquetar,propagada,-78,
1180,maceta-01,1179,25,1.1.0,2026-09-13 08:51:43+00:00,2026-09-13 08:51:45.028571+00:00,8.1,63.0,0,144.0,4.0,3475,2819.0,,607,629.0,38.3,0,sin_etiquetar,propagada,-78,luz_saturada
1181,maceta-01,1180,25,1.1.0,2026-09-13 08:52:13+00:00,2026-09-13 08:52:14.810536+00:00,8.1,63.0,0,142.0,4.0,3463,2815.0,,596,623.0,38.6,0,sin_etiquetar,propagada,-77,luz_saturada
1182,maceta-01,1181,25,1.1.0,2026-09-13 08:52:43+00:00,2026-09-13 08:52:44.785159+00:00,8.1,63.0,0,142.0,4.0,3459,2818.0,,613,624.0,38.6,0,sin_etiquetar,propagada,-77,luz_saturada
1183,maceta-01,1182,25,1.1.0,2026-09-13 08:53:13+00:00,2026-09-13 08:53:15.074403+00:00,8.1,63.0,0,142.0,4.0,3455,2810.0,,611,621.0,38.7,0,sin_etiquetar,propagada,-77,luz_saturada
1184,maceta-01,1183,25,1.1.0,2026-09-13 08:53:43+00:00,2026-09-13 08:53:44.852148+00:00,8.1,63.0,0,142.0,4.0,3458,2809.0,,607,621.0,38.7,0,sin_etiquetar,propagada,-78,luz_saturada
1185,maceta-01,1184,25,1.1.0,2026-09-13 08:54:13+00:00,2026-09-13 08:54:14.837923+00:00,8.1,63.0,0,151.0,4.0,3461,2819.0,,611,627.0,38.4,0,sin_etiquetar,propagada,-78,luz_saturada
1186,maceta-01,1185,25,1.1.0,2026-09-13 08:54:43+00:00,2026-09-13 08:54:45.028945+00:00,8.1,63.0,0,143.0,4.0,3441,2808.0,,606,627.0,38.4,0,sin_etiquetar,propagada,-79,luz_saturada
1187,maceta-01,1186,25,1.1.0,2026-09-13 08:55:13+00:00,2026-09-13 08:55:14.811212+00:00,8.1,63.0,16,144.0,4.0,3451,2816.0,,610,624.0,38.6,0,sin_etiquetar,propagada,-77,
1188,maceta-01,1187,25,1.1.0,2026-09-13 08:55:43+00:00,2026-09-13 08:55:45.001524+00:00,8.1,63.0,0,144.0,4.0,3445,2815.0,,615,624.0,38.6,0,sin_etiquetar,propagada,-78,luz_saturada
1189,maceta-01,1188,25,1.1.0,2026-09-13 08:56:13+00:00,2026-09-13 08:56:14.778498+00:00,8.1,63.0,7,142.0,4.0,3442,2817.0,,601,630.0,38.3,0,sin_etiquetar,propagada,-77,
1190,maceta-01,1189,25,1.1.0,2026-09-13 08:56:43+00:00,2026-09-13 08:56:45.067444+00:00,8.1,63.0,9,142.0,4.0,3479,2819.0,,598,621.0,38.7,0,sin_etiquetar,propagada,-77,
1191,maceta-01,1190,25,1.1.0,2026-09-13 08:57:13+00:00,2026-09-13 08:57:14.852051+00:00,8.1,63.0,11,142.0,4.0,3466,2818.0,,613,625.0,38.5,0,sin_etiquetar,propagada,-77,
1192,maceta-01,1191,25,1.1.0,2026-09-13 08:57:43+00:00,2026-09-13 08:57:44.828949+00:00,8.1,63.0,1,142.0,4.0,3481,2826.0,,611,622.0,38.7,0,sin_etiquetar,propagada,-77,
1193,maceta-01,1192,25,1.1.0,2026-09-13 08:58:13+00:00,2026-09-13 08:58:15.018219+00:00,8.1,63.0,0,148.0,4.0,3463,2819.0,,598,621.0,38.7,0,sin_etiquetar,propagada,-78,luz_saturada
1194,maceta-01,1193,25,1.1.0,2026-09-13 08:58:43+00:00,2026-09-13 08:58:44.799014+00:00,8.1,63.0,0,148.0,4.0,3472,2829.0,,615,622.0,38.7,0,sin_etiquetar,propagada,-78,luz_saturada
1195,maceta-01,1194,25,1.1.0,2026-09-13 08:59:13+00:00,2026-09-13 08:59:14.781966+00:00,8.1,63.0,0,143.0,4.0,3472,2824.0,,609,623.0,38.6,0,sin_etiquetar,propagada,-77,luz_saturada
1196,maceta-01,1195,25,1.1.0,2026-09-13 08:59:43+00:00,2026-09-13 08:59:45.072537+00:00,8.1,63.0,1,146.0,4.0,3472,2822.0,,612,622.0,38.7,0,sin_etiquetar,propagada,-78,
1197,maceta-01,1196,25,1.1.0,2026-09-13 09:00:13+00:00,2026-09-13 09:00:14.856612+00:00,8.1,63.0,0,143.0,4.0,3478,2824.0,,613,627.0,38.4,0,sin_etiquetar,propagada,-78,luz_saturada
1198,maceta-01,1197,25,1.1.0,2026-09-13 09:00:43+00:00,2026-09-13 09:00:44.834582+00:00,8.1,63.0,0,144.0,4.0,3469,2828.0,,594,622.0,38.7,0,sin_etiquetar,propagada,-77,luz_saturada
1199,maceta-01,1198,25,1.1.0,2026-09-13 09:01:13+00:00,2026-09-13 09:01:15.023119+00:00,8.1,63.0,3,142.0,4.0,3463,2819.0,,602,626.0,38.5,0,sin_etiquetar,propagada,-77,
1200,maceta-01,1199,25,1.1.0,2026-09-13 09:01:43+00:00,2026-09-13 09:01:44.805669+00:00,8.1,63.0,1,142.0,4.0,3457,2825.0,,610,618.0,38.9,0,sin_etiquetar,propagada,-78,
1201,maceta-01,1200,25,1.1.0,2026-09-13 09:02:13+00:00,2026-09-13 09:02:14.788517+00:00,8.1,63.0,0,147.0,4.0,3486,2823.0,,601,628.0,38.4,0,sin_etiquetar,propagada,-78,luz_saturada
1202,maceta-01,1201,25,1.1.0,2026-09-13 09:02:43+00:00,2026-09-13 09:02:44.975513+00:00,8.1,63.0,5,142.0,4.0,3466,2824.0,,614,626.0,38.5,0,sin_etiquetar,propagada,-78,
1203,maceta-01,1202,25,1.1.0,2026-09-13 09:03:13+00:00,2026-09-13 09:03:14.757621+00:00,8.1,63.0,7,144.0,4.0,3471,2823.0,,601,620.0,38.8,0,sin_etiquetar,propagada,-78,
1204,maceta-01,1203,25,1.1.0,2026-09-13 09:03:43+00:00,2026-09-13 09:03:44.839511+00:00,8.1,63.0,0,144.0,4.0,3472,2824.0,,618,621.0,38.7,0,sin_etiquetar,propagada,-77,luz_saturada
1205,maceta-01,1204,25,1.1.0,2026-09-13 09:04:13+00:00,2026-09-13 09:04:15.028269+00:00,8.1,63.0,13,142.0,4.0,3456,2815.0,,603,626.0,38.5,0,sin_etiquetar,propagada,-77,
1206,maceta-01,1205,25,1.1.0,2026-09-13 09:04:43+00:00,2026-09-13 09:04:44.806600+00:00,8.1,63.0,0,142.0,4.0,3472,2815.0,,604,627.0,38.4,0,sin_etiquetar,propagada,-78,luz_saturada
1207,maceta-01,1206,25,1.1.0,2026-09-13 09:05:13+00:00,2026-09-13 09:05:14.803967+00:00,8.1,63.0,3,150.0,4.0,3474,2813.0,,613,627.0,38.4,0,sin_etiquetar,propagada,-83,
1208,maceta-01,1207,25,1.1.0,2026-09-13 09:05:43+00:00,2026-09-13 09:05:44.984535+00:00,8.1,63.0,7,144.0,4.0,3473,2824.0,,599,623.0,38.6,0,sin_etiquetar,propagada,-77,
1209,maceta-01,1208,25,1.1.0,2026-09-13 09:06:13+00:00,2026-09-13 09:06:14.760827+00:00,8.1,63.0,0,149.0,4.0,3459,2816.0,,603,627.0,38.4,0,sin_etiquetar,propagada,-77,luz_saturada
1210,maceta-01,1209,25,1.1.0,2026-09-13 09:06:43+00:00,2026-09-13 09:06:44.747284+00:00,8.1,63.0,0,147.0,4.0,3456,2808.0,,603,622.0,38.7,0,sin_etiquetar,propagada,-77,luz_saturada
1211,maceta-01,1210,25,1.1.0,2026-09-13 09:07:13+00:00,2026-09-13 09:07:15.033928+00:00,8.1,63.0,0,151.0,4.0,3447,2808.0,,615,623.0,38.6,0,sin_etiquetar,propagada,-78,luz_saturada
1212,maceta-01,1211,25,1.1.0,2026-09-13 09:07:43+00:00,2026-09-13 09:07:44.820524+00:00,8.1,63.0,0,142.0,4.0,3456,2806.0,,610,626.0,38.5,0,sin_etiquetar,propagada,-78,luz_saturada
1213,maceta-01,1212,25,1.1.0,2026-09-13 09:08:13+00:00,2026-09-13 09:08:14.809403+00:00,8.1,63.0,4,146.0,4.0,3440,2813.0,,602,628.0,38.4,0,sin_etiquetar,propagada,-77,
1214,maceta-01,1213,25,1.1.0,2026-09-13 09:08:43+00:00,2026-09-13 09:08:44.883730+00:00,8.1,63.0,0,149.0,4.0,3456,2810.0,,606,629.0,38.3,0,sin_etiquetar,propagada,-77,luz_saturada
1215,maceta-01,1214,25,1.1.0,2026-09-13 09:09:13+00:00,2026-09-13 09:09:14.769485+00:00,8.1,63.0,14,142.0,4.0,3446,2812.0,,619,622.0,38.7,0,sin_etiquetar,propagada,-78,
1216,maceta-01,1215,25,1.1.0,2026-09-13 09:09:43+00:00,2026-09-13 09:09:44.747421+00:00,8.1,63.0,0,142.0,4.0,3445,2805.0,,599,628.0,38.4,0,sin_etiquetar,propagada,-77,luz_saturada
1217,maceta-01,1216,25,1.1.0,2026-09-13 09:10:13+00:00,2026-09-13 09:10:15.053034+00:00,8.1,63.0,5,144.0,4.0,3428,2787.0,,603,623.0,38.6,0,sin_etiquetar,propagada,-77,
1218,maceta-01,1217,25,1.1.0,2026-09-13 09:10:43+00:00,2026-09-13 09:10:44.830807+00:00,8.1,63.0,11,142.0,4.0,3435,2798.0,,608,625.0,38.5,0,sin_etiquetar,propagada,-77,
1219,maceta-01,1218,25,1.1.0,2026-09-13 09:11:13+00:00,2026-09-13 09:11:14.828731+00:00,8.1,63.0,10,142.0,4.0,3424,2800.0,,615,622.0,38.7,0,sin_etiquetar,propagada,-77,
1220,maceta-01,1219,25,1.1.0,2026-09-13 09:11:43+00:00,2026-09-13 09:11:44.994910+00:00,8.1,63.0,0,150.0,4.0,3441,2803.0,,600,627.0,38.4,0,sin_etiquetar,propagada,-77,luz_saturada
1221,maceta-01,1220,25,1.1.0,2026-09-13 09:12:13+00:00,2026-09-13 09:12:14.781338+00:00,8.1,63.0,2,143.0,4.0,3423,2805.0,,613,629.0,38.3,0,sin_etiquetar,propagada,-77,
1222,maceta-01,1221,25,1.1.0,2026-09-13 09:12:43+00:00,2026-09-13 09:12:44.757062+00:00,8.1,63.0,0,142.0,4.0,3440,2795.0,,613,622.0,38.7,0,sin_etiquetar,propagada,-78,luz_saturada
1223,maceta-01,1222,25,1.1.0,2026-09-13 09:13:13+00:00,2026-09-13 09:13:15.047547+00:00,8.1,63.0,0,147.0,4.0,3440,2798.0,,611,629.0,38.3,0,sin_etiquetar,propagada,-77,luz_saturada
1224,maceta-01,1223,25,1.1.0,2026-09-13 09:13:43+00:00,2026-09-13 09:13:44.729151+00:00,8.1,63.0,5,148.0,4.0,3426,2798.0,,604,626.0,38.5,0,sin_etiquetar,propagada,-78,
1225,maceta-01,1224,25,1.1.0,2026-09-13 09:14:13+00:00,2026-09-13 09:14:14.814383+00:00,8.1,63.0,0,142.0,4.0,3455,2800.0,,614,617.0,38.9,0,sin_etiquetar,propagada,-78,luz_saturada
1226,maceta-01,1225,25,1.1.0,2026-09-13 09:14:43+00:00,2026-09-13 09:14:45.001871+00:00,8.1,63.0,5,148.0,4.0,3423,2799.0,,611,623.0,38.6,0,sin_etiquetar,propagada,-78,
1227,maceta-01,1226,25,1.1.0,2026-09-13 09:15:13+00:00,2026-09-13 09:15:14.777644+00:00,8.1,63.0,0,142.0,4.0,3438,2803.0,,611,622.0,38.7,0,sin_etiquetar,propagada,-77,luz_saturada
1228,maceta-01,1227,25,1.1.0,2026-09-13 09:15:43+00:00,2026-09-13 09:15:44.762828+00:00,8.1,63.0,0,147.0,4.0,3427,2798.0,,597,622.0,38.7,0,sin_etiquetar,propagada,-78,luz_saturada
1229,maceta-01,1228,25,1.1.0,2026-09-13 09:16:13+00:00,2026-09-13 09:16:14.951676+00:00,8.1,62.0,12,148.0,4.0,3447,2804.0,,612,627.0,38.4,0,sin_etiquetar,propagada,-77,
1230,maceta-01,1229,25,1.1.0,2026-09-13 09:16:43+00:00,2026-09-13 09:16:44.732871+00:00,8.1,62.0,0,145.0,4.0,3449,2800.0,,612,617.0,38.9,0,sin_etiquetar,propagada,-77,luz_saturada
1231,maceta-01,1230,25,1.1.0,2026-09-13 09:17:13+00:00,2026-09-13 09:17:14.817439+00:00,8.1,62.0,0,150.0,4.0,3439,2806.0,,599,618.0,38.9,0,sin_etiquetar,propagada,-77,luz_saturada
1232,maceta-01,1231,25,1.1.0,2026-09-13 09:17:43+00:00,2026-09-13 09:17:45.010642+00:00,8.1,62.0,16,151.0,4.0,3427,2809.0,,606,618.0,38.9,0,sin_etiquetar,propagada,-78,
1233,maceta-01,1232,25,1.1.0,2026-09-13 09:18:13+00:00,2026-09-13 09:18:14.788805+00:00,8.1,62.0,3,153.0,4.0,3426,2812.0,,605,619.0,38.8,0,sin_etiquetar,propagada,-78,
1234,maceta-01,1233,25,1.1.0,2026-09-13 09:18:43+00:00,2026-09-13 09:18:44.768365+00:00,8.1,62.0,0,145.0,4.0,3462,2805.0,,610,625.0,38.5,0,sin_etiquetar,propagada,-77,luz_saturada
1235,maceta-01,1234,25,1.1.0,2026-09-13 09:19:13+00:00,2026-09-13 09:19:14.965608+00:00,8.1,62.0,7,142.0,4.0,3439,2809.0,,597,621.0,38.7,0,sin_etiquetar,propagada,-77,
1236,maceta-01,1235,25,1.1.0,2026-09-13 09:19:43+00:00,2026-09-13 09:19:44.739318+00:00,8.1,62.0,16,149.0,4.0,3455,2811.0,,606,621.0,38.7,0,sin_etiquetar,propagada,-77,
1237,maceta-01,1236,25,1.1.0,2026-09-13 09:20:13+00:00,2026-09-13 09:20:14.729090+00:00,8.1,62.0,0,142.0,4.0,3437,2809.0,,603,621.0,38.7,0,sin_etiquetar,propagada,-78,luz_saturada
1238,maceta-01,1237,25,1.1.0,2026-09-13 09:20:43+00:00,2026-09-13 09:20:45.015104+00:00,8.1,62.0,0,154.0,4.0,3428,2810.0,,608,624.0,38.6,0,sin_etiquetar,propagada,-78,luz_saturada
1239,maceta-01,1238,25,1.1.0,2026-09-13 09:21:13+00:00,2026-09-13 09:21:14.790306+00:00,8.1,62.0,15,142.0,4.0,3425,2806.0,,608,614.0,39.1,0,sin_etiquetar,propagada,-77,
1240,maceta-01,1239,25,1.1.0,2026-09-13 09:21:43+00:00,2026-09-13 09:21:44.777225+00:00,8.1,62.0,16,144.0,4.0,3442,2799.0,,609,617.0,38.9,0,sin_etiquetar,propagada,-78,
1241,maceta-01,1240,25,1.1.0,2026-09-13 09:22:13+00:00,2026-09-13 09:22:14.964335+00:00,8.1,62.0,9,142.0,4.0,3441,2810.0,,612,622.0,38.7,0,sin_etiquetar,propagada,-81,
1242,maceta-01,1241,25,1.1.0,2026-09-13 09:22:43+00:00,2026-09-13 09:22:44.753238+00:00,8.1,62.0,15,153.0,4.0,3440,2808.0,,603,614.0,39.1,0,sin_etiquetar,propagada,-77,
1243,maceta-01,1242,25,1.1.0,2026-09-13 09:23:13+00:00,2026-09-13 09:23:14.736124+00:00,8.1,62.0,0,146.0,4.0,3442,2802.0,,606,616.0,39.0,0,sin_etiquetar,propagada,-78,luz_saturada
1244,maceta-01,1243,25,1.1.0,2026-09-13 09:23:43+00:00,2026-09-13 09:23:44.929428+00:00,8.1,62.0,16,150.0,4.0,3462,2809.0,,594,618.0,38.9,0,sin_etiquetar,propagada,-85,
1245,maceta-01,1244,25,1.1.0,2026-09-13 09:24:13+00:00,2026-09-13 09:24:14.703987+00:00,8.1,62.0,0,143.0,4.0,3435,2795.0,,607,618.0,38.9,0,sin_etiquetar,propagada,-77,luz_saturada
1246,maceta-01,1245,25,1.1.0,2026-09-13 09:24:43+00:00,2026-09-13 09:24:44.793950+00:00,8.1,62.0,11,152.0,4.0,3441,2813.0,,594,626.0,38.5,0,sin_etiquetar,propagada,-78,
1247,maceta-01,1246,25,1.1.0,2026-09-13 09:25:13+00:00,2026-09-13 09:25:14.983212+00:00,8.1,62.0,0,151.0,4.0,3440,2807.0,,603,619.0,38.8,0,sin_etiquetar,propagada,-78,luz_saturada
1248,maceta-01,1247,25,1.1.0,2026-09-13 09:25:43+00:00,2026-09-13 09:25:44.759029+00:00,8.1,62.0,0,159.0,4.0,3441,2816.0,,608,626.0,38.5,0,sin_etiquetar,propagada,-78,luz_saturada
1249,maceta-01,1248,25,1.1.0,2026-09-13 09:26:13+00:00,2026-09-13 09:26:14.744870+00:00,8.1,62.0,0,154.0,4.0,3444,2805.0,,603,622.0,38.7,0,sin_etiquetar,propagada,-78,luz_saturada
1250,maceta-01,1249,25,1.1.0,2026-09-13 09:26:43+00:00,2026-09-13 09:26:44.941912+00:00,8.1,62.0,24,152.0,4.0,3467,2808.0,,594,624.0,38.6,0,sin_etiquetar,propagada,-77,
1251,maceta-01,1250,25,1.1.0,2026-09-13 09:27:13+00:00,2026-09-13 09:27:14.714878+00:00,8.1,62.0,21,155.0,4.0,3437,2808.0,,598,623.0,38.6,0,sin_etiquetar,propagada,-78,
1252,maceta-01,1251,25,1.1.0,2026-09-13 09:27:43+00:00,2026-09-13 09:27:44.697640+00:00,8.1,62.0,16,154.0,4.0,3425,2808.0,,597,627.0,38.4,0,sin_etiquetar,propagada,-78,
1253,maceta-01,1252,25,1.1.0,2026-09-13 09:28:13+00:00,2026-09-13 09:28:14.985098+00:00,8.1,62.0,16,151.0,4.0,3422,2790.0,,612,623.0,38.6,0,sin_etiquetar,propagada,-78,
1254,maceta-01,1253,25,1.1.0,2026-09-13 09:28:43+00:00,2026-09-13 09:28:44.766534+00:00,8.1,62.0,11,157.0,4.0,3452,2803.0,,614,628.0,38.4,0,sin_etiquetar,propagada,-78,
1255,maceta-01,1254,25,1.1.0,2026-09-13 09:29:13+00:00,2026-09-13 09:29:14.751167+00:00,8.1,62.0,34,160.0,4.0,3418,2793.0,,611,623.0,38.6,0,sin_etiquetar,propagada,-77,
1256,maceta-01,1255,25,1.1.0,2026-09-13 09:29:43+00:00,2026-09-13 09:29:44.946618+00:00,8.1,62.0,14,153.0,4.0,3408,2796.0,,605,623.0,38.6,0,sin_etiquetar,propagada,-78,
1257,maceta-01,1256,25,1.1.0,2026-09-13 09:30:13+00:00,2026-09-13 09:30:14.725458+00:00,8.1,62.0,16,157.0,4.0,3441,2806.0,,614,626.0,38.5,0,sin_etiquetar,propagada,-78,
1258,maceta-01,1257,25,1.1.0,2026-09-13 09:30:43+00:00,2026-09-13 09:30:44.701686+00:00,8.1,62.0,16,167.0,5.0,3437,2800.0,,604,625.0,38.5,0,sin_etiquetar,propagada,-77,
1259,maceta-01,1258,25,1.1.0,2026-09-13 09:31:13+00:00,2026-09-13 09:31:14.994007+00:00,8.1,62.0,48,167.0,5.0,3440,2791.0,,609,627.0,38.4,0,sin_etiquetar,propagada,-77,
1260,maceta-01,1259,25,1.1.0,2026-09-13 09:31:43+00:00,2026-09-13 09:31:44.771388+00:00,8.1,62.0,38,167.0,5.0,3437,2800.0,,613,626.0,38.5,0,sin_etiquetar,propagada,-84,
1261,maceta-01,1260,25,1.1.0,2026-09-13 09:32:13+00:00,2026-09-13 09:32:14.758271+00:00,8.1,62.0,42,169.0,5.0,3435,2803.0,,617,622.0,38.7,0,sin_etiquetar,propagada,-78,
1262,maceta-01,1261,25,1.1.0,2026-09-13 09:32:43+00:00,2026-09-13 09:32:44.954915+00:00,8.1,62.0,34,180.0,5.0,3422,2800.0,,601,625.0,38.5,0,sin_etiquetar,propagada,-78,
1263,maceta-01,1262,25,1.1.0,2026-09-13 09:33:13+00:00,2026-09-13 09:33:14.721463+00:00,8.1,62.0,38,180.0,5.0,3439,2791.0,,613,630.0,38.3,0,sin_etiquetar,propagada,-78,
1264,maceta-01,1263,25,1.1.0,2026-09-13 09:33:43+00:00,2026-09-13 09:33:44.705263+00:00,8.1,62.0,69,183.0,5.0,3437,2796.0,,615,626.0,38.5,0,sin_etiquetar,propagada,-78,
1265,maceta-01,1264,25,1.1.0,2026-09-13 09:34:13+00:00,2026-09-13 09:34:14.893845+00:00,8.1,62.0,74,190.0,5.0,3440,2804.0,,605,626.0,38.5,0,sin_etiquetar,propagada,-77,
1266,maceta-01,1265,25,1.1.0,2026-09-13 09:34:43+00:00,2026-09-13 09:34:44.679069+00:00,8.1,62.0,62,201.0,6.0,3433,2795.0,,603,625.0,38.5,0,sin_etiquetar,propagada,-77,
1267,maceta-01,1266,25,1.1.0,2026-09-13 09:35:13+00:00,2026-09-13 09:35:14.759806+00:00,8.1,63.0,101,216.0,6.0,3429,2792.0,,617,621.0,38.7,0,sin_etiquetar,propagada,-77,
1268,maceta-01,1267,25,1.1.0,2026-09-13 09:35:43+00:00,2026-09-13 09:35:44.949703+00:00,8.1,63.0,81,222.0,6.0,3431,2808.0,,611,624.0,38.6,0,sin_etiquetar,propagada,-78,
1269,maceta-01,1268,25,1.1.0,2026-09-13 09:36:13+00:00,2026-09-13 09:36:14.729809+00:00,8.1,63.0,125,231.0,7.0,3440,2805.0,,617,626.0,38.5,0,sin_etiquetar,propagada,-77,
1270,maceta-01,1269,25,1.1.0,2026-09-13 09:36:43+00:00,2026-09-13 09:36:44.709044+00:00,8.1,63.0,128,247.0,7.0,3443,2805.0,,614,625.0,38.5,0,sin_etiquetar,propagada,-77,
1271,maceta-01,1270,25,1.1.0,2026-09-13 09:37:13+00:00,2026-09-13 09:37:14.900593+00:00,8.1,63.0,135,257.0,7.0,3431,2798.0,,610,622.0,38.7,0,sin_etiquetar,propagada,-78,
1272,maceta-01,1271,25,1.1.0,2026-09-13 09:37:43+00:00,2026-09-13 09:37:44.686278+00:00,8.1,63.0,163,273.0,8.0,3430,2803.0,,599,627.0,38.4,0,sin_etiquetar,propagada,-77,
1273,maceta-01,1272,25,1.1.0,2026-09-13 09:38:13+00:00,2026-09-13 09:38:14.764787+00:00,8.1,63.0,195,289.0,8.0,3423,2803.0,,597,624.0,38.6,0,sin_etiquetar,propagada,-78,
1274,maceta-01,1273,25,1.1.0,2026-09-13 09:38:43+00:00,2026-09-13 09:38:44.962671+00:00,8.1,63.0,199,294.0,8.0,3430,2800.0,,612,626.0,38.5,0,sin_etiquetar,propagada,-77,
1275,maceta-01,1274,25,1.1.0,2026-09-13 09:39:13+00:00,2026-09-13 09:39:14.732407+00:00,8.1,63.0,211,318.0,9.0,3438,2796.0,,616,626.0,38.5,0,sin_etiquetar,propagada,-77,
1276,maceta-01,1275,25,1.1.0,2026-09-13 09:39:43+00:00,2026-09-13 09:39:44.719761+00:00,8.1,63.0,226,322.0,9.0,3394,2789.0,,607,626.0,38.5,0,sin_etiquetar,propagada,-78,
1277,maceta-01,1276,25,1.1.0,2026-09-13 09:40:13+00:00,2026-09-13 09:40:14.912486+00:00,8.1,63.0,253,337.0,10.0,3419,2792.0,,619,625.0,38.5,0,sin_etiquetar,propagada,-78,
1278,maceta-01,1277,25,1.1.0,2026-09-13 09:40:43+00:00,2026-09-13 09:40:44.695736+00:00,8.1,63.0,256,346.0,10.0,3437,2803.0,,596,628.0,38.4,0,sin_etiquetar,propagada,-78,
1279,maceta-01,1278,25,1.1.0,2026-09-13 09:41:13+00:00,2026-09-13 09:41:14.671358+00:00,8.1,63.0,273,362.0,10.0,3408,2799.0,,607,630.0,38.3,0,sin_etiquetar,propagada,-78,
1280,maceta-01,1279,25,1.1.0,2026-09-13 09:41:43+00:00,2026-09-13 09:41:44.960183+00:00,8.1,62.0,304,374.0,11.0,3437,2799.0,,607,626.0,38.5,0,sin_etiquetar,propagada,-77,
1281,maceta-01,1280,25,1.1.0,2026-09-13 09:42:13+00:00,2026-09-13 09:42:14.745967+00:00,8.1,62.0,325,386.0,11.0,3417,2798.0,,598,626.0,38.5,0,sin_etiquetar,propagada,-78,
1282,maceta-01,1281,25,1.1.0,2026-09-13 09:42:43+00:00,2026-09-13 09:42:44.726367+00:00,8.1,62.0,341,410.0,12.0,3422,2796.0,,606,626.0,38.5,0,sin_etiquetar,propagada,-78,
1283,maceta-01,1282,25,1.1.0,2026-09-13 09:43:13+00:00,2026-09-13 09:43:14.914204+00:00,8.1,62.0,353,426.0,12.0,3425,2796.0,,608,620.0,38.8,0,sin_etiquetar,propagada,-77,
1284,maceta-01,1283,25,1.1.0,2026-09-13 09:43:43+00:00,2026-09-13 09:43:44.696034+00:00,8.1,62.0,387,446.0,13.0,3417,2795.0,,596,621.0,38.7,0,sin_etiquetar,propagada,-78,
1285,maceta-01,1284,25,1.1.0,2026-09-13 09:44:13+00:00,2026-09-13 09:44:14.680201+00:00,8.1,62.0,409,473.0,14.0,3439,2800.0,,611,622.0,38.7,0,sin_etiquetar,propagada,-77,
1286,maceta-01,1285,25,1.1.0,2026-09-13 09:44:43+00:00,2026-09-13 09:44:44.967757+00:00,8.1,62.0,442,487.0,14.0,3424,2796.0,,610,620.0,38.8,0,sin_etiquetar,propagada,-78,
1287,maceta-01,1286,25,1.1.0,2026-09-13 09:45:13+00:00,2026-09-13 09:45:14.747714+00:00,8.1,62.0,439,496.0,15.0,3414,2795.0,,610,616.0,39.0,0,sin_etiquetar,propagada,-77,
1288,maceta-01,1287,25,1.1.0,2026-09-13 09:45:43+00:00,2026-09-13 09:45:44.731856+00:00,8.1,62.0,464,518.0,15.0,3407,2790.0,,611,617.0,38.9,0,sin_etiquetar,propagada,-77,
1289,maceta-01,1288,25,1.1.0,2026-09-13 09:46:13+00:00,2026-09-13 09:46:14.918941+00:00,8.1,62.0,508,537.0,16.0,3421,2804.0,,609,625.0,38.5,0,sin_etiquetar,propagada,-78,
1290,maceta-01,1289,25,1.1.0,2026-09-13 09:46:43+00:00,2026-09-13 09:46:44.699947+00:00,8.1,62.0,528,548.0,16.0,3423,2803.0,,611,618.0,38.9,0,sin_etiquetar,propagada,-77,
1291,maceta-01,1290,25,1.1.0,2026-09-13 09:47:13+00:00,2026-09-13 09:47:14.682087+00:00,8.1,62.0,455,510.0,15.0,3437,2796.0,,613,624.0,38.6,0,sin_etiquetar,propagada,-77,
1292,maceta-01,1291,25,1.1.0,2026-09-13 09:47:43+00:00,2026-09-13 09:47:44.872068+00:00,8.1,63.0,477,532.0,16.0,3424,2800.0,,617,624.0,38.6,0,sin_etiquetar,propagada,-77,
1293,maceta-01,1292,25,1.1.0,2026-09-13 09:48:13+00:00,2026-09-13 09:48:14.653102+00:00,8.1,63.0,507,548.0,16.0,3417,2790.0,,613,624.0,38.6,0,sin_etiquetar,propagada,-78,
1294,maceta-01,1293,25,1.1.0,2026-09-13 09:48:43+00:00,2026-09-13 09:48:44.740737+00:00,8.1,63.0,541,586.0,17.0,3418,2808.0,,608,628.0,38.4,0,sin_etiquetar,propagada,-77,
1295,maceta-01,1294,25,1.1.0,2026-09-13 09:49:13+00:00,2026-09-13 09:49:14.922345+00:00,8.1,63.0,567,600.0,18.0,3438,2806.0,,607,618.0,38.9,0,sin_etiquetar,propagada,-77,
1296,maceta-01,1295,25,1.1.0,2026-09-13 09:49:43+00:00,2026-09-13 09:49:44.701958+00:00,8.1,63.0,612,626.0,18.0,3437,2805.0,,602,627.0,38.4,0,sin_etiquetar,propagada,-78,
1297,maceta-01,1296,25,1.1.0,2026-09-13 09:50:13+00:00,2026-09-13 09:50:14.691837+00:00,8.1,63.0,651,649.0,19.0,3448,2799.0,,617,629.0,38.3,0,sin_etiquetar,propagada,-77,
1298,maceta-01,1297,25,1.1.0,2026-09-13 09:50:43+00:00,2026-09-13 09:50:44.876990+00:00,8.1,63.0,656,666.0,20.0,3413,2790.0,,598,629.0,38.3,0,sin_etiquetar,propagada,-77,
1299,maceta-01,1298,25,1.1.0,2026-09-13 09:51:13+00:00,2026-09-13 09:51:14.657788+00:00,8.1,63.0,717,706.0,21.0,3450,2797.0,,607,630.0,38.3,0,sin_etiquetar,propagada,-77,
1300,maceta-01,1299,25,1.1.0,2026-09-13 09:51:43+00:00,2026-09-13 09:51:44.637236+00:00,8.1,63.0,743,732.0,22.0,3412,2790.0,,603,622.0,38.7,0,sin_etiquetar,propagada,-77,
1301,maceta-01,1300,25,1.1.0,2026-09-13 09:52:13+00:00,2026-09-13 09:52:14.930261+00:00,8.1,63.0,762,753.0,22.0,3406,2796.0,,598,622.0,38.7,0,sin_etiquetar,propagada,-78,
1302,maceta-01,1301,25,1.1.0,2026-09-13 09:52:43+00:00,2026-09-13 09:52:44.715683+00:00,8.1,63.0,799,770.0,23.0,3439,2805.0,,606,623.0,38.6,0,sin_etiquetar,propagada,-78,
1303,maceta-01,1302,25,1.1.0,2026-09-13 09:53:13+00:00,2026-09-13 09:53:14.695285+00:00,8.1,63.0,803,791.0,23.0,3419,2802.0,,610,625.0,38.5,0,sin_etiquetar,propagada,-78,
1304,maceta-01,1303,25,1.1.0,2026-09-13 09:53:43+00:00,2026-09-13 09:53:44.881489+00:00,8.1,63.0,816,795.0,24.0,3409,2789.0,,597,624.0,38.6,0,sin_etiquetar,propagada,-78,
1305,maceta-01,1304,25,1.1.0,2026-09-13 09:54:13+00:00,2026-09-13 09:54:14.698898+00:00,8.1,63.0,829,805.0,24.0,3435,2802.0,,613,628.0,38.4,0,sin_etiquetar,propagada,-78,
1306,maceta-01,1305,25,1.1.0,2026-09-13 09:54:43+00:00,2026-09-13 09:54:44.646626+00:00,8.1,63.0,846,804.0,24.0,3422,2802.0,,614,627.0,38.4,0,sin_etiquetar,propagada,-77,
1307,maceta-01,1306,25,1.1.0,2026-09-13 09:55:13+00:00,2026-09-13 09:55:14.937467+00:00,8.1,63.0,854,808.0,24.0,3395,2780.0,,613,626.0,38.5,0,sin_etiquetar,propagada,-77,
1308,maceta-01,1307,25,1.1.0,2026-09-13 09:55:43+00:00,2026-09-13 09:55:44.723115+00:00,8.1,63.0,849,808.0,24.0,3431,2792.0,,606,618.0,38.9,0,sin_etiquetar,propagada,-77,
1309,maceta-01,1308,25,1.1.0,2026-09-13 09:56:13+00:00,2026-09-13 09:56:14.705794+00:00,8.1,63.0,839,794.0,24.0,3438,2803.0,,615,622.0,38.7,0,sin_etiquetar,propagada,-78,
1310,maceta-01,1309,25,1.1.0,2026-09-13 09:56:43+00:00,2026-09-13 09:56:44.886045+00:00,8.1,63.0,814,797.0,24.0,3405,2787.0,,611,624.0,38.6,0,sin_etiquetar,propagada,-78,
1311,maceta-01,1310,25,1.1.0,2026-09-13 09:57:13+00:00,2026-09-13 09:57:14.665932+00:00,8.1,63.0,829,791.0,23.0,3408,2790.0,,615,623.0,38.6,0,sin_etiquetar,propagada,-78,
1312,maceta-01,1311,25,1.1.0,2026-09-13 09:57:43+00:00,2026-09-13 09:57:44.652629+00:00,8.1,63.0,818,793.0,24.0,3417,2798.0,,611,628.0,38.4,0,sin_etiquetar,propagada,-78,
1313,maceta-01,1312,25,1.1.0,2026-09-13 09:58:13+00:00,2026-09-13 09:58:14.943285+00:00,8.1,63.0,849,816.0,24.0,3409,2789.0,,595,627.0,38.4,0,sin_etiquetar,propagada,-77,
1314,maceta-01,1313,25,1.1.0,2026-09-13 09:58:43+00:00,2026-09-13 09:58:44.726155+00:00,8.1,63.0,874,833.0,25.0,3417,2793.0,,616,627.0,38.4,0,sin_etiquetar,propagada,-77,
1315,maceta-01,1314,25,1.1.0,2026-09-13 09:59:13+00:00,2026-09-13 09:59:14.704875+00:00,8.1,63.0,895,851.0,25.0,3411,2790.0,,625,626.0,38.5,0,sin_etiquetar,propagada,-77,
1316,maceta-01,1315,25,1.1.0,2026-09-13 09:59:43+00:00,2026-09-13 09:59:44.891527+00:00,8.1,63.0,903,870.0,26.0,3408,2790.0,,601,628.0,38.4,0,sin_etiquetar,propagada,-77,
1317,maceta-01,1316,25,1.1.0,2026-09-13 10:00:13+00:00,2026-09-13 10:00:14.671656+00:00,8.1,63.0,922,881.0,26.0,3397,2787.0,,606,626.0,38.5,0,sin_etiquetar,propagada,-77,
1318,maceta-01,1317,25,1.1.0,2026-09-13 10:00:43+00:00,2026-09-13 10:00:44.657201+00:00,8.1,63.0,944,893.0,27.0,3426,2800.0,,599,625.0,38.5,0,sin_etiquetar,propagada,-77,
1319,maceta-01,1318,25,1.1.0,2026-09-13 10:01:13+00:00,2026-09-13 10:01:14.849764+00:00,8.1,63.0,978,906.0,27.0,3425,2794.0,,606,627.0,38.4,0,sin_etiquetar,propagada,-77,
1320,maceta-01,1319,25,1.1.0,2026-09-13 10:01:43+00:00,2026-09-13 10:01:44.725168+00:00,8.1,63.0,986,924.0,28.0,3408,2800.0,,613,626.0,38.5,0,sin_etiquetar,propagada,-77,
1321,maceta-01,1320,25,1.1.0,2026-09-13 10:02:13+00:00,2026-09-13 10:02:14.711500+00:00,8.1,63.0,1038,956.0,28.0,3428,2800.0,,607,618.0,38.9,0,sin_etiquetar,propagada,-77,
1322,maceta-01,1321,25,1.1.0,2026-09-13 10:02:43+00:00,2026-09-13 10:02:44.900992+00:00,8.1,63.0,1050,981.0,29.0,3438,2798.0,,595,618.0,38.9,0,sin_etiquetar,propagada,-77,
1323,maceta-01,1322,25,1.1.0,2026-09-13 10:03:13+00:00,2026-09-13 10:03:14.680020+00:00,8.1,63.0,1087,1007.0,30.0,3419,2802.0,,595,617.0,38.9,0,sin_etiquetar,propagada,-77,
1324,maceta-01,1323,25,1.1.0,2026-09-13 10:03:43+00:00,2026-09-13 10:03:44.663702+00:00,8.1,63.0,1127,1033.0,31.0,3415,2793.0,,607,624.0,38.6,0,sin_etiquetar,propagada,-77,
1325,maceta-01,1324,25,1.1.0,2026-09-13 10:04:13+00:00,2026-09-13 10:04:14.857627+00:00,8.1,63.0,1147,1060.0,32.0,3434,2792.0,,609,625.0,38.5,0,sin_etiquetar,propagada,-77,
1326,maceta-01,1325,25,1.1.0,2026-09-13 10:04:43+00:00,2026-09-13 10:04:44.629800+00:00,8.1,63.0,1212,1102.0,33.0,3409,2792.0,,594,622.0,38.7,0,sin_etiquetar,propagada,-77,
1327,maceta-01,1326,25,1.1.0,2026-09-13 10:05:13+00:00,2026-09-13 10:05:14.612798+00:00,8.1,63.0,1242,1129.0,34.0,3394,2788.0,,607,630.0,38.3,0,sin_etiquetar,propagada,-78,
1328,maceta-01,1327,25,1.1.0,2026-09-13 10:05:43+00:00,2026-09-13 10:05:44.918878+00:00,8.1,63.0,1280,1160.0,35.0,3424,2793.0,,613,628.0,38.4,0,sin_etiquetar,propagada,-77,
1329,maceta-01,1328,25,1.1.0,2026-09-13 10:06:13+00:00,2026-09-13 10:06:14.682636+00:00,8.1,63.0,1321,1199.0,36.0,3419,2790.0,,603,628.0,38.4,0,sin_etiquetar,propagada,-83,
1330,maceta-01,1329,25,1.1.0,2026-09-13 10:06:43+00:00,2026-09-13 10:06:44.672091+00:00,8.1,63.0,1365,1224.0,37.0,3421,2797.0,,617,630.0,38.3,0,sin_etiquetar,propagada,-77,
1331,maceta-01,1330,25,1.1.0,2026-09-13 10:07:13+00:00,2026-09-13 10:07:14.853999+00:00,8.1,63.0,1387,1254.0,38.0,3410,2787.0,,605,630.0,38.3,0,sin_etiquetar,propagada,-77,
1332,maceta-01,1331,25,1.1.0,2026-09-13 10:07:43+00:00,2026-09-13 10:07:44.635114+00:00,8.1,63.0,1446,1282.0,38.0,3407,2788.0,,606,625.0,38.5,0,sin_etiquetar,propagada,-78,
1333,maceta-01,1332,25,1.1.0,2026-09-13 10:08:13+00:00,2026-09-13 10:08:14.620152+00:00,8.1,63.0,1458,1313.0,39.0,3421,2796.0,,613,626.0,38.5,0,sin_etiquetar,propagada,-78,
1334,maceta-01,1333,25,1.1.0,2026-09-13 10:08:43+00:00,2026-09-13 10:08:44.910310+00:00,8.1,63.0,1514,1339.0,40.0,3405,2786.0,,599,627.0,38.4,0,sin_etiquetar,propagada,-77,
1335,maceta-01,1334,25,1.1.0,2026-09-13 10:09:13+00:00,2026-09-13 10:09:14.689072+00:00,8.1,63.0,1530,1357.0,41.0,3399,2796.0,,611,626.0,38.5,0,sin_etiquetar,propagada,-78,
1336,maceta-01,1335,25,1.1.0,2026-09-13 10:09:43+00:00,2026-09-13 10:09:44.675209+00:00,8.1,63.0,1535,1363.0,41.0,3414,2789.0,,613,626.0,38.5,0,sin_etiquetar,propagada,-77,
1337,maceta-01,1336,25,1.1.0,2026-09-13 10:10:13+00:00,2026-09-13 10:10:14.862061+00:00,8.1,63.0,1583,1382.0,41.0,3411,2799.0,,595,618.0,38.9,0,sin_etiquetar,propagada,-77,
1338,maceta-01,1337,25,1.1.0,2026-09-13 10:10:43+00:00,2026-09-13 10:10:44.650182+00:00,8.1,63.0,1579,1394.0,42.0,3389,2784.0,,593,624.0,38.6,0,sin_etiquetar,propagada,-78,
1339,maceta-01,1338,25,1.1.0,2026-09-13 10:11:13+00:00,2026-09-13 10:11:14.627973+00:00,8.1,63.0,1581,1398.0,42.0,3418,2793.0,,593,622.0,38.7,0,sin_etiquetar,propagada,-77,
1340,maceta-01,1339,25,1.1.0,2026-09-13 10:11:43+00:00,2026-09-13 10:11:44.922551+00:00,8.1,63.0,1583,1410.0,42.0,3423,2780.0,,595,625.0,38.5,0,sin_etiquetar,propagada,-78,
1341,maceta-01,1340,25,1.1.0,2026-09-13 10:12:13+00:00,2026-09-13 10:12:14.594935+00:00,8.1,63.0,1610,1407.0,42.0,3406,2787.0,,598,625.0,38.5,0,sin_etiquetar,propagada,-78,
1342,maceta-01,1341,25,1.1.0,2026-09-13 10:12:43+00:00,2026-09-13 10:12:44.678738+00:00,8.1,63.0,1600,1415.0,42.0,3415,2795.0,,602,623.0,38.6,0,sin_etiquetar,propagada,-77,
1343,maceta-01,1342,25,1.1.0,2026-09-13 10:13:13+00:00,2026-09-13 10:13:14.867157+00:00,8.1,63.0,1633,1441.0,43.0,3408,2796.0,,605,620.0,38.8,0,sin_etiquetar,propagada,-77,
1344,maceta-01,1343,25,1.1.0,2026-09-13 10:13:43+00:00,2026-09-13 10:13:44.649326+00:00,8.1,63.0,1669,1454.0,44.0,3409,2799.0,,594,628.0,38.4,0,sin_etiquetar,propagada,-77,
1345,maceta-01,1344,25,1.1.0,2026-09-13 10:14:13+00:00,2026-09-13 10:14:14.639366+00:00,8.1,63.0,1689,1480.0,44.0,3431,2786.0,,613,624.0,38.6,0,sin_etiquetar,propagada,-77,
1346,maceta-01,1345,25,1.1.0,2026-09-13 10:14:43+00:00,2026-09-13 10:14:44.827668+00:00,8.1,63.0,1680,1469.0,44.0,3414,2788.0,,610,618.0,38.9,0,sin_etiquetar,propagada,-78,
1347,maceta-01,1346,25,1.1.0,2026-09-13 10:15:13+00:00,2026-09-13 10:15:14.598196+00:00,8.1,63.0,1669,1466.0,44.0,3428,2790.0,,601,621.0,38.7,0,sin_etiquetar,propagada,-77,
1348,maceta-01,1347,25,1.1.0,2026-09-13 10:15:43+00:00,2026-09-13 10:15:44.686699+00:00,8.1,63.0,1673,1473.0,44.0,3403,2791.0,,611,626.0,38.5,0,sin_etiquetar,propagada,-76,
1349,maceta-01,1348,25,1.1.0,2026-09-13 10:16:13+00:00,2026-09-13 10:16:14.878057+00:00,8.1,63.0,1711,1482.0,44.0,3419,2800.0,,606,622.0,38.7,0,sin_etiquetar,propagada,-77,
1350,maceta-01,1349,25,1.1.0,2026-09-13 10:16:43+00:00,2026-09-13 10:16:44.657724+00:00,8.1,63.0,1712,1504.0,45.0,3428,2798.0,,604,626.0,38.5,0,sin_etiquetar,propagada,-83,
1351,maceta-01,1350,25,1.1.0,2026-09-13 10:17:13+00:00,2026-09-13 10:17:14.644407+00:00,8.1,63.0,1728,1511.0,45.0,3447,2798.0,,618,624.0,38.6,0,sin_etiquetar,propagada,-77,
1352,maceta-01,1351,25,1.1.0,2026-09-13 10:17:43+00:00,2026-09-13 10:17:44.827923+00:00,8.1,63.0,1744,1525.0,46.0,3437,2796.0,,605,626.0,38.5,0,sin_etiquetar,propagada,-78,
1353,maceta-01,1352,25,1.1.0,2026-09-13 10:18:13+00:00,2026-09-13 10:18:14.602841+00:00,8.1,63.0,1739,1528.0,46.0,3415,2788.0,,603,628.0,38.4,0,sin_etiquetar,propagada,-77,
1354,maceta-01,1353,25,1.1.0,2026-09-13 10:18:43+00:00,2026-09-13 10:18:44.587065+00:00,8.1,63.0,1755,1520.0,46.0,3440,2799.0,,608,628.0,38.4,0,sin_etiquetar,propagada,-77,
1355,maceta-01,1354,25,1.1.0,2026-09-13 10:19:13+00:00,2026-09-13 10:19:14.886975+00:00,8.1,63.0,1718,1512.0,45.0,3418,2793.0,,619,629.0,38.3,0,sin_etiquetar,propagada,-77,
1356,maceta-01,1355,25,1.1.0,2026-09-13 10:19:43+00:00,2026-09-13 10:19:44.664195+00:00,8.1,63.0,1744,1528.0,46.0,3435,2799.0,,614,622.0,38.7,0,sin_etiquetar,propagada,-77,
1357,maceta-01,1356,25,1.1.0,2026-09-13 10:20:13+00:00,2026-09-13 10:20:14.641390+00:00,8.1,63.0,1749,1541.0,46.0,3407,2791.0,,615,626.0,38.5,0,sin_etiquetar,propagada,-77,
1358,maceta-01,1357,25,1.1.0,2026-09-13 10:20:43+00:00,2026-09-13 10:20:44.830058+00:00,8.1,63.0,1826,1605.0,48.0,3417,2798.0,,614,626.0,38.5,0,sin_etiquetar,propagada,-77,
1359,maceta-01,1358,25,1.1.0,2026-09-13 10:21:13+00:00,2026-09-13 10:21:14.610414+00:00,8.1,63.0,1870,1632.0,49.0,3424,2796.0,,609,623.0,38.6,0,sin_etiquetar,propagada,-77,
1360,maceta-01,1359,25,1.1.0,2026-09-13 10:21:43+00:00,2026-09-13 10:21:44.596458+00:00,8.1,63.0,1951,1679.0,50.0,3434,2795.0,,617,629.0,38.3,0,sin_etiquetar,propagada,-78,
1361,maceta-01,1360,25,1.1.0,2026-09-13 10:22:13+00:00,2026-09-13 10:22:14.993652+00:00,8.1,63.0,1935,1691.0,51.0,3436,2798.0,,618,626.0,38.5,0,sin_etiquetar,propagada,-82,
1362,maceta-01,1361,25,1.1.0,2026-09-13 10:22:43+00:00,2026-09-13 10:22:44.569324+00:00,8.1,62.0,2013,1749.0,53.0,3446,2797.0,,615,627.0,38.4,0,sin_etiquetar,propagada,-77,
1363,maceta-01,1362,25,1.1.0,2026-09-13 10:23:13+00:00,2026-09-13 10:23:14.659763+00:00,8.1,62.0,2106,1822.0,55.0,3408,2796.0,,615,628.0,38.4,0,sin_etiquetar,propagada,-77,
1364,maceta-01,1363,25,1.1.0,2026-09-13 10:23:43+00:00,2026-09-13 10:23:44.843648+00:00,8.1,62.0,2177,1862.0,56.0,3415,2802.0,,615,624.0,38.6,0,sin_etiquetar,propagada,-78,
1365,maceta-01,1364,25,1.1.0,2026-09-13 10:24:13+00:00,2026-09-13 10:24:14.623997+00:00,8.1,62.0,2180,1887.0,57.0,3409,2800.0,,599,623.0,38.6,0,sin_etiquetar,propagada,-77,
1366,maceta-01,1365,25,1.1.0,2026-09-13 10:24:43+00:00,2026-09-13 10:24:44.610368+00:00,8.1,62.0,2177,1884.0,57.0,3430,2790.0,,605,628.0,38.4,0,sin_etiquetar,propagada,-83,
1367,maceta-01,1366,25,1.1.0,2026-09-13 10:25:13+00:00,2026-09-13 10:25:14.800587+00:00,8.1,62.0,2214,1894.0,57.0,3408,2798.0,,599,620.0,38.8,0,sin_etiquetar,propagada,-77,
1368,maceta-01,1367,25,1.1.0,2026-09-13 10:25:43+00:00,2026-09-13 10:25:44.579544+00:00,8.1,62.0,2259,1923.0,58.0,3403,2793.0,,613,626.0,38.5,0,sin_etiquetar,propagada,-77,
1369,maceta-01,1368,25,1.1.0,2026-09-13 10:26:13+00:00,2026-09-13 10:26:14.667490+00:00,8.1,62.0,2304,1972.0,59.0,3441,2802.0,,605,622.0,38.7,0,sin_etiquetar,propagada,-78,
1370,maceta-01,1369,25,1.1.0,2026-09-13 10:26:43+00:00,2026-09-13 10:26:44.855023+00:00,8.1,62.0,2308,1989.0,60.0,3415,2796.0,,615,625.0,38.5,0,sin_etiquetar,propagada,-77,
1371,maceta-01,1370,25,1.1.0,2026-09-13 10:27:13+00:00,2026-09-13 10:27:14.632050+00:00,8.1,62.0,2277,1967.0,59.0,3438,2789.0,,609,626.0,38.5,0,sin_etiquetar,propagada,-78,
1372,maceta-01,1371,25,1.1.0,2026-09-13 10:27:43+00:00,2026-09-13 10:27:44.623337+00:00,8.1,62.0,2251,1938.0,58.0,3438,2804.0,,603,626.0,38.5,0,sin_etiquetar,propagada,-78,
1373,maceta-01,1372,25,1.1.0,2026-09-13 10:28:13+00:00,2026-09-13 10:28:14.813348+00:00,8.1,62.0,2222,1907.0,57.0,3408,2798.0,,610,624.0,38.6,0,sin_etiquetar,propagada,-78,
1374,maceta-01,1373,25,1.1.0,2026-09-13 10:28:43+00:00,2026-09-13 10:28:44.583562+00:00,8.1,62.0,2234,1920.0,58.0,3414,2793.0,,607,629.0,38.3,0,sin_etiquetar,propagada,-77,
1375,maceta-01,1374,25,1.1.0,2026-09-13 10:29:13+00:00,2026-09-13 10:29:14.568095+00:00,8.1,62.0,2256,1955.0,59.0,3434,2794.0,,599,629.0,38.3,0,sin_etiquetar,propagada,-77,
1376,maceta-01,1375,25,1.1.0,2026-09-13 10:29:43+00:00,2026-09-13 10:29:44.860116+00:00,8.1,62.0,2304,1987.0,60.0,3425,2799.0,,617,622.0,38.7,0,sin_etiquetar,propagada,-78,
1377,maceta-01,1376,25,1.1.0,2026-09-13 10:30:13+00:00,2026-09-13 10:30:14.645978+00:00,8.1,62.0,2341,2000.0,60.0,3425,2798.0,,613,630.0,38.3,0,sin_etiquetar,propagada,-78,
1378,maceta-01,1377,25,1.1.0,2026-09-13 10:30:43+00:00,2026-09-13 10:30:44.624933+00:00,8.1,62.0,2363,2029.0,61.0,3427,2802.0,,602,626.0,38.5,0,sin_etiquetar,propagada,-77,
1379,maceta-01,1378,25,1.1.0,2026-09-13 10:31:13+00:00,2026-09-13 10:31:14.825528+00:00,8.1,62.0,2401,2046.0,62.0,3408,2798.0,,605,626.0,38.5,0,sin_etiquetar,propagada,-78,
1380,maceta-01,1379,25,1.1.0,2026-09-13 10:31:43+00:00,2026-09-13 10:31:44.588755+00:00,8.1,62.0,2416,2063.0,62.0,3421,2805.0,,610,630.0,38.3,0,sin_etiquetar,propagada,-78,
1381,maceta-01,1380,25,1.1.0,2026-09-13 10:32:13+00:00,2026-09-13 10:32:14.571088+00:00,8.1,62.0,2432,2091.0,63.0,3426,2803.0,,610,627.0,38.4,0,sin_etiquetar,propagada,-78,
1382,maceta-01,1381,25,1.1.0,2026-09-13 10:32:43+00:00,2026-09-13 10:32:44.864875+00:00,8.1,62.0,2496,2122.0,64.0,3408,2794.0,,608,634.0,38.1,0,sin_etiquetar,propagada,-83,
1383,maceta-01,1382,25,1.1.0,2026-09-13 10:33:13+00:00,2026-09-13 10:33:14.649185+00:00,8.2,62.0,2523,2158.0,65.0,3425,2792.0,,608,631.0,38.2,0,sin_etiquetar,propagada,-77,
1384,maceta-01,1383,25,1.1.0,2026-09-13 10:33:43+00:00,2026-09-13 10:33:44.628212+00:00,8.5,62.0,2546,2163.0,65.0,3418,2793.0,,610,630.0,38.3,0,sin_etiquetar,propagada,-77,
1385,maceta-01,1384,25,1.1.0,2026-09-13 10:34:13+00:00,2026-09-13 10:34:14.819315+00:00,8.5,62.0,2605,2216.0,67.0,3455,2800.0,,614,628.0,38.4,0,sin_etiquetar,propagada,-77,
1386,maceta-01,1385,25,1.1.0,2026-09-13 10:34:43+00:00,2026-09-13 10:34:44.597397+00:00,8.5,62.0,2618,2225.0,67.0,3431,2798.0,,608,627.0,38.4,0,sin_etiquetar,propagada,-78,
1387,maceta-01,1386,25,1.1.0,2026-09-13 10:35:13+00:00,2026-09-13 10:35:14.582416+00:00,8.5,62.0,2631,2234.0,67.0,3429,2798.0,,608,629.0,38.3,0,sin_etiquetar,propagada,-77,
1388,maceta-01,1387,25,1.1.0,2026-09-13 10:35:43+00:00,2026-09-13 10:35:44.867792+00:00,8.5,62.0,2669,2247.0,68.0,3440,2802.0,,610,626.0,38.5,0,sin_etiquetar,propagada,-76,
1389,maceta-01,1388,25,1.1.0,2026-09-13 10:36:13+00:00,2026-09-13 10:36:14.556076+00:00,8.2,62.0,2655,2251.0,68.0,3430,2796.0,,618,631.0,38.2,0,sin_etiquetar,propagada,-78,
1390,maceta-01,1389,25,1.1.0,2026-09-13 10:36:43+00:00,2026-09-13 10:36:44.631372+00:00,8.2,62.0,2637,2246.0,68.0,3434,2802.0,,619,623.0,38.6,0,sin_etiquetar,propagada,-78,
1391,maceta-01,1390,25,1.1.0,2026-09-13 10:37:13+00:00,2026-09-13 10:37:14.819689+00:00,8.4,62.0,2653,2241.0,67.0,3443,2799.0,,615,630.0,38.3,0,sin_etiquetar,propagada,-78,
1392,maceta-01,1391,25,1.1.0,2026-09-13 10:37:43+00:00,2026-09-13 10:37:44.600521+00:00,8.2,62.0,2647,2247.0,68.0,3438,2804.0,,622,632.0,38.2,0,sin_etiquetar,propagada,-78,
1393,maceta-01,1392,25,1.1.0,2026-09-13 10:38:13+00:00,2026-09-13 10:38:14.592497+00:00,8.5,62.0,2653,2246.0,68.0,3429,2800.0,,613,634.0,38.1,0,sin_etiquetar,propagada,-77,
1394,maceta-01,1393,25,1.1.0,2026-09-13 10:38:43+00:00,2026-09-13 10:38:44.880034+00:00,8.5,62.0,2657,2246.0,68.0,3448,2810.0,,621,630.0,38.3,0,sin_etiquetar,propagada,-78,
1395,maceta-01,1394,25,1.1.0,2026-09-13 10:39:13+00:00,2026-09-13 10:39:14.552279+00:00,8.5,62.0,2651,2249.0,68.0,3431,2805.0,,609,626.0,38.5,0,sin_etiquetar,propagada,-77,
1396,maceta-01,1395,25,1.1.0,2026-09-13 10:39:43+00:00,2026-09-13 10:39:44.535246+00:00,8.2,62.0,2667,2255.0,68.0,3419,2802.0,,606,634.0,38.1,0,sin_etiquetar,propagada,-77,
1397,maceta-01,1396,25,1.1.0,2026-09-13 10:40:13+00:00,2026-09-13 10:40:14.831984+00:00,8.1,62.0,2640,2256.0,68.0,3437,2810.0,,619,628.0,38.4,0,sin_etiquetar,propagada,-77,
1398,maceta-01,1397,25,1.1.0,2026-09-13 10:40:43+00:00,2026-09-13 10:40:44.607222+00:00,8.1,62.0,2640,2243.0,67.0,3465,2811.0,,604,627.0,38.4,0,sin_etiquetar,propagada,-86,
1399,maceta-01,1398,25,1.1.0,2026-09-13 10:41:13+00:00,2026-09-13 10:41:14.593941+00:00,8.1,62.0,2657,2263.0,68.0,3421,2790.0,,603,628.0,38.4,0,sin_etiquetar,propagada,-77,
1400,maceta-01,1399,25,1.1.0,2026-09-13 10:41:43+00:00,2026-09-13 10:41:44.780586+00:00,8.1,62.0,2683,2262.0,68.0,3440,2808.0,,622,626.0,38.5,0,sin_etiquetar,propagada,-78,
1401,maceta-01,1400,25,1.1.0,2026-09-13 10:42:13+00:00,2026-09-13 10:42:14.561561+00:00,8.1,62.0,2666,2268.0,68.0,3440,2803.0,,607,626.0,38.5,0,sin_etiquetar,propagada,-78,
1402,maceta-01,1401,25,1.1.0,2026-09-13 10:42:43+00:00,2026-09-13 10:42:44.545040+00:00,8.1,62.0,2660,2273.0,68.0,3431,2808.0,,603,636.0,38.0,0,sin_etiquetar,propagada,-77,
1403,maceta-01,1402,25,1.1.0,2026-09-13 10:43:13+00:00,2026-09-13 10:43:14.840142+00:00,8.1,62.0,2665,2268.0,68.0,3426,2799.0,,608,625.0,38.5,0,sin_etiquetar,propagada,-84,
1404,maceta-01,1403,25,1.1.0,2026-09-13 10:43:43+00:00,2026-09-13 10:43:44.614883+00:00,8.1,62.0,2693,2268.0,68.0,3431,2803.0,,603,630.0,38.3,0,sin_etiquetar,propagada,-77,
1405,maceta-01,1404,25,1.1.0,2026-09-13 10:44:13+00:00,2026-09-13 10:44:14.596004+00:00,8.1,62.0,2685,2270.0,68.0,3449,2805.0,,610,633.0,38.1,0,sin_etiquetar,propagada,-77,
1406,maceta-01,1405,25,1.1.0,2026-09-13 10:44:43+00:00,2026-09-13 10:44:44.890815+00:00,8.1,62.0,2694,2270.0,68.0,3443,2806.0,,608,627.0,38.4,0,sin_etiquetar,propagada,-77,
1407,maceta-01,1406,25,1.1.0,2026-09-13 10:45:13+00:00,2026-09-13 10:45:14.563524+00:00,8.1,62.0,2695,2280.0,69.0,3438,2802.0,,618,626.0,38.5,0,sin_etiquetar,propagada,-78,
1408,maceta-01,1407,25,1.1.0,2026-09-13 10:45:43+00:00,2026-09-13 10:45:44.552286+00:00,8.1,62.0,2693,2290.0,69.0,3421,2803.0,,598,623.0,38.6,0,sin_etiquetar,propagada,-78,
1409,maceta-01,1408,25,1.1.0,2026-09-13 10:46:13+00:00,2026-09-13 10:46:14.841992+00:00,8.1,62.0,2702,2293.0,69.0,3414,2798.0,,619,626.0,38.5,0,sin_etiquetar,propagada,-77,
1410,maceta-01,1409,25,1.1.0,2026-09-13 10:46:43+00:00,2026-09-13 10:46:44.632027+00:00,8.1,62.0,2716,2300.0,69.0,3444,2798.0,,605,625.0,38.5,0,sin_etiquetar,propagada,-78,
1411,maceta-01,1410,25,1.1.0,2026-09-13 10:47:13+00:00,2026-09-13 10:47:14.633544+00:00,8.1,62.0,2688,2313.0,70.0,3418,2802.0,,610,620.0,38.8,0,sin_etiquetar,propagada,-78,
1412,maceta-01,1411,25,1.1.0,2026-09-13 10:47:43+00:00,2026-09-13 10:47:44.685877+00:00,8.1,62.0,2733,2317.0,70.0,3435,2798.0,,610,626.0,38.5,0,sin_etiquetar,propagada,-78,
1413,maceta-01,1412,25,1.1.0,2026-09-13 10:48:13+00:00,2026-09-13 10:48:14.571867+00:00,8.1,62.0,2729,2321.0,70.0,3443,2798.0,,605,631.0,38.2,0,sin_etiquetar,propagada,-77,
1414,maceta-01,1413,25,1.1.0,2026-09-13 10:48:43+00:00,2026-09-13 10:48:44.584131+00:00,8.1,62.0,2763,2323.0,70.0,3430,2802.0,,619,630.0,38.3,0,sin_etiquetar,propagada,-83,
1415,maceta-01,1414,25,1.1.0,2026-09-13 10:49:13+00:00,2026-09-13 10:49:14.745385+00:00,8.1,62.0,2749,2344.0,71.0,3440,2805.0,,603,630.0,38.3,0,sin_etiquetar,propagada,-78,
1416,maceta-01,1415,25,1.1.0,2026-09-13 10:49:43+00:00,2026-09-13 10:49:44.622072+00:00,8.5,62.0,2759,2344.0,71.0,3407,2798.0,,623,630.0,38.3,0,sin_etiquetar,propagada,-77,
1417,maceta-01,1416,25,1.1.0,2026-09-13 10:50:13+00:00,2026-09-13 10:50:14.607889+00:00,8.5,62.0,2790,2349.0,71.0,3429,2806.0,,602,631.0,38.2,0,sin_etiquetar,propagada,-78,
1418,maceta-01,1417,25,1.1.0,2026-09-13 10:50:43+00:00,2026-09-13 10:50:44.794488+00:00,8.5,62.0,2789,2360.0,71.0,3414,2806.0,,613,633.0,38.1,0,sin_etiquetar,propagada,-78,
1419,maceta-01,1418,25,1.1.0,2026-09-13 10:51:13+00:00,2026-09-13 10:51:14.576625+00:00,8.5,62.0,2800,2369.0,71.0,3434,2805.0,,611,626.0,38.5,0,sin_etiquetar,propagada,-78,
1420,maceta-01,1419,25,1.1.0,2026-09-13 10:51:43+00:00,2026-09-13 10:51:44.560539+00:00,8.5,62.0,2800,2373.0,71.0,3425,2799.0,,608,631.0,38.2,0,sin_etiquetar,propagada,-77,
1421,maceta-01,1420,25,1.1.0,2026-09-13 10:52:13+00:00,2026-09-13 10:52:14.746762+00:00,8.5,62.0,2830,2379.0,72.0,3440,2803.0,,605,627.0,38.4,0,sin_etiquetar,propagada,-77,
1422,maceta-01,1421,25,1.1.0,2026-09-13 10:52:43+00:00,2026-09-13 10:52:44.527229+00:00,8.1,62.0,2828,2384.0,72.0,3456,2800.0,,615,629.0,38.3,0,sin_etiquetar,propagada,-77,
1423,maceta-01,1422,25,1.1.0,2026-09-13 10:53:13+00:00,2026-09-13 10:53:14.509514+00:00,8.1,62.0,2815,2394.0,72.0,3455,2795.0,,605,630.0,38.3,0,sin_etiquetar,propagada,-78,
1424,maceta-01,1423,25,1.1.0,2026-09-13 10:53:43+00:00,2026-09-13 10:53:44.806375+00:00,8.1,62.0,2848,2405.0,72.0,3429,2805.0,,618,627.0,38.4,0,sin_etiquetar,propagada,-77,
1425,maceta-01,1424,25,1.1.0,2026-09-13 10:54:13+00:00,2026-09-13 10:54:14.584966+00:00,8.1,62.0,2845,2400.0,72.0,3433,2795.0,,606,634.0,38.1,0,sin_etiquetar,propagada,-77,
1426,maceta-01,1425,25,1.1.0,2026-09-13 10:54:43+00:00,2026-09-13 10:54:44.576530+00:00,8.1,62.0,2845,2420.0,73.0,3424,2799.0,,613,627.0,38.4,0,sin_etiquetar,propagada,-77,
1427,maceta-01,1426,25,1.1.0,2026-09-13 10:55:13+00:00,2026-09-13 10:55:14.755729+00:00,8.1,62.0,2880,2426.0,73.0,3445,2802.0,,605,634.0,38.1,0,sin_etiquetar,propagada,-77,
1428,maceta-01,1427,25,1.1.0,2026-09-13 10:55:43+00:00,2026-09-13 10:55:44.532169+00:00,8.1,62.0,2897,2442.0,74.0,3440,2804.0,,622,626.0,38.5,0,sin_etiquetar,propagada,-78,
1429,maceta-01,1428,25,1.1.0,2026-09-13 10:56:13+00:00,2026-09-13 10:56:14.516128+00:00,8.1,62.0,2885,2440.0,73.0,3430,2799.0,,619,626.0,38.5,0,sin_etiquetar,propagada,-77,
1430,maceta-01,1429,25,1.1.0,2026-09-13 10:56:43+00:00,2026-09-13 10:56:44.812573+00:00,8.1,62.0,2896,2447.0,74.0,3427,2806.0,,613,630.0,38.3,0,sin_etiquetar,propagada,-77,
1431,maceta-01,1430,25,1.1.0,2026-09-13 10:57:13+00:00,2026-09-13 10:57:14.591996+00:00,8.4,62.0,2887,2439.0,73.0,3415,2799.0,,605,626.0,38.5,0,sin_etiquetar,propagada,-76,
1432,maceta-01,1431,25,1.1.0,2026-09-13 10:57:43+00:00,2026-09-13 10:57:44.578340+00:00,8.1,62.0,2894,2436.0,73.0,3440,2806.0,,620,629.0,38.3,0,sin_etiquetar,propagada,-77,
1433,maceta-01,1432,25,1.1.0,2026-09-13 10:58:13+00:00,2026-09-13 10:58:14.764252+00:00,8.5,62.0,2885,2439.0,73.0,3440,2802.0,,622,626.0,38.5,0,sin_etiquetar,propagada,-77,
1434,maceta-01,1433,25,1.1.0,2026-09-13 10:58:43+00:00,2026-09-13 10:58:44.542784+00:00,8.5,62.0,2929,2464.0,74.0,3445,2804.0,,618,626.0,38.5,0,sin_etiquetar,propagada,-77,
1435,maceta-01,1434,25,1.1.0,2026-09-13 10:59:13+00:00,2026-09-13 10:59:14.523288+00:00,8.5,62.0,2934,2472.0,74.0,3440,2809.0,,613,635.0,38.0,0,sin_etiquetar,propagada,-77,
1436,maceta-01,1435,25,1.1.0,2026-09-13 10:59:43+00:00,2026-09-13 10:59:44.831630+00:00,8.5,62.0,2954,2472.0,74.0,3408,2800.0,,619,635.0,38.0,0,sin_etiquetar,propagada,-77,
1437,maceta-01,1436,25,1.1.0,2026-09-13 11:00:13+00:00,2026-09-13 11:00:14.491337+00:00,8.5,62.0,2966,2486.0,75.0,3441,2804.0,,617,634.0,38.1,0,sin_etiquetar,propagada,-77,
1438,maceta-01,1437,25,1.1.0,2026-09-13 11:00:43+00:00,2026-09-13 11:00:44.571962+00:00,8.5,62.0,2967,2482.0,75.0,3437,2800.0,,624,634.0,38.1,0,sin_etiquetar,propagada,-78,
1439,maceta-01,1438,25,1.1.0,2026-09-13 11:01:13+00:00,2026-09-13 11:01:14.765239+00:00,8.5,62.0,2961,2485.0,75.0,3433,2812.0,,611,638.0,37.9,0,sin_etiquetar,propagada,-83,
1440,maceta-01,1439,25,1.1.0,2026-09-13 11:01:43+00:00,2026-09-13 11:01:44.547857+00:00,8.5,62.0,2960,2485.0,75.0,3441,2805.0,,624,634.0,38.1,0,sin_etiquetar,propagada,-78,
1441,maceta-01,1440,25,1.1.0,2026-09-13 11:02:13+00:00,2026-09-13 11:02:14.526572+00:00,8.5,62.0,2969,2495.0,75.0,3442,2808.0,,625,638.0,37.9,0,sin_etiquetar,propagada,-80,
1442,maceta-01,1441,25,1.1.0,2026-09-13 11:02:43+00:00,2026-09-13 11:02:44.715160+00:00,8.5,62.0,2990,2502.0,75.0,3455,2807.0,,624,635.0,38.0,0,sin_etiquetar,propagada,-76,
1443,maceta-01,1442,25,1.1.0,2026-09-13 11:03:13+00:00,2026-09-13 11:03:14.494177+00:00,8.5,62.0,3008,2511.0,76.0,3436,2803.0,,624,638.0,37.9,0,sin_etiquetar,propagada,-76,
1444,maceta-01,1443,25,1.1.0,2026-09-13 11:03:43+00:00,2026-09-13 11:03:44.581090+00:00,8.5,62.0,3005,2510.0,76.0,3455,2808.0,,624,639.0,37.8,0,sin_etiquetar,propagada,-74,
1445,maceta-01,1444,25,1.1.0,2026-09-13 11:04:13+00:00,2026-09-13 11:04:14.774486+00:00,8.5,62.0,3008,2507.0,75.0,3439,2812.0,,624,640.0,37.8,0,sin_etiquetar,propagada,-74,
1446,maceta-01,1445,25,1.1.0,2026-09-13 11:04:43+00:00,2026-09-13 11:04:44.553587+00:00,8.8,61.0,3011,2516.0,76.0,3437,2806.0,,618,638.0,37.9,0,sin_etiquetar,propagada,-75,
1447,maceta-01,1446,25,1.1.0,2026-09-13 11:05:13+00:00,2026-09-13 11:05:14.531546+00:00,8.9,61.0,3001,2522.0,76.0,3435,2802.0,,632,638.0,37.9,0,sin_etiquetar,propagada,-74,
1448,maceta-01,1447,25,1.1.0,2026-09-13 11:05:43+00:00,2026-09-13 11:05:44.720973+00:00,8.9,61.0,3015,2532.0,76.0,3418,2805.0,,628,641.0,37.7,0,sin_etiquetar,propagada,-75,
1449,maceta-01,1448,25,1.1.0,2026-09-13 11:06:13+00:00,2026-09-13 11:06:14.498603+00:00,8.9,61.0,2987,2507.0,75.0,3455,2809.0,,631,638.0,37.9,0,sin_etiquetar,propagada,-72,
1450,maceta-01,1449,25,1.1.0,2026-09-13 11:06:43+00:00,2026-09-13 11:06:44.483003+00:00,8.9,61.0,2993,2509.0,76.0,3446,2810.0,,635,638.0,37.9,0,sin_etiquetar,propagada,-75,
1451,maceta-01,1450,25,1.1.0,2026-09-13 11:07:13+00:00,2026-09-13 11:07:14.682093+00:00,8.9,61.0,3017,2520.0,76.0,3429,2805.0,,617,642.0,37.7,0,sin_etiquetar,propagada,-72,
1452,maceta-01,1451,25,1.1.0,2026-09-13 11:07:43+00:00,2026-09-13 11:07:44.560079+00:00,8.9,61.0,2981,2508.0,76.0,3445,2806.0,,634,638.0,37.9,0,sin_etiquetar,propagada,-73,
1453,maceta-01,1452,25,1.1.0,2026-09-13 11:08:13+00:00,2026-09-13 11:08:14.542049+00:00,8.9,61.0,2994,2523.0,76.0,3435,2800.0,,625,642.0,37.7,0,sin_etiquetar,propagada,-73,
1454,maceta-01,1453,25,1.1.0,2026-09-13 11:08:43+00:00,2026-09-13 11:08:44.732047+00:00,8.9,61.0,3063,2553.0,77.0,3431,2810.0,,624,645.0,37.6,0,sin_etiquetar,propagada,-73,
1455,maceta-01,1454,25,1.1.0,2026-09-13 11:09:13+00:00,2026-09-13 11:09:14.508053+00:00,8.9,60.0,3071,2572.0,77.0,3438,2797.0,,625,645.0,37.6,0,sin_etiquetar,propagada,-73,
1456,maceta-01,1455,25,1.1.0,2026-09-13 11:09:43+00:00,2026-09-13 11:09:44.496302+00:00,8.9,60.0,3103,2577.0,78.0,3431,2800.0,,638,638.0,37.9,0,sin_etiquetar,propagada,-72,
1457,maceta-01,1456,25,1.1.0,2026-09-13 11:10:13+00:00,2026-09-13 11:10:14.788400+00:00,8.9,60.0,3088,2577.0,78.0,3423,2800.0,,623,640.0,37.8,0,sin_etiquetar,propagada,-74,
1458,maceta-01,1457,25,1.1.0,2026-09-13 11:10:43+00:00,2026-09-13 11:10:44.561952+00:00,8.9,60.0,3078,2581.0,78.0,3433,2800.0,,626,639.0,37.8,0,sin_etiquetar,propagada,-72,
1459,maceta-01,1458,25,1.1.0,2026-09-13 11:11:13+00:00,2026-09-13 11:11:14.545883+00:00,8.9,60.0,3122,2581.0,78.0,3440,2806.0,,629,642.0,37.7,0,sin_etiquetar,propagada,-72,
1460,maceta-01,1459,25,1.1.0,2026-09-13 11:11:43+00:00,2026-09-13 11:11:44.734628+00:00,8.9,60.0,3084,2584.0,78.0,3430,2799.0,,624,641.0,37.7,0,sin_etiquetar,propagada,-72,
1461,maceta-01,1460,25,1.1.0,2026-09-13 11:12:13+00:00,2026-09-13 11:12:14.513920+00:00,8.9,60.0,3118,2594.0,78.0,3439,2793.0,,635,638.0,37.9,0,sin_etiquetar,propagada,-72,
1462,maceta-01,1461,25,1.1.0,2026-09-13 11:12:43+00:00,2026-09-13 11:12:44.499613+00:00,8.9,60.0,3115,2592.0,78.0,3423,2803.0,,633,640.0,37.8,0,sin_etiquetar,propagada,-72,
1463,maceta-01,1462,25,1.1.0,2026-09-13 11:13:13+00:00,2026-09-13 11:13:14.682115+00:00,8.9,60.0,3105,2590.0,78.0,3426,2787.0,,637,650.0,37.3,0,sin_etiquetar,propagada,-73,
1464,maceta-01,1463,25,1.1.0,2026-09-13 11:13:43+00:00,2026-09-13 11:13:44.466412+00:00,8.9,60.0,3147,2612.0,79.0,3405,2796.0,,627,641.0,37.7,0,sin_etiquetar,propagada,-72,
1465,maceta-01,1464,25,1.1.0,2026-09-13 11:14:13+00:00,2026-09-13 11:14:14.566410+00:00,8.9,60.0,3170,2622.0,79.0,3410,2793.0,,640,642.0,37.7,0,sin_etiquetar,propagada,-72,
1466,maceta-01,1465,25,1.1.0,2026-09-13 11:14:43+00:00,2026-09-13 11:14:44.737653+00:00,8.9,60.0,3136,2609.0,79.0,3433,2800.0,,627,649.0,37.4,0,sin_etiquetar,propagada,-73,
1467,maceta-01,1466,25,1.1.0,2026-09-13 11:15:13+00:00,2026-09-13 11:15:14.524163+00:00,8.9,60.0,3142,2612.0,79.0,3440,2804.0,,629,649.0,37.4,0,sin_etiquetar,propagada,-74,
1468,maceta-01,1467,25,1.1.0,2026-09-13 11:15:43+00:00,2026-09-13 11:15:44.501075+00:00,8.9,59.0,3178,2636.0,79.0,3419,2805.0,,635,645.0,37.6,0,sin_etiquetar,propagada,-74,
1469,maceta-01,1468,25,1.1.0,2026-09-13 11:16:13+00:00,2026-09-13 11:16:14.694546+00:00,8.9,59.0,3157,2623.0,79.0,3442,2798.0,,639,646.0,37.5,0,sin_etiquetar,propagada,-75,
1470,maceta-01,1469,25,1.1.0,2026-09-13 11:16:43+00:00,2026-09-13 11:16:44.467098+00:00,8.9,59.0,3133,2616.0,79.0,3418,2796.0,,633,650.0,37.3,0,sin_etiquetar,propagada,-75,
1471,maceta-01,1470,25,1.1.0,2026-09-13 11:17:13+00:00,2026-09-13 11:17:14.453870+00:00,8.9,59.0,3134,2603.0,78.0,3434,2800.0,,627,650.0,37.3,0,sin_etiquetar,propagada,-74,
1472,maceta-01,1471,25,1.1.0,2026-09-13 11:17:43+00:00,2026-09-13 11:17:44.851872+00:00,8.9,59.0,3129,2595.0,78.0,3408,2789.0,,623,639.0,37.8,0,sin_etiquetar,propagada,-74,
1473,maceta-01,1472,25,1.1.0,2026-09-13 11:18:13+00:00,2026-09-13 11:18:14.525078+00:00,8.9,59.0,3120,2587.0,78.0,3419,2805.0,,631,641.0,37.7,0,sin_etiquetar,propagada,-75,
1474,maceta-01,1473,25,1.1.0,2026-09-13 11:18:43+00:00,2026-09-13 11:18:44.505089+00:00,8.9,59.0,3095,2581.0,78.0,3415,2798.0,,631,643.0,37.7,0,sin_etiquetar,propagada,-75,
1475,maceta-01,1474,25,1.1.0,2026-09-13 11:19:13+00:00,2026-09-13 11:19:14.697771+00:00,8.9,59.0,3098,2581.0,78.0,3438,2800.0,,625,645.0,37.6,0,sin_etiquetar,propagada,-75,
1476,maceta-01,1475,25,1.1.0,2026-09-13 11:19:43+00:00,2026-09-13 11:19:44.481196+00:00,8.9,59.0,3088,2581.0,78.0,3433,2799.0,,625,640.0,37.8,0,sin_etiquetar,propagada,-74,
1477,maceta-01,1476,25,1.1.0,2026-09-13 11:20:13+00:00,2026-09-13 11:20:14.667539+00:00,8.9,59.0,3101,2583.0,78.0,3421,2789.0,,640,646.0,37.5,0,sin_etiquetar,propagada,-75,
1478,maceta-01,1477,25,1.1.0,2026-09-13 11:20:43+00:00,2026-09-13 11:20:44.747144+00:00,8.9,59.0,3120,2597.0,78.0,3395,2793.0,,623,644.0,37.6,0,sin_etiquetar,propagada,-76,
1479,maceta-01,1478,25,1.1.0,2026-09-13 11:21:13+00:00,2026-09-13 11:21:14.526902+00:00,8.9,59.0,3106,2600.0,78.0,3417,2796.0,,622,638.0,37.9,0,sin_etiquetar,propagada,-74,
1480,maceta-01,1479,25,1.1.0,2026-09-13 11:21:43+00:00,2026-09-13 11:21:44.513913+00:00,8.9,59.0,3134,2608.0,79.0,3415,2798.0,,637,643.0,37.7,0,sin_etiquetar,propagada,-74,
1481,maceta-01,1480,25,1.1.0,2026-09-13 11:22:13+00:00,2026-09-13 11:22:14.810732+00:00,8.9,59.0,3120,2609.0,79.0,3415,2798.0,,643,645.0,37.6,0,sin_etiquetar,propagada,-74,
1482,maceta-01,1481,25,1.1.0,2026-09-13 11:22:43+00:00,2026-09-13 11:22:44.496874+00:00,8.9,59.0,3103,2599.0,78.0,3423,2803.0,,636,651.0,37.3,0,sin_etiquetar,propagada,-72,
1483,maceta-01,1482,25,1.1.0,2026-09-13 11:23:13+00:00,2026-09-13 11:23:14.486549+00:00,8.9,59.0,3085,2588.0,78.0,3435,2802.0,,624,639.0,37.8,0,sin_etiquetar,propagada,-73,
1484,maceta-01,1483,25,1.1.0,2026-09-13 11:23:43+00:00,2026-09-13 11:23:44.670756+00:00,8.9,58.0,3082,2584.0,78.0,3439,2802.0,,635,650.0,37.3,0,sin_etiquetar,propagada,-73,
1485,maceta-01,1484,25,1.1.0,2026-09-13 11:24:13+00:00,2026-09-13 11:24:14.447321+00:00,8.9,58.0,3071,2571.0,77.0,3418,2791.0,,635,647.0,37.5,0,sin_etiquetar,propagada,-73,
1486,maceta-01,1485,25,1.1.0,2026-09-13 11:24:43+00:00,2026-09-13 11:24:44.531563+00:00,8.9,58.0,3091,2577.0,78.0,3431,2800.0,,627,648.0,37.4,0,sin_etiquetar,propagada,-73,
1487,maceta-01,1486,25,1.1.0,2026-09-13 11:25:13+00:00,2026-09-13 11:25:14.718928+00:00,9.3,58.0,3071,2577.0,78.0,3441,2791.0,,629,651.0,37.3,0,sin_etiquetar,propagada,-72,
1488,maceta-01,1487,25,1.1.0,2026-09-13 11:25:43+00:00,2026-09-13 11:25:44.502848+00:00,9.3,58.0,3136,2593.0,78.0,3424,2804.0,,639,651.0,37.3,0,sin_etiquetar,propagada,-73,
1489,maceta-01,1488,25,1.1.0,2026-09-13 11:26:13+00:00,2026-09-13 11:26:14.486154+00:00,9.3,58.0,3117,2599.0,78.0,3439,2800.0,,630,653.0,37.2,0,sin_etiquetar,propagada,-73,
1490,maceta-01,1489,25,1.1.0,2026-09-13 11:26:43+00:00,2026-09-13 11:26:44.669424+00:00,9.3,58.0,3139,2603.0,78.0,3466,2806.0,,639,651.0,37.3,0,sin_etiquetar,propagada,-73,
1491,maceta-01,1490,25,1.1.0,2026-09-13 11:27:13+00:00,2026-09-13 11:27:14.449878+00:00,9.3,58.0,3122,2609.0,79.0,3440,2797.0,,650,655.0,37.1,0,sin_etiquetar,propagada,-73,
1492,maceta-01,1491,25,1.1.0,2026-09-13 11:27:43+00:00,2026-09-13 11:27:44.432156+00:00,9.3,58.0,3126,2620.0,79.0,3435,2796.0,,650,651.0,37.3,0,sin_etiquetar,propagada,-72,
1493,maceta-01,1492,25,1.1.0,2026-09-13 11:28:13+00:00,2026-09-13 11:28:14.729958+00:00,9.3,58.0,3161,2617.0,79.0,3431,2806.0,,647,655.0,37.1,0,sin_etiquetar,propagada,-73,
1494,maceta-01,1493,25,1.1.0,2026-09-13 11:28:43+00:00,2026-09-13 11:28:44.507256+00:00,9.3,58.0,3184,2628.0,79.0,3417,2793.0,,650,651.0,37.3,0,sin_etiquetar,propagada,-73,
1495,maceta-01,1494,25,1.1.0,2026-09-13 11:29:13+00:00,2026-09-13 11:29:14.485200+00:00,9.3,58.0,3195,2650.0,80.0,3438,2804.0,,640,652.0,37.2,0,sin_etiquetar,propagada,-74,
1496,maceta-01,1495,25,1.1.0,2026-09-13 11:29:43+00:00,2026-09-13 11:29:44.676695+00:00,9.3,58.0,3198,2667.0,80.0,3444,2806.0,,645,653.0,37.2,0,sin_etiquetar,propagada,-73,
1497,maceta-01,1496,25,1.1.0,2026-09-13 11:30:13+00:00,2026-09-13 11:30:14.461436+00:00,9.3,58.0,3215,2659.0,80.0,3438,2806.0,,643,647.0,37.5,0,sin_etiquetar,propagada,-73,
1498,maceta-01,1497,25,1.1.0,2026-09-13 11:30:43+00:00,2026-09-13 11:30:44.439623+00:00,9.3,57.0,3195,2650.0,80.0,3429,2797.0,,627,646.0,37.5,0,sin_etiquetar,propagada,-73,
1499,maceta-01,1498,25,1.1.0,2026-09-13 11:31:13+00:00,2026-09-13 11:31:14.731827+00:00,9.3,57.0,3153,2621.0,79.0,3436,2802.0,,640,647.0,37.5,0,sin_etiquetar,propagada,-74,
1500,maceta-01,1499,25,1.1.0,2026-09-13 11:31:43+00:00,2026-09-13 11:31:44.509260+00:00,9.3,57.0,3136,2621.0,79.0,3443,2805.0,,625,642.0,37.7,0,sin_etiquetar,propagada,-72,
1501,maceta-01,1500,25,1.1.0,2026-09-13 11:32:13+00:00,2026-09-13 11:32:14.492143+00:00,9.3,57.0,3140,2621.0,79.0,3440,2804.0,,640,646.0,37.5,0,sin_etiquetar,propagada,-73,
1502,maceta-01,1501,25,1.1.0,2026-09-13 11:32:43+00:00,2026-09-13 11:32:44.679319+00:00,9.3,57.0,3152,2635.0,79.0,3423,2799.0,,627,645.0,37.6,0,sin_etiquetar,propagada,-72,
1503,maceta-01,1502,25,1.1.0,2026-09-13 11:33:13+00:00,2026-09-13 11:33:14.458612+00:00,9.3,57.0,3184,2647.0,80.0,3463,2810.0,,631,651.0,37.3,0,sin_etiquetar,propagada,-73,
1504,maceta-01,1503,25,1.1.0,2026-09-13 11:33:43+00:00,2026-09-13 11:33:44.444725+00:00,9.3,57.0,3173,2641.0,80.0,3453,2802.0,,633,649.0,37.4,0,sin_etiquetar,propagada,-73,
1505,maceta-01,1504,25,1.1.0,2026-09-13 11:34:13+00:00,2026-09-13 11:34:14.734854+00:00,9.3,57.0,3207,2661.0,80.0,3432,2806.0,,643,650.0,37.3,0,sin_etiquetar,propagada,-75,
1506,maceta-01,1505,25,1.1.0,2026-09-13 11:34:43+00:00,2026-09-13 11:34:44.414697+00:00,9.3,57.0,3195,2659.0,80.0,3418,2803.0,,630,649.0,37.4,0,sin_etiquetar,propagada,-75,
1507,maceta-01,1506,25,1.1.0,2026-09-13 11:35:13+00:00,2026-09-13 11:35:14.497187+00:00,9.3,57.0,3179,2628.0,79.0,3435,2800.0,,634,647.0,37.5,0,sin_etiquetar,propagada,-76,
1508,maceta-01,1507,25,1.1.0,2026-09-13 11:35:43+00:00,2026-09-13 11:35:44.685827+00:00,9.3,57.0,3147,2623.0,79.0,3441,2805.0,,633,650.0,37.3,0,sin_etiquetar,propagada,-76,
1509,maceta-01,1508,25,1.1.0,2026-09-13 11:36:13+00:00,2026-09-13 11:36:14.468095+00:00,9.3,57.0,3154,2624.0,79.0,3447,2813.0,,646,650.0,37.3,0,sin_etiquetar,propagada,-75,
1510,maceta-01,1509,25,1.1.0,2026-09-13 11:36:43+00:00,2026-09-13 11:36:44.452852+00:00,9.3,57.0,3159,2617.0,79.0,3442,2808.0,,647,649.0,37.4,0,sin_etiquetar,propagada,-76,
1511,maceta-01,1510,25,1.1.0,2026-09-13 11:37:13+00:00,2026-09-13 11:37:14.642531+00:00,9.3,57.0,3139,2621.0,79.0,3443,2807.0,,647,653.0,37.2,0,sin_etiquetar,propagada,-75,
1512,maceta-01,1511,25,1.1.0,2026-09-13 11:37:43+00:00,2026-09-13 11:37:44.420484+00:00,9.3,57.0,3186,2639.0,79.0,3431,2806.0,,645,646.0,37.5,0,sin_etiquetar,propagada,-76,
1513,maceta-01,1512,25,1.1.0,2026-09-13 11:38:13+00:00,2026-09-13 11:38:14.504368+00:00,9.3,57.0,3205,2666.0,80.0,3451,2814.0,,633,652.0,37.2,0,sin_etiquetar,propagada,-74,
1514,maceta-01,1513,25,1.1.0,2026-09-13 11:38:43+00:00,2026-09-13 11:38:44.690828+00:00,9.3,57.0,3225,2659.0,80.0,3443,2803.0,,646,650.0,37.3,0,sin_etiquetar,propagada,-74,
1515,maceta-01,1514,25,1.1.0,2026-09-13 11:39:13+00:00,2026-09-13 11:39:14.490326+00:00,9.3,57.0,3254,2680.0,81.0,3422,2805.0,,645,653.0,37.2,0,sin_etiquetar,propagada,-74,
1516,maceta-01,1515,25,1.1.0,2026-09-13 11:39:43+00:00,2026-09-13 11:39:44.454485+00:00,9.3,57.0,3218,2673.0,81.0,3452,2805.0,,639,657.0,37.0,0,sin_etiquetar,propagada,-74,
1517,maceta-01,1516,25,1.1.0,2026-09-13 11:40:13+00:00,2026-09-13 11:40:14.644446+00:00,9.3,58.0,3229,2661.0,80.0,3446,2803.0,,640,659.0,36.9,0,sin_etiquetar,propagada,-74,
1518,maceta-01,1517,25,1.1.0,2026-09-13 11:40:43+00:00,2026-09-13 11:40:44.427312+00:00,9.3,58.0,3229,2670.0,80.0,3430,2806.0,,641,658.0,37.0,0,sin_etiquetar,propagada,-75,
1519,maceta-01,1518,25,1.1.0,2026-09-13 11:41:13+00:00,2026-09-13 11:41:14.410097+00:00,9.6,58.0,3215,2669.0,80.0,3421,2806.0,,643,653.0,37.2,0,sin_etiquetar,propagada,-76,
1520,maceta-01,1519,25,1.1.0,2026-09-13 11:41:43+00:00,2026-09-13 11:41:44.700796+00:00,9.6,58.0,3200,2663.0,80.0,3421,2806.0,,640,653.0,37.2,0,sin_etiquetar,propagada,-76,
1521,maceta-01,1520,25,1.1.0,2026-09-13 11:42:13+00:00,2026-09-13 11:42:14.494555+00:00,9.6,58.0,3213,2665.0,80.0,3437,2799.0,,656,662.0,36.8,0,sin_etiquetar,propagada,-76,
1522,maceta-01,1521,25,1.1.0,2026-09-13 11:42:43+00:00,2026-09-13 11:42:44.460909+00:00,9.6,58.0,3191,2644.0,80.0,3445,2799.0,,656,661.0,36.8,0,sin_etiquetar,propagada,-77,
1523,maceta-01,1522,25,1.1.0,2026-09-13 11:43:13+00:00,2026-09-13 11:43:14.694469+00:00,9.6,58.0,3195,2651.0,80.0,3434,2803.0,,640,655.0,37.1,0,sin_etiquetar,propagada,-77,
1524,maceta-01,1523,25,1.1.0,2026-09-13 11:43:43+00:00,2026-09-13 11:43:44.432338+00:00,9.6,58.0,3187,2652.0,80.0,3440,2797.0,,646,663.0,36.7,0,sin_etiquetar,propagada,-76,
1525,maceta-01,1524,25,1.1.0,2026-09-13 11:44:13+00:00,2026-09-13 11:44:14.424871+00:00,9.6,58.0,3195,2656.0,80.0,3424,2806.0,,645,662.0,36.8,0,sin_etiquetar,propagada,-76,
1526,maceta-01,1525,25,1.1.0,2026-09-13 11:44:43+00:00,2026-09-13 11:44:44.705719+00:00,9.6,58.0,3222,2680.0,81.0,3437,2803.0,,646,664.0,36.7,0,sin_etiquetar,propagada,-76,
1527,maceta-01,1526,25,1.1.0,2026-09-13 11:45:13+00:00,2026-09-13 11:45:14.481941+00:00,9.6,58.0,3234,2688.0,81.0,3441,2799.0,,654,664.0,36.7,0,sin_etiquetar,propagada,-77,
1528,maceta-01,1527,25,1.1.0,2026-09-13 11:45:43+00:00,2026-09-13 11:45:44.468414+00:00,9.6,58.0,3254,2686.0,81.0,3421,2806.0,,650,664.0,36.7,0,sin_etiquetar,propagada,-76,
1529,maceta-01,1528,25,1.1.0,2026-09-13 11:46:13+00:00,2026-09-13 11:46:14.654639+00:00,9.6,58.0,3280,2693.0,81.0,3439,2805.0,,649,655.0,37.1,0,sin_etiquetar,propagada,-76,
1530,maceta-01,1529,25,1.1.0,2026-09-13 11:46:43+00:00,2026-09-13 11:46:44.435990+00:00,9.6,58.0,3259,2697.0,81.0,3435,2795.0,,645,659.0,36.9,0,sin_etiquetar,propagada,-76,
1531,maceta-01,1530,25,1.1.0,2026-09-13 11:47:13+00:00,2026-09-13 11:47:14.422240+00:00,9.6,58.0,3216,2668.0,80.0,3442,2796.0,,641,653.0,37.2,0,sin_etiquetar,propagada,-76,
1532,maceta-01,1531,25,1.1.0,2026-09-13 11:47:43+00:00,2026-09-13 11:47:44.605038+00:00,9.6,58.0,3200,2666.0,80.0,3440,2803.0,,656,662.0,36.8,0,sin_etiquetar,propagada,-76,
1533,maceta-01,1532,25,1.1.0,2026-09-13 11:48:13+00:00,2026-09-13 11:48:14.385783+00:00,9.6,58.0,3184,2659.0,80.0,3417,2790.0,,647,655.0,37.1,0,sin_etiquetar,propagada,-76,
1534,maceta-01,1533,25,1.1.0,2026-09-13 11:48:43+00:00,2026-09-13 11:48:44.471712+00:00,9.6,58.0,3162,2641.0,80.0,3422,2804.0,,641,657.0,37.0,0,sin_etiquetar,propagada,-74,
1535,maceta-01,1534,25,1.1.0,2026-09-13 11:49:13+00:00,2026-09-13 11:49:14.659155+00:00,9.6,58.0,3133,2618.0,79.0,3411,2793.0,,659,663.0,36.7,0,sin_etiquetar,propagada,-76,
1536,maceta-01,1535,25,1.1.0,2026-09-13 11:49:43+00:00,2026-09-13 11:49:44.443231+00:00,9.6,58.0,3132,2621.0,79.0,3429,2798.0,,644,663.0,36.7,0,sin_etiquetar,propagada,-79,
1537,maceta-01,1536,25,1.1.0,2026-09-13 11:50:13+00:00,2026-09-13 11:50:14.427940+00:00,9.6,58.0,3150,2611.0,79.0,3431,2791.0,,659,659.0,36.9,0,sin_etiquetar,propagada,-76,
1538,maceta-01,1537,25,1.1.0,2026-09-13 11:50:43+00:00,2026-09-13 11:50:44.617084+00:00,9.6,58.0,3136,2611.0,79.0,3440,2798.0,,658,661.0,36.8,0,sin_etiquetar,propagada,-76,
1539,maceta-01,1538,25,1.1.0,2026-09-13 11:51:13+00:00,2026-09-13 11:51:14.431370+00:00,9.6,58.0,3133,2610.0,79.0,3408,2789.0,,657,664.0,36.7,0,sin_etiquetar,propagada,-73,
1540,maceta-01,1539,25,1.1.0,2026-09-13 11:51:43+00:00,2026-09-13 11:51:44.479625+00:00,9.6,58.0,3130,2605.0,78.0,3427,2797.0,,654,661.0,36.8,0,sin_etiquetar,propagada,-73,
1541,maceta-01,1540,25,1.1.0,2026-09-13 11:52:13+00:00,2026-09-13 11:52:14.669339+00:00,9.6,58.0,3139,2612.0,79.0,3431,2793.0,,646,662.0,36.8,0,sin_etiquetar,propagada,-84,
1542,maceta-01,1541,25,1.1.0,2026-09-13 11:52:43+00:00,2026-09-13 11:52:44.450802+00:00,9.6,58.0,3123,2615.0,79.0,3415,2793.0,,656,663.0,36.7,0,sin_etiquetar,propagada,-74,
1543,maceta-01,1542,25,1.1.0,2026-09-13 11:53:13+00:00,2026-09-13 11:53:14.391126+00:00,9.6,58.0,3142,2614.0,79.0,3408,2798.0,,654,662.0,36.8,0,sin_etiquetar,propagada,-74,
1544,maceta-01,1543,25,1.1.0,2026-09-13 11:53:43+00:00,2026-09-13 11:53:44.577225+00:00,9.6,58.0,3139,2621.0,79.0,3423,2792.0,,645,664.0,36.7,0,sin_etiquetar,propagada,-74,
1545,maceta-01,1544,25,1.1.0,2026-09-13 11:54:13+00:00,2026-09-13 11:54:14.398426+00:00,9.6,58.0,3164,2617.0,79.0,3415,2797.0,,654,659.0,36.9,0,sin_etiquetar,propagada,-75,
1546,maceta-01,1545,32,1.1.0,,2026-09-15 12:28:36.702542+00:00,19.5,41.0,1001,934.0,28.0,4095,3124.0,,1007,941.0,25.9,3,marchita,propagada,-48,hora_sin_sincronizar|suelo_saturado
1547,maceta-01,1546,32,1.1.0,2026-09-15 12:28:45+00:00,2026-09-15 12:28:47.760038+00:00,19.8,41.0,1092,1007.0,30.0,4095,3124.0,,1011,948.0,25.7,3,marchita,propagada,-46,suelo_saturado
1548,maceta-01,1547,32,1.1.0,2026-09-15 12:29:15+00:00,2026-09-15 12:29:17.572124+00:00,19.8,41.0,1051,977.0,29.0,4095,3124.0,,1010,946.0,25.7,3,marchita,propagada,-39,suelo_saturado
1549,maceta-01,1548,33,1.1.0,2026-09-15 12:29:51+00:00,2026-09-15 12:29:53.818238+00:00,20.6,41.0,1646,1451.0,43.0,3322,2735.0,,1168,1072.0,21.7,3,marchita,propagada,-60,
1550,maceta-01,1549,34,1.1.0,2026-09-15 12:30:47+00:00,2026-09-15 12:30:49.620029+00:00,23.0,42.0,2034,1759.0,53.0,3425,2796.0,,1289,1167.0,18.9,3,marchita,propagada,-52,
1551,maceta-01,1550,34,1.1.0,2026-09-15 12:31:17+00:00,2026-09-15 12:31:19.301014+00:00,24.1,40.0,2000,1733.0,52.0,3446,2808.0,,1229,1118.0,20.3,3,marchita,propagada,-58,
1552,maceta-01,1551,34,1.1.0,2026-09-15 12:31:47+00:00,2026-09-15 12:31:49.518783+00:00,24.5,39.0,2006,1735.0,52.0,3478,2827.0,,1201,1097.0,21.0,3,marchita,propagada,-45,
1553,maceta-01,1552,34,1.1.0,2026-09-15 12:32:17+00:00,2026-09-15 12:32:20.808482+00:00,24.1,38.0,2047,1769.0,53.0,3488,2833.0,,1162,1067.0,21.9,3,marchita,propagada,-44,
1554,maceta-01,1553,34,1.1.0,2026-09-15 12:32:49+00:00,2026-09-15 12:32:57.708537+00:00,23.8,37.0,2038,1761.0,53.0,3504,2844.0,,1143,1051.0,22.4,3,marchita,propagada,-54,
1555,maceta-01,1554,34,1.1.0,2026-09-15 12:33:47+00:00,2026-09-15 12:33:50.871123+00:00,23.8,37.0,985,922.0,27.0,3536,2860.0,,1303,1180.0,18.5,3,marchita,propagada,-55,
1556,maceta-01,1555,35,1.1.0,2026-09-15 12:34:42+00:00,2026-09-15 12:34:44.105483+00:00,25.8,37.0,730,725.0,21.0,3682,2935.0,,1490,1328.0,14.5,3,marchita,propagada,-53,
1557,maceta-01,1556,35,1.1.0,2026-09-15 12:35:12+00:00,2026-09-15 12:35:14.551520+00:00,27.6,37.0,753,744.0,22.0,3702,2945.0,,1554,1376.0,13.2,3,marchita,propagada,-47,
1558,maceta-01,1557,35,1.1.0,2026-09-15 12:35:42+00:00,2026-09-15 12:35:44.106696+00:00,28.5,34.0,735,724.0,21.0,3701,2948.0,,1558,1384.0,13.0,3,marchita,propagada,-62,
1559,maceta-01,1558,35,1.1.0,2026-09-15 12:36:12+00:00,2026-09-15 12:36:13.943530+00:00,28.5,33.0,756,743.0,22.0,3712,2950.0,,1535,1363.0,13.6,3,marchita,propagada,-68,
1560,maceta-01,1559,35,1.1.0,2026-09-15 12:36:44+00:00,2026-09-15 12:36:46.698660+00:00,29.3,33.0,753,742.0,22.0,3712,2950.0,,1498,1333.0,14.4,3,marchita,propagada,-82,
1561,maceta-01,1560,35,1.1.0,2026-09-15 12:37:12+00:00,2026-09-15 12:37:14.533900+00:00,29.3,32.0,764,752.0,22.0,3725,2952.0,,1565,1387.0,13.0,3,marchita,propagada,-74,
1562,maceta-01,1561,35,1.1.0,2026-09-15 12:37:42+00:00,2026-09-15 12:37:44.327865+00:00,29.8,32.0,762,744.0,22.0,3729,2960.0,,1570,1389.0,12.9,3,marchita,propagada,-81,
1563,maceta-01,1562,35,1.1.0,2026-09-15 12:38:12+00:00,2026-09-15 12:38:14.752889+00:00,29.8,31.0,740,732.0,22.0,3735,2963.0,,1606,1417.0,12.2,3,marchita,propagada,-73,
1564,maceta-01,1563,35,1.1.0,2026-09-15 12:38:42+00:00,2026-09-15 12:38:44.229619+00:00,30.2,30.0,779,766.0,23.0,3737,2962.0,,1597,1412.0,12.3,3,marchita,propagada,-68,
1565,maceta-01,1564,35,1.1.0,2026-09-15 12:39:12+00:00,2026-09-15 12:39:14.123827+00:00,29.8,30.0,775,762.0,23.0,3739,2961.0,,1584,1402.0,12.6,3,marchita,propagada,-53,
1566,maceta-01,1565,35,1.1.0,2026-09-15 12:39:42+00:00,2026-09-15 12:39:44.740531+00:00,29.8,30.0,784,766.0,23.0,3744,2965.0,,1504,1336.0,14.3,3,marchita,propagada,-56,
1567,maceta-01,1566,35,1.1.0,2026-09-15 12:40:12+00:00,2026-09-15 12:40:14.461864+00:00,29.8,30.0,782,766.0,23.0,3744,2967.0,,1535,1363.0,13.6,3,marchita,propagada,-57,
1568,maceta-01,1567,35,1.1.0,2026-09-15 12:40:42+00:00,2026-09-15 12:40:44.448499+00:00,29.3,30.0,784,762.0,23.0,3757,2972.0,,1572,1391.0,12.8,3,marchita,propagada,-74,
1569,maceta-01,1568,35,1.1.0,2026-09-15 12:41:12+00:00,2026-09-15 12:41:14.451134+00:00,29.8,30.0,791,771.0,23.0,3747,2969.0,,1535,1384.0,13.0,3,marchita,propagada,-65,
1570,maceta-01,1569,35,1.1.0,2026-09-15 12:41:42+00:00,2026-09-15 12:41:44.435942+00:00,29.8,30.0,784,766.0,23.0,3759,2973.0,,1564,1385.0,13.0,3,marchita,propagada,-66,
1571,maceta-01,1570,35,1.1.0,2026-09-15 12:42:12+00:00,2026-09-15 12:42:14.369470+00:00,29.3,30.0,795,773.0,23.0,3751,2972.0,,1488,1324.0,14.6,3,marchita,propagada,-73,
1572,maceta-01,1571,35,1.1.0,2026-09-15 12:42:42+00:00,2026-09-15 12:42:44.779612+00:00,29.3,30.0,793,773.0,23.0,3756,2971.0,,1511,1343.0,14.1,3,marchita,propagada,-62,
1573,maceta-01,1572,35,1.1.0,2026-09-15 12:43:12+00:00,2026-09-15 12:43:14.367949+00:00,29.3,30.0,800,780.0,23.0,3751,2965.0,,1554,1376.0,13.2,3,marchita,propagada,-63,
1574,maceta-01,1573,35,1.1.0,2026-09-15 12:43:42+00:00,2026-09-15 12:43:44.289010+00:00,29.3,30.0,735,725.0,21.0,3759,2973.0,,1532,1359.0,13.7,3,marchita,propagada,-58,
1575,maceta-01,1574,35,1.1.0,2026-09-15 12:44:12+00:00,2026-09-15 12:44:14.568706+00:00,29.3,30.0,783,765.0,23.0,3756,2973.0,,1556,1379.0,13.2,3,marchita,propagada,-56,
1576,maceta-01,1575,35,1.1.0,2026-09-15 12:44:42+00:00,2026-09-15 12:44:44.391672+00:00,29.8,30.0,767,756.0,22.0,3735,2963.0,,1584,1401.0,12.6,3,marchita,propagada,-69,
1577,maceta-01,1576,35,1.1.0,2026-09-15 12:45:12+00:00,2026-09-15 12:45:14.367092+00:00,29.8,30.0,807,787.0,23.0,3757,2970.0,,1552,1363.0,13.6,3,marchita,propagada,-71,
1578,maceta-01,1577,35,1.1.0,2026-09-15 12:45:42+00:00,2026-09-15 12:45:44.891125+00:00,29.8,30.0,813,791.0,23.0,3769,2976.0,,1535,1363.0,13.6,3,marchita,propagada,-57,
1579,maceta-01,1578,35,1.1.0,2026-09-15 12:46:12+00:00,2026-09-15 12:46:14.689778+00:00,30.2,28.0,786,767.0,23.0,3762,2974.0,,1569,1388.0,12.9,3,marchita,propagada,-90,
1580,maceta-01,1579,35,1.1.0,2026-09-15 12:46:42+00:00,2026-09-15 12:46:44.179520+00:00,30.2,28.0,722,715.0,21.0,3758,2970.0,,1591,1407.0,12.4,3,marchita,propagada,-74,
1581,maceta-01,1580,35,1.1.0,2026-09-15 12:47:12+00:00,2026-09-15 12:47:14.486202+00:00,30.2,28.0,759,743.0,22.0,3746,2968.0,,1625,1433.0,11.8,3,marchita,propagada,-64,
1582,maceta-01,1581,35,1.1.0,2026-09-15 12:47:42+00:00,2026-09-15 12:47:44.282344+00:00,30.8,28.0,704,703.0,21.0,3749,2967.0,,1600,1415.0,12.2,3,marchita,propagada,-64,
1583,maceta-01,1582,35,1.1.0,2026-09-15 12:48:12+00:00,2026-09-15 12:48:14.219082+00:00,31.3,28.0,691,691.0,20.0,3716,2950.0,,1616,1427.0,11.9,3,marchita,propagada,-61,
1584,maceta-01,1583,35,1.1.0,2026-09-15 12:48:42+00:00,2026-09-15 12:48:44.637849+00:00,30.8,27.0,794,773.0,23.0,3733,2963.0,,1602,1407.0,12.4,3,marchita,propagada,-65,
1585,maceta-01,1584,35,1.1.0,2026-09-15 12:49:12+00:00,2026-09-15 12:49:14.305459+00:00,30.8,27.0,818,796.0,24.0,3728,2960.0,,1585,1403.0,12.5,3,marchita,propagada,-81,
1586,maceta-01,1585,35,1.1.0,2026-09-15 12:49:42+00:00,2026-09-15 12:49:44.295211+00:00,30.2,27.0,817,793.0,24.0,3735,2959.0,,1557,1377.0,13.2,3,marchita,propagada,-58,
1587,maceta-01,1586,35,1.1.0,2026-09-15 12:50:12+00:00,2026-09-15 12:50:14.404391+00:00,30.2,27.0,747,739.0,22.0,3731,2959.0,,1602,1416.0,12.2,3,marchita,propagada,-61,
1588,maceta-01,1587,35,1.1.0,2026-09-15 12:50:42+00:00,2026-09-15 12:50:44.210066+00:00,30.2,28.0,794,774.0,23.0,3725,2958.0,,1618,1428.0,11.9,3,marchita,propagada,-60,
1589,maceta-01,1588,35,1.1.0,2026-09-15 12:51:12+00:00,2026-09-15 12:51:14.245475+00:00,30.8,28.0,763,747.0,22.0,3719,2954.0,,1595,1412.0,12.3,3,marchita,propagada,-53,
1590,maceta-01,1589,35,1.1.0,2026-09-15 12:51:42+00:00,2026-09-15 12:51:44.625334+00:00,30.8,27.0,839,808.0,24.0,3702,2948.0,,1618,1430.0,11.9,3,marchita,propagada,-56,
1591,maceta-01,1590,35,1.1.0,2026-09-15 12:52:12+00:00,2026-09-15 12:52:14.626228+00:00,30.8,27.0,831,804.0,24.0,3671,2929.0,,1587,1406.0,12.5,3,marchita,propagada,-75,
1592,maceta-01,1591,35,1.1.0,2026-09-15 12:52:42+00:00,2026-09-15 12:52:44.325999+00:00,30.2,27.0,830,804.0,24.0,3675,2931.0,,1591,1406.0,12.5,3,marchita,propagada,-64,
1593,maceta-01,1592,35,1.1.0,2026-09-15 12:53:12+00:00,2026-09-15 12:53:14.952678+00:00,30.2,27.0,820,797.0,24.0,3675,2933.0,,1585,1402.0,12.6,3,marchita,propagada,-68,
1594,maceta-01,1593,35,1.1.0,2026-09-15 12:53:42+00:00,2026-09-15 12:53:44.434831+00:00,30.8,27.0,902,859.0,26.0,3365,2765.0,,1741,1525.0,9.5,3,marchita,propagada,-71,
1595,maceta-01,1594,35,1.1.0,2026-09-15 12:54:12+00:00,2026-09-15 12:54:14.351490+00:00,31.3,27.0,2382,2034.0,61.0,3474,2828.0,,1554,1384.0,13.0,3,marchita,propagada,-68,
1596,maceta-01,1595,35,1.1.0,2026-09-15 12:56:48+00:00,2026-09-15 12:56:51.114451+00:00,30.2,28.0,2384,2041.0,61.0,3559,2870.0,,1623,1431.0,11.8,3,marchita,propagada,-76,
1597,maceta-01,1596,35,1.1.0,2026-09-15 12:57:16+00:00,2026-09-15 12:57:18.043965+00:00,30.8,28.0,2384,2038.0,61.0,3563,2874.0,,1738,1528.0,9.4,3,marchita,propagada,-51,
1598,maceta-01,1597,35,1.1.0,2026-09-15 12:57:46+00:00,2026-09-15 12:57:48.149055+00:00,32.3,28.0,2383,2038.0,61.0,3567,2878.0,,1740,1524.0,9.5,3,marchita,propagada,-63,
1599,maceta-01,1598,35,1.1.0,2026-09-15 12:58:16+00:00,2026-09-15 12:58:18.358168+00:00,32.8,27.0,2371,2027.0,61.0,3559,2871.0,,1676,1466.0,10.9,3,marchita,propagada,-58,
1600,maceta-01,1599,35,1.1.0,2026-09-15 12:58:46+00:00,2026-09-15 12:58:47.961114+00:00,32.3,27.0,2390,2041.0,61.0,3564,2874.0,,1648,1453.0,11.3,3,marchita,propagada,-60,
1601,maceta-01,1600,35,1.1.0,2026-09-15 12:59:16+00:00,2026-09-15 12:59:18.047544+00:00,31.8,26.0,2368,2025.0,61.0,3554,2870.0,,1680,1478.0,10.6,3,marchita,propagada,-70,
1602,maceta-01,1601,35,1.1.0,2026-09-15 12:59:46+00:00,2026-09-15 12:59:48.266512+00:00,32.3,26.0,2378,2034.0,61.0,3557,2871.0,,1634,1442.0,11.5,3,marchita,propagada,-65,
1603,maceta-01,1602,35,1.1.0,2026-09-15 13:00:16+00:00,2026-09-15 13:00:17.964854+00:00,31.8,26.0,2391,2042.0,61.0,3562,2875.0,,1616,1427.0,11.9,3,marchita,propagada,-51,
1604,maceta-01,1603,35,1.1.0,2026-09-15 13:00:46+00:00,2026-09-15 13:00:47.891222+00:00,31.3,26.0,2384,2038.0,61.0,3567,2877.0,,1599,1414.0,12.3,3,marchita,propagada,-67,
1605,maceta-01,1604,35,1.1.0,2026-09-15 13:01:16+00:00,2026-09-15 13:01:18.287527+00:00,31.3,27.0,2381,2036.0,61.0,3568,2877.0,,1695,1490.0,10.3,3,marchita,propagada,-57,
1606,maceta-01,1605,35,1.1.0,2026-09-15 13:01:46+00:00,2026-09-15 13:01:48.063599+00:00,31.8,27.0,2369,2026.0,61.0,3569,2877.0,,1700,1495.0,10.2,3,marchita,propagada,-56,
1607,maceta-01,1606,35,1.1.0,2026-09-15 13:02:16+00:00,2026-09-15 13:02:18.084839+00:00,32.3,27.0,2355,2018.0,61.0,3565,2875.0,,1619,1427.0,11.9,3,marchita,propagada,-59,
1608,maceta-01,1607,35,1.1.0,2026-09-15 13:02:46+00:00,2026-09-15 13:02:47.970194+00:00,31.8,26.0,2384,2038.0,61.0,3563,2873.0,,1607,1415.0,12.2,3,marchita,propagada,-61,
1609,maceta-01,1608,35,1.1.0,2026-09-15 13:03:16+00:00,2026-09-15 13:03:18.079520+00:00,30.8,26.0,2384,2038.0,61.0,3558,2872.0,,1565,1386.0,13.0,3,marchita,propagada,-55,
1610,maceta-01,1609,35,1.1.0,2026-09-15 13:03:46+00:00,2026-09-15 13:03:48.075491+00:00,30.2,27.0,2375,2033.0,61.0,3553,2870.0,,1552,1376.0,13.2,3,marchita,propagada,-58,
1611,maceta-01,1610,35,1.1.0,2026-09-15 13:04:16+00:00,2026-09-15 13:04:18.097908+00:00,30.2,27.0,2385,2038.0,61.0,3542,2862.0,,1611,1424.0,12.0,3,marchita,propagada,-60,
1612,maceta-01,1611,35,1.1.0,2026-09-15 13:04:46+00:00,2026-09-15 13:04:47.903708+00:00,30.2,27.0,2386,2041.0,61.0,3539,2862.0,,1587,1402.0,12.6,3,marchita,propagada,-68,
1613,maceta-01,1612,35,1.1.0,2026-09-15 13:05:16+00:00,2026-09-15 13:05:17.917214+00:00,30.8,27.0,2387,2038.0,61.0,3543,2864.0,,1629,1436.0,11.7,3,marchita,propagada,-64,
1614,maceta-01,1613,35,1.1.0,2026-09-15 13:05:46+00:00,2026-09-15 13:05:48.008949+00:00,30.8,27.0,2389,2038.0,61.0,3557,2867.0,,1643,1448.0,11.4,3,marchita,propagada,-64,
1615,maceta-01,1614,35,1.1.0,2026-09-15 13:06:16+00:00,2026-09-15 13:06:17.816678+00:00,30.8,27.0,2389,2039.0,61.0,3549,2866.0,,1561,1388.0,12.9,3,marchita,propagada,-62,
1616,maceta-01,1615,35,1.1.0,2026-09-15 13:06:46+00:00,2026-09-15 13:06:47.917856+00:00,30.8,27.0,2379,2034.0,61.0,3557,2871.0,,1600,1415.0,12.2,3,marchita,propagada,-61,
1617,maceta-01,1616,35,1.1.0,2026-09-15 13:07:16+00:00,2026-09-15 13:07:18.401224+00:00,30.2,27.0,2374,2029.0,61.0,3554,2873.0,,1568,1388.0,12.9,3,marchita,propagada,-51,
1618,maceta-01,1617,35,1.1.0,2026-09-15 13:07:46+00:00,2026-09-15 13:07:48.041052+00:00,30.2,27.0,2368,2028.0,61.0,3567,2876.0,,1626,1433.0,11.8,3,marchita,propagada,-51,
1619,maceta-01,1618,35,1.1.0,2026-09-15 13:08:16+00:00,2026-09-15 13:08:17.913329+00:00,30.8,27.0,2365,2020.0,61.0,3561,2873.0,,1569,1391.0,12.8,3,marchita,propagada,-59,
1620,maceta-01,1619,35,1.1.0,2026-09-15 13:08:46+00:00,2026-09-15 13:08:48.244148+00:00,30.8,27.0,2341,2006.0,60.0,3553,2870.0,,1603,1416.0,12.2,3,marchita,propagada,-60,
1621,maceta-01,1620,35,1.1.0,2026-09-15 13:09:16+00:00,2026-09-15 13:09:18.135622+00:00,30.8,27.0,2360,2021.0,61.0,3553,2869.0,,1581,1400.0,12.6,3,marchita,propagada,-54,
1622,maceta-01,1621,35,1.1.0,2026-09-15 13:09:46+00:00,2026-09-15 13:09:47.791035+00:00,30.2,27.0,2352,2013.0,61.0,3552,2869.0,,1557,1381.0,13.1,3,marchita,propagada,-55,
1623,maceta-01,1622,35,1.1.0,2026-09-15 13:10:16+00:00,2026-09-15 13:10:18.471751+00:00,30.2,27.0,2352,2014.0,61.0,3542,2866.0,,1694,1489.0,10.4,3,marchita,propagada,-62,
1624,maceta-01,1623,35,1.1.0,2026-09-15 13:10:46+00:00,2026-09-15 13:10:48.261434+00:00,31.8,28.0,2383,2031.0,61.0,3546,2864.0,,1698,1492.0,10.3,3,marchita,propagada,-56,
1625,maceta-01,1624,35,1.1.0,2026-09-15 13:11:16+00:00,2026-09-15 13:11:18.273001+00:00,31.8,27.0,2369,2026.0,61.0,3551,2860.0,,1622,1432.0,11.8,3,marchita,propagada,-53,
1626,maceta-01,1625,35,1.1.0,2026-09-15 13:11:46+00:00,2026-09-15 13:11:49.785599+00:00,31.8,27.0,2373,2030.0,61.0,3555,2868.0,,1607,1418.0,12.2,3,marchita,propagada,-61,
1627,maceta-01,1626,35,1.1.0,2026-09-15 13:12:16+00:00,2026-09-15 13:12:19.690332+00:00,31.8,27.0,2367,2026.0,61.0,3558,2872.0,,1552,1380.0,13.1,3,marchita,propagada,-78,
1628,maceta-01,1627,35,1.1.0,2026-09-15 13:12:46+00:00,2026-09-15 13:12:50.082652+00:00,30.8,27.0,2387,2039.0,61.0,3541,2866.0,,1581,1396.0,12.7,3,marchita,propagada,-53,
1629,maceta-01,1628,35,1.1.0,2026-09-15 13:13:16+00:00,2026-09-15 13:13:18.154757+00:00,31.3,27.0,2399,2051.0,62.0,3561,2872.0,,1659,1462.0,11.0,3,marchita,propagada,-60,
1630,maceta-01,1629,35,1.1.0,2026-09-15 13:13:46+00:00,2026-09-15 13:13:47.738657+00:00,31.3,27.0,2393,2049.0,62.0,3561,2870.0,,1628,1438.0,11.6,3,marchita,propagada,-62,
1631,maceta-01,1630,35,1.1.0,2026-09-15 13:14:16+00:00,2026-09-15 13:14:17.764809+00:00,31.3,27.0,2395,2047.0,62.0,3555,2870.0,,1555,1379.0,13.2,3,marchita,propagada,-55,
1632,maceta-01,1631,35,1.1.0,2026-09-15 13:14:46+00:00,2026-09-15 13:14:48.048239+00:00,30.9,27.0,2368,2028.0,61.0,3555,2873.0,,1631,1439.0,11.6,3,marchita,propagada,-54,
1633,maceta-01,1632,35,1.1.0,2026-09-15 13:15:16+00:00,2026-09-15 13:15:17.772863+00:00,30.8,27.0,2357,2017.0,61.0,3561,2873.0,,1600,1412.0,12.3,3,marchita,propagada,-52,
1634,maceta-01,1633,35,1.1.0,2026-09-15 13:15:46+00:00,2026-09-15 13:15:47.950725+00:00,31.3,27.0,2390,2043.0,61.0,3555,2869.0,,1715,1509.0,9.9,3,marchita,propagada,-52,
1635,maceta-01,1634,35,1.1.0,2026-09-15 13:16:16+00:00,2026-09-15 13:16:18.053044+00:00,31.3,27.0,2383,2036.0,61.0,3560,2873.0,,1643,1451.0,11.3,3,marchita,propagada,-55,
1636,maceta-01,1635,35,1.1.0,2026-09-15 13:16:46+00:00,2026-09-15 13:16:47.757933+00:00,31.8,27.0,2390,2041.0,61.0,3550,2872.0,,1664,1465.0,11.0,3,marchita,propagada,-59,
1637,maceta-01,1636,35,1.1.0,2026-09-15 13:17:16+00:00,2026-09-15 13:17:17.890701+00:00,31.8,27.0,2381,2038.0,61.0,3568,2877.0,,1664,1466.0,10.9,3,marchita,propagada,-55,
1638,maceta-01,1637,35,1.1.0,2026-09-15 13:17:46+00:00,2026-09-15 13:17:47.962457+00:00,32.3,27.0,2394,2044.0,61.0,3552,2870.0,,1686,1484.0,10.5,3,marchita,propagada,-67,
1639,maceta-01,1638,35,1.1.0,2026-09-15 13:18:16+00:00,2026-09-15 13:18:17.862927+00:00,32.3,27.0,2383,2037.0,61.0,3567,2876.0,,1634,1441.0,11.6,3,marchita,propagada,-60,
1640,maceta-01,1639,35,1.1.0,2026-09-15 13:18:46+00:00,2026-09-15 13:18:47.894879+00:00,32.3,26.0,2396,2044.0,61.0,3549,2867.0,,1715,1508.0,9.9,3,marchita,propagada,-66,
1641,maceta-01,1640,35,1.1.0,2026-09-15 13:19:16+00:00,2026-09-15 13:19:17.990862+00:00,32.3,26.0,2355,2014.0,61.0,3558,2876.0,,1708,1501.0,10.1,3,marchita,propagada,-58,
1642,maceta-01,1641,35,1.1.0,2026-09-15 13:19:46+00:00,2026-09-15 13:19:47.769125+00:00,32.8,26.0,2366,2026.0,61.0,3551,2867.0,,1661,1463.0,11.0,3,marchita,propagada,-52,
1643,maceta-01,1642,35,1.1.0,2026-09-15 13:20:16+00:00,2026-09-15 13:20:18.076900+00:00,32.8,27.0,1100,1018.0,30.0,3244,2682.0,,1697,1492.0,10.3,3,marchita,propagada,-56,
1644,maceta-01,1643,35,1.1.0,2026-09-15 13:20:46+00:00,2026-09-15 13:20:48.083072+00:00,32.8,26.0,1705,1497.0,45.0,3301,2719.0,,1682,1479.0,10.6,2,estresada,manual,-56,
1645,maceta-01,1644,35,1.1.0,2026-09-15 13:21:16+00:00,2026-09-15 13:21:17.884531+00:00,32.8,26.0,2304,1973.0,59.0,3344,2748.0,,1683,1480.0,10.6,2,estresada,propagada,-71,
1646,maceta-01,1645,35,1.1.0,2026-09-15 13:21:46+00:00,2026-09-15 13:21:47.799674+00:00,32.3,26.0,2405,2049.0,62.0,3341,2740.0,,1671,1473.0,10.8,2,estresada,propagada,-56,
1647,maceta-01,1646,35,1.1.0,2026-09-15 13:22:16+00:00,2026-09-15 13:22:18.521064+00:00,32.3,26.0,2413,2062.0,62.0,3333,2745.0,,1701,1496.0,10.2,2,estresada,propagada,-56,
1648,maceta-01,1647,35,1.1.0,2026-09-15 13:22:46+00:00,2026-09-15 13:22:48.211218+00:00,32.3,26.0,2417,2064.0,62.0,3356,2754.0,,1642,1448.0,11.4,2,estresada,propagada,-55,
1649,maceta-01,1648,35,1.1.0,2026-09-15 13:23:16+00:00,2026-09-15 13:23:18.003832+00:00,32.3,26.0,2397,2047.0,62.0,3359,2757.0,,1726,1515.0,9.7,2,estresada,propagada,-55,
1650,maceta-01,1649,35,1.1.0,2026-09-15 13:23:46+00:00,2026-09-15 13:23:48.223258+00:00,33.8,25.0,2416,2064.0,62.0,3376,2767.0,,1754,1535.0,9.2,2,estresada,propagada,-55,
1651,maceta-01,1650,35,1.1.0,2026-09-15 13:24:16+00:00,2026-09-15 13:24:17.936464+00:00,33.8,25.0,2411,2055.0,62.0,3374,2770.0,,1743,1529.0,9.4,2,estresada,propagada,-54,
1652,maceta-01,1651,35,1.1.0,2026-09-15 13:24:46+00:00,2026-09-15 13:24:47.829042+00:00,34.2,25.0,2373,2030.0,61.0,3376,2768.0,,1808,1580.0,8.1,2,estresada,propagada,-54,
1653,maceta-01,1652,35,1.1.0,2026-09-15 13:25:16+00:00,2026-09-15 13:25:18.424019+00:00,35.2,23.0,2391,2039.0,61.0,3394,2776.0,,1776,1555.0,8.7,2,estresada,propagada,-56,
1654,maceta-01,1653,35,1.1.0,2026-09-15 13:25:46+00:00,2026-09-15 13:25:48.122244+00:00,34.7,23.0,2394,2047.0,62.0,3382,2772.0,,1744,1529.0,9.4,2,estresada,propagada,-52,
1655,maceta-01,1654,35,1.1.0,2026-09-15 13:26:16+00:00,2026-09-15 13:26:17.715947+00:00,34.7,23.0,2383,2038.0,61.0,3398,2780.0,,1776,1555.0,8.7,2,estresada,propagada,-52,
1656,maceta-01,1655,35,1.1.0,2026-09-15 13:26:46+00:00,2026-09-15 13:26:48.133742+00:00,34.7,23.0,2395,2042.0,61.0,3407,2784.0,,1744,1530.0,9.4,2,estresada,propagada,-56,
1657,maceta-01,1656,35,1.1.0,2026-09-15 13:27:16+00:00,2026-09-15 13:27:17.722509+00:00,34.7,23.0,2416,2064.0,62.0,3373,2768.0,,1699,1492.0,10.3,2,estresada,propagada,-64,
1658,maceta-01,1657,35,1.1.0,2026-09-15 13:27:46+00:00,2026-09-15 13:27:47.848398+00:00,33.8,23.0,2412,2060.0,62.0,3379,2779.0,,1645,1448.0,11.4,2,estresada,propagada,-67,
1659,maceta-01,1658,35,1.1.0,2026-09-15 13:28:16+00:00,2026-09-15 13:28:18.042984+00:00,33.3,23.0,2404,2053.0,62.0,3403,2783.0,,1689,1485.0,10.5,2,estresada,propagada,-65,
1660,maceta-01,1659,35,1.1.0,2026-09-15 13:28:46+00:00,2026-09-15 13:28:47.987660+00:00,33.8,24.0,2409,2059.0,62.0,3403,2780.0,,1779,1557.0,8.7,2,estresada,propagada,-70,
1661,maceta-01,1660,35,1.1.0,2026-09-15 13:29:16+00:00,2026-09-15 13:29:17.826282+00:00,34.6,24.0,2393,2041.0,61.0,3395,2782.0,,1799,1575.0,8.3,2,estresada,propagada,-53,
1662,maceta-01,1661,35,1.1.0,2026-09-15 13:29:46+00:00,2026-09-15 13:29:48.483990+00:00,35.2,22.0,2412,2063.0,62.0,3408,2787.0,,1775,1555.0,8.7,2,estresada,propagada,-65,
1663,maceta-01,1662,35,1.1.0,2026-09-15 13:30:16+00:00,2026-09-15 13:30:17.966802+00:00,35.2,22.0,2410,2058.0,62.0,3405,2787.0,,1766,1547.0,8.9,2,estresada,propagada,-54,
1664,maceta-01,1663,35,1.1.0,2026-09-15 13:33:27+00:00,2026-09-15 13:33:29.567459+00:00,33.8,22.0,2418,2064.0,62.0,3419,2793.0,,1642,1446.0,11.4,2,estresada,propagada,-71,
1665,maceta-01,1664,35,1.1.0,2026-09-15 13:33:34+00:00,2026-09-15 13:33:36.220526+00:00,33.3,23.0,2422,2068.0,62.0,3427,2799.0,,1747,1531.0,9.3,2,estresada,propagada,-73,
1666,maceta-01,1665,35,1.1.0,2026-09-15 13:34:02+00:00,2026-09-15 13:34:03.858186+00:00,33.6,23.0,2416,2062.0,62.0,3415,2796.0,,1807,1579.0,8.2,2,estresada,propagada,-75,
1667,maceta-01,1666,35,1.1.0,2026-09-15 13:34:32+00:00,2026-09-15 13:34:33.656345+00:00,33.8,23.0,2406,2053.0,62.0,3419,2793.0,,1804,1575.0,8.3,2,estresada,propagada,-72,
1668,maceta-01,1667,35,1.1.0,2026-09-15 13:35:02+00:00,2026-09-15 13:35:04.178934+00:00,34.2,23.0,2375,2031.0,61.0,3429,2798.0,,1794,1569.0,8.4,2,estresada,propagada,-57,
1669,maceta-01,1668,35,1.1.0,2026-09-15 13:35:32+00:00,2026-09-15 13:35:33.873509+00:00,34.7,23.0,2396,2051.0,62.0,3428,2797.0,,1766,1548.0,8.9,2,estresada,propagada,-73,
1670,maceta-01,1669,35,1.1.0,2026-09-15 13:36:02+00:00,2026-09-15 13:36:03.977021+00:00,34.2,23.0,2384,2038.0,61.0,3430,2802.0,,1663,1464.0,11.0,2,estresada,propagada,-73,
1671,maceta-01,1670,35,1.1.0,2026-09-15 13:36:32+00:00,2026-09-15 13:36:34.182640+00:00,33.8,23.0,2385,2041.0,61.0,3429,2796.0,,1637,1446.0,11.4,2,estresada,propagada,-66,
1672,maceta-01,1671,35,1.1.0,2026-09-15 13:37:02+00:00,2026-09-15 13:37:04.001796+00:00,33.8,23.0,2395,2047.0,62.0,3426,2796.0,,1775,1554.0,8.8,2,estresada,propagada,-63,
1673,maceta-01,1672,35,1.1.0,2026-09-15 13:37:32+00:00,2026-09-15 13:37:33.984658+00:00,33.8,23.0,2380,2033.0,61.0,3426,2796.0,,1791,1566.0,8.5,2,estresada,propagada,-68,
1674,maceta-01,1673,35,1.1.0,2026-09-15 13:38:02+00:00,2026-09-15 13:38:04.074668+00:00,34.2,23.0,2384,2038.0,61.0,3421,2793.0,,1767,1550.0,8.9,2,estresada,propagada,-66,
1675,maceta-01,1674,35,1.1.0,2026-09-15 13:38:32+00:00,2026-09-15 13:38:33.776235+00:00,33.8,23.0,2382,2033.0,61.0,3414,2793.0,,1705,1496.0,10.2,2,estresada,propagada,-77,
1676,maceta-01,1675,35,1.1.0,2026-09-15 13:39:02+00:00,2026-09-15 13:39:03.992972+00:00,33.8,23.0,2385,2039.0,61.0,3418,2791.0,,1744,1529.0,9.4,2,estresada,propagada,-62,
1677,maceta-01,1676,35,1.1.0,2026-09-15 13:39:32+00:00,2026-09-15 13:39:34.539305+00:00,33.8,23.0,2393,2043.0,61.0,3420,2795.0,,1731,1518.0,9.6,2,estresada,propagada,-67,
1678,maceta-01,1677,35,1.1.0,2026-09-15 13:40:02+00:00,2026-09-15 13:40:03.895022+00:00,33.8,23.0,2370,2036.0,61.0,3417,2793.0,,1781,1559.0,8.6,2,estresada,propagada,-70,
1679,maceta-01,1678,35,1.1.0,2026-09-15 13:40:32+00:00,2026-09-15 13:40:33.790177+00:00,33.8,23.0,2394,2049.0,62.0,3422,2796.0,,1793,1567.0,8.4,2,estresada,propagada,-64,
1680,maceta-01,1679,35,1.1.0,2026-09-15 13:41:02+00:00,2026-09-15 13:41:04.335650+00:00,34.2,23.0,2374,2029.0,61.0,3424,2796.0,,1686,1486.0,10.4,2,estresada,propagada,-70,
1681,maceta-01,1680,35,1.1.0,2026-09-15 13:41:32+00:00,2026-09-15 13:41:34.108634+00:00,33.8,23.0,2385,2041.0,61.0,3420,2797.0,,1697,1491.0,10.3,2,estresada,propagada,-74,
1682,maceta-01,1681,35,1.1.0,2026-09-15 13:42:02+00:00,2026-09-15 13:42:03.812130+00:00,33.3,23.0,2375,2031.0,61.0,3419,2790.0,,1732,1522.0,9.6,2,estresada,propagada,-74,
1683,maceta-01,1682,35,1.1.0,2026-09-15 13:42:32+00:00,2026-09-15 13:42:34.109875+00:00,33.3,23.0,2377,2031.0,61.0,3431,2792.0,,1733,1518.0,9.6,2,estresada,propagada,-78,
1684,maceta-01,1683,35,1.1.0,2026-09-15 13:43:02+00:00,2026-09-15 13:43:03.808174+00:00,33.8,23.0,2384,2038.0,61.0,3420,2795.0,,1801,1570.0,8.4,2,estresada,propagada,-60,
1685,maceta-01,1684,35,1.1.0,2026-09-15 13:43:32+00:00,2026-09-15 13:43:34.016243+00:00,34.2,23.0,2383,2038.0,61.0,3428,2799.0,,1741,1517.0,9.7,2,estresada,propagada,-61,
1686,maceta-01,1685,35,1.1.0,2026-09-15 13:44:02+00:00,2026-09-15 13:44:04.743487+00:00,34.7,23.0,2385,2038.0,61.0,3426,2798.0,,1821,1591.0,7.9,2,estresada,propagada,-64,
1687,maceta-01,1686,35,1.1.0,2026-09-15 13:44:32+00:00,2026-09-15 13:44:33.942067+00:00,35.2,22.0,2379,2037.0,61.0,3425,2795.0,,1759,1538.0,9.2,2,estresada,propagada,-77,
1688,maceta-01,1687,35,1.1.0,2026-09-15 13:45:02+00:00,2026-09-15 13:45:04.023706+00:00,35.2,22.0,2380,2038.0,61.0,3425,2799.0,,1748,1529.0,9.4,2,estresada,propagada,-80,
1689,maceta-01,1688,35,1.1.0,2026-09-15 13:45:32+00:00,2026-09-15 13:45:34.021120+00:00,34.2,22.0,2384,2037.0,61.0,3421,2795.0,,1661,1463.0,11.0,2,estresada,propagada,-71,
1690,maceta-01,1689,35,1.1.0,2026-09-15 13:46:02+00:00,2026-09-15 13:46:04.215884+00:00,33.8,22.0,2369,2041.0,61.0,3434,2802.0,,1651,1454.0,11.2,2,estresada,propagada,-68,
1691,maceta-01,1690,35,1.1.0,2026-09-15 13:46:32+00:00,2026-09-15 13:46:33.932236+00:00,33.3,23.0,2395,2046.0,62.0,3435,2803.0,,1747,1532.0,9.3,2,estresada,propagada,-62,
1692,maceta-01,1691,35,1.1.0,2026-09-15 13:47:02+00:00,2026-09-15 13:47:04.553244+00:00,33.8,23.0,2395,2046.0,62.0,3433,2800.0,,1783,1560.0,8.6,2,estresada,propagada,-76,
1693,maceta-01,1692,35,1.1.0,2026-09-15 13:47:32+00:00,2026-09-15 13:47:33.841636+00:00,34.2,23.0,2369,2025.0,61.0,3430,2802.0,,1792,1567.0,8.4,2,estresada,propagada,-66,
1694,maceta-01,1693,35,1.1.0,2026-09-15 13:48:02+00:00,2026-09-15 13:48:03.832110+00:00,34.7,23.0,2373,2029.0,61.0,3419,2791.0,,1807,1578.0,8.2,2,estresada,propagada,-67,
1695,maceta-01,1694,35,1.1.0,2026-09-15 13:48:32+00:00,2026-09-15 13:48:34.160441+00:00,34.7,23.0,2368,2031.0,61.0,3427,2798.0,,1751,1537.0,9.2,2,estresada,propagada,-68,
1696,maceta-01,1695,35,1.1.0,2026-09-15 13:49:02+00:00,2026-09-15 13:49:04.175445+00:00,34.7,23.0,2369,2028.0,61.0,3431,2800.0,,1794,1569.0,8.4,2,estresada,propagada,-61,
1697,maceta-01,1696,35,1.1.0,2026-09-15 13:49:32+00:00,2026-09-15 13:49:33.669360+00:00,35.2,22.0,2386,2043.0,61.0,3430,2800.0,,1836,1603.0,7.6,2,estresada,propagada,-72,
1698,maceta-01,1697,35,1.1.0,2026-09-15 13:50:02+00:00,2026-09-15 13:50:03.851214+00:00,35.2,21.0,2378,2036.0,61.0,3423,2797.0,,1758,1538.0,9.2,2,estresada,propagada,-71,
1699,maceta-01,1698,35,1.1.0,2026-09-15 13:50:32+00:00,2026-09-15 13:50:33.971971+00:00,34.7,22.0,2380,2050.0,62.0,3417,2793.0,,1756,1539.0,9.1,2,estresada,propagada,-65,
1700,maceta-01,1699,35,1.1.0,2026-09-15 13:51:02+00:00,2026-09-15 13:51:04.079984+00:00,34.2,22.0,2402,2053.0,62.0,3398,2779.0,,1739,1524.0,9.5,2,estresada,propagada,-67,
1701,maceta-01,1700,35,1.1.0,2026-09-15 13:51:32+00:00,2026-09-15 13:51:34.621927+00:00,34.2,23.0,2397,2045.0,61.0,3406,2787.0,,1743,1528.0,9.4,2,estresada,propagada,-63,
1702,maceta-01,1701,35,1.1.0,2026-09-15 13:52:02+00:00,2026-09-15 13:52:03.848110+00:00,33.8,23.0,2398,2050.0,62.0,3408,2789.0,,1743,1525.0,9.5,2,estresada,propagada,-66,
1703,maceta-01,1702,35,1.1.0,2026-09-15 13:52:32+00:00,2026-09-15 13:52:33.988288+00:00,33.8,23.0,2400,2056.0,62.0,3415,2791.0,,1762,1543.0,9.0,2,estresada,propagada,-65,
1704,maceta-01,1703,35,1.1.0,2026-09-15 13:53:02+00:00,2026-09-15 13:53:04.384659+00:00,34.7,23.0,2413,2060.0,62.0,3418,2792.0,,1801,1575.0,8.3,2,estresada,propagada,-71,
1705,maceta-01,1704,35,1.1.0,2026-09-15 13:53:32+00:00,2026-09-15 13:53:34.197452+00:00,34.7,23.0,2394,2042.0,61.0,3419,2793.0,,1776,1555.0,8.7,2,estresada,propagada,-61,
1706,maceta-01,1705,35,1.1.0,2026-09-15 13:54:02+00:00,2026-09-15 13:54:04.109503+00:00,34.7,23.0,2370,2030.0,61.0,3411,2788.0,,1773,1550.0,8.9,2,estresada,propagada,-71,
1707,maceta-01,1706,35,1.1.0,2026-09-15 13:54:32+00:00,2026-09-15 13:54:34.077642+00:00,35.2,22.0,2393,2041.0,61.0,3399,2784.0,,1771,1549.0,8.9,2,estresada,propagada,-63,
1708,maceta-01,1707,35,1.1.0,2026-09-15 13:55:02+00:00,2026-09-15 13:55:04.518723+00:00,34.7,22.0,2325,1990.0,60.0,3408,2788.0,,1696,1487.0,10.4,2,estresada,propagada,-76,
1709,maceta-01,1708,35,1.1.0,2026-09-15 13:55:32+00:00,2026-09-15 13:55:33.911662+00:00,34.2,22.0,2382,2043.0,61.0,3412,2789.0,,1747,1530.0,9.4,2,estresada,propagada,-64,
1710,maceta-01,1709,35,1.1.0,2026-09-15 13:56:02+00:00,2026-09-15 13:56:03.986922+00:00,34.2,23.0,2384,2035.0,61.0,3414,2790.0,,1807,1579.0,8.2,2,estresada,propagada,-63,
1711,maceta-01,1710,35,1.1.0,2026-09-15 13:56:32+00:00,2026-09-15 13:56:34.422022+00:00,34.2,23.0,2373,2030.0,61.0,3421,2793.0,,1763,1543.0,9.0,2,estresada,propagada,-61,
1712,maceta-01,1711,35,1.1.0,2026-09-15 13:57:02+00:00,2026-09-15 13:57:13.550277+00:00,33.8,22.0,2375,2029.0,61.0,3421,2795.0,,1669,1467.0,10.9,2,estresada,propagada,-71,
1713,maceta-01,1712,35,1.1.0,2026-09-15 13:57:32+00:00,2026-09-15 13:57:34.325580+00:00,33.3,23.0,2395,2041.0,61.0,3418,2795.0,,1727,1516.0,9.7,2,estresada,propagada,-64,
1714,maceta-01,1713,35,1.1.0,2026-09-15 13:58:04+00:00,2026-09-15 13:58:05.774828+00:00,33.8,23.0,2353,2013.0,61.0,3394,2778.0,,1728,1516.0,9.7,2,estresada,propagada,-54,
1715,maceta-01,1714,35,1.1.0,2026-09-15 13:58:32+00:00,2026-09-15 13:58:33.853574+00:00,33.8,23.0,2370,2026.0,61.0,3408,2787.0,,1653,1458.0,11.1,2,estresada,propagada,-67,
1716,maceta-01,1715,35,1.1.0,2026-09-15 13:59:02+00:00,2026-09-15 13:59:04.249703+00:00,33.8,23.0,2362,2021.0,61.0,3395,2786.0,,1840,1605.0,7.5,2,estresada,propagada,-70,
1717,maceta-01,1716,35,1.1.0,2026-09-15 13:59:32+00:00,2026-09-15 13:59:33.625083+00:00,35.2,22.0,2418,2068.0,62.0,3401,2783.0,,1825,1594.0,7.8,2,estresada,propagada,-69,
1718,maceta-01,1717,35,1.1.0,2026-09-15 14:00:02+00:00,2026-09-15 14:00:03.923731+00:00,35.6,22.0,2413,2060.0,62.0,3407,2787.0,,1702,1494.0,10.2,2,estresada,propagada,-77,
1719,maceta-01,1718,35,1.1.0,2026-09-15 14:00:32+00:00,2026-09-15 14:00:34.351035+00:00,34.7,23.0,2374,2033.0,61.0,3407,2786.0,,1733,1520.0,9.6,2,estresada,propagada,-61,
1720,maceta-01,1719,35,1.1.0,2026-09-15 14:01:02+00:00,2026-09-15 14:01:03.936969+00:00,34.7,23.0,2402,2049.0,62.0,3408,2787.0,,1779,1557.0,8.7,2,estresada,propagada,-71,
1721,maceta-01,1720,35,1.1.0,2026-09-15 14:01:32+00:00,2026-09-15 14:01:33.939527+00:00,34.7,23.0,2398,2049.0,62.0,3408,2785.0,,1690,1486.0,10.4,2,estresada,propagada,-67,
1722,maceta-01,1721,35,1.1.0,2026-09-15 14:02:02+00:00,2026-09-15 14:02:04.344422+00:00,33.8,23.0,2407,2058.0,62.0,3395,2780.0,,1701,1497.0,10.2,2,estresada,propagada,-63,
1723,maceta-01,1722,35,1.1.0,2026-09-15 14:02:32+00:00,2026-09-15 14:02:33.640739+00:00,33.8,23.0,2401,2052.0,62.0,3411,2788.0,,1744,1529.0,9.4,2,estresada,propagada,-77,
1724,maceta-01,1723,35,1.1.0,2026-09-15 14:03:02+00:00,2026-09-15 14:03:03.738454+00:00,34.2,23.0,2389,2043.0,61.0,3410,2788.0,,1822,1594.0,7.8,2,estresada,propagada,-58,
1725,maceta-01,1724,35,1.1.0,2026-09-15 14:03:32+00:00,2026-09-15 14:03:34.039088+00:00,34.2,23.0,2413,2064.0,62.0,3409,2790.0,,1703,1488.0,10.4,2,estresada,propagada,-57,
1726,maceta-01,1725,35,1.1.0,2026-09-15 14:04:02+00:00,2026-09-15 14:04:03.779045+00:00,33.8,23.0,2423,2072.0,62.0,3414,2790.0,,1662,1464.0,11.0,2,estresada,propagada,-55,
1727,maceta-01,1726,35,1.1.0,2026-09-15 14:04:32+00:00,2026-09-15 14:04:33.635001+00:00,33.3,23.0,2435,2077.0,62.0,3423,2795.0,,1722,1512.0,9.8,2,estresada,propagada,-63,
1728,maceta-01,1727,35,1.1.0,2026-09-15 14:05:02+00:00,2026-09-15 14:05:04.062650+00:00,33.3,23.0,2432,2078.0,62.0,3421,2793.0,,1743,1524.0,9.5,2,estresada,propagada,-60,
1729,maceta-01,1728,35,1.1.0,2026-09-15 14:05:32+00:00,2026-09-15 14:05:34.080744+00:00,33.7,23.0,2432,2078.0,62.0,3419,2792.0,,1810,1582.0,8.1,2,estresada,propagada,-80,
1730,maceta-01,1729,35,1.1.0,2026-09-15 14:06:02+00:00,2026-09-15 14:06:03.659788+00:00,34.2,23.0,2435,2078.0,62.0,3409,2789.0,,1759,1541.0,9.1,2,estresada,propagada,-75,
1731,maceta-01,1730,35,1.1.0,2026-09-15 14:06:32+00:00,2026-09-15 14:06:33.958548+00:00,33.8,23.0,2432,2076.0,62.0,3408,2786.0,,1749,1531.0,9.3,2,estresada,propagada,-69,
1732,maceta-01,1731,35,1.1.0,2026-09-15 14:07:02+00:00,2026-09-15 14:07:03.679513+00:00,34.2,23.0,2423,2074.0,62.0,3402,2784.0,,1744,1530.0,9.4,2,estresada,propagada,-65,
1733,maceta-01,1732,35,1.1.0,2026-09-15 14:07:32+00:00,2026-09-15 14:07:33.799808+00:00,34.2,23.0,2443,2078.0,62.0,3408,2785.0,,1703,1498.0,10.1,2,estresada,propagada,-55,
1734,maceta-01,1733,35,1.1.0,2026-09-15 14:08:02+00:00,2026-09-15 14:08:03.998090+00:00,34.2,23.0,2423,2068.0,62.0,3408,2786.0,,1756,1539.0,9.1,2,estresada,propagada,-51,
1735,maceta-01,1734,35,1.1.0,2026-09-15 14:08:32+00:00,2026-09-15 14:08:33.899642+00:00,33.8,23.0,2429,2072.0,62.0,3408,2787.0,,1807,1578.0,8.2,2,estresada,propagada,-66,
1736,maceta-01,1735,35,1.1.0,2026-09-15 14:09:02+00:00,2026-09-15 14:09:03.800158+00:00,33.8,23.0,2429,2072.0,62.0,3408,2788.0,,1682,1481.0,10.6,2,estresada,propagada,-63,
1737,maceta-01,1736,35,1.1.0,2026-09-15 14:09:32+00:00,2026-09-15 14:09:34.605419+00:00,33.8,23.0,2407,2060.0,62.0,3408,2787.0,,1665,1468.0,10.9,2,estresada,propagada,-69,
1738,maceta-01,1737,35,1.1.0,2026-09-15 14:10:02+00:00,2026-09-15 14:10:04.101190+00:00,33.3,23.0,2427,2074.0,62.0,3408,2786.0,,1637,1446.0,11.4,2,estresada,propagada,-77,
1739,maceta-01,1738,35,1.1.0,2026-09-15 14:10:32+00:00,2026-09-15 14:10:33.808955+00:00,32.8,24.0,2417,2064.0,62.0,3406,2786.0,,1707,1501.0,10.1,2,estresada,propagada,-83,
1740,maceta-01,1739,35,1.1.0,2026-09-15 14:11:02+00:00,2026-09-15 14:11:03.990175+00:00,33.8,23.0,2433,2076.0,62.0,3413,2792.0,,1788,1565.0,8.5,2,estresada,propagada,-55,
1741,maceta-01,1740,35,1.1.0,2026-09-15 14:11:32+00:00,2026-09-15 14:11:33.702118+00:00,34.7,23.0,2427,2073.0,62.0,3409,2787.0,,1810,1585.0,8.0,2,estresada,propagada,-55,
1742,maceta-01,1741,35,1.1.0,2026-09-15 14:12:02+00:00,2026-09-15 14:12:03.802090+00:00,35.2,22.0,2416,2068.0,62.0,3409,2787.0,,1813,1582.0,8.1,2,estresada,propagada,-59,
1743,maceta-01,1742,35,1.1.0,2026-09-15 14:12:32+00:00,2026-09-15 14:12:33.901468+00:00,35.2,21.0,2416,2064.0,62.0,3406,2787.0,,1762,1543.0,9.0,2,estresada,propagada,-55,
1744,maceta-01,1743,35,1.1.0,2026-09-15 14:13:02+00:00,2026-09-15 14:13:03.719094+00:00,34.7,22.0,2431,2068.0,62.0,3410,2787.0,,1743,1529.0,9.4,2,estresada,propagada,-58,
1745,maceta-01,1744,35,1.1.0,2026-09-15 14:13:32+00:00,2026-09-15 14:13:33.738575+00:00,34.7,21.0,2396,2045.0,61.0,3408,2787.0,,1719,1511.0,9.8,2,estresada,propagada,-59,
1746,maceta-01,1745,35,1.1.0,2026-09-15 14:14:02+00:00,2026-09-15 14:14:03.799762+00:00,34.2,22.0,2416,2064.0,62.0,3408,2787.0,,1660,1462.0,11.0,2,estresada,propagada,-53,
1747,maceta-01,1746,35,1.1.0,2026-09-15 14:14:32+00:00,2026-09-15 14:14:33.652864+00:00,33.8,22.0,2402,2052.0,62.0,3405,2785.0,,1797,1572.0,8.3,2,estresada,propagada,-61,
1748,maceta-01,1747,35,1.1.0,2026-09-15 14:15:02+00:00,2026-09-15 14:15:03.798195+00:00,34.2,23.0,2416,2078.0,62.0,3407,2786.0,,1751,1535.0,9.2,2,estresada,propagada,-75,
1749,maceta-01,1748,35,1.1.0,2026-09-15 14:15:32+00:00,2026-09-15 14:15:33.832053+00:00,33.8,23.0,2423,2068.0,62.0,3398,2783.0,,1749,1529.0,9.4,2,estresada,propagada,-58,
1750,maceta-01,1749,35,1.1.0,2026-09-15 14:16:02+00:00,2026-09-15 14:16:03.623995+00:00,33.8,23.0,2409,2060.0,62.0,3391,2776.0,,1654,1461.0,11.1,2,estresada,propagada,-55,
1751,maceta-01,1750,35,1.1.0,2026-09-15 14:16:32+00:00,2026-09-15 14:16:33.505241+00:00,33.3,23.0,2419,2064.0,62.0,3389,2774.0,,1715,1504.0,10.0,2,estresada,propagada,-55,
1752,maceta-01,1751,35,1.1.0,2026-09-15 14:17:02+00:00,2026-09-15 14:17:04.052528+00:00,33.3,23.0,2416,2064.0,62.0,3399,2781.0,,1712,1504.0,10.0,2,estresada,propagada,-53,
1753,maceta-01,1752,35,1.1.0,2026-09-15 14:17:32+00:00,2026-09-15 14:17:33.618435+00:00,33.3,23.0,2421,2064.0,62.0,3401,2782.0,,1786,1562.0,8.6,2,estresada,propagada,-58,
1754,maceta-01,1753,35,1.1.0,2026-09-15 14:18:02+00:00,2026-09-15 14:18:03.778844+00:00,34.2,23.0,2405,2053.0,62.0,3365,2778.0,,1818,1586.0,8.0,2,estresada,propagada,-58,
1755,maceta-01,1754,35,1.1.0,2026-09-15 14:18:32+00:00,2026-09-15 14:18:34.076342+00:00,34.7,23.0,2389,2046.0,62.0,3402,2782.0,,1787,1567.0,8.4,2,estresada,propagada,-58,
1756,maceta-01,1755,35,1.1.0,2026-09-15 14:19:02+00:00,2026-09-15 14:19:03.779033+00:00,34.2,23.0,2414,2061.0,62.0,3381,2769.0,,1705,1499.0,10.1,2,estresada,propagada,-58,
1757,maceta-01,1756,35,1.1.0,2026-09-15 14:19:32+00:00,2026-09-15 14:19:33.766682+00:00,33.8,22.0,2415,2062.0,62.0,3381,2770.0,,1693,1487.0,10.4,2,estresada,propagada,-57,
1758,maceta-01,1757,35,1.1.0,2026-09-15 14:20:02+00:00,2026-09-15 14:20:04.158496+00:00,33.3,22.0,2419,2066.0,62.0,3395,2779.0,,1663,1466.0,10.9,2,estresada,propagada,-62,
1759,maceta-01,1758,35,1.1.0,2026-09-15 14:20:32+00:00,2026-09-15 14:20:33.797067+00:00,33.3,23.0,2414,2062.0,62.0,3393,2777.0,,1679,1477.0,10.7,2,estresada,propagada,-55,
1760,maceta-01,1759,35,1.1.0,2026-09-15 14:21:02+00:00,2026-09-15 14:21:03.800221+00:00,33.3,23.0,2434,2076.0,62.0,3379,2772.0,,1680,1477.0,10.7,2,estresada,propagada,-70,
1761,maceta-01,1760,35,1.1.0,2026-09-15 14:21:32+00:00,2026-09-15 14:21:33.967490+00:00,33.3,23.0,2434,2078.0,62.0,3376,2773.0,,1751,1537.0,9.2,2,estresada,propagada,-57,
1762,maceta-01,1761,35,1.1.0,2026-09-15 14:22:02+00:00,2026-09-15 14:22:03.567018+00:00,33.8,23.0,2432,2076.0,62.0,3400,2779.0,,1775,1554.0,8.8,2,estresada,propagada,-52,
1763,maceta-01,1762,35,1.1.0,2026-09-15 14:22:32+00:00,2026-09-15 14:22:33.865090+00:00,33.8,23.0,2431,2077.0,62.0,3394,2779.0,,1680,1478.0,10.6,2,estresada,propagada,-57,
1764,maceta-01,1763,35,1.1.0,2026-09-15 14:23:02+00:00,2026-09-15 14:23:03.986476+00:00,33.3,23.0,2432,2077.0,62.0,3398,2778.0,,1667,1471.0,10.8,2,estresada,propagada,-56,
1765,maceta-01,1764,35,1.1.0,2026-09-15 14:23:32+00:00,2026-09-15 14:23:34.015174+00:00,33.3,23.0,2422,2068.0,62.0,3392,2778.0,,1755,1538.0,9.2,2,estresada,propagada,-52,
1766,maceta-01,1765,35,1.1.0,2026-09-15 14:24:02+00:00,2026-09-15 14:24:03.882492+00:00,33.8,23.0,2403,2056.0,62.0,3391,2777.0,,1790,1567.0,8.4,2,estresada,propagada,-57,
1767,maceta-01,1766,35,1.1.0,2026-09-15 14:24:32+00:00,2026-09-15 14:24:34.080099+00:00,33.8,23.0,2416,2064.0,62.0,3392,2777.0,,1708,1500.0,10.1,2,estresada,propagada,-52,
1768,maceta-01,1767,35,1.1.0,2026-09-15 14:25:02+00:00,2026-09-15 14:25:07.074104+00:00,33.3,23.0,2430,2074.0,62.0,3381,2774.0,,1715,1508.0,9.9,2,estresada,propagada,-54,
1769,maceta-01,1768,35,1.1.0,2026-09-15 14:25:34+00:00,2026-09-15 14:25:35.709315+00:00,33.3,23.0,2416,2064.0,62.0,3381,2771.0,,1722,1512.0,9.8,2,estresada,propagada,-56,
1770,maceta-01,1769,35,1.1.0,2026-09-15 14:26:02+00:00,2026-09-15 14:26:04.106359+00:00,33.8,23.0,2421,2069.0,62.0,3393,2779.0,,1757,1537.0,9.2,2,estresada,propagada,-58,
1771,maceta-01,1770,35,1.1.0,2026-09-15 14:26:32+00:00,2026-09-15 14:26:33.694795+00:00,33.8,23.0,2427,2074.0,62.0,3393,2780.0,,1792,1567.0,8.4,2,estresada,propagada,-61,
1772,maceta-01,1771,35,1.1.0,2026-09-15 14:27:02+00:00,2026-09-15 14:27:03.426603+00:00,34.2,23.0,2425,2072.0,62.0,3392,2777.0,,1819,1588.0,7.9,2,estresada,propagada,-68,
1773,maceta-01,1772,35,1.1.0,2026-09-15 14:27:34+00:00,2026-09-15 14:27:36.028858+00:00,34.7,22.0,2437,2080.0,63.0,3389,2773.0,,1800,1571.0,8.3,2,estresada,propagada,-59,
1774,maceta-01,1773,35,1.1.0,2026-09-15 14:28:02+00:00,2026-09-15 14:28:04.018755+00:00,34.7,22.0,2432,2076.0,62.0,3387,2771.0,,1766,1549.0,8.9,2,estresada,propagada,-63,
1775,maceta-01,1774,35,1.1.0,2026-09-15 14:28:32+00:00,2026-09-15 14:28:33.913803+00:00,34.2,22.0,2436,2081.0,63.0,3387,2772.0,,1755,1538.0,9.2,2,estresada,propagada,-57,
1776,maceta-01,1775,35,1.1.0,2026-09-15 14:29:02+00:00,2026-09-15 14:29:04.347065+00:00,33.8,21.0,2437,2079.0,63.0,3378,2771.0,,1739,1526.0,9.5,2,estresada,propagada,-61,
1777,maceta-01,1776,35,1.1.0,2026-09-15 14:29:32+00:00,2026-09-15 14:29:33.912835+00:00,34.2,22.0,2429,2076.0,62.0,3382,2774.0,,1721,1512.0,9.8,2,estresada,propagada,-61,
1778,maceta-01,1777,35,1.1.0,2026-09-15 14:30:02+00:00,2026-09-15 14:30:04.002371+00:00,33.8,22.0,2431,2076.0,62.0,3387,2773.0,,1754,1538.0,9.2,2,estresada,propagada,-57,
1779,maceta-01,1778,35,1.1.0,2026-09-15 14:30:32+00:00,2026-09-15 14:30:34.343261+00:00,34.2,22.0,2433,2079.0,63.0,3389,2774.0,,1744,1529.0,9.4,2,estresada,propagada,-55,
1780,maceta-01,1779,35,1.1.0,2026-09-15 14:31:02+00:00,2026-09-15 14:31:03.900694+00:00,34.2,22.0,2441,2080.0,63.0,3379,2771.0,,1744,1529.0,9.4,2,estresada,propagada,-60,
1781,maceta-01,1780,35,1.1.0,2026-09-15 14:31:32+00:00,2026-09-15 14:31:33.925101+00:00,33.8,22.0,2435,2078.0,62.0,3383,2771.0,,1712,1505.0,10.0,2,estresada,propagada,-56,
1782,maceta-01,1781,35,1.1.0,2026-09-15 14:32:02+00:00,2026-09-15 14:32:04.036375+00:00,33.3,22.0,2432,2076.0,62.0,3373,2766.0,,1700,1492.0,10.3,2,estresada,propagada,-54,
1783,maceta-01,1782,35,1.1.0,2026-09-15 14:32:32+00:00,2026-09-15 14:32:33.722234+00:00,33.3,22.0,2432,2077.0,62.0,3382,2770.0,,1697,1490.0,10.3,2,estresada,propagada,-62,
1784,maceta-01,1783,35,1.1.0,2026-09-15 14:33:02+00:00,2026-09-15 14:33:03.971072+00:00,33.3,23.0,2443,2086.0,63.0,3383,2769.0,,1767,1550.0,8.9,2,estresada,propagada,-65,
1785,maceta-01,1784,35,1.1.0,2026-09-15 14:33:32+00:00,2026-09-15 14:33:34.256060+00:00,33.3,23.0,2426,2069.0,62.0,3385,2768.0,,1691,1487.0,10.4,2,estresada,propagada,-73,
1786,maceta-01,1785,35,1.1.0,2026-09-15 14:34:02+00:00,2026-09-15 14:34:04.056405+00:00,33.3,22.0,2442,2084.0,63.0,3370,2764.0,,1722,1509.0,9.9,2,estresada,propagada,-66,
1787,maceta-01,1786,35,1.1.0,2026-09-15 14:34:32+00:00,2026-09-15 14:34:33.861521+00:00,33.8,22.0,2438,2080.0,63.0,3375,2766.0,,1751,1535.0,9.2,2,estresada,propagada,-63,
1788,maceta-01,1787,35,1.1.0,2026-09-15 14:35:02+00:00,2026-09-15 14:35:09.968751+00:00,33.8,22.0,2432,2076.0,62.0,3373,2765.0,,1718,1508.0,9.9,2,estresada,propagada,-59,
1789,maceta-01,1788,35,1.1.0,2026-09-15 14:35:32+00:00,2026-09-15 14:35:33.860680+00:00,33.3,22.0,2416,2064.0,62.0,3355,2755.0,,1761,1543.0,9.0,2,estresada,propagada,-55,
1790,maceta-01,1789,35,1.1.0,2026-09-15 14:36:02+00:00,2026-09-15 14:36:03.958633+00:00,33.8,22.0,2437,2079.0,63.0,3371,2766.0,,1834,1600.0,7.6,2,estresada,propagada,-53,
1791,maceta-01,1790,35,1.1.0,2026-09-15 14:36:32+00:00,2026-09-15 14:36:34.280067+00:00,34.2,22.0,2430,2076.0,62.0,3374,2766.0,,1814,1580.0,8.1,2,estresada,propagada,-56,
1792,maceta-01,1791,35,1.1.0,2026-09-15 14:37:02+00:00,2026-09-15 14:37:03.854239+00:00,34.2,21.0,2438,2078.0,62.0,3374,2767.0,,1739,1519.0,9.6,2,estresada,propagada,-56,
1793,maceta-01,1792,35,1.1.0,2026-09-15 14:37:32+00:00,2026-09-15 14:37:34.082448+00:00,34.2,21.0,2434,2077.0,62.0,3374,2766.0,,1760,1543.0,9.0,2,estresada,propagada,-49,
1794,maceta-01,1793,35,1.1.0,2026-09-15 14:38:02+00:00,2026-09-15 14:38:04.180604+00:00,34.2,21.0,2428,2077.0,62.0,3359,2759.0,,1726,1516.0,9.7,2,estresada,propagada,-70,
1795,maceta-01,1794,35,1.1.0,2026-09-15 14:38:32+00:00,2026-09-15 14:38:33.757306+00:00,33.8,21.0,2430,2076.0,62.0,3367,2762.0,,1731,1521.0,9.6,2,estresada,propagada,-59,
1796,maceta-01,1795,35,1.1.0,2026-09-15 14:39:02+00:00,2026-09-15 14:39:03.802546+00:00,33.8,21.0,2426,2076.0,62.0,3363,2760.0,,1776,1556.0,8.7,2,estresada,propagada,-74,
1797,maceta-01,1796,35,1.1.0,2026-09-15 14:39:32+00:00,2026-09-15 14:39:34.301361+00:00,33.8,21.0,2432,2076.0,62.0,3359,2761.0,,1784,1560.0,8.6,2,estresada,propagada,-55,
1798,maceta-01,1797,35,1.1.0,2026-09-15 14:40:02+00:00,2026-09-15 14:40:03.782685+00:00,34.6,21.0,2435,2079.0,63.0,3363,2757.0,,1739,1524.0,9.5,2,estresada,propagada,-63,
1799,maceta-01,1798,35,1.1.0,2026-09-15 14:40:32+00:00,2026-09-15 14:40:33.777224+00:00,34.2,21.0,2447,2088.0,63.0,3365,2759.0,,1742,1528.0,9.4,2,estresada,propagada,-74,
1800,maceta-01,1799,35,1.1.0,2026-09-15 14:41:02+00:00,2026-09-15 14:41:03.870463+00:00,33.8,21.0,2437,2078.0,62.0,3371,2764.0,,1664,1467.0,10.9,2,estresada,propagada,-64,
1801,maceta-01,1800,35,1.1.0,2026-09-15 14:41:32+00:00,2026-09-15 14:41:33.802340+00:00,33.8,21.0,2441,2085.0,63.0,3359,2757.0,,1740,1526.0,9.5,2,estresada,propagada,-56,
1802,maceta-01,1801,35,1.1.0,2026-09-15 14:42:02+00:00,2026-09-15 14:42:04.126467+00:00,33.8,21.0,2439,2084.0,63.0,3372,2767.0,,1782,1559.0,8.6,2,estresada,propagada,-58,
1803,maceta-01,1802,35,1.1.0,2026-09-15 14:42:32+00:00,2026-09-15 14:42:38.014942+00:00,33.8,21.0,2435,2077.0,62.0,3374,2765.0,,1811,1582.0,8.1,2,estresada,propagada,-58,
1804,maceta-01,1803,35,1.1.0,2026-09-15 14:43:02+00:00,2026-09-15 14:43:10.295445+00:00,34.2,21.0,2443,2084.0,63.0,3361,2758.0,,1731,1528.0,9.4,2,estresada,propagada,-65,
1805,maceta-01,1804,35,1.1.0,2026-09-15 14:43:34+00:00,2026-09-15 14:43:36.160100+00:00,33.8,21.0,2432,2076.0,62.0,3358,2759.0,,1744,1529.0,9.4,2,estresada,propagada,-75,
1806,maceta-01,1805,35,1.1.0,2026-09-15 14:44:02+00:00,2026-09-15 14:44:04.742213+00:00,33.8,21.0,2431,2074.0,62.0,3359,2757.0,,1743,1528.0,9.4,2,estresada,propagada,-60,
1807,maceta-01,1806,35,1.1.0,2026-09-15 14:44:32+00:00,2026-09-15 14:44:34.352828+00:00,34.1,21.0,2442,2081.0,63.0,3357,2765.0,,1761,1541.0,9.1,2,estresada,propagada,-61,
1808,maceta-01,1807,35,1.1.0,2026-09-15 14:45:02+00:00,2026-09-15 14:45:04.030154+00:00,34.2,21.0,2417,2061.0,62.0,3363,2757.0,,1798,1575.0,8.3,2,estresada,propagada,-59,
1809,maceta-01,1808,35,1.1.0,2026-09-15 14:45:32+00:00,2026-09-15 14:45:34.731999+00:00,34.2,21.0,2242,1928.0,58.0,3366,2759.0,,1722,1509.0,9.9,2,estresada,propagada,-56,
1810,maceta-01,1809,35,1.1.0,2026-09-15 14:46:02+00:00,2026-09-15 14:46:04.334425+00:00,34.2,21.0,2259,1940.0,58.0,3370,2757.0,,1690,1486.0,10.4,2,estresada,propagada,-70,
1811,maceta-01,1810,35,1.1.0,2026-09-15 14:46:32+00:00,2026-09-15 14:46:34.051011+00:00,33.8,21.0,2258,1939.0,58.0,3349,2760.0,,1679,1478.0,10.6,2,estresada,propagada,-64,
1812,maceta-01,1811,35,1.1.0,2026-09-15 14:47:02+00:00,2026-09-15 14:47:04.293196+00:00,33.8,21.0,2256,1937.0,58.0,3355,2759.0,,1674,1473.0,10.8,2,estresada,propagada,-64,
1813,maceta-01,1812,35,1.1.0,2026-09-15 14:47:32+00:00,2026-09-15 14:47:34.121260+00:00,33.8,22.0,2258,1937.0,58.0,3371,2764.0,,1673,1474.0,10.7,2,estresada,propagada,-71,
1814,maceta-01,1813,35,1.1.0,2026-09-15 14:48:02+00:00,2026-09-15 14:48:03.951559+00:00,33.3,22.0,2258,1939.0,58.0,3369,2759.0,,1680,1478.0,10.6,2,estresada,propagada,-53,
1815,maceta-01,1814,35,1.1.0,2026-09-15 14:48:32+00:00,2026-09-15 14:48:34.271099+00:00,33.8,23.0,2250,1932.0,58.0,3375,2767.0,,1735,1524.0,9.5,2,estresada,propagada,-54,
1816,maceta-01,1815,35,1.1.0,2026-09-15 14:49:02+00:00,2026-09-15 14:49:03.951106+00:00,34.2,23.0,2247,1929.0,58.0,3363,2760.0,,1752,1536.0,9.2,2,estresada,propagada,-54,
1817,maceta-01,1816,35,1.1.0,2026-09-15 14:49:32+00:00,2026-09-15 14:49:34.265578+00:00,34.2,22.0,2242,1928.0,58.0,3372,2767.0,,1708,1501.0,10.1,2,estresada,propagada,-51,
1818,maceta-01,1817,35,1.1.0,2026-09-15 14:50:02+00:00,2026-09-15 14:50:04.680201+00:00,34.2,22.0,2256,1939.0,58.0,3373,2767.0,,1739,1525.0,9.5,2,estresada,propagada,-48,
1819,maceta-01,1818,35,1.1.0,2026-09-15 14:50:32+00:00,2026-09-15 14:50:34.155044+00:00,34.2,22.0,2260,1946.0,58.0,3374,2764.0,,1686,1487.0,10.4,2,estresada,propagada,-48,
1820,maceta-01,1819,35,1.1.0,2026-09-15 14:51:02+00:00,2026-09-15 14:51:03.843630+00:00,34.2,22.0,2254,1939.0,58.0,3363,2760.0,,1712,1506.0,9.9,2,estresada,propagada,-59,
1821,maceta-01,1820,35,1.1.0,2026-09-15 14:51:32+00:00,2026-09-15 14:51:34.282008+00:00,34.2,22.0,2257,1936.0,58.0,3359,2757.0,,1728,1516.0,9.7,2,estresada,propagada,-68,
1822,maceta-01,1821,35,1.1.0,2026-09-15 14:52:02+00:00,2026-09-15 14:52:03.981241+00:00,34.2,22.0,2253,1936.0,58.0,3354,2755.0,,1727,1516.0,9.7,2,estresada,propagada,-63,
1823,maceta-01,1822,35,1.1.0,2026-09-15 14:52:32+00:00,2026-09-15 14:52:34.074486+00:00,34.7,22.0,2261,1939.0,58.0,3361,2760.0,,1713,1504.0,10.0,2,estresada,propagada,-56,
1824,maceta-01,1823,35,1.1.0,2026-09-15 14:53:02+00:00,2026-09-15 14:53:04.387142+00:00,34.2,22.0,2254,1936.0,58.0,3369,2762.0,,1717,1507.0,9.9,2,estresada,propagada,-53,
1825,maceta-01,1824,35,1.1.0,2026-09-15 14:53:32+00:00,2026-09-15 14:53:34.086847+00:00,34.2,22.0,2262,1940.0,58.0,3367,2761.0,,1707,1496.0,10.2,2,estresada,propagada,-60,
1826,maceta-01,1825,35,1.1.0,2026-09-15 14:54:02+00:00,2026-09-15 14:54:03.892538+00:00,34.2,22.0,2263,1942.0,58.0,3360,2759.0,,1714,1504.0,10.0,2,estresada,propagada,-68,
1827,maceta-01,1826,35,1.1.0,2026-09-15 14:54:32+00:00,2026-09-15 14:54:34.603112+00:00,34.2,22.0,2259,1938.0,58.0,3364,2760.0,,1732,1517.0,9.7,2,estresada,propagada,-70,
1828,maceta-01,1827,35,1.1.0,2026-09-15 14:55:02+00:00,2026-09-15 14:55:03.871879+00:00,34.2,23.0,2263,1936.0,58.0,3358,2755.0,,1751,1532.0,9.3,2,estresada,propagada,-63,
1829,maceta-01,1828,35,1.1.0,2026-09-15 14:55:32+00:00,2026-09-15 14:55:33.797368+00:00,34.7,23.0,2262,1942.0,58.0,3367,2760.0,,1749,1528.0,9.4,2,estresada,propagada,-63,
1830,maceta-01,1829,35,1.1.0,2026-09-15 14:56:04+00:00,2026-09-15 14:56:06.467270+00:00,34.7,22.0,2257,1936.0,58.0,3361,2759.0,,1712,1504.0,10.0,2,estresada,propagada,-58,
1831,maceta-01,1830,35,1.1.0,2026-09-15 14:56:32+00:00,2026-09-15 14:56:34.192395+00:00,34.2,22.0,2256,1936.0,58.0,3373,2760.0,,1711,1501.0,10.1,2,estresada,propagada,-57,
1832,maceta-01,1831,35,1.1.0,2026-09-15 14:57:02+00:00,2026-09-15 14:57:04.041061+00:00,34.2,22.0,2261,1941.0,58.0,3361,2759.0,,1697,1496.0,10.2,2,estresada,propagada,-53,
1833,maceta-01,1832,35,1.1.0,2026-09-15 14:57:32+00:00,2026-09-15 14:57:34.496476+00:00,34.7,23.0,2257,1940.0,58.0,3362,2759.0,,1745,1529.0,9.4,2,estresada,propagada,-53,
1834,maceta-01,1833,35,1.1.0,2026-09-15 14:58:02+00:00,2026-09-15 14:58:04.113531+00:00,34.7,23.0,2263,1942.0,58.0,3362,2759.0,,1744,1529.0,9.4,2,estresada,propagada,-74,
1835,maceta-01,1834,35,1.1.0,2026-09-15 14:58:32+00:00,2026-09-15 14:58:34.231467+00:00,34.7,23.0,2257,1937.0,58.0,3359,2756.0,,1746,1533.0,9.3,2,estresada,propagada,-77,
1836,maceta-01,1835,35,1.1.0,2026-09-15 14:59:02+00:00,2026-09-15 14:59:04.431803+00:00,34.7,22.0,2267,1947.0,59.0,3351,2756.0,,1711,1500.0,10.1,2,estresada,propagada,-61,
1837,maceta-01,1836,35,1.1.0,2026-09-15 14:59:32+00:00,2026-09-15 14:59:34.271740+00:00,34.7,22.0,2256,1936.0,58.0,3361,2756.0,,1712,1504.0,10.0,2,estresada,propagada,-56,
1838,maceta-01,1837,35,1.1.0,2026-09-15 15:00:02+00:00,2026-09-15 15:00:04.363110+00:00,34.2,22.0,2265,1945.0,58.0,3355,2754.0,,1694,1489.0,10.4,2,estresada,propagada,-53,
1839,maceta-01,1838,35,1.1.0,2026-09-15 15:00:32+00:00,2026-09-15 15:00:34.419142+00:00,34.2,23.0,2263,1940.0,58.0,3344,2749.0,,1723,1512.0,9.8,2,estresada,propagada,-51,
1840,maceta-01,1839,35,1.1.0,2026-09-15 15:01:02+00:00,2026-09-15 15:01:04.378295+00:00,34.7,23.0,2271,1948.0,59.0,3359,2755.0,,1750,1535.0,9.2,2,estresada,propagada,-52,
1841,maceta-01,1840,35,1.1.0,2026-09-15 15:01:32+00:00,2026-09-15 15:01:34.161583+00:00,34.7,23.0,2264,1941.0,58.0,3354,2754.0,,1730,1517.0,9.7,2,estresada,propagada,-54,
1842,maceta-01,1841,35,1.1.0,2026-09-15 15:02:02+00:00,2026-09-15 15:02:04.787272+00:00,34.7,23.0,2266,1940.0,58.0,3357,2757.0,,1719,1511.0,9.8,2,estresada,propagada,-51,
1843,maceta-01,1842,35,1.1.0,2026-09-15 15:02:32+00:00,2026-09-15 15:02:34.238894+00:00,34.7,23.0,2262,1940.0,58.0,3358,2756.0,,1712,1504.0,10.0,2,estresada,propagada,-55,
1844,maceta-01,1843,35,1.1.0,2026-09-15 15:03:02+00:00,2026-09-15 15:03:04.640885+00:00,34.7,23.0,2266,1945.0,58.0,3358,2756.0,,1702,1496.0,10.2,2,estresada,propagada,-53,
1845,maceta-01,1844,35,1.1.0,2026-09-15 15:03:32+00:00,2026-09-15 15:03:35.058881+00:00,34.2,23.0,2256,1936.0,58.0,3358,2756.0,,1727,1515.0,9.7,2,estresada,propagada,-66,
1846,maceta-01,1845,35,1.1.0,2026-09-15 15:04:02+00:00,2026-09-15 15:04:04.666381+00:00,34.7,23.0,2274,1950.0,59.0,3351,2754.0,,1757,1537.0,9.2,2,estresada,propagada,-64,
1847,maceta-01,1846,35,1.1.0,2026-09-15 15:04:32+00:00,2026-09-15 15:04:34.192270+00:00,34.7,23.0,2271,1947.0,59.0,3353,2754.0,,1730,1516.0,9.7,2,estresada,propagada,-79,
1848,maceta-01,1847,35,1.1.0,2026-09-15 15:05:02+00:00,2026-09-15 15:05:04.912243+00:00,34.7,23.0,2270,1948.0,59.0,3353,2753.0,,1723,1515.0,9.7,2,estresada,propagada,-71,
1849,maceta-01,1848,35,1.1.0,2026-09-15 15:05:32+00:00,2026-09-15 15:05:34.265652+00:00,34.7,23.0,2271,1946.0,58.0,3350,2751.0,,1707,1500.0,10.1,2,estresada,propagada,-62,
1850,maceta-01,1849,35,1.1.0,2026-09-15 15:06:02+00:00,2026-09-15 15:06:04.469638+00:00,34.2,23.0,2261,1940.0,58.0,3345,2748.0,,1721,1511.0,9.8,2,estresada,propagada,-69,
1851,maceta-01,1850,35,1.1.0,2026-09-15 15:06:32+00:00,2026-09-15 15:06:34.365063+00:00,34.2,23.0,2270,1948.0,59.0,3351,2751.0,,1729,1516.0,9.7,2,estresada,propagada,-59,
1852,maceta-01,1851,35,1.1.0,2026-09-15 15:07:02+00:00,2026-09-15 15:07:04.269138+00:00,34.2,23.0,2251,1936.0,58.0,3344,2749.0,,1741,1521.0,9.6,2,estresada,propagada,-63,
1853,maceta-01,1852,35,1.1.0,2026-09-15 15:07:32+00:00,2026-09-15 15:07:33.994356+00:00,34.7,23.0,2256,1939.0,58.0,3347,2749.0,,1753,1532.0,9.3,2,estresada,propagada,-61,
1854,maceta-01,1853,35,1.1.0,2026-09-15 15:08:02+00:00,2026-09-15 15:08:04.482598+00:00,34.7,23.0,2258,1937.0,58.0,3341,2746.0,,1751,1535.0,9.2,2,estresada,propagada,-58,
1855,maceta-01,1854,35,1.1.0,2026-09-15 15:08:32+00:00,2026-09-15 15:08:34.382291+00:00,34.7,23.0,2256,1938.0,58.0,3329,2739.0,,1734,1524.0,9.5,2,estresada,propagada,-56,
1856,maceta-01,1855,35,1.1.0,2026-09-15 15:09:02+00:00,2026-09-15 15:09:04.451765+00:00,34.7,23.0,2258,1938.0,58.0,3344,2746.0,,1729,1518.0,9.6,2,estresada,propagada,-56,
1857,maceta-01,1856,35,1.1.0,2026-09-15 15:09:32+00:00,2026-09-15 15:09:34.170164+00:00,34.7,23.0,2252,1932.0,58.0,3343,2746.0,,1715,1504.0,10.0,2,estresada,propagada,-71,
1858,maceta-01,1857,35,1.1.0,2026-09-15 15:10:02+00:00,2026-09-15 15:10:04.296510+00:00,34.7,23.0,2247,1928.0,58.0,3331,2740.0,,1749,1532.0,9.3,2,estresada,propagada,-63,
1859,maceta-01,1858,35,1.1.0,2026-09-15 15:10:32+00:00,2026-09-15 15:10:45.718112+00:00,35.2,22.0,2324,1990.0,60.0,3343,2745.0,,1761,1543.0,9.0,2,estresada,propagada,-85,
1860,maceta-01,1859,35,1.1.0,2026-09-15 15:11:04+00:00,2026-09-15 15:11:06.632878+00:00,35.2,22.0,2292,1977.0,59.0,3336,2742.0,,1727,1516.0,9.7,2,estresada,propagada,-80,
1861,maceta-01,1860,35,1.1.0,2026-09-15 15:11:32+00:00,2026-09-15 15:11:37.173450+00:00,34.7,23.0,2306,1975.0,59.0,3334,2742.0,,1719,1509.0,9.9,2,estresada,propagada,-83,
1862,maceta-01,1861,35,1.1.0,2026-09-15 15:12:02+00:00,2026-09-15 15:12:07.693293+00:00,34.7,23.0,2298,1971.0,59.0,3335,2743.0,,1744,1529.0,9.4,2,estresada,propagada,-83,
1863,maceta-01,1862,35,1.1.0,2026-09-15 15:12:34+00:00,2026-09-15 15:12:37.888666+00:00,34.7,23.0,2304,1975.0,59.0,3328,2740.0,,1734,1521.0,9.6,2,estresada,propagada,-68,
1864,maceta-01,1863,35,1.1.0,2026-09-15 15:13:04+00:00,2026-09-15 15:13:09.351818+00:00,34.7,23.0,2299,1970.0,59.0,3331,2740.0,,1743,1528.0,9.4,2,estresada,propagada,-75,
1865,maceta-01,1864,35,1.1.0,2026-09-15 15:13:32+00:00,2026-09-15 15:13:34.512078+00:00,34.7,23.0,2304,1975.0,59.0,3329,2739.0,,1773,1554.0,8.8,2,estresada,propagada,-66,
1866,maceta-01,1865,35,1.1.0,2026-09-15 15:14:02+00:00,2026-09-15 15:14:05.654710+00:00,34.7,23.0,2299,1971.0,59.0,3325,2738.0,,1776,1555.0,8.7,2,estresada,propagada,-70,
1867,maceta-01,1866,35,1.1.0,2026-09-15 15:14:34+00:00,2026-09-15 15:14:36.336591+00:00,34.7,22.0,2302,1971.0,59.0,3305,2721.0,,1744,1529.0,9.4,2,estresada,propagada,-80,
1868,maceta-01,1867,35,1.1.0,2026-09-15 15:15:32+00:00,2026-09-15 15:15:35.578371+00:00,34.2,22.0,2301,1975.0,59.0,3287,2714.0,,1734,1521.0,9.6,2,estresada,propagada,-79,
1869,maceta-01,1868,35,1.1.0,2026-09-15 15:16:04+00:00,2026-09-15 15:16:12.713104+00:00,34.2,22.0,2311,1975.0,59.0,3291,2714.0,,1712,1504.0,10.0,2,estresada,propagada,-71,
1870,maceta-01,1869,35,1.1.0,2026-09-15 15:16:32+00:00,2026-09-15 15:16:40.679844+00:00,34.2,23.0,2288,1975.0,59.0,3293,2714.0,,1757,1541.0,9.1,2,estresada,propagada,-69,
1871,maceta-01,1870,35,1.1.0,2026-09-15 15:17:02+00:00,2026-09-15 15:17:05.972624+00:00,34.7,23.0,2301,1972.0,59.0,3293,2716.0,,1742,1528.0,9.4,2,estresada,propagada,-69,
1872,maceta-01,1871,35,1.1.0,2026-09-15 15:17:34+00:00,2026-09-15 15:17:39.342208+00:00,34.7,22.0,2304,1973.0,59.0,3285,2714.0,,1739,1521.0,9.6,2,estresada,propagada,-70,
1873,maceta-01,1872,35,1.1.0,2026-09-15 15:18:02+00:00,2026-09-15 15:18:10.679987+00:00,34.2,22.0,2306,1975.0,59.0,3289,2712.0,,1718,1508.0,9.9,2,estresada,propagada,-68,
1874,maceta-01,1873,35,1.1.0,2026-09-15 15:18:32+00:00,2026-09-15 15:18:36.065055+00:00,34.2,22.0,2299,1967.0,59.0,3285,2712.0,,1666,1466.0,10.9,2,estresada,propagada,-69,
1875,maceta-01,1874,35,1.1.0,2026-09-15 15:19:05+00:00,2026-09-15 15:19:09.263382+00:00,34.2,22.0,2303,1971.0,59.0,3302,2720.0,,1728,1516.0,9.7,2,estresada,propagada,-70,
1876,maceta-01,1875,35,1.1.0,2026-09-15 15:19:32+00:00,2026-09-15 15:19:37.326100+00:00,34.2,23.0,2315,1965.0,59.0,3295,2718.0,,1738,1523.0,9.5,2,estresada,propagada,-68,
1877,maceta-01,1876,35,1.1.0,2026-09-15 15:20:02+00:00,2026-09-15 15:20:04.775301+00:00,34.2,22.0,2301,1974.0,59.0,3298,2718.0,,1754,1537.0,9.2,2,estresada,propagada,-76,
1878,maceta-01,1877,35,1.1.0,2026-09-15 15:20:32+00:00,2026-09-15 15:20:37.448306+00:00,34.7,22.0,2288,1967.0,59.0,3290,2711.0,,1731,1518.0,9.6,2,estresada,propagada,-69,
1879,maceta-01,1878,35,1.1.0,2026-09-15 15:21:02+00:00,2026-09-15 15:21:07.225466+00:00,34.2,22.0,2309,1977.0,59.0,3295,2718.0,,1757,1540.0,9.1,2,estresada,propagada,-68,
1880,maceta-01,1879,35,1.1.0,2026-09-15 15:21:32+00:00,2026-09-15 15:21:35.777591+00:00,34.2,22.0,2304,1974.0,59.0,3297,2720.0,,1733,1516.0,9.7,2,estresada,propagada,-68,
1881,maceta-01,1880,35,1.1.0,2026-09-15 15:22:02+00:00,2026-09-15 15:22:07.339095+00:00,34.2,22.0,2309,1975.0,59.0,3299,2721.0,,1700,1492.0,10.3,2,estresada,propagada,-69,
1882,maceta-01,1881,35,1.1.0,2026-09-15 15:22:32+00:00,2026-09-15 15:22:37.250874+00:00,34.2,22.0,2301,1973.0,59.0,3289,2714.0,,1744,1524.0,9.5,2,estresada,propagada,-69,
1883,maceta-01,1882,35,1.1.0,2026-09-15 15:23:02+00:00,2026-09-15 15:23:04.689564+00:00,34.7,22.0,2256,1936.0,58.0,3289,2716.0,,1748,1531.0,9.3,2,estresada,propagada,-76,
1884,maceta-01,1883,35,1.1.0,2026-09-15 15:23:32+00:00,2026-09-15 15:23:34.686996+00:00,34.7,22.0,2245,1928.0,58.0,3287,2714.0,,1737,1522.0,9.6,2,estresada,propagada,-52,
1885,maceta-01,1884,35,1.1.0,2026-09-15 15:24:02+00:00,2026-09-15 15:24:04.581978+00:00,34.7,22.0,2250,1935.0,58.0,3303,2718.0,,1759,1538.0,9.2,2,estresada,propagada,-49,
1886,maceta-01,1885,35,1.1.0,2026-09-15 15:24:32+00:00,2026-09-15 15:24:35.133084+00:00,34.7,22.0,2252,1932.0,58.0,3285,2714.0,,1771,1551.0,8.8,2,estresada,propagada,-49,
1887,maceta-01,1886,35,1.1.0,2026-09-15 15:25:02+00:00,2026-09-15 15:25:04.603859+00:00,35.2,21.0,2251,1934.0,58.0,3285,2712.0,,1772,1555.0,8.7,2,estresada,propagada,-50,
1888,maceta-01,1887,35,1.1.0,2026-09-15 15:25:32+00:00,2026-09-15 15:25:34.406782+00:00,35.2,21.0,2256,1936.0,58.0,3293,2716.0,,1808,1578.0,8.2,2,estresada,propagada,-51,
1889,maceta-01,1888,35,1.1.0,2026-09-15 15:26:02+00:00,2026-09-15 15:26:04.815410+00:00,35.2,20.0,2241,1928.0,58.0,3301,2719.0,,1743,1528.0,9.4,2,estresada,propagada,-62,
1890,maceta-01,1889,35,1.1.0,2026-09-15 15:26:32+00:00,2026-09-15 15:26:34.629279+00:00,35.2,20.0,2262,1939.0,58.0,3296,2718.0,,1745,1532.0,9.3,2,estresada,propagada,-63,
1891,maceta-01,1890,35,1.1.0,2026-09-15 15:27:02+00:00,2026-09-15 15:27:04.507045+00:00,35.2,20.0,2262,1939.0,58.0,3297,2721.0,,1749,1532.0,9.3,2,estresada,propagada,-52,
1892,maceta-01,1891,35,1.1.0,2026-09-15 15:27:32+00:00,2026-09-15 15:27:35.088227+00:00,35.2,21.0,2267,1948.0,59.0,3297,2719.0,,1685,1484.0,10.5,2,estresada,propagada,-57,
1893,maceta-01,1892,35,1.1.0,2026-09-15 15:28:02+00:00,2026-09-15 15:28:04.802896+00:00,34.7,22.0,2271,1948.0,59.0,3291,2714.0,,1719,1509.0,9.9,2,estresada,propagada,-51,
1894,maceta-01,1893,35,1.1.0,2026-09-15 15:28:32+00:00,2026-09-15 15:28:41.969853+00:00,34.7,22.0,2258,1938.0,58.0,3291,2712.0,,1715,1504.0,10.0,2,estresada,propagada,-69,
1895,maceta-01,1894,35,1.1.0,2026-09-15 15:29:05+00:00,2026-09-15 15:29:07.081840+00:00,35.2,22.0,2255,1936.0,58.0,3289,2712.0,,1754,1536.0,9.2,2,estresada,propagada,-52,
1896,maceta-01,1895,35,1.1.0,2026-09-15 15:29:32+00:00,2026-09-15 15:29:34.424746+00:00,35.2,22.0,2273,1948.0,59.0,3298,2719.0,,1726,1515.0,9.7,2,estresada,propagada,-52,
1897,maceta-01,1896,35,1.1.0,2026-09-15 15:30:02+00:00,2026-09-15 15:30:04.544936+00:00,35.2,21.0,2277,1951.0,59.0,3295,2718.0,,1734,1519.0,9.6,2,estresada,propagada,-55,
1898,maceta-01,1897,35,1.1.0,2026-09-15 15:30:32+00:00,2026-09-15 15:30:34.993388+00:00,34.7,22.0,2275,1950.0,59.0,3296,2717.0,,1734,1522.0,9.6,2,estresada,propagada,-57,
1899,maceta-01,1898,35,1.1.0,2026-09-15 15:31:02+00:00,2026-09-15 15:31:04.755787+00:00,34.7,23.0,2256,1945.0,58.0,3294,2717.0,,1716,1507.0,9.9,2,estresada,propagada,-56,
1900,maceta-01,1899,35,1.1.0,2026-09-15 15:31:32+00:00,2026-09-15 15:31:34.820968+00:00,34.7,23.0,2262,1945.0,58.0,3280,2710.0,,1742,1527.0,9.4,2,estresada,propagada,-53,
1901,maceta-01,1900,35,1.1.0,2026-09-15 15:32:02+00:00,2026-09-15 15:32:05.524811+00:00,35.2,22.0,2268,1942.0,58.0,3280,2716.0,,1806,1577.0,8.2,2,estresada,propagada,-56,
1902,maceta-01,1901,35,1.1.0,2026-09-15 15:32:32+00:00,2026-09-15 15:32:34.860687+00:00,35.2,22.0,2263,1945.0,58.0,3283,2716.0,,1750,1535.0,9.2,2,estresada,propagada,-57,
1903,maceta-01,1902,35,1.1.0,2026-09-15 15:33:02+00:00,2026-09-15 15:33:04.549463+00:00,35.2,22.0,2263,1947.0,59.0,3294,2716.0,,1744,1528.0,9.4,2,estresada,propagada,-58,
1904,maceta-01,1903,35,1.1.0,2026-09-15 15:33:32+00:00,2026-09-15 15:33:35.225633+00:00,35.2,22.0,2275,1952.0,59.0,3297,2717.0,,1757,1537.0,9.2,2,estresada,propagada,-67,
1905,maceta-01,1904,35,1.1.0,2026-09-15 15:34:02+00:00,2026-09-15 15:34:06.529665+00:00,35.2,22.0,2277,1951.0,59.0,3293,2716.0,,1775,1555.0,8.7,2,estresada,propagada,-93,
1906,maceta-01,1905,36,1.1.0,2026-09-16 15:36:59+00:00,2026-09-16 15:37:01.736012+00:00,16.1,39.0,3910,3042.0,92.0,4095,3124.0,,912,867.0,28.5,2,estresada,propagada,-75,suelo_saturado
1907,maceta-01,1906,36,1.1.0,2026-09-16 15:37:29+00:00,2026-09-16 15:37:31.404455+00:00,17.4,40.0,4095,3124.0,94.0,4095,3124.0,,939,888.0,27.7,2,estresada,propagada,-72,luz_saturada|suelo_saturado
1908,maceta-01,1907,36,1.1.0,2026-09-16 15:37:59+00:00,2026-09-16 15:38:01.386887+00:00,19.8,40.0,4095,3124.0,94.0,4095,3124.0,,1117,1030.0,23.0,2,estresada,propagada,-73,luz_saturada|suelo_saturado
1909,maceta-01,1908,36,1.1.0,2026-09-16 15:38:29+00:00,2026-09-16 15:38:31.675882+00:00,21.1,38.0,4095,3124.0,94.0,4095,3124.0,,1317,1188.0,18.3,2,estresada,propagada,-74,luz_saturada|suelo_saturado
1910,maceta-01,1909,36,1.1.0,2026-09-16 15:38:59+00:00,2026-09-16 15:39:01.457173+00:00,22.6,36.0,4095,3124.0,94.0,4095,3124.0,,1245,1134.0,19.9,2,estresada,propagada,-71,luz_saturada|suelo_saturado
1911,maceta-01,1910,36,1.1.0,2026-09-16 15:39:29+00:00,2026-09-16 15:39:31.458996+00:00,23.4,34.0,4095,3124.0,94.0,4095,3124.0,,1360,1222.0,17.4,2,estresada,propagada,-71,luz_saturada|suelo_saturado
1912,maceta-01,1911,36,1.1.0,2026-09-16 15:39:59+00:00,2026-09-16 15:40:01.634273+00:00,23.8,33.0,4095,3124.0,94.0,4095,3124.0,,1183,1085.0,21.3,2,estresada,propagada,-72,luz_saturada|suelo_saturado
1913,maceta-01,1912,36,1.1.0,2026-09-16 15:40:29+00:00,2026-09-16 15:40:31.410653+00:00,24.5,32.0,4095,3124.0,94.0,4095,3124.0,,1296,1173.0,18.7,2,estresada,propagada,-74,luz_saturada|suelo_saturado
1914,maceta-01,1913,36,1.1.0,2026-09-16 15:40:59+00:00,2026-09-16 15:41:01.701229+00:00,25.3,32.0,4095,3124.0,94.0,4095,3124.0,,1209,1104.0,20.7,2,estresada,propagada,-73,luz_saturada|suelo_saturado
1915,maceta-01,1914,36,1.1.0,2026-09-16 15:41:29+00:00,2026-09-16 15:41:31.486206+00:00,25.7,31.0,4095,3124.0,94.0,4095,3124.0,,1226,1113.0,20.5,2,estresada,propagada,-72,luz_saturada|suelo_saturado
1916,maceta-01,1915,36,1.1.0,2026-09-16 15:41:59+00:00,2026-09-16 15:42:01.465336+00:00,26.2,30.0,4095,3124.0,94.0,4095,3124.0,,1279,1159.0,19.1,2,estresada,propagada,-72,luz_saturada|suelo_saturado
1917,maceta-01,1916,36,1.1.0,2026-09-16 15:42:29+00:00,2026-09-16 15:42:31.661248+00:00,26.6,29.0,4095,3124.0,94.0,4095,3124.0,,1081,1002.0,23.9,2,estresada,propagada,-72,luz_saturada|suelo_saturado
1918,maceta-01,1917,36,1.1.0,2026-09-16 15:42:59+00:00,2026-09-16 15:43:01.433187+00:00,25.8,28.0,4095,3124.0,94.0,4095,3124.0,,1006,941.0,25.9,2,estresada,propagada,-72,luz_saturada|suelo_saturado
1919,maceta-01,1918,36,1.1.0,2026-09-16 15:43:29+00:00,2026-09-16 15:43:31.410154+00:00,24.5,28.0,4095,3124.0,94.0,4095,3124.0,,965,910.0,27.0,2,estresada,propagada,-72,luz_saturada|suelo_saturado
1920,maceta-01,1919,36,1.1.0,2026-09-16 15:43:59+00:00,2026-09-16 15:44:01.602510+00:00,24.1,28.0,4095,3124.0,94.0,4095,3124.0,,1171,1074.0,21.6,2,estresada,propagada,-72,luz_saturada|suelo_saturado
1921,maceta-01,1920,36,1.1.0,2026-09-16 15:44:29+00:00,2026-09-16 15:44:31.381861+00:00,24.5,28.0,4095,3124.0,94.0,4095,3124.0,,1192,1092.0,21.1,2,estresada,propagada,-73,luz_saturada|suelo_saturado
1922,maceta-01,1921,36,1.1.0,2026-09-16 15:44:59+00:00,2026-09-16 15:45:01.473238+00:00,24.8,28.0,4095,3124.0,94.0,4095,3124.0,,1077,999.0,24.0,2,estresada,propagada,-72,luz_saturada|suelo_saturado
1923,maceta-01,1922,36,1.1.0,2026-09-16 15:45:29+00:00,2026-09-16 15:45:31.775853+00:00,24.8,28.0,4095,3124.0,94.0,4095,3124.0,,1125,1035.0,22.8,2,estresada,propagada,-73,luz_saturada|suelo_saturado
1924,maceta-01,1923,36,1.1.0,2026-09-16 15:45:59+00:00,2026-09-16 15:46:01.433815+00:00,24.8,28.0,4095,3124.0,94.0,4095,3124.0,,1177,1079.0,21.5,2,estresada,propagada,-73,luz_saturada|suelo_saturado
1925,maceta-01,1924,36,1.1.0,2026-09-16 15:46:29+00:00,2026-09-16 15:46:31.419378+00:00,24.5,27.0,4095,3124.0,94.0,4095,3124.0,,1072,995.0,24.1,2,estresada,propagada,-73,luz_saturada|suelo_saturado
1926,maceta-01,1925,36,1.1.0,2026-09-16 15:46:59+00:00,2026-09-16 15:47:01.609186+00:00,24.5,27.0,4095,3124.0,94.0,4095,3124.0,,1258,1142.0,19.6,2,estresada,propagada,-74,luz_saturada|suelo_saturado
1927,maceta-01,1926,36,1.1.0,2026-09-16 15:47:29+00:00,2026-09-16 15:47:31.387419+00:00,24.5,27.0,4095,3124.0,94.0,4095,3124.0,,1349,1215.0,17.6,1,saludable,manual,-73,luz_saturada|suelo_saturado
1928,maceta-01,1927,36,1.1.0,2026-09-16 15:47:59+00:00,2026-09-16 15:48:01.474376+00:00,24.8,27.0,4095,3124.0,94.0,4095,3124.0,,1141,1051.0,22.4,1,saludable,propagada,-73,luz_saturada|suelo_saturado
1929,maceta-01,1928,36,1.1.0,2026-09-16 15:48:29+00:00,2026-09-16 15:48:31.558258+00:00,24.9,26.0,4095,3124.0,94.0,4095,3124.0,,1086,1006.0,23.8,1,saludable,propagada,-76,luz_saturada|suelo_saturado
1930,maceta-01,1929,36,1.1.0,2026-09-16 15:48:59+00:00,2026-09-16 15:49:01.445147+00:00,24.8,26.0,4095,3124.0,94.0,4095,3124.0,,1293,1170.0,18.8,1,saludable,propagada,-72,luz_saturada|suelo_saturado
1931,maceta-01,1930,36,1.1.0,2026-09-16 15:49:29+00:00,2026-09-16 15:49:31.426106+00:00,24.8,26.0,4095,3124.0,94.0,4095,3124.0,,1232,1122.0,20.2,1,saludable,propagada,-73,luz_saturada|suelo_saturado
1932,maceta-01,1931,36,1.1.0,2026-09-16 15:49:59+00:00,2026-09-16 15:50:01.614104+00:00,24.8,26.0,4095,3124.0,94.0,4095,3124.0,,1079,1000.0,24.0,1,saludable,propagada,-73,luz_saturada|suelo_saturado
1933,maceta-01,1932,36,1.1.0,2026-09-16 15:50:29+00:00,2026-09-16 15:50:31.392921+00:00,25.3,26.0,4095,3124.0,94.0,4095,3124.0,,1386,1245.0,16.7,1,saludable,propagada,-73,luz_saturada|suelo_saturado
1934,maceta-01,1933,36,1.1.0,2026-09-16 15:50:59+00:00,2026-09-16 15:51:01.379070+00:00,26.2,26.0,4095,3124.0,94.0,4095,3124.0,,1082,1002.0,23.9,1,saludable,propagada,-73,luz_saturada|suelo_saturado
1935,maceta-01,1934,36,1.1.0,2026-09-16 15:51:29+00:00,2026-09-16 15:51:31.670402+00:00,26.2,25.0,4095,3124.0,94.0,4095,3124.0,,1408,1263.0,16.2,1,saludable,propagada,-73,luz_saturada|suelo_saturado
1936,maceta-01,1935,36,1.1.0,2026-09-16 15:51:59+00:00,2026-09-16 15:52:01.451567+00:00,26.7,25.0,4095,3124.0,94.0,4095,3124.0,,1183,1083.0,21.4,1,saludable,propagada,-73,luz_saturada|suelo_saturado
1937,maceta-01,1936,36,1.1.0,2026-09-16 15:52:29+00:00,2026-09-16 15:52:31.428661+00:00,26.7,24.0,4095,3124.0,94.0,4095,3124.0,,1181,1081.0,21.4,1,saludable,propagada,-73,luz_saturada|suelo_saturado
1938,maceta-01,1937,36,1.1.0,2026-09-16 15:52:59+00:00,2026-09-16 15:53:01.620943+00:00,26.7,24.0,4095,3124.0,94.0,4095,3124.0,,1136,1046.0,22.5,1,saludable,propagada,-73,luz_saturada|suelo_saturado
1939,maceta-01,1938,36,1.1.0,2026-09-16 15:53:29+00:00,2026-09-16 15:53:31.403156+00:00,27.1,24.0,4095,3124.0,94.0,4095,3124.0,,1355,1221.0,17.4,1,saludable,propagada,-73,luz_saturada|suelo_saturado
1940,maceta-01,1939,36,1.1.0,2026-09-16 15:53:59+00:00,2026-09-16 15:54:01.377629+00:00,27.6,24.0,4095,3124.0,94.0,4095,3124.0,,1206,1099.0,20.9,1,saludable,propagada,-73,luz_saturada|suelo_saturado
1941,maceta-01,1940,36,1.1.0,2026-09-16 15:54:29+00:00,2026-09-16 15:54:31.671939+00:00,26.7,24.0,4095,3124.0,94.0,4095,3124.0,,1101,1018.0,23.4,1,saludable,propagada,-73,luz_saturada|suelo_saturado
1942,maceta-01,1941,36,1.1.0,2026-09-16 15:54:59+00:00,2026-09-16 15:55:01.551607+00:00,25.8,24.0,4095,3124.0,94.0,4095,3124.0,,1094,1010.0,23.6,1,saludable,propagada,-72,luz_saturada|suelo_saturado
1943,maceta-01,1942,36,1.1.0,2026-09-16 15:55:29+00:00,2026-09-16 15:55:31.435095+00:00,25.8,24.0,4095,3124.0,94.0,4095,3124.0,,1073,995.0,24.1,1,saludable,propagada,-73,luz_saturada|suelo_saturado
1944,maceta-01,1943,36,1.1.0,2026-09-16 15:55:59+00:00,2026-09-16 15:56:01.627410+00:00,25.8,24.0,4095,3124.0,94.0,4095,3124.0,,1088,1007.0,23.7,1,saludable,propagada,-74,luz_saturada|suelo_saturado
1945,maceta-01,1944,36,1.1.0,2026-09-16 15:56:29+00:00,2026-09-16 15:56:31.400700+00:00,26.2,24.0,4095,3124.0,94.0,4095,3124.0,,1230,1121.0,20.2,1,saludable,propagada,-73,luz_saturada|suelo_saturado
1946,maceta-01,1945,36,1.1.0,2026-09-16 15:56:59+00:00,2026-09-16 15:57:01.389179+00:00,26.7,24.0,4095,3124.0,94.0,4095,3124.0,,1033,962.0,25.2,1,saludable,propagada,-73,luz_saturada|suelo_saturado
1947,maceta-01,1946,36,1.1.0,2026-09-16 15:57:29+00:00,2026-09-16 15:57:31.575724+00:00,27.1,24.0,4095,3124.0,94.0,4095,3124.0,,1147,1054.0,22.3,1,saludable,propagada,-72,luz_saturada|suelo_saturado
1948,maceta-01,1947,36,1.1.0,2026-09-16 15:57:59+00:00,2026-09-16 15:58:01.355106+00:00,26.2,24.0,4095,3124.0,94.0,4095,3124.0,,1140,1050.0,22.4,1,saludable,propagada,-73,luz_saturada|suelo_saturado
1949,maceta-01,1948,36,1.1.0,2026-09-16 15:58:29+00:00,2026-09-16 15:58:31.444273+00:00,26.7,25.0,4095,3124.0,94.0,4095,3124.0,,1187,1088.0,21.2,1,saludable,propagada,-73,luz_saturada|suelo_saturado
1950,maceta-01,1949,36,1.1.0,2026-09-16 15:58:59+00:00,2026-09-16 15:59:01.626505+00:00,27.6,24.0,4095,3124.0,94.0,4095,3124.0,,1238,1127.0,20.1,1,saludable,propagada,-73,luz_saturada|suelo_saturado
1951,maceta-01,1950,36,1.1.0,2026-09-16 15:59:29+00:00,2026-09-16 15:59:31.406360+00:00,28.5,23.0,4095,3124.0,94.0,4095,3124.0,,1366,1226.0,17.2,1,saludable,propagada,-73,luz_saturada|suelo_saturado
1952,maceta-01,1951,36,1.1.0,2026-09-16 15:59:59+00:00,2026-09-16 16:00:01.397525+00:00,28.9,22.0,4095,3124.0,94.0,4095,3124.0,,1289,1175.0,18.7,1,saludable,propagada,-73,luz_saturada|suelo_saturado
1953,maceta-01,1952,36,1.1.0,2026-09-16 16:00:29+00:00,2026-09-16 16:00:31.583197+00:00,28.9,22.0,4095,3124.0,94.0,4095,3124.0,,1183,1083.0,21.4,1,saludable,propagada,-73,luz_saturada|suelo_saturado
1954,maceta-01,1953,36,1.1.0,2026-09-16 16:00:59+00:00,2026-09-16 16:01:01.378427+00:00,29.3,22.0,4095,3124.0,94.0,4095,3124.0,,1134,1044.0,22.6,1,saludable,propagada,-73,luz_saturada|suelo_saturado
1955,maceta-01,1954,36,1.1.0,2026-09-16 16:01:29+00:00,2026-09-16 16:01:31.348278+00:00,29.8,22.0,4095,3124.0,94.0,4095,3124.0,,1055,980.0,24.6,1,saludable,propagada,-73,luz_saturada|suelo_saturado
1956,maceta-01,1955,36,1.1.0,2026-09-16 16:01:59+00:00,2026-09-16 16:02:05.017371+00:00,29.4,22.0,4095,3124.0,94.0,4095,3124.0,,1131,1040.0,22.7,1,saludable,propagada,-73,luz_saturada|suelo_saturado
1957,maceta-01,1956,36,1.1.0,2026-09-16 16:02:31+00:00,2026-09-16 16:02:33.459874+00:00,29.3,20.0,4095,3124.0,94.0,4095,3124.0,,1088,1007.0,23.7,1,saludable,propagada,-72,luz_saturada|suelo_saturado
1958,maceta-01,1957,36,1.1.0,2026-09-16 16:02:59+00:00,2026-09-16 16:03:01.710750+00:00,28.1,21.0,4095,3124.0,94.0,4095,3124.0,,1280,1160.0,19.1,1,saludable,propagada,-73,luz_saturada|suelo_saturado
1959,maceta-01,1958,36,1.1.0,2026-09-16 16:03:29+00:00,2026-09-16 16:03:31.486212+00:00,28.9,22.0,4095,3124.0,94.0,4095,3124.0,,1291,1163.0,19.0,1,saludable,propagada,-73,luz_saturada|suelo_saturado
1960,maceta-01,1959,36,1.1.0,2026-09-16 16:03:59+00:00,2026-09-16 16:04:01.467494+00:00,30.2,21.0,4095,3124.0,94.0,4095,3124.0,,1165,1067.0,21.9,1,saludable,propagada,-73,luz_saturada|suelo_saturado
1961,maceta-01,1960,36,1.1.0,2026-09-16 16:04:29+00:00,2026-09-16 16:04:31.655543+00:00,30.3,19.0,4095,3124.0,94.0,4095,3124.0,,1205,1101.0,20.8,1,saludable,propagada,-73,luz_saturada|suelo_saturado
1962,maceta-01,1961,36,1.1.0,2026-09-16 16:04:59+00:00,2026-09-16 16:05:01.436929+00:00,31.3,19.0,4095,3124.0,94.0,4095,3124.0,,1301,1178.0,18.6,1,saludable,propagada,-73,luz_saturada|suelo_saturado
1963,maceta-01,1962,36,1.1.0,2026-09-16 16:05:29+00:00,2026-09-16 16:05:31.417215+00:00,31.3,19.0,4095,3124.0,94.0,4095,3124.0,,1149,1056.0,22.2,1,saludable,propagada,-72,luz_saturada|suelo_saturado
1964,maceta-01,1963,37,1.1.0,2026-09-16 16:08:39+00:00,2026-09-16 16:08:41.351981+00:00,27.5,23.0,4095,3124.0,94.0,2176,1865.0,,1357,1221.0,17.4,1,saludable,propagada,-72,luz_saturada
1965,maceta-01,1964,37,1.1.0,2026-09-16 16:09:07+00:00,2026-09-16 16:09:08.985194+00:00,27.6,23.0,4095,3124.0,94.0,2167,1866.0,,1465,1306.0,15.1,1,saludable,propagada,-72,luz_saturada
1966,maceta-01,1965,37,1.1.0,2026-09-16 16:09:37+00:00,2026-09-16 16:09:39.072766+00:00,28.0,22.0,4095,3124.0,94.0,2160,1856.0,,1239,1129.0,20.0,1,saludable,propagada,-73,luz_saturada
1967,maceta-01,1966,37,1.1.0,2026-09-16 16:10:07+00:00,2026-09-16 16:10:09.261388+00:00,27.6,23.0,4095,3124.0,94.0,2097,1809.0,,1284,1162.0,19.1,1,saludable,propagada,-72,luz_saturada
1968,maceta-01,1967,37,1.1.0,2026-09-16 16:10:37+00:00,2026-09-16 16:10:39.040439+00:00,27.1,23.0,4095,3124.0,94.0,2085,1802.0,,1446,1295.0,15.4,1,saludable,propagada,-72,luz_saturada
1969,maceta-01,1968,37,1.1.0,2026-09-16 16:11:07+00:00,2026-09-16 16:11:09.026085+00:00,27.6,24.0,4095,3124.0,94.0,2064,1784.0,,1386,1244.0,16.7,1,saludable,propagada,-73,luz_saturada
1970,maceta-01,1969,37,1.1.0,2026-09-16 16:11:37+00:00,2026-09-16 16:11:39.311580+00:00,27.6,23.0,4095,3124.0,94.0,2097,1815.0,,1377,1236.0,17.0,1,saludable,propagada,-72,luz_saturada
1971,maceta-01,1970,37,1.1.0,2026-09-16 16:12:07+00:00,2026-09-16 16:12:08.991178+00:00,26.7,24.0,4095,3124.0,94.0,2064,1776.0,,1232,1123.0,20.2,1,saludable,propagada,-75,luz_saturada
1972,maceta-01,1971,37,1.1.0,2026-09-16 16:12:37+00:00,2026-09-16 16:12:39.175450+00:00,26.3,23.0,4095,3124.0,94.0,2085,1802.0,,1399,1252.0,16.5,1,saludable,propagada,-72,luz_saturada
1973,maceta-01,1972,37,1.1.0,2026-09-16 16:13:07+00:00,2026-09-16 16:13:09.262936+00:00,26.3,24.0,4095,3124.0,94.0,2079,1798.0,,1296,1173.0,18.7,1,saludable,propagada,-72,luz_saturada
1974,maceta-01,1973,37,1.1.0,2026-09-16 16:13:37+00:00,2026-09-16 16:13:39.047923+00:00,26.7,24.0,4095,3124.0,94.0,2082,1794.0,,1282,1160.0,19.1,1,saludable,propagada,-72,luz_saturada
1975,maceta-01,1974,37,1.1.0,2026-09-16 16:14:07+00:00,2026-09-16 16:14:09.031123+00:00,26.7,24.0,4095,3124.0,94.0,2073,1794.0,,1347,1212.0,17.6,1,saludable,propagada,-72,luz_saturada
1976,maceta-01,1975,37,1.1.0,2026-09-16 16:14:37+00:00,2026-09-16 16:14:39.217423+00:00,26.7,24.0,4095,3124.0,94.0,2015,1750.0,,1344,1211.0,17.7,1,saludable,propagada,-72,luz_saturada
1977,maceta-01,1976,37,1.1.0,2026-09-16 16:15:07+00:00,2026-09-16 16:15:08.996963+00:00,26.2,23.0,4095,3124.0,94.0,2068,1784.0,,1425,1279.0,15.8,1,saludable,propagada,-72,luz_saturada
1978,maceta-01,1977,37,1.1.0,2026-09-16 16:15:37+00:00,2026-09-16 16:15:38.977802+00:00,26.2,23.0,4095,3124.0,94.0,2000,1745.0,,1311,1185.0,18.4,1,saludable,propagada,-72,luz_saturada
1979,maceta-01,1978,37,1.1.0,2026-09-16 16:16:07+00:00,2026-09-16 16:16:09.267629+00:00,26.2,24.0,4095,3124.0,94.0,2062,1776.0,,1322,1193.0,18.2,1,saludable,propagada,-72,luz_saturada
1980,maceta-01,1979,37,1.1.0,2026-09-16 16:16:37+00:00,2026-09-16 16:16:39.050706+00:00,26.7,24.0,4095,3124.0,94.0,2014,1744.0,,1296,1171.0,18.8,1,saludable,propagada,-72,luz_saturada
1981,maceta-01,1980,37,1.1.0,2026-09-16 16:17:07+00:00,2026-09-16 16:17:09.045304+00:00,27.1,24.0,4095,3124.0,94.0,2064,1784.0,,1429,1279.0,15.8,1,saludable,propagada,-72,luz_saturada
1982,maceta-01,1981,37,1.1.0,2026-09-16 16:17:37+00:00,2026-09-16 16:17:39.219532+00:00,27.6,24.0,4095,3124.0,94.0,2018,1745.0,,1598,1411.0,12.3,1,saludable,propagada,-73,luz_saturada
1983,maceta-01,1982,37,1.1.0,2026-09-16 16:18:07+00:00,2026-09-16 16:18:08.998390+00:00,27.6,23.0,4095,3124.0,94.0,2011,1738.0,,1424,1275.0,15.9,1,saludable,propagada,-73,luz_saturada
1984,maceta-01,1983,37,1.1.0,2026-09-16 16:18:37+00:00,2026-09-16 16:18:38.987248+00:00,27.1,23.0,4095,3124.0,94.0,2054,1769.0,,1554,1379.0,13.2,1,saludable,propagada,-73,luz_saturada
1985,maceta-01,1984,37,1.1.0,2026-09-16 16:19:07+00:00,2026-09-16 16:19:09.274490+00:00,27.1,23.0,4095,3124.0,94.0,1996,1732.0,,1388,1244.0,16.7,1,saludable,propagada,-73,luz_saturada
1986,maceta-01,1985,37,1.1.0,2026-09-16 16:19:37+00:00,2026-09-16 16:19:39.055253+00:00,27.6,23.0,4095,3124.0,94.0,2044,1757.0,,1535,1363.0,13.6,1,saludable,propagada,-73,luz_saturada
1987,maceta-01,1986,37,1.1.0,2026-09-16 16:20:07+00:00,2026-09-16 16:20:09.038761+00:00,28.0,22.0,4095,3124.0,94.0,2058,1770.0,,1380,1242.0,16.8,1,saludable,propagada,-73,luz_saturada
1988,maceta-01,1987,37,1.1.0,2026-09-16 16:20:37+00:00,2026-09-16 16:20:39.226054+00:00,28.3,22.0,4095,3124.0,94.0,2022,1760.0,,1276,1156.0,19.2,1,saludable,propagada,-73,luz_saturada
1989,maceta-01,1988,37,1.1.0,2026-09-16 16:21:07+00:00,2026-09-16 16:21:09.005788+00:00,28.0,22.0,4095,3124.0,94.0,2055,1780.0,,1486,1322.0,14.6,1,saludable,propagada,-73,luz_saturada
1990,maceta-01,1989,37,1.1.0,2026-09-16 16:21:37+00:00,2026-09-16 16:21:38.993397+00:00,28.0,22.0,4095,3124.0,94.0,2062,1784.0,,1463,1304.0,15.1,1,saludable,propagada,-73,luz_saturada
1991,maceta-01,1990,37,1.1.0,2026-09-16 16:22:07+00:00,2026-09-16 16:22:09.391996+00:00,26.7,23.0,4095,3124.0,94.0,2026,1746.0,,1506,1341.0,14.1,1,saludable,propagada,-76,luz_saturada
1992,maceta-01,1991,37,1.1.0,2026-09-16 16:22:37+00:00,2026-09-16 16:22:38.977905+00:00,27.6,24.0,4095,3124.0,94.0,2018,1750.0,,1310,1184.0,18.4,1,saludable,propagada,-80,luz_saturada
1993,maceta-01,1992,37,1.1.0,2026-09-16 16:23:07+00:00,2026-09-16 16:23:09.051681+00:00,27.6,23.0,4095,3124.0,94.0,2084,1797.0,,1390,1247.0,16.7,1,saludable,propagada,-81,luz_saturada
1994,maceta-01,1993,37,1.1.0,2026-09-16 16:23:37+00:00,2026-09-16 16:23:39.251894+00:00,28.0,22.0,4095,3124.0,94.0,2054,1804.0,,1482,1321.0,14.7,1,saludable,propagada,-81,luz_saturada
1995,maceta-01,1994,37,1.1.0,2026-09-16 16:24:07+00:00,2026-09-16 16:24:09.026730+00:00,28.5,22.0,4095,3124.0,94.0,2096,1808.0,,1505,1337.0,14.3,1,saludable,propagada,-81,luz_saturada
1996,maceta-01,1995,37,1.1.0,2026-09-16 16:24:37+00:00,2026-09-16 16:24:39.222479+00:00,28.9,22.0,4095,3124.0,94.0,2045,1783.0,,1486,1325.0,14.6,1,saludable,propagada,-82,luz_saturada
1997,maceta-01,1996,37,1.1.0,2026-09-16 16:25:07+00:00,2026-09-16 16:25:09.000972+00:00,28.5,22.0,4095,3124.0,94.0,2099,1813.0,,1365,1228.0,17.2,1,saludable,propagada,-82,luz_saturada
1998,maceta-01,1997,37,1.1.0,2026-09-16 16:25:37+00:00,2026-09-16 16:25:38.988391+00:00,28.5,22.0,4095,3124.0,94.0,2064,1786.0,,1382,1240.0,16.9,1,saludable,propagada,-81,luz_saturada
1999,maceta-01,1998,37,1.1.0,2026-09-16 16:26:07+00:00,2026-09-16 16:26:09.261288+00:00,28.5,22.0,4095,3124.0,94.0,2091,1810.0,,1341,1207.0,17.8,1,saludable,propagada,-82,luz_saturada
2000,maceta-01,1999,37,1.1.0,2026-09-16 16:26:37+00:00,2026-09-16 16:26:39.053320+00:00,28.0,22.0,4095,3124.0,94.0,2059,1784.0,,1511,1342.0,14.1,1,saludable,propagada,-79,luz_saturada
2001,maceta-01,2000,37,1.1.0,2026-09-16 16:27:07+00:00,2026-09-16 16:27:09.024258+00:00,27.6,23.0,4095,3124.0,94.0,2099,1809.0,,1488,1326.0,14.5,1,saludable,propagada,-82,luz_saturada
2002,maceta-01,2001,37,1.1.0,2026-09-16 16:27:37+00:00,2026-09-16 16:27:39.229080+00:00,27.1,23.0,4095,3124.0,94.0,2107,1818.0,,1600,1415.0,12.2,1,saludable,propagada,-81,luz_saturada
2003,maceta-01,2002,37,1.1.0,2026-09-16 16:28:07+00:00,2026-09-16 16:28:09.007197+00:00,27.6,23.0,4095,3124.0,94.0,2070,1784.0,,1491,1330.0,14.4,1,saludable,propagada,-82,luz_saturada
2004,maceta-01,2003,37,1.1.0,2026-09-16 16:28:37+00:00,2026-09-16 16:28:38.977053+00:00,28.0,22.0,4095,3124.0,94.0,2112,1822.0,,1508,1339.0,14.2,1,saludable,propagada,-81,luz_saturada
2005,maceta-01,2004,37,1.1.0,2026-09-16 16:29:07+00:00,2026-09-16 16:29:09.283324+00:00,28.5,22.0,4095,3124.0,94.0,2064,1784.0,,1409,1263.0,16.2,1,saludable,propagada,-81,luz_saturada
2006,maceta-01,2005,37,1.1.0,2026-09-16 16:29:37+00:00,2026-09-16 16:29:38.956608+00:00,28.9,22.0,4095,3124.0,94.0,2109,1818.0,,1535,1363.0,13.6,1,saludable,propagada,-82,luz_saturada
2007,maceta-01,2006,37,1.1.0,2026-09-16 16:30:07+00:00,2026-09-16 16:30:09.045540+00:00,29.3,22.0,4095,3124.0,94.0,2108,1821.0,,1461,1300.0,15.2,1,saludable,propagada,-81,luz_saturada
2008,maceta-01,2007,37,1.1.0,2026-09-16 16:30:37+00:00,2026-09-16 16:30:39.232710+00:00,30.2,21.0,4095,3124.0,94.0,2105,1814.0,,1535,1363.0,13.6,1,saludable,propagada,-80,luz_saturada
2009,maceta-01,2008,37,1.1.0,2026-09-16 16:31:07+00:00,2026-09-16 16:31:08.997646+00:00,28.9,20.0,4095,3124.0,94.0,2107,1817.0,,1565,1387.0,13.0,1,saludable,propagada,-80,luz_saturada
2010,maceta-01,2009,37,1.1.0,2026-09-16 16:31:37+00:00,2026-09-16 16:31:38.992175+00:00,28.9,20.0,4095,3124.0,94.0,2081,1792.0,,1421,1269.0,16.1,1,saludable,propagada,-81,luz_saturada
2011,maceta-01,2010,37,1.1.0,2026-09-16 16:32:07+00:00,2026-09-16 16:32:09.184277+00:00,28.5,20.0,4095,3124.0,94.0,2067,1784.0,,1435,1283.0,15.7,1,saludable,propagada,-81,luz_saturada
2012,maceta-01,2011,37,1.1.0,2026-09-16 16:32:37+00:00,2026-09-16 16:32:38.961059+00:00,28.5,20.0,4095,3124.0,94.0,2064,1786.0,,1535,1376.0,13.2,1,saludable,propagada,-81,luz_saturada
2013,maceta-01,2012,37,1.1.0,2026-09-16 16:33:07+00:00,2026-09-16 16:33:09.051726+00:00,28.5,22.0,4095,3124.0,94.0,2067,1786.0,,1554,1380.0,13.1,1,saludable,propagada,-80,luz_saturada
2014,maceta-01,2013,37,1.1.0,2026-09-16 16:33:37+00:00,2026-09-16 16:33:39.236987+00:00,28.5,22.0,4095,3124.0,94.0,2109,1818.0,,1360,1223.0,17.3,1,saludable,propagada,-81,luz_saturada
2015,maceta-01,2014,37,1.1.0,2026-09-16 16:34:07+00:00,2026-09-16 16:34:09.013295+00:00,28.9,21.0,4095,3124.0,94.0,2105,1816.0,,1535,1363.0,13.6,1,saludable,propagada,-81,luz_saturada
2016,maceta-01,2015,37,1.1.0,2026-09-16 16:34:37+00:00,2026-09-16 16:34:38.999115+00:00,29.3,21.0,4095,3124.0,94.0,2103,1812.0,,1490,1326.0,14.5,1,saludable,propagada,-81,luz_saturada
2017,maceta-01,2016,37,1.1.0,2026-09-16 16:35:07+00:00,2026-09-16 16:35:09.186896+00:00,29.7,20.0,4095,3124.0,94.0,2066,1787.0,,1506,1339.0,14.2,1,saludable,propagada,-82,luz_saturada
2018,maceta-01,2017,37,1.1.0,2026-09-16 16:35:37+00:00,2026-09-16 16:35:38.968035+00:00,29.8,20.0,4095,3124.0,94.0,2077,1792.0,,1360,1224.0,17.3,1,saludable,propagada,-80,luz_saturada
2019,maceta-01,2018,37,1.1.0,2026-09-16 16:36:07+00:00,2026-09-16 16:36:08.958376+00:00,30.2,19.0,4095,3124.0,94.0,2096,1808.0,,1381,1242.0,16.8,1,saludable,propagada,-82,luz_saturada
2020,maceta-01,2019,37,1.1.0,2026-09-16 16:36:37+00:00,2026-09-16 16:36:39.239373+00:00,30.2,19.0,4095,3124.0,94.0,2071,1792.0,,1467,1332.0,14.4,1,saludable,propagada,-81,luz_saturada
2021,maceta-01,2020,37,1.1.0,2026-09-16 16:37:07+00:00,2026-09-16 16:37:09.020635+00:00,28.9,19.0,4095,3124.0,94.0,2064,1784.0,,1566,1388.0,12.9,1,saludable,propagada,-81,luz_saturada
2022,maceta-01,2021,37,1.1.0,2026-09-16 16:37:37+00:00,2026-09-16 16:37:39.003968+00:00,28.9,20.0,4095,3124.0,94.0,2102,1815.0,,1419,1273.0,16.0,1,saludable,propagada,-81,luz_saturada
2023,maceta-01,2022,37,1.1.0,2026-09-16 16:38:07+00:00,2026-09-16 16:38:09.196313+00:00,29.4,20.0,4095,3124.0,94.0,2112,1818.0,,1468,1312.0,14.9,1,saludable,propagada,-81,luz_saturada
2024,maceta-01,2023,37,1.1.0,2026-09-16 16:38:37+00:00,2026-09-16 16:38:38.974003+00:00,29.3,20.0,4095,3124.0,94.0,2071,1794.0,,1483,1322.0,14.6,1,saludable,propagada,-81,luz_saturada
2025,maceta-01,2024,37,1.1.0,2026-09-16 16:39:07+00:00,2026-09-16 16:39:08.965548+00:00,29.8,20.0,4095,3124.0,94.0,2107,1812.0,,1623,1434.0,11.8,1,saludable,propagada,-81,luz_saturada
2026,maceta-01,2025,37,1.1.0,2026-09-16 16:39:37+00:00,2026-09-16 16:39:39.243657+00:00,29.3,20.0,4095,3124.0,94.0,2093,1808.0,,1562,1382.0,13.1,1,saludable,propagada,-81,luz_saturada
2027,maceta-01,2026,37,1.1.0,2026-09-16 16:40:07+00:00,2026-09-16 16:40:09.022877+00:00,28.0,19.0,4095,3124.0,94.0,2103,1815.0,,1510,1347.0,14.0,1,saludable,propagada,-81,luz_saturada
2028,maceta-01,2027,37,1.1.0,2026-09-16 16:40:37+00:00,2026-09-16 16:40:42.694752+00:00,28.0,20.0,4095,3124.0,94.0,2112,1822.0,,1392,1248.0,16.6,1,saludable,propagada,-82,luz_saturada
2029,maceta-01,2028,37,1.1.0,2026-09-16 16:41:09+00:00,2026-09-16 16:41:11.450965+00:00,28.5,20.0,4095,3124.0,94.0,2107,1813.0,,1421,1273.0,16.0,1,saludable,propagada,-80,luz_saturada
2030,maceta-01,2029,37,1.1.0,2026-09-16 16:41:37+00:00,2026-09-16 16:41:39.076628+00:00,28.9,20.0,4095,3124.0,94.0,2070,1787.0,,1373,1232.0,17.1,1,saludable,propagada,-82,luz_saturada
2031,maceta-01,2030,37,1.1.0,2026-09-16 16:42:07+00:00,2026-09-16 16:42:09.168615+00:00,28.9,20.0,4095,3124.0,94.0,2101,1809.0,,1344,1211.0,17.7,1,saludable,propagada,-81,luz_saturada
2032,maceta-01,2031,37,1.1.0,2026-09-16 16:42:37+00:00,2026-09-16 16:42:39.358465+00:00,28.9,20.0,4095,3124.0,94.0,2080,1800.0,,1327,1197.0,18.1,1,saludable,propagada,-81,luz_saturada
2033,maceta-01,2032,37,1.1.0,2026-09-16 16:43:07+00:00,2026-09-16 16:43:09.132317+00:00,28.9,20.0,4095,3124.0,94.0,2102,1799.0,,1289,1170.0,18.8,1,saludable,propagada,-81,luz_saturada
2034,maceta-01,2033,37,1.1.0,2026-09-16 16:43:37+00:00,2026-09-16 16:43:39.115557+00:00,28.0,20.0,4095,3124.0,94.0,2099,1809.0,,1501,1334.0,14.3,1,saludable,propagada,-82,luz_saturada
2035,maceta-01,2034,37,1.1.0,2026-09-16 16:44:07+00:00,2026-09-16 16:44:09.305798+00:00,28.5,20.0,4095,3124.0,94.0,2106,1819.0,,1459,1300.0,15.2,1,saludable,propagada,-81,luz_saturada
2036,maceta-01,2035,37,1.1.0,2026-09-16 16:44:37+00:00,2026-09-16 16:44:39.083544+00:00,28.5,21.0,4095,3124.0,94.0,2096,1801.0,,1552,1376.0,13.2,1,saludable,propagada,-81,luz_saturada
2037,maceta-01,2036,37,1.1.0,2026-09-16 16:45:07+00:00,2026-09-16 16:45:09.069064+00:00,29.3,21.0,4095,3124.0,94.0,2064,1794.0,,1634,1442.0,11.5,1,saludable,propagada,-82,luz_saturada
2038,maceta-01,2037,37,1.1.0,2026-09-16 16:45:37+00:00,2026-09-16 16:45:39.362380+00:00,30.2,19.0,4095,3124.0,94.0,2115,1822.0,,1524,1355.0,13.8,1,saludable,propagada,-81,luz_saturada
2039,maceta-01,2038,37,1.1.0,2026-09-16 16:46:07+00:00,2026-09-16 16:46:09.140152+00:00,30.2,19.0,4095,3124.0,94.0,2109,1818.0,,1427,1276.0,15.9,1,saludable,propagada,-82,luz_saturada
2040,maceta-01,2039,37,1.1.0,2026-09-16 16:46:37+00:00,2026-09-16 16:46:39.133057+00:00,30.8,18.0,4095,3124.0,94.0,2069,1792.0,,1311,1185.0,18.4,1,saludable,propagada,-81,luz_saturada
2041,maceta-01,2040,37,1.1.0,2026-09-16 16:47:07+00:00,2026-09-16 16:47:09.311954+00:00,30.2,18.0,4095,3124.0,94.0,2065,1784.0,,1465,1307.0,15.0,1,saludable,propagada,-82,luz_saturada
2042,maceta-01,2041,37,1.1.0,2026-09-16 16:47:37+00:00,2026-09-16 16:47:39.090688+00:00,30.2,18.0,4095,3124.0,94.0,2070,1792.0,,1535,1363.0,13.6,1,saludable,propagada,-82,luz_saturada
2043,maceta-01,2042,37,1.1.0,2026-09-16 16:48:07+00:00,2026-09-16 16:48:09.074171+00:00,30.2,18.0,4095,3124.0,94.0,2075,1798.0,,1531,1359.0,13.7,1,saludable,propagada,-81,luz_saturada
2044,maceta-01,2043,37,1.1.0,2026-09-16 16:48:37+00:00,2026-09-16 16:48:39.367366+00:00,30.2,18.0,4095,3124.0,94.0,2123,1795.0,,1659,1460.0,11.1,1,saludable,propagada,-82,luz_saturada
2045,maceta-01,2044,37,1.1.0,2026-09-16 16:49:07+00:00,2026-09-16 16:49:09.145993+00:00,30.2,18.0,4095,3124.0,94.0,2106,1812.0,,1408,1264.0,16.2,1,saludable,propagada,-82,luz_saturada
2046,maceta-01,2045,37,1.1.0,2026-09-16 16:49:37+00:00,2026-09-16 16:49:39.130587+00:00,30.2,18.0,4095,3124.0,94.0,2069,1784.0,,1473,1314.0,14.9,1,saludable,propagada,-81,luz_saturada
2047,maceta-01,2046,37,1.1.0,2026-09-16 16:50:07+00:00,2026-09-16 16:50:09.314262+00:00,29.8,19.0,4095,3124.0,94.0,2071,1810.0,,1488,1326.0,14.5,1,saludable,propagada,-81,luz_saturada
2048,maceta-01,2047,37,1.1.0,2026-09-16 16:50:37+00:00,2026-09-16 16:50:39.096225+00:00,29.0,19.0,4095,3124.0,94.0,2102,1812.0,,1465,1310.0,15.0,1,saludable,propagada,-81,luz_saturada
2049,maceta-01,2048,37,1.1.0,2026-09-16 16:51:07+00:00,2026-09-16 16:51:09.089078+00:00,29.3,19.0,4095,3124.0,94.0,2256,1939.0,,1407,1261.0,16.3,1,saludable,propagada,-75,luz_saturada
2050,maceta-01,2049,38,1.1.0,2026-09-16 16:51:56+00:00,2026-09-16 16:51:58.934378+00:00,24.1,20.0,3371,2762.0,83.0,2439,2079.0,,1135,1046.0,22.5,2,estresada,manual,-66,
2051,maceta-01,2050,38,1.1.0,2026-09-16 16:52:24+00:00,2026-09-16 16:52:26.661693+00:00,21.8,21.0,3923,3047.0,92.0,2415,2064.0,,1072,995.0,24.1,2,estresada,propagada,-66,
2052,maceta-01,2051,38,1.1.0,2026-09-16 16:52:54+00:00,2026-09-16 16:52:56.647770+00:00,19.8,24.0,3919,3047.0,92.0,2425,2076.0,,1011,948.0,25.7,2,estresada,propagada,-66,
2053,maceta-01,2052,38,1.1.0,2026-09-16 16:53:24+00:00,2026-09-16 16:53:26.935909+00:00,18.3,25.0,3931,3047.0,92.0,2443,2077.0,,973,917.0,26.7,2,estresada,propagada,-65,
2054,maceta-01,2053,38,1.1.0,2026-09-16 16:53:54+00:00,2026-09-16 16:53:56.714339+00:00,17.4,27.0,3917,3049.0,92.0,2438,2085.0,,944,892.0,27.6,2,estresada,propagada,-66,
2055,maceta-01,2054,38,1.1.0,2026-09-16 16:54:24+00:00,2026-09-16 16:54:26.702731+00:00,16.6,30.0,3923,3043.0,92.0,2465,2104.0,,923,876.0,28.1,2,estresada,propagada,-66,
2056,maceta-01,2055,38,1.1.0,2026-09-16 16:54:54+00:00,2026-09-16 16:54:56.897694+00:00,16.1,32.0,3922,3043.0,92.0,2469,2103.0,,905,863.0,28.6,2,estresada,propagada,-66,
2057,maceta-01,2056,38,1.1.0,2026-09-16 16:55:24+00:00,2026-09-16 16:55:26.666132+00:00,15.2,34.0,3923,3047.0,92.0,2470,2106.0,,874,836.0,29.6,2,estresada,propagada,-66,
2058,maceta-01,2057,38,1.1.0,2026-09-16 16:55:54+00:00,2026-09-16 16:55:56.651089+00:00,14.8,35.0,3937,3047.0,92.0,2483,2111.0,,868,833.0,29.7,2,estresada,propagada,-66,
2059,maceta-01,2058,38,1.1.0,2026-09-16 16:56:24+00:00,2026-09-16 16:56:26.955136+00:00,14.4,36.0,3922,3051.0,92.0,2472,2107.0,,863,825.0,30.0,2,estresada,propagada,-66,
2060,maceta-01,2059,38,1.1.0,2026-09-16 16:56:54+00:00,2026-09-16 16:56:56.625679+00:00,14.4,37.0,3933,3051.0,92.0,2470,2113.0,,860,824.0,30.1,2,estresada,propagada,-66,
2061,maceta-01,2060,38,1.1.0,2026-09-16 16:57:24+00:00,2026-09-16 16:57:26.711008+00:00,14.1,38.0,3918,3048.0,92.0,2473,2107.0,,843,808.0,30.7,2,estresada,propagada,-66,
2062,maceta-01,2061,38,1.1.0,2026-09-16 16:57:54+00:00,2026-09-16 16:57:56.894253+00:00,14.1,39.0,3927,3048.0,92.0,2477,2109.0,,834,805.0,30.8,2,estresada,propagada,-65,
2063,maceta-01,2062,38,1.1.0,2026-09-16 16:58:24+00:00,2026-09-16 16:58:26.671346+00:00,13.7,39.0,3921,3047.0,92.0,2477,2117.0,,833,806.0,30.7,2,estresada,propagada,-65,
2064,maceta-01,2063,38,1.1.0,2026-09-16 16:58:54+00:00,2026-09-16 16:58:56.657102+00:00,13.7,40.0,3937,3047.0,92.0,2490,2120.0,,811,801.0,30.9,2,estresada,propagada,-65,
2065,maceta-01,2064,38,1.1.0,2026-09-16 16:59:24+00:00,2026-09-16 16:59:26.843588+00:00,13.7,40.0,3924,3047.0,92.0,2480,2117.0,,833,805.0,30.8,2,estresada,propagada,-66,
2066,maceta-01,2065,38,1.1.0,2026-09-16 16:59:54+00:00,2026-09-16 16:59:56.625201+00:00,13.7,41.0,3907,3046.0,92.0,2473,2113.0,,834,804.0,30.8,2,estresada,propagada,-65,
2067,maceta-01,2066,38,1.1.0,2026-09-16 17:00:24+00:00,2026-09-16 17:00:26.713599+00:00,14.1,41.0,3920,3051.0,92.0,2489,2115.0,,832,802.0,30.9,2,estresada,propagada,-65,
2068,maceta-01,2067,38,1.1.0,2026-09-16 17:00:54+00:00,2026-09-16 17:00:56.900025+00:00,14.1,41.0,3902,3047.0,92.0,2483,2115.0,,839,805.0,30.8,2,estresada,propagada,-70,
2069,maceta-01,2068,38,1.1.0,2026-09-16 17:01:24+00:00,2026-09-16 17:01:26.890368+00:00,14.1,41.0,3923,3047.0,92.0,2491,2119.0,,832,804.0,30.8,2,estresada,propagada,-68,
2070,maceta-01,2069,38,1.1.0,2026-09-16 17:01:54+00:00,2026-09-16 17:01:56.667261+00:00,14.1,41.0,3934,3054.0,92.0,2477,2113.0,,836,808.0,30.7,2,estresada,propagada,-66,
2071,maceta-01,2070,38,1.1.0,2026-09-16 17:02:24+00:00,2026-09-16 17:02:26.861696+00:00,14.1,41.0,3917,3047.0,92.0,2481,2115.0,,835,805.0,30.8,2,estresada,propagada,-66,
2072,maceta-01,2071,38,1.1.0,2026-09-16 17:02:54+00:00,2026-09-16 17:02:56.638583+00:00,14.1,41.0,3930,3052.0,92.0,2483,2119.0,,836,806.0,30.7,2,estresada,propagada,-67,
2073,maceta-01,2072,38,1.1.0,2026-09-16 17:03:24+00:00,2026-09-16 17:03:26.618181+00:00,14.1,41.0,3911,3049.0,92.0,2486,2115.0,,834,811.0,30.5,2,estresada,propagada,-73,
2074,maceta-01,2073,38,1.1.0,2026-09-16 17:03:54+00:00,2026-09-16 17:03:56.911610+00:00,14.1,41.0,3891,3038.0,92.0,2479,2115.0,,824,800.0,31.0,2,estresada,propagada,-65,
2075,maceta-01,2074,38,1.1.0,2026-09-16 17:04:24+00:00,2026-09-16 17:04:26.688887+00:00,14.1,42.0,3920,3051.0,92.0,4095,3124.0,,844,809.0,30.6,2,estresada,propagada,-66,suelo_saturado
2076,maceta-01,2075,38,1.1.0,2026-09-16 17:04:54+00:00,2026-09-16 17:04:56.672391+00:00,14.1,41.0,3911,3050.0,92.0,4095,3124.0,,834,808.0,30.7,2,estresada,propagada,-66,suelo_saturado
2077,maceta-01,2076,38,1.1.0,2026-09-16 17:05:24+00:00,2026-09-16 17:05:26.976004+00:00,14.1,41.0,3311,2730.0,82.0,4095,3124.0,,823,800.0,31.0,2,estresada,propagada,-67,suelo_saturado
2078,maceta-01,2077,38,1.1.0,2026-09-16 17:05:54+00:00,2026-09-16 17:05:56.642393+00:00,14.1,41.0,3927,3050.0,92.0,2390,2038.0,,816,798.0,31.0,2,estresada,propagada,-65,
2079,maceta-01,2078,38,1.1.0,2026-09-16 17:06:24+00:00,2026-09-16 17:06:26.621286+00:00,14.1,41.0,3950,3050.0,92.0,2370,2033.0,,831,801.0,30.9,2,estresada,propagada,-67,
2080,maceta-01,2079,38,1.1.0,2026-09-16 17:06:54+00:00,2026-09-16 17:06:56.917056+00:00,14.1,41.0,3943,3053.0,92.0,2364,2025.0,,798,778.0,31.8,2,estresada,propagada,-67,
2081,maceta-01,2080,38,1.1.0,2026-09-16 17:07:24+00:00,2026-09-16 17:07:26.693792+00:00,14.1,42.0,3936,3055.0,92.0,2367,2021.0,,815,788.0,31.4,2,estresada,propagada,-66,
2082,maceta-01,2081,38,1.1.0,2026-09-16 17:07:54+00:00,2026-09-16 17:07:56.681739+00:00,14.1,42.0,3914,3050.0,92.0,2368,2024.0,,819,791.0,31.3,2,estresada,propagada,-66,
2083,maceta-01,2082,38,1.1.0,2026-09-16 17:08:24+00:00,2026-09-16 17:08:26.868184+00:00,14.1,42.0,3917,3055.0,92.0,2379,2029.0,,814,791.0,31.3,2,estresada,propagada,-66,
2084,maceta-01,2083,38,1.1.0,2026-09-16 17:08:54+00:00,2026-09-16 17:08:56.650074+00:00,14.1,42.0,3931,3051.0,92.0,2367,2025.0,,803,782.0,31.7,2,estresada,propagada,-66,
2085,maceta-01,2084,38,1.1.0,2026-09-16 17:09:24+00:00,2026-09-16 17:09:26.644330+00:00,14.1,42.0,3926,3054.0,92.0,2381,2028.0,,816,793.0,31.2,2,estresada,propagada,-66,
2086,maceta-01,2085,38,1.1.0,2026-09-16 17:09:54+00:00,2026-09-16 17:09:56.818892+00:00,14.1,42.0,3929,3054.0,92.0,2367,2025.0,,830,796.0,31.1,2,estresada,propagada,-66,
2087,maceta-01,2086,38,1.1.0,2026-09-16 17:10:24+00:00,2026-09-16 17:10:26.597608+00:00,14.1,42.0,3942,3053.0,92.0,2368,2025.0,,805,784.0,31.6,2,estresada,propagada,-66,
2088,maceta-01,2087,38,1.1.0,2026-09-16 17:10:54+00:00,2026-09-16 17:10:56.688608+00:00,14.1,42.0,3948,3055.0,92.0,2352,2024.0,,819,791.0,31.3,2,estresada,propagada,-67,
2089,maceta-01,2088,38,1.1.0,2026-09-16 17:11:24+00:00,2026-09-16 17:11:26.870260+00:00,14.1,42.0,3919,3052.0,92.0,2368,2024.0,,830,803.0,30.9,2,estresada,propagada,-67,
2090,maceta-01,2089,38,1.1.0,2026-09-16 17:11:54+00:00,2026-09-16 17:11:56.648356+00:00,14.1,42.0,3951,3055.0,92.0,2369,2025.0,,817,793.0,31.2,2,estresada,propagada,-66,
2091,maceta-01,2090,38,1.1.0,2026-09-16 17:12:24+00:00,2026-09-16 17:12:26.637902+00:00,14.1,42.0,3920,3052.0,92.0,2369,2028.0,,816,789.0,31.4,2,estresada,propagada,-66,
2092,maceta-01,2091,38,1.1.0,2026-09-16 17:12:54+00:00,2026-09-16 17:12:56.826147+00:00,14.1,42.0,3935,3054.0,92.0,2377,2026.0,,815,791.0,31.3,2,estresada,propagada,-66,
2093,maceta-01,2092,38,1.1.0,2026-09-16 17:13:24+00:00,2026-09-16 17:13:26.607959+00:00,14.1,42.0,3951,3059.0,92.0,2382,2029.0,,811,781.0,31.7,2,estresada,propagada,-67,
2094,maceta-01,2093,38,1.1.0,2026-09-16 17:13:54+00:00,2026-09-16 17:13:56.592254+00:00,14.1,42.0,3934,3056.0,92.0,2370,2026.0,,787,766.0,32.3,2,estresada,propagada,-67,
2095,maceta-01,2094,38,1.1.0,2026-09-16 17:14:24+00:00,2026-09-16 17:14:26.882600+00:00,14.1,42.0,3932,3055.0,92.0,2370,2029.0,,780,758.0,32.6,2,estresada,propagada,-66,
2096,maceta-01,2095,38,1.1.0,2026-09-16 17:14:54+00:00,2026-09-16 17:14:56.655783+00:00,14.1,42.0,3920,3054.0,92.0,2354,2020.0,,798,779.0,31.8,2,estresada,propagada,-67,
2097,maceta-01,2096,38,1.1.0,2026-09-16 17:15:24+00:00,2026-09-16 17:15:26.639104+00:00,14.1,42.0,3933,3057.0,92.0,2365,2021.0,,802,781.0,31.7,2,estresada,propagada,-68,
2098,maceta-01,2097,38,1.1.0,2026-09-16 17:15:54+00:00,2026-09-16 17:15:56.831211+00:00,14.1,42.0,3927,3059.0,92.0,2355,2018.0,,805,779.0,31.8,2,estresada,propagada,-66,
2099,maceta-01,2098,38,1.1.0,2026-09-16 17:16:24+00:00,2026-09-16 17:16:26.604871+00:00,14.1,42.0,3952,3055.0,92.0,2368,2020.0,,813,791.0,31.3,2,estresada,propagada,-66,
2100,maceta-01,2099,38,1.1.0,2026-09-16 17:16:54+00:00,2026-09-16 17:16:56.594459+00:00,14.1,42.0,3946,3060.0,92.0,2371,2018.0,,817,792.0,31.3,2,estresada,propagada,-66,
2101,maceta-01,2100,38,1.1.0,2026-09-16 17:17:24+00:00,2026-09-16 17:17:26.882803+00:00,14.1,42.0,3927,3055.0,92.0,2351,2009.0,,814,791.0,31.3,2,estresada,propagada,-67,
2102,maceta-01,2101,38,1.1.0,2026-09-16 17:17:54+00:00,2026-09-16 17:17:56.660934+00:00,14.1,43.0,3933,3055.0,92.0,2358,2021.0,,819,800.0,31.0,2,estresada,propagada,-66,
2103,maceta-01,2102,38,1.1.0,2026-09-16 17:18:24+00:00,2026-09-16 17:18:26.649687+00:00,14.1,42.0,3920,3052.0,92.0,2363,2023.0,,823,798.0,31.0,2,estresada,propagada,-66,
2104,maceta-01,2103,38,1.1.0,2026-09-16 17:18:54+00:00,2026-09-16 17:18:56.835487+00:00,14.3,42.0,3945,3056.0,92.0,2355,2020.0,,827,802.0,30.9,2,estresada,propagada,-66,
2105,maceta-01,2104,38,1.1.0,2026-09-16 17:19:24+00:00,2026-09-16 17:19:26.614495+00:00,14.1,42.0,3950,3059.0,92.0,2362,2021.0,,817,792.0,31.3,2,estresada,propagada,-66,
2106,maceta-01,2105,38,1.1.0,2026-09-16 17:19:54+00:00,2026-09-16 17:19:56.602694+00:00,14.1,42.0,3926,3059.0,92.0,2369,2023.0,,816,791.0,31.3,2,estresada,propagada,-66,
2107,maceta-01,2106,38,1.1.0,2026-09-16 17:20:24+00:00,2026-09-16 17:20:26.889101+00:00,14.1,42.0,3962,3061.0,92.0,2363,2021.0,,816,789.0,31.4,2,estresada,propagada,-66,
2108,maceta-01,2107,38,1.1.0,2026-09-16 17:20:54+00:00,2026-09-16 17:20:56.675890+00:00,14.1,42.0,3959,3056.0,92.0,2371,2031.0,,811,784.0,31.6,2,estresada,propagada,-66,
2109,maceta-01,2108,38,1.1.0,2026-09-16 17:21:24+00:00,2026-09-16 17:21:26.656374+00:00,14.1,42.0,3969,3055.0,92.0,2375,2029.0,,829,797.0,31.1,2,estresada,propagada,-66,
2110,maceta-01,2109,38,1.1.0,2026-09-16 17:21:54+00:00,2026-09-16 17:21:56.838995+00:00,14.1,42.0,3942,3060.0,92.0,2380,2037.0,,822,793.0,31.2,2,estresada,propagada,-66,
2111,maceta-01,2110,38,1.1.0,2026-09-16 17:22:24+00:00,2026-09-16 17:22:26.622553+00:00,14.1,42.0,3958,3061.0,92.0,2379,2029.0,,832,797.0,31.1,2,estresada,propagada,-67,
2112,maceta-01,2111,38,1.1.0,2026-09-16 17:22:54+00:00,2026-09-16 17:22:56.604221+00:00,14.1,42.0,3947,3059.0,92.0,2369,2031.0,,825,793.0,31.2,2,estresada,propagada,-66,
2113,maceta-01,2112,38,1.1.0,2026-09-16 17:23:24+00:00,2026-09-16 17:23:26.906068+00:00,14.1,42.0,3947,3062.0,92.0,2385,2034.0,,811,790.0,31.4,2,estresada,propagada,-69,
2114,maceta-01,2113,38,1.1.0,2026-09-16 17:23:54+00:00,2026-09-16 17:23:56.570991+00:00,14.1,42.0,3953,3063.0,92.0,2373,2033.0,,817,792.0,31.3,2,estresada,propagada,-66,
2115,maceta-01,2114,38,1.1.0,2026-09-16 17:24:24+00:00,2026-09-16 17:24:26.654987+00:00,14.1,43.0,3936,3061.0,92.0,2382,2029.0,,815,791.0,31.3,2,estresada,propagada,-66,
2116,maceta-01,2115,38,1.1.0,2026-09-16 17:24:54+00:00,2026-09-16 17:24:56.846132+00:00,14.1,43.0,3931,3055.0,92.0,2370,2030.0,,823,795.0,31.2,2,estresada,propagada,-67,
2117,maceta-01,2116,38,1.1.0,2026-09-16 17:25:24+00:00,2026-09-16 17:25:26.591404+00:00,14.1,43.0,3952,3054.0,92.0,2381,2033.0,,818,798.0,31.0,2,estresada,propagada,-66,
2118,maceta-01,2117,38,1.1.0,2026-09-16 17:25:54+00:00,2026-09-16 17:25:56.606695+00:00,14.1,43.0,3952,3060.0,92.0,2384,2038.0,,832,802.0,30.9,2,estresada,propagada,-66,
2119,maceta-01,2118,38,1.1.0,2026-09-16 17:26:24+00:00,2026-09-16 17:26:26.800728+00:00,14.1,43.0,3940,3062.0,92.0,2379,2037.0,,831,801.0,30.9,2,estresada,propagada,-66,
2120,maceta-01,2119,38,1.1.0,2026-09-16 17:26:54+00:00,2026-09-16 17:26:56.578177+00:00,14.1,43.0,3952,3064.0,92.0,2384,2037.0,,822,797.0,31.1,2,estresada,propagada,-66,
2121,maceta-01,2120,38,1.1.0,2026-09-16 17:27:24+00:00,2026-09-16 17:27:26.558350+00:00,14.1,43.0,3946,3062.0,92.0,2380,2030.0,,823,793.0,31.2,2,estresada,propagada,-66,
2122,maceta-01,2121,38,1.1.0,2026-09-16 17:27:54+00:00,2026-09-16 17:27:56.848969+00:00,14.1,43.0,3966,3066.0,92.0,2378,2041.0,,821,796.0,31.1,2,estresada,propagada,-66,
2123,maceta-01,2122,38,1.1.0,2026-09-16 17:28:24+00:00,2026-09-16 17:28:26.629205+00:00,14.1,43.0,3935,3061.0,92.0,2379,2038.0,,822,793.0,31.2,2,estresada,propagada,-66,
2124,maceta-01,2123,38,1.1.0,2026-09-16 17:28:54+00:00,2026-09-16 17:28:56.619697+00:00,14.1,43.0,3966,3062.0,92.0,2395,2043.0,,823,796.0,31.1,2,estresada,propagada,-66,
2125,maceta-01,2124,38,1.1.0,2026-09-16 17:29:24+00:00,2026-09-16 17:29:26.801076+00:00,14.1,43.0,3959,3061.0,92.0,2397,2041.0,,830,798.0,31.0,2,estresada,propagada,-66,
2126,maceta-01,2125,38,1.1.0,2026-09-16 17:29:54+00:00,2026-09-16 17:29:56.581980+00:00,14.1,43.0,3967,3064.0,92.0,2395,2041.0,,831,802.0,30.9,2,estresada,propagada,-66,
2127,maceta-01,2126,38,1.1.0,2026-09-16 17:30:24+00:00,2026-09-16 17:30:26.567228+00:00,14.1,43.0,3956,3061.0,92.0,2365,2025.0,,829,803.0,30.9,2,estresada,propagada,-66,
2128,maceta-01,2127,38,1.1.0,2026-09-16 17:30:54+00:00,2026-09-16 17:30:56.858609+00:00,14.4,43.0,3965,3063.0,92.0,2368,2029.0,,831,804.0,30.8,2,estresada,propagada,-65,
2129,maceta-01,2128,38,1.1.0,2026-09-16 17:31:24+00:00,2026-09-16 17:31:26.635586+00:00,14.4,43.0,3942,3061.0,92.0,2374,2027.0,,835,804.0,30.8,2,estresada,propagada,-65,
2130,maceta-01,2129,38,1.1.0,2026-09-16 17:31:54+00:00,2026-09-16 17:31:56.623547+00:00,14.4,43.0,3941,3062.0,92.0,2381,2028.0,,833,806.0,30.7,2,estresada,propagada,-66,
2131,maceta-01,2130,38,1.1.0,2026-09-16 17:32:24+00:00,2026-09-16 17:32:26.823069+00:00,14.4,43.0,3967,3065.0,92.0,2377,2030.0,,842,808.0,30.7,2,estresada,propagada,-66,
2132,maceta-01,2131,38,1.1.0,2026-09-16 17:32:54+00:00,2026-09-16 17:32:56.587576+00:00,14.4,43.0,3947,3066.0,92.0,2381,2030.0,,832,802.0,30.9,2,estresada,propagada,-66,
2133,maceta-01,2132,38,1.1.0,2026-09-16 17:33:24+00:00,2026-09-16 17:33:26.572533+00:00,14.4,43.0,3952,3065.0,92.0,2369,2028.0,,832,803.0,30.9,2,estresada,propagada,-66,
2134,maceta-01,2133,38,1.1.0,2026-09-16 17:33:54+00:00,2026-09-16 17:33:56.863831+00:00,14.4,43.0,3963,3063.0,92.0,2359,2025.0,,834,804.0,30.8,2,estresada,propagada,-65,
2135,maceta-01,2134,38,1.1.0,2026-09-16 17:34:24+00:00,2026-09-16 17:34:26.644512+00:00,14.4,43.0,3967,3068.0,92.0,2353,2021.0,,829,801.0,30.9,2,estresada,propagada,-67,
2136,maceta-01,2135,38,1.1.0,2026-09-16 17:34:54+00:00,2026-09-16 17:34:56.629259+00:00,14.4,43.0,3975,3064.0,92.0,2370,2028.0,,832,803.0,30.9,2,estresada,propagada,-66,
2137,maceta-01,2136,38,1.1.0,2026-09-16 17:35:24+00:00,2026-09-16 17:35:26.811877+00:00,14.4,43.0,4059,3061.0,92.0,2379,2029.0,,817,796.0,31.1,2,estresada,propagada,-66,
2138,maceta-01,2137,38,1.1.0,2026-09-16 17:35:54+00:00,2026-09-16 17:35:56.591936+00:00,14.4,43.0,3946,3063.0,92.0,2369,2029.0,,834,804.0,30.8,2,estresada,propagada,-66,
2139,maceta-01,2138,38,1.1.0,2026-09-16 17:36:24+00:00,2026-09-16 17:36:26.577388+00:00,14.4,43.0,3953,3061.0,92.0,2375,2030.0,,830,805.0,30.8,2,estresada,propagada,-66,
2140,maceta-01,2139,38,1.1.0,2026-09-16 17:36:54+00:00,2026-09-16 17:36:56.766750+00:00,14.4,43.0,3935,3056.0,92.0,2371,2026.0,,832,805.0,30.8,2,estresada,propagada,-66,
2141,maceta-01,2140,38,1.1.0,2026-09-16 17:37:24+00:00,2026-09-16 17:37:26.543401+00:00,14.4,43.0,3959,3061.0,92.0,2359,2022.0,,837,805.0,30.8,2,estresada,propagada,-66,
2142,maceta-01,2141,38,1.1.0,2026-09-16 17:37:54+00:00,2026-09-16 17:37:56.631327+00:00,14.5,43.0,3959,3062.0,92.0,2382,2036.0,,836,808.0,30.7,2,estresada,propagada,-66,
2143,maceta-01,2142,38,1.1.0,2026-09-16 17:38:24+00:00,2026-09-16 17:38:26.820051+00:00,14.5,43.0,3951,3067.0,92.0,2353,2013.0,,838,809.0,30.6,2,estresada,propagada,-66,
2144,maceta-01,2143,38,1.1.0,2026-09-16 17:38:54+00:00,2026-09-16 17:38:56.599848+00:00,14.4,43.0,3941,3068.0,92.0,2357,2018.0,,832,804.0,30.8,2,estresada,propagada,-66,
2145,maceta-01,2144,38,1.1.0,2026-09-16 17:39:24+00:00,2026-09-16 17:39:26.585343+00:00,14.4,43.0,3956,3067.0,92.0,2363,2021.0,,833,804.0,30.8,2,estresada,propagada,-66,
2146,maceta-01,2145,38,1.1.0,2026-09-16 17:39:54+00:00,2026-09-16 17:39:56.785257+00:00,14.4,42.0,3965,3063.0,92.0,2373,2027.0,,831,803.0,30.9,2,estresada,propagada,-66,
2147,maceta-01,2146,38,1.1.0,2026-09-16 17:40:24+00:00,2026-09-16 17:40:26.550398+00:00,14.4,42.0,3968,3069.0,93.0,2368,2024.0,,836,807.0,30.7,2,estresada,propagada,-66,
2148,maceta-01,2147,38,1.1.0,2026-09-16 17:40:54+00:00,2026-09-16 17:40:56.532613+00:00,14.4,42.0,3955,3063.0,92.0,2357,2018.0,,833,803.0,30.9,2,estresada,propagada,-66,
2149,maceta-01,2148,38,1.1.0,2026-09-16 17:41:24+00:00,2026-09-16 17:41:26.821645+00:00,14.4,42.0,3953,3069.0,93.0,2367,2029.0,,834,803.0,30.9,2,estresada,propagada,-66,
2150,maceta-01,2149,38,1.1.0,2026-09-16 17:41:54+00:00,2026-09-16 17:41:56.611280+00:00,14.4,43.0,3952,3067.0,92.0,2382,2032.0,,834,806.0,30.7,2,estresada,propagada,-67,
2151,maceta-01,2150,38,1.1.0,2026-09-16 17:42:24+00:00,2026-09-16 17:42:26.595729+00:00,14.4,43.0,3956,3067.0,92.0,2375,2036.0,,829,801.0,30.9,2,estresada,propagada,-66,
2152,maceta-01,2151,38,1.1.0,2026-09-16 17:42:54+00:00,2026-09-16 17:42:56.775039+00:00,14.4,43.0,3979,3070.0,93.0,2383,2035.0,,837,811.0,30.5,2,estresada,propagada,-66,
2153,maceta-01,2152,38,1.1.0,2026-09-16 17:43:24+00:00,2026-09-16 17:43:26.553709+00:00,14.4,43.0,3954,3068.0,92.0,2383,2036.0,,841,812.0,30.5,2,estresada,propagada,-66,
2154,maceta-01,2153,38,1.1.0,2026-09-16 17:43:54+00:00,2026-09-16 17:43:56.538282+00:00,14.4,43.0,3983,3066.0,92.0,2383,2037.0,,843,813.0,30.5,2,estresada,propagada,-66,
2155,maceta-01,2154,38,1.1.0,2026-09-16 17:44:24+00:00,2026-09-16 17:44:26.833114+00:00,14.4,43.0,3971,3069.0,93.0,2384,2036.0,,848,815.0,30.4,2,estresada,propagada,-66,
2156,maceta-01,2155,38,1.1.0,2026-09-16 17:44:54+00:00,2026-09-16 17:44:56.615975+00:00,14.8,43.0,3952,3065.0,92.0,2385,2038.0,,833,804.0,30.8,2,estresada,propagada,-66,
2157,maceta-01,2156,38,1.1.0,2026-09-16 17:45:24+00:00,2026-09-16 17:45:26.597766+00:00,14.4,43.0,3963,3069.0,93.0,2385,2038.0,,837,805.0,30.8,2,estresada,propagada,-66,
2158,maceta-01,2157,38,1.1.0,2026-09-16 17:45:54+00:00,2026-09-16 17:45:56.781153+00:00,14.4,43.0,3958,3068.0,92.0,2398,2042.0,,832,803.0,30.9,2,estresada,propagada,-66,
2159,maceta-01,2158,38,1.1.0,2026-09-16 17:46:24+00:00,2026-09-16 17:46:26.560359+00:00,14.4,43.0,3952,3070.0,93.0,2391,2049.0,,832,804.0,30.8,2,estresada,propagada,-66,
2160,maceta-01,2159,38,1.1.0,2026-09-16 17:46:54+00:00,2026-09-16 17:46:56.545756+00:00,14.4,43.0,3966,3065.0,92.0,2396,2049.0,,831,804.0,30.8,2,estresada,propagada,-66,
2161,maceta-01,2160,38,1.1.0,2026-09-16 17:47:24+00:00,2026-09-16 17:47:26.846227+00:00,14.4,43.0,3966,3070.0,93.0,2401,2045.0,,839,809.0,30.6,2,estresada,propagada,-66,
2162,maceta-01,2161,38,1.1.0,2026-09-16 17:47:54+00:00,2026-09-16 17:47:56.617399+00:00,14.8,43.0,3973,3068.0,92.0,2402,2051.0,,837,809.0,30.6,2,estresada,propagada,-67,
2163,maceta-01,2162,38,1.1.0,2026-09-16 17:48:24+00:00,2026-09-16 17:48:26.601382+00:00,14.8,43.0,3971,3069.0,93.0,2399,2052.0,,835,809.0,30.6,2,estresada,propagada,-67,
2164,maceta-01,2163,38,1.1.0,2026-09-16 17:48:54+00:00,2026-09-16 17:48:56.786069+00:00,14.8,43.0,3984,3071.0,93.0,2405,2053.0,,829,802.0,30.9,2,estresada,propagada,-66,
2165,maceta-01,2164,38,1.1.0,2026-09-16 17:49:24+00:00,2026-09-16 17:49:26.564226+00:00,14.4,43.0,3981,3071.0,93.0,2407,2061.0,,842,808.0,30.7,2,estresada,propagada,-66,
2166,maceta-01,2165,38,1.1.0,2026-09-16 17:49:54+00:00,2026-09-16 17:49:56.555740+00:00,14.4,43.0,3968,3071.0,93.0,2415,2063.0,,844,809.0,30.6,2,estresada,propagada,-67,
2167,maceta-01,2166,38,1.1.0,2026-09-16 17:50:24+00:00,2026-09-16 17:50:26.737034+00:00,14.5,43.0,3984,3069.0,93.0,2413,2060.0,,830,802.0,30.9,2,estresada,propagada,-66,
2168,maceta-01,2167,38,1.1.0,2026-09-16 17:50:54+00:00,2026-09-16 17:50:56.620686+00:00,14.4,43.0,3967,3073.0,93.0,2407,2055.0,,839,808.0,30.7,2,estresada,propagada,-67,
2169,maceta-01,2168,38,1.1.0,2026-09-16 17:51:24+00:00,2026-09-16 17:51:26.605000+00:00,14.4,43.0,3982,3069.0,93.0,2416,2066.0,,833,805.0,30.8,2,estresada,propagada,-66,
2170,maceta-01,2169,38,1.1.0,2026-09-16 17:51:54+00:00,2026-09-16 17:51:56.797860+00:00,14.4,43.0,3973,3070.0,93.0,2427,2060.0,,838,805.0,30.8,2,estresada,propagada,-66,
2171,maceta-01,2170,38,1.1.0,2026-09-16 17:52:24+00:00,2026-09-16 17:52:26.572678+00:00,14.4,43.0,3983,3073.0,93.0,2414,2064.0,,829,802.0,30.9,2,estresada,propagada,-66,
2172,maceta-01,2171,38,1.1.0,2026-09-16 17:52:54+00:00,2026-09-16 17:52:56.556002+00:00,14.4,43.0,3984,3071.0,93.0,2413,2068.0,,832,803.0,30.9,2,estresada,propagada,-66,
2173,maceta-01,2172,38,1.1.0,2026-09-16 17:53:24+00:00,2026-09-16 17:53:26.748206+00:00,14.4,43.0,3962,3069.0,93.0,2429,2063.0,,826,801.0,30.9,2,estresada,propagada,-66,
2174,maceta-01,2173,38,1.1.0,2026-09-16 17:53:54+00:00,2026-09-16 17:53:56.524011+00:00,14.4,43.0,3986,3073.0,93.0,2414,2064.0,,830,800.0,31.0,2,estresada,propagada,-66,
2175,maceta-01,2174,38,1.1.0,2026-09-16 17:54:24+00:00,2026-09-16 17:54:26.506874+00:00,14.4,43.0,3979,3072.0,93.0,2435,2056.0,,833,805.0,30.8,2,estresada,propagada,-66,
2176,maceta-01,2175,38,1.1.0,2026-09-16 17:54:54+00:00,2026-09-16 17:54:56.798897+00:00,14.4,43.0,3975,3071.0,93.0,2416,2067.0,,832,803.0,30.9,2,estresada,propagada,-66,
2177,maceta-01,2176,38,1.1.0,2026-09-16 17:55:24+00:00,2026-09-16 17:55:26.581947+00:00,14.4,43.0,3953,3069.0,93.0,2423,2068.0,,833,804.0,30.8,2,estresada,propagada,-66,
2178,maceta-01,2177,38,1.1.0,2026-09-16 17:55:54+00:00,2026-09-16 17:55:56.561624+00:00,14.4,43.0,3971,3076.0,93.0,2425,2072.0,,831,803.0,30.9,2,estresada,propagada,-67,
2179,maceta-01,2178,38,1.1.0,2026-09-16 17:56:24+00:00,2026-09-16 17:56:26.748028+00:00,14.4,43.0,3979,3071.0,93.0,2429,2066.0,,834,804.0,30.8,2,estresada,propagada,-66,
2180,maceta-01,2179,38,1.1.0,2026-09-16 17:56:54+00:00,2026-09-16 17:56:56.530466+00:00,14.4,43.0,3987,3069.0,93.0,2422,2065.0,,829,802.0,30.9,2,estresada,propagada,-66,
2181,maceta-01,2180,38,1.1.0,2026-09-16 17:57:24+00:00,2026-09-16 17:57:26.513058+00:00,14.4,43.0,3991,3072.0,93.0,2416,2064.0,,832,804.0,30.8,2,estresada,propagada,-67,
2182,maceta-01,2181,38,1.1.0,2026-09-16 17:57:54+00:00,2026-09-16 17:57:56.806083+00:00,14.4,43.0,3969,3074.0,93.0,2419,2065.0,,833,805.0,30.8,2,estresada,propagada,-67,
2183,maceta-01,2182,38,1.1.0,2026-09-16 17:58:24+00:00,2026-09-16 17:58:26.584815+00:00,14.4,43.0,3973,3074.0,93.0,2427,2069.0,,837,813.0,30.5,2,estresada,propagada,-67,
2184,maceta-01,2183,38,1.1.0,2026-09-16 17:58:54+00:00,2026-09-16 17:58:56.570374+00:00,14.5,43.0,3962,3071.0,93.0,2420,2076.0,,843,812.0,30.5,2,estresada,propagada,-67,
2185,maceta-01,2184,38,1.1.0,2026-09-16 17:59:24+00:00,2026-09-16 17:59:26.766677+00:00,14.4,43.0,3978,3074.0,93.0,2418,2072.0,,833,811.0,30.5,2,estresada,propagada,-67,
2186,maceta-01,2185,38,1.1.0,2026-09-16 17:59:54+00:00,2026-09-16 17:59:56.540203+00:00,14.4,43.0,3985,3075.0,93.0,2432,2069.0,,834,809.0,30.6,2,estresada,propagada,-67,
2187,maceta-01,2186,38,1.1.0,2026-09-16 18:00:24+00:00,2026-09-16 18:00:26.532632+00:00,14.8,43.0,3983,3076.0,93.0,2431,2076.0,,813,789.0,31.4,2,estresada,propagada,-67,
2188,maceta-01,2187,38,1.1.0,2026-09-16 18:00:54+00:00,2026-09-16 18:00:56.821491+00:00,14.8,43.0,3980,3075.0,93.0,2433,2076.0,,832,805.0,30.8,2,estresada,propagada,-71,
2189,maceta-01,2188,38,1.1.0,2026-09-16 18:01:24+00:00,2026-09-16 18:01:26.489916+00:00,14.8,43.0,3982,3077.0,93.0,2433,2076.0,,832,806.0,30.7,2,estresada,propagada,-66,
2190,maceta-01,2189,38,1.1.0,2026-09-16 18:01:54+00:00,2026-09-16 18:01:56.577647+00:00,14.5,43.0,3994,3076.0,93.0,2432,2079.0,,835,806.0,30.7,2,estresada,propagada,-67,
2191,maceta-01,2190,38,1.1.0,2026-09-16 18:02:24+00:00,2026-09-16 18:02:26.768369+00:00,14.8,43.0,3979,3075.0,93.0,2445,2082.0,,839,805.0,30.8,2,estresada,propagada,-66,
2192,maceta-01,2191,38,1.1.0,2026-09-16 18:02:54+00:00,2026-09-16 18:02:56.547886+00:00,14.8,43.0,3985,3076.0,93.0,2449,2089.0,,841,806.0,30.7,2,estresada,propagada,-66,
2193,maceta-01,2192,38,1.1.0,2026-09-16 18:03:24+00:00,2026-09-16 18:03:26.532870+00:00,14.8,43.0,3987,3075.0,93.0,2442,2089.0,,839,809.0,30.6,2,estresada,propagada,-66,
2194,maceta-01,2193,38,1.1.0,2026-09-16 18:03:54+00:00,2026-09-16 18:03:56.714824+00:00,14.8,43.0,3986,3078.0,93.0,2442,2086.0,,838,809.0,30.6,2,estresada,propagada,-66,
2195,maceta-01,2194,38,1.1.0,2026-09-16 18:04:24+00:00,2026-09-16 18:04:26.498842+00:00,14.8,43.0,3983,3079.0,93.0,2439,2089.0,,833,805.0,30.8,2,estresada,propagada,-66,
2196,maceta-01,2195,38,1.1.0,2026-09-16 18:04:54+00:00,2026-09-16 18:04:56.548991+00:00,14.8,43.0,3978,3076.0,93.0,2451,2089.0,,833,806.0,30.7,2,estresada,propagada,-66,
2197,maceta-01,2196,38,1.1.0,2026-09-16 18:05:24+00:00,2026-09-16 18:05:27.202993+00:00,14.8,43.0,3978,3079.0,93.0,2460,2101.0,,837,805.0,30.8,2,estresada,propagada,-67,
2198,maceta-01,2197,38,1.1.0,2026-09-16 18:05:54+00:00,2026-09-16 18:05:56.552394+00:00,14.8,43.0,3989,3071.0,93.0,2455,2097.0,,851,818.0,30.3,2,estresada,propagada,-66,
2199,maceta-01,2198,38,1.1.0,2026-09-16 18:06:24+00:00,2026-09-16 18:06:26.531692+00:00,14.8,43.0,3985,3079.0,93.0,2456,2099.0,,831,805.0,30.8,2,estresada,propagada,-67,
2200,maceta-01,2199,38,1.1.0,2026-09-16 18:06:54+00:00,2026-09-16 18:06:56.728358+00:00,14.8,43.0,3983,3077.0,93.0,2467,2101.0,,832,801.0,30.9,2,estresada,propagada,-67,
2201,maceta-01,2200,38,1.1.0,2026-09-16 18:07:24+00:00,2026-09-16 18:07:26.504967+00:00,14.8,43.0,3984,3075.0,93.0,2455,2102.0,,843,816.0,30.4,2,estresada,propagada,-67,
2202,maceta-01,2201,38,1.1.0,2026-09-16 18:07:54+00:00,2026-09-16 18:07:56.485664+00:00,14.8,43.0,3994,3077.0,93.0,2458,2095.0,,843,808.0,30.7,2,estresada,propagada,-67,
2203,maceta-01,2202,38,1.1.0,2026-09-16 18:08:24+00:00,2026-09-16 18:08:26.778298+00:00,14.8,43.0,3995,3080.0,93.0,2461,2102.0,,839,809.0,30.6,2,estresada,propagada,-67,
2204,maceta-01,2203,38,1.1.0,2026-09-16 18:08:54+00:00,2026-09-16 18:08:56.558743+00:00,14.8,43.0,4001,3076.0,93.0,2468,2104.0,,843,812.0,30.5,2,estresada,propagada,-67,
2205,maceta-01,2204,38,1.1.0,2026-09-16 18:09:24+00:00,2026-09-16 18:09:26.548391+00:00,14.8,43.0,3985,3076.0,93.0,2462,2106.0,,848,814.0,30.4,2,estresada,propagada,-67,
2206,maceta-01,2205,38,1.1.0,2026-09-16 18:09:54+00:00,2026-09-16 18:09:56.696321+00:00,14.8,43.0,3984,3082.0,93.0,2466,2107.0,,843,813.0,30.5,2,estresada,propagada,-67,
2207,maceta-01,2206,38,1.1.0,2026-09-16 18:10:24+00:00,2026-09-16 18:10:26.508728+00:00,14.8,43.0,3984,3083.0,93.0,2471,2110.0,,851,822.0,30.1,2,estresada,propagada,-67,
2208,maceta-01,2207,38,1.1.0,2026-09-16 18:10:54+00:00,2026-09-16 18:10:56.497282+00:00,14.8,43.0,3984,3083.0,93.0,2481,2109.0,,854,820.0,30.2,2,estresada,propagada,-66,
2209,maceta-01,2208,38,1.1.0,2026-09-16 18:11:24+00:00,2026-09-16 18:11:26.781568+00:00,14.8,43.0,3986,3082.0,93.0,2474,2111.0,,855,820.0,30.2,2,estresada,propagada,-67,
2210,maceta-01,2209,38,1.1.0,2026-09-16 18:11:54+00:00,2026-09-16 18:11:56.559657+00:00,14.8,43.0,4006,3080.0,93.0,2477,2111.0,,847,813.0,30.5,2,estresada,propagada,-67,
2211,maceta-01,2210,38,1.1.0,2026-09-16 18:12:24+00:00,2026-09-16 18:12:26.545063+00:00,14.8,43.0,3994,3078.0,93.0,2492,2115.0,,846,813.0,30.5,2,estresada,propagada,-67,
2212,maceta-01,2211,38,1.1.0,2026-09-16 18:12:54+00:00,2026-09-16 18:12:56.732425+00:00,14.8,43.0,4005,3082.0,93.0,2483,2120.0,,839,811.0,30.5,2,estresada,propagada,-67,
2213,maceta-01,2212,38,1.1.0,2026-09-16 18:13:24+00:00,2026-09-16 18:13:26.514052+00:00,14.8,43.0,3986,3080.0,93.0,2496,2119.0,,850,816.0,30.4,2,estresada,propagada,-67,
2214,maceta-01,2213,38,1.1.0,2026-09-16 18:13:54+00:00,2026-09-16 18:13:56.497936+00:00,14.8,43.0,3995,3078.0,93.0,2494,2127.0,,850,818.0,30.3,2,estresada,propagada,-67,
2215,maceta-01,2214,38,1.1.0,2026-09-16 18:14:24+00:00,2026-09-16 18:14:26.786718+00:00,14.8,43.0,4007,3083.0,93.0,2496,2120.0,,840,811.0,30.5,2,estresada,propagada,-67,
2216,maceta-01,2215,38,1.1.0,2026-09-16 18:14:54+00:00,2026-09-16 18:14:56.461565+00:00,14.8,43.0,4011,3082.0,93.0,2474,2114.0,,843,808.0,30.7,2,estresada,propagada,-67,
2217,maceta-01,2216,38,1.1.0,2026-09-16 18:15:24+00:00,2026-09-16 18:15:26.580853+00:00,14.8,43.0,3984,3079.0,93.0,2502,2131.0,,839,808.0,30.7,2,estresada,propagada,-67,
2218,maceta-01,2217,38,1.1.0,2026-09-16 18:15:54+00:00,2026-09-16 18:15:56.738764+00:00,14.8,43.0,3983,3077.0,93.0,2497,2130.0,,847,813.0,30.5,2,estresada,propagada,-67,
2219,maceta-01,2218,38,1.1.0,2026-09-16 18:16:24+00:00,2026-09-16 18:16:26.518408+00:00,14.8,43.0,4000,3083.0,93.0,2512,2130.0,,848,815.0,30.4,2,estresada,propagada,-67,
2220,maceta-01,2219,38,1.1.0,2026-09-16 18:16:54+00:00,2026-09-16 18:16:56.506070+00:00,14.8,43.0,4000,3083.0,93.0,2506,2130.0,,842,809.0,30.6,2,estresada,propagada,-67,
2221,maceta-01,2220,38,1.1.0,2026-09-16 18:17:24+00:00,2026-09-16 18:17:26.690642+00:00,14.4,43.0,4004,3082.0,93.0,2511,2133.0,,837,806.0,30.7,2,estresada,propagada,-67,
2222,maceta-01,2221,38,1.1.0,2026-09-16 18:17:54+00:00,2026-09-16 18:17:56.470576+00:00,14.4,43.0,4001,3083.0,93.0,2509,2135.0,,841,812.0,30.5,2,estresada,propagada,-67,
2223,maceta-01,2222,38,1.1.0,2026-09-16 18:18:24+00:00,2026-09-16 18:18:26.557254+00:00,14.8,43.0,4005,3084.0,93.0,2503,2137.0,,846,809.0,30.6,2,estresada,propagada,-67,
2224,maceta-01,2223,38,1.1.0,2026-09-16 18:18:54+00:00,2026-09-16 18:18:56.760118+00:00,14.8,43.0,4007,3087.0,93.0,2509,2134.0,,831,805.0,30.8,2,estresada,propagada,-67,
2225,maceta-01,2224,38,1.1.0,2026-09-16 18:19:24+00:00,2026-09-16 18:19:26.522459+00:00,14.8,43.0,4019,3080.0,93.0,2510,2139.0,,848,814.0,30.4,2,estresada,propagada,-67,
2226,maceta-01,2225,38,1.1.0,2026-09-16 18:19:54+00:00,2026-09-16 18:19:56.509752+00:00,14.8,43.0,4015,3089.0,93.0,2518,2140.0,,845,812.0,30.5,2,estresada,propagada,-67,
2227,maceta-01,2226,38,1.1.0,2026-09-16 18:20:24+00:00,2026-09-16 18:20:26.695483+00:00,14.8,43.0,4002,3087.0,93.0,2513,2144.0,,846,813.0,30.5,2,estresada,propagada,-67,
2228,maceta-01,2227,38,1.1.0,2026-09-16 18:20:54+00:00,2026-09-16 18:20:56.481061+00:00,14.8,43.0,4017,3090.0,93.0,2524,2147.0,,845,812.0,30.5,2,estresada,propagada,-67,
2229,maceta-01,2228,38,1.1.0,2026-09-16 18:21:24+00:00,2026-09-16 18:21:26.464259+00:00,14.8,43.0,4026,3086.0,93.0,2512,2140.0,,846,816.0,30.4,2,estresada,propagada,-67,
2230,maceta-01,2229,38,1.1.0,2026-09-16 18:21:54+00:00,2026-09-16 18:21:56.755484+00:00,14.8,43.0,4011,3089.0,93.0,2522,2146.0,,843,816.0,30.4,2,estresada,propagada,-67,
2231,maceta-01,2230,38,1.1.0,2026-09-16 18:22:24+00:00,2026-09-16 18:22:26.530126+00:00,15.2,43.0,4016,3094.0,93.0,2521,2154.0,,859,824.0,30.1,2,estresada,propagada,-67,
2232,maceta-01,2231,38,1.1.0,2026-09-16 18:22:54+00:00,2026-09-16 18:22:56.515489+00:00,15.2,43.0,3999,3091.0,93.0,2517,2152.0,,850,820.0,30.2,2,estresada,propagada,-67,
2233,maceta-01,2232,38,1.1.0,2026-09-16 18:23:24+00:00,2026-09-16 18:23:26.703855+00:00,14.8,43.0,4032,3095.0,93.0,2526,2154.0,,849,816.0,30.4,2,estresada,propagada,-67,
2234,maceta-01,2233,38,1.1.0,2026-09-16 18:23:54+00:00,2026-09-16 18:23:56.483406+00:00,14.8,43.0,4017,3096.0,93.0,2530,2158.0,,838,804.0,30.8,2,estresada,propagada,-67,
2235,maceta-01,2234,38,1.1.0,2026-09-16 18:24:24+00:00,2026-09-16 18:24:26.472516+00:00,14.8,43.0,4036,3101.0,93.0,2535,2155.0,,843,814.0,30.4,2,estresada,propagada,-67,
2236,maceta-01,2235,38,1.1.0,2026-09-16 18:24:54+00:00,2026-09-16 18:24:56.758561+00:00,14.8,43.0,4032,3096.0,93.0,2528,2154.0,,839,809.0,30.6,2,estresada,propagada,-67,
2237,maceta-01,2236,38,1.1.0,2026-09-16 18:25:24+00:00,2026-09-16 18:25:26.536614+00:00,14.8,43.0,4038,3099.0,93.0,2539,2160.0,,848,814.0,30.4,2,estresada,propagada,-67,
2238,maceta-01,2237,38,1.1.0,2026-09-16 18:25:54+00:00,2026-09-16 18:25:56.524558+00:00,14.8,43.0,4037,3096.0,93.0,2538,2161.0,,848,817.0,30.3,2,estresada,propagada,-67,
2239,maceta-01,2238,38,1.1.0,2026-09-16 18:26:24+00:00,2026-09-16 18:26:26.708133+00:00,14.8,43.0,4025,3100.0,93.0,2540,2160.0,,848,816.0,30.4,2,estresada,propagada,-66,
2240,maceta-01,2239,38,1.1.0,2026-09-16 18:26:54+00:00,2026-09-16 18:26:56.489228+00:00,14.8,43.0,4031,3098.0,93.0,2544,2155.0,,848,817.0,30.3,2,estresada,propagada,-66,
2241,maceta-01,2240,38,1.1.0,2026-09-16 18:27:24+00:00,2026-09-16 18:27:26.474038+00:00,14.8,43.0,4055,3100.0,93.0,2542,2163.0,,853,817.0,30.3,2,estresada,propagada,-67,
2242,maceta-01,2241,38,1.1.0,2026-09-16 18:27:54+00:00,2026-09-16 18:27:56.768931+00:00,14.9,43.0,4049,3101.0,93.0,2511,2140.0,,846,816.0,30.4,2,estresada,propagada,-67,
2243,maceta-01,2242,38,1.1.0,2026-09-16 18:28:24+00:00,2026-09-16 18:28:26.539046+00:00,14.8,43.0,4050,3103.0,94.0,2512,2146.0,,844,813.0,30.5,2,estresada,propagada,-66,
2244,maceta-01,2243,38,1.1.0,2026-09-16 18:28:54+00:00,2026-09-16 18:28:56.524647+00:00,14.8,43.0,4048,3098.0,93.0,2515,2150.0,,848,816.0,30.4,2,estresada,propagada,-66,
2245,maceta-01,2244,38,1.1.0,2026-09-16 18:29:24+00:00,2026-09-16 18:29:26.713669+00:00,15.2,43.0,4032,3098.0,93.0,2523,2150.0,,851,819.0,30.2,2,estresada,propagada,-66,
2246,maceta-01,2245,38,1.1.0,2026-09-16 18:29:54+00:00,2026-09-16 18:29:56.492334+00:00,14.8,43.0,4049,3099.0,93.0,2518,2144.0,,847,816.0,30.4,2,estresada,propagada,-67,
2247,maceta-01,2246,38,1.1.0,2026-09-16 18:30:24+00:00,2026-09-16 18:30:26.473997+00:00,14.8,43.0,4045,3099.0,93.0,2501,2133.0,,847,813.0,30.5,2,estresada,propagada,-67,
2248,maceta-01,2247,38,1.1.0,2026-09-16 18:30:54+00:00,2026-09-16 18:30:56.668113+00:00,14.8,43.0,4035,3098.0,93.0,2502,2133.0,,843,812.0,30.5,2,estresada,propagada,-66,
2249,maceta-01,2248,38,1.1.0,2026-09-16 18:31:24+00:00,2026-09-16 18:31:26.444918+00:00,14.8,43.0,4043,3098.0,93.0,2495,2130.0,,837,812.0,30.5,2,estresada,propagada,-66,
2250,maceta-01,2249,38,1.1.0,2026-09-16 18:31:54+00:00,2026-09-16 18:31:56.535201+00:00,15.2,43.0,4048,3104.0,94.0,2505,2138.0,,816,792.0,31.3,2,estresada,propagada,-67,
2251,maceta-01,2250,38,1.1.0,2026-09-16 18:32:24+00:00,2026-09-16 18:32:26.720948+00:00,14.8,43.0,4025,3098.0,93.0,2512,2140.0,,842,809.0,30.6,2,estresada,propagada,-66,
2252,maceta-01,2251,38,1.1.0,2026-09-16 18:32:54+00:00,2026-09-16 18:32:56.495461+00:00,14.8,43.0,4055,3098.0,93.0,2519,2141.0,,841,814.0,30.4,2,estresada,propagada,-66,
2253,maceta-01,2252,38,1.1.0,2026-09-16 18:33:24+00:00,2026-09-16 18:33:26.478847+00:00,14.8,43.0,4062,3103.0,94.0,2519,2140.0,,841,816.0,30.4,2,estresada,propagada,-66,
2254,maceta-01,2253,38,1.1.0,2026-09-16 18:33:54+00:00,2026-09-16 18:33:56.673071+00:00,14.8,43.0,4047,3103.0,94.0,2514,2141.0,,841,808.0,30.7,2,estresada,propagada,-67,
2255,maceta-01,2254,38,1.1.0,2026-09-16 18:34:24+00:00,2026-09-16 18:34:26.452223+00:00,14.8,43.0,4054,3101.0,93.0,2508,2137.0,,839,809.0,30.6,2,estresada,propagada,-66,
2256,maceta-01,2255,38,1.1.0,2026-09-16 18:34:54+00:00,2026-09-16 18:34:56.431554+00:00,14.8,43.0,4046,3103.0,94.0,2512,2138.0,,843,815.0,30.4,2,estresada,propagada,-67,
2257,maceta-01,2256,38,1.1.0,2026-09-16 18:35:24+00:00,2026-09-16 18:35:26.727389+00:00,14.8,43.0,4071,3104.0,94.0,2513,2142.0,,846,810.0,30.6,2,estresada,propagada,-66,
2258,maceta-01,2257,38,1.1.0,2026-09-16 18:35:54+00:00,2026-09-16 18:35:56.501258+00:00,15.2,43.0,4045,3104.0,94.0,2512,2142.0,,850,818.0,30.3,2,estresada,propagada,-66,
2259,maceta-01,2258,38,1.1.0,2026-09-16 18:36:24+00:00,2026-09-16 18:36:26.488159+00:00,15.2,43.0,4050,3107.0,94.0,2518,2143.0,,854,820.0,30.2,2,estresada,propagada,-67,
2260,maceta-01,2259,38,1.1.0,2026-09-16 18:36:54+00:00,2026-09-16 18:36:56.673615+00:00,15.2,43.0,4051,3103.0,94.0,2512,2141.0,,853,817.0,30.3,2,estresada,propagada,-66,
2261,maceta-01,2260,38,1.1.0,2026-09-16 18:37:24+00:00,2026-09-16 18:37:26.460471+00:00,15.7,43.0,4046,3105.0,94.0,2519,2146.0,,859,824.0,30.1,2,estresada,propagada,-67,
2262,maceta-01,2261,38,1.1.0,2026-09-16 18:37:54+00:00,2026-09-16 18:37:56.436586+00:00,15.7,43.0,4050,3112.0,94.0,2522,2149.0,,854,820.0,30.2,2,estresada,propagada,-66,
2263,maceta-01,2262,38,1.1.0,2026-09-16 18:38:24+00:00,2026-09-16 18:38:26.728174+00:00,15.7,43.0,4076,3107.0,94.0,2514,2141.0,,829,804.0,30.8,2,estresada,propagada,-67,
2264,maceta-01,2263,38,1.1.0,2026-09-16 18:38:54+00:00,2026-09-16 18:38:56.508863+00:00,15.2,43.0,4075,3109.0,94.0,2515,2142.0,,834,806.0,30.7,2,estresada,propagada,-67,
2265,maceta-01,2264,38,1.1.0,2026-09-16 18:39:24+00:00,2026-09-16 18:39:26.490946+00:00,15.2,43.0,4063,3110.0,94.0,2512,2144.0,,838,807.0,30.7,2,estresada,propagada,-67,
2266,maceta-01,2265,38,1.1.0,2026-09-16 18:39:54+00:00,2026-09-16 18:39:56.684787+00:00,15.2,43.0,4070,3109.0,94.0,2512,2151.0,,813,787.0,31.5,2,estresada,propagada,-67,
2267,maceta-01,2266,38,1.1.0,2026-09-16 18:40:24+00:00,2026-09-16 18:40:26.466707+00:00,15.2,43.0,4061,3113.0,94.0,2525,2145.0,,838,810.0,30.6,2,estresada,propagada,-67,
2268,maceta-01,2267,38,1.1.0,2026-09-16 18:40:54+00:00,2026-09-16 18:40:56.443742+00:00,15.2,43.0,4078,3113.0,94.0,2519,2148.0,,848,816.0,30.4,2,estresada,propagada,-67,
2269,maceta-01,2268,38,1.1.0,2026-09-16 18:41:24+00:00,2026-09-16 18:41:26.738379+00:00,15.2,43.0,4083,3117.0,94.0,2521,2146.0,,850,816.0,30.4,2,estresada,propagada,-67,
2270,maceta-01,2269,38,1.1.0,2026-09-16 18:41:54+00:00,2026-09-16 18:41:56.511001+00:00,15.2,43.0,4095,3118.0,94.0,2516,2142.0,,845,815.0,30.4,2,estresada,propagada,-67,luz_saturada
2271,maceta-01,2270,38,1.1.0,2026-09-16 18:42:24+00:00,2026-09-16 18:42:26.499757+00:00,15.2,43.0,4089,3117.0,94.0,2522,2149.0,,848,816.0,30.4,2,estresada,propagada,-67,
2272,maceta-01,2271,38,1.1.0,2026-09-16 18:42:54+00:00,2026-09-16 18:42:56.684982+00:00,15.2,43.0,4075,3115.0,94.0,2523,2152.0,,859,820.0,30.2,2,estresada,propagada,-67,
2273,maceta-01,2272,38,1.1.0,2026-09-16 18:43:24+00:00,2026-09-16 18:43:26.463773+00:00,15.2,43.0,4075,3124.0,94.0,2507,2145.0,,853,820.0,30.2,2,estresada,propagada,-67,
2274,maceta-01,2273,38,1.1.0,2026-09-16 18:43:54+00:00,2026-09-16 18:43:56.463849+00:00,15.7,43.0,4092,3123.0,94.0,2535,2149.0,,865,828.0,29.9,2,estresada,propagada,-66,
2275,maceta-01,2274,38,1.1.0,2026-09-16 18:44:24+00:00,2026-09-16 18:44:26.635899+00:00,15.7,43.0,4095,3124.0,94.0,2522,2146.0,,863,822.0,30.1,2,estresada,propagada,-66,luz_saturada
2276,maceta-01,2275,38,1.1.0,2026-09-16 18:44:54+00:00,2026-09-16 18:44:56.414407+00:00,15.7,43.0,4095,3124.0,94.0,2512,2146.0,,855,818.0,30.3,2,estresada,propagada,-67,luz_saturada
2277,maceta-01,2276,38,1.1.0,2026-09-16 18:45:24+00:00,2026-09-16 18:45:26.502436+00:00,15.6,43.0,4095,3124.0,94.0,2512,2147.0,,867,832.0,29.8,2,estresada,propagada,-67,luz_saturada
2278,maceta-01,2277,38,1.1.0,2026-09-16 18:45:54+00:00,2026-09-16 18:45:56.689495+00:00,15.7,43.0,4095,3124.0,94.0,2521,2143.0,,869,831.0,29.8,2,estresada,propagada,-67,luz_saturada
2279,maceta-01,2278,38,1.1.0,2026-09-16 18:46:24+00:00,2026-09-16 18:46:26.475697+00:00,15.7,43.0,4095,3124.0,94.0,2517,2142.0,,869,838.0,29.5,2,estresada,propagada,-67,luz_saturada
2280,maceta-01,2279,38,1.1.0,2026-09-16 18:46:54+00:00,2026-09-16 18:46:56.450706+00:00,15.7,43.0,4095,3124.0,94.0,2518,2146.0,,862,828.0,29.9,2,estresada,propagada,-67,luz_saturada
2281,maceta-01,2280,38,1.1.0,2026-09-16 18:47:24+00:00,2026-09-16 18:47:26.640644+00:00,15.7,43.0,4095,3124.0,94.0,2512,2140.0,,874,839.0,29.5,2,estresada,propagada,-67,luz_saturada
2282,maceta-01,2281,38,1.1.0,2026-09-16 18:47:54+00:00,2026-09-16 18:47:56.421555+00:00,15.7,43.0,4095,3124.0,94.0,2517,2142.0,,871,833.0,29.7,2,estresada,propagada,-67,luz_saturada
2283,maceta-01,2282,38,1.1.0,2026-09-16 18:48:24+00:00,2026-09-16 18:48:26.707207+00:00,15.7,43.0,4095,3124.0,94.0,2526,2146.0,,877,836.0,29.6,2,estresada,propagada,-67,luz_saturada
2284,maceta-01,2283,38,1.1.0,2026-09-16 18:48:54+00:00,2026-09-16 18:48:56.494021+00:00,15.7,43.0,4095,3124.0,94.0,2523,2145.0,,865,831.0,29.8,2,estresada,propagada,-67,luz_saturada
2285,maceta-01,2284,38,1.1.0,2026-09-16 18:49:24+00:00,2026-09-16 18:49:26.480358+00:00,15.7,43.0,4095,3124.0,94.0,2521,2144.0,,857,827.0,29.9,2,estresada,propagada,-67,luz_saturada
2286,maceta-01,2285,38,1.1.0,2026-09-16 18:49:54+00:00,2026-09-16 18:49:56.668327+00:00,15.2,43.0,4095,3124.0,94.0,2519,2145.0,,863,828.0,29.9,2,estresada,propagada,-68,luz_saturada
2287,maceta-01,2286,38,1.1.0,2026-09-16 18:50:24+00:00,2026-09-16 18:50:26.444760+00:00,15.3,43.0,4095,3124.0,94.0,2513,2147.0,,867,834.0,29.7,2,estresada,propagada,-66,luz_saturada
2288,maceta-01,2287,38,1.1.0,2026-09-16 18:50:54+00:00,2026-09-16 18:50:56.426513+00:00,15.7,43.0,4095,3124.0,94.0,2519,2145.0,,859,824.0,30.1,2,estresada,propagada,-67,luz_saturada
2289,maceta-01,2288,38,1.1.0,2026-09-16 18:51:24+00:00,2026-09-16 18:51:26.616554+00:00,15.7,43.0,4089,3124.0,94.0,2515,2144.0,,864,828.0,29.9,2,estresada,propagada,-67,
2290,maceta-01,2289,38,1.1.0,2026-09-16 18:51:54+00:00,2026-09-16 18:51:56.392596+00:00,15.7,43.0,4095,3124.0,94.0,2520,2142.0,,879,843.0,29.3,2,estresada,propagada,-66,luz_saturada
2291,maceta-01,2290,38,1.1.0,2026-09-16 18:52:24+00:00,2026-09-16 18:52:26.684537+00:00,15.7,43.0,4095,3124.0,94.0,2517,2147.0,,873,839.0,29.5,2,estresada,propagada,-67,luz_saturada
2292,maceta-01,2291,38,1.1.0,2026-09-16 18:52:54+00:00,2026-09-16 18:52:56.471136+00:00,15.7,43.0,4095,3124.0,94.0,2521,2147.0,,867,832.0,29.8,2,estresada,propagada,-67,luz_saturada
2293,maceta-01,2292,38,1.1.0,2026-09-16 18:53:24+00:00,2026-09-16 18:53:26.458138+00:00,15.7,43.0,4095,3122.0,94.0,2525,2151.0,,857,828.0,29.9,2,estresada,propagada,-67,luz_saturada
2294,maceta-01,2293,38,1.1.0,2026-09-16 18:53:54+00:00,2026-09-16 18:53:56.634204+00:00,15.7,43.0,4080,3121.0,94.0,2517,2149.0,,876,837.0,29.6,2,estresada,propagada,-67,
2295,maceta-01,2294,38,1.1.0,2026-09-16 18:54:24+00:00,2026-09-16 18:54:26.518808+00:00,15.7,43.0,4095,3118.0,94.0,2512,2145.0,,871,834.0,29.7,2,estresada,propagada,-68,luz_saturada
2296,maceta-01,2295,38,1.1.0,2026-09-16 18:54:54+00:00,2026-09-16 18:54:56.399367+00:00,15.7,43.0,4095,3120.0,94.0,2509,2142.0,,846,812.0,30.5,2,estresada,propagada,-67,luz_saturada
2297,maceta-01,2296,38,1.1.0,2026-09-16 18:55:24+00:00,2026-09-16 18:55:28.021974+00:00,15.7,43.0,4086,3124.0,94.0,2519,2142.0,,877,837.0,29.6,2,estresada,propagada,-67,
2298,maceta-01,2297,38,1.1.0,2026-09-16 18:55:56+00:00,2026-09-16 18:55:58.518214+00:00,15.7,43.0,4074,3118.0,94.0,2512,2140.0,,879,842.0,29.4,2,estresada,propagada,-67,
2299,maceta-01,2298,38,1.1.0,2026-09-16 18:56:24+00:00,2026-09-16 18:56:26.656719+00:00,15.7,43.0,4095,3120.0,94.0,2519,2145.0,,881,841.0,29.4,2,estresada,propagada,-67,luz_saturada
2300,maceta-01,2299,38,1.1.0,2026-09-16 18:56:54+00:00,2026-09-16 18:56:56.437875+00:00,15.7,43.0,4095,3124.0,94.0,2515,2140.0,,878,840.0,29.5,2,estresada,propagada,-67,luz_saturada
2301,maceta-01,2300,38,1.1.0,2026-09-16 18:57:24+00:00,2026-09-16 18:57:26.422749+00:00,15.7,43.0,4095,3124.0,94.0,2511,2140.0,,880,838.0,29.5,2,estresada,propagada,-67,luz_saturada
2302,maceta-01,2301,38,1.1.0,2026-09-16 18:57:54+00:00,2026-09-16 18:57:56.716631+00:00,15.7,43.0,4095,3124.0,94.0,2511,2131.0,,866,835.0,29.6,2,estresada,propagada,-66,luz_saturada
2303,maceta-01,2302,38,1.1.0,2026-09-16 18:58:24+00:00,2026-09-16 18:58:26.503106+00:00,15.7,43.0,4095,3124.0,94.0,2501,2140.0,,866,832.0,29.8,2,estresada,propagada,-67,luz_saturada
2304,maceta-01,2303,38,1.1.0,2026-09-16 18:58:54+00:00,2026-09-16 18:58:56.474920+00:00,15.7,43.0,4095,3124.0,94.0,2514,2140.0,,863,831.0,29.8,2,estresada,propagada,-66,luz_saturada
2305,maceta-01,2304,38,1.1.0,2026-09-16 18:59:24+00:00,2026-09-16 18:59:26.671801+00:00,15.7,43.0,4095,3124.0,94.0,2519,2142.0,,865,832.0,29.8,2,estresada,propagada,-66,luz_saturada
2306,maceta-01,2305,38,1.1.0,2026-09-16 18:59:54+00:00,2026-09-16 18:59:56.448365+00:00,15.7,43.0,4095,3124.0,94.0,2509,2139.0,,875,839.0,29.5,2,estresada,propagada,-68,luz_saturada
2307,maceta-01,2306,38,1.1.0,2026-09-16 19:00:24+00:00,2026-09-16 19:00:26.426491+00:00,15.7,43.0,4095,3124.0,94.0,2507,2135.0,,843,809.0,30.6,2,estresada,propagada,-67,luz_saturada
2308,maceta-01,2307,38,1.1.0,2026-09-16 19:00:54+00:00,2026-09-16 19:00:56.625148+00:00,15.7,43.0,4095,3120.0,94.0,2515,2144.0,,857,824.0,30.1,2,estresada,propagada,-66,luz_saturada
2309,maceta-01,2308,38,1.1.0,2026-09-16 19:01:24+00:00,2026-09-16 19:01:26.402097+00:00,15.7,43.0,4069,3117.0,94.0,2523,2148.0,,870,833.0,29.7,2,estresada,propagada,-67,
2310,maceta-01,2309,38,1.1.0,2026-09-16 19:01:54+00:00,2026-09-16 19:01:56.384139+00:00,15.7,43.0,4080,3117.0,94.0,2514,2142.0,,860,829.0,29.9,2,estresada,propagada,-66,
2311,maceta-01,2310,38,1.1.0,2026-09-16 19:02:24+00:00,2026-09-16 19:02:26.677225+00:00,15.7,43.0,4079,3115.0,94.0,2518,2146.0,,862,829.0,29.9,2,estresada,propagada,-66,
2312,maceta-01,2311,38,1.1.0,2026-09-16 19:02:54+00:00,2026-09-16 19:02:56.449743+00:00,15.7,43.0,4071,3117.0,94.0,2523,2147.0,,864,830.0,29.8,2,estresada,propagada,-66,
2313,maceta-01,2312,38,1.1.0,2026-09-16 19:03:24+00:00,2026-09-16 19:03:26.443224+00:00,15.2,43.0,4069,3116.0,94.0,2528,2151.0,,859,825.0,30.0,2,estresada,propagada,-66,
2314,maceta-01,2313,38,1.1.0,2026-09-16 19:03:54+00:00,2026-09-16 19:03:56.630781+00:00,15.7,43.0,4090,3120.0,94.0,2515,2142.0,,874,836.0,29.6,2,estresada,propagada,-66,
2315,maceta-01,2314,38,1.1.0,2026-09-16 19:04:24+00:00,2026-09-16 19:04:26.412491+00:00,15.7,43.0,4095,3120.0,94.0,2512,2144.0,,822,798.0,31.0,2,estresada,propagada,-66,luz_saturada
2316,maceta-01,2315,38,1.1.0,2026-09-16 19:04:54+00:00,2026-09-16 19:04:56.388795+00:00,15.2,43.0,4086,3120.0,94.0,2502,2140.0,,817,795.0,31.2,2,estresada,propagada,-66,
2317,maceta-01,2316,38,1.1.0,2026-09-16 19:05:24+00:00,2026-09-16 19:05:26.684067+00:00,15.2,43.0,4084,3120.0,94.0,2515,2134.0,,843,808.0,30.7,2,estresada,propagada,-66,
2318,maceta-01,2317,38,1.1.0,2026-09-16 19:05:54+00:00,2026-09-16 19:05:56.459488+00:00,15.2,43.0,4095,3124.0,94.0,2515,2144.0,,862,828.0,29.9,2,estresada,propagada,-67,luz_saturada
2319,maceta-01,2318,38,1.1.0,2026-09-16 19:06:24+00:00,2026-09-16 19:06:26.449080+00:00,15.2,43.0,4095,3124.0,94.0,2522,2141.0,,861,824.0,30.1,2,estresada,propagada,-66,luz_saturada
2320,maceta-01,2319,38,1.1.0,2026-09-16 19:06:54+00:00,2026-09-16 19:06:56.631969+00:00,15.2,43.0,4095,3124.0,94.0,2514,2147.0,,859,821.0,30.2,2,estresada,propagada,-66,luz_saturada
2321,maceta-01,2320,38,1.1.0,2026-09-16 19:07:24+00:00,2026-09-16 19:07:26.410170+00:00,15.2,43.0,4095,3124.0,94.0,2519,2146.0,,854,821.0,30.2,2,estresada,propagada,-66,luz_saturada
2322,maceta-01,2321,38,1.1.0,2026-09-16 19:07:54+00:00,2026-09-16 19:07:56.398987+00:00,15.2,43.0,4095,3124.0,94.0,2525,2150.0,,857,822.0,30.1,2,estresada,propagada,-66,luz_saturada
2323,maceta-01,2322,38,1.1.0,2026-09-16 19:08:24+00:00,2026-09-16 19:08:26.685984+00:00,15.7,43.0,4095,3124.0,94.0,2502,2138.0,,832,804.0,30.8,2,estresada,propagada,-66,luz_saturada
2324,maceta-01,2323,38,1.1.0,2026-09-16 19:08:54+00:00,2026-09-16 19:08:56.467533+00:00,15.7,43.0,4095,3124.0,94.0,2513,2141.0,,832,803.0,30.9,2,estresada,propagada,-69,luz_saturada
2325,maceta-01,2324,38,1.1.0,2026-09-16 19:09:24+00:00,2026-09-16 19:09:26.457931+00:00,15.7,43.0,4095,3124.0,94.0,2514,2148.0,,817,797.0,31.1,2,estresada,propagada,-66,luz_saturada
2326,maceta-01,2325,38,1.1.0,2026-09-16 19:09:54+00:00,2026-09-16 19:09:56.638348+00:00,15.7,43.0,4095,3124.0,94.0,2513,2142.0,,808,787.0,31.5,2,estresada,propagada,-66,luz_saturada
2327,maceta-01,2326,38,1.1.0,2026-09-16 19:10:24+00:00,2026-09-16 19:10:26.414885+00:00,15.2,43.0,4095,3124.0,94.0,2530,2145.0,,836,805.0,30.8,2,estresada,propagada,-66,luz_saturada
2328,maceta-01,2327,38,1.1.0,2026-09-16 19:10:54+00:00,2026-09-16 19:10:56.401239+00:00,15.2,43.0,4095,3124.0,94.0,2525,2150.0,,821,792.0,31.3,2,estresada,propagada,-66,luz_saturada
2329,maceta-01,2328,38,1.1.0,2026-09-16 19:11:24+00:00,2026-09-16 19:11:26.594371+00:00,15.2,43.0,4095,3124.0,94.0,2517,2146.0,,823,800.0,31.0,2,estresada,propagada,-66,luz_saturada
2330,maceta-01,2329,38,1.1.0,2026-09-16 19:11:54+00:00,2026-09-16 19:11:56.370614+00:00,15.2,43.0,4095,3124.0,94.0,2512,2138.0,,838,811.0,30.5,2,estresada,propagada,-66,luz_saturada
2331,maceta-01,2330,38,1.1.0,2026-09-16 19:12:24+00:00,2026-09-16 19:12:26.457928+00:00,15.2,43.0,4095,3124.0,94.0,2513,2147.0,,844,813.0,30.5,2,estresada,propagada,-66,luz_saturada
2332,maceta-01,2331,38,1.1.0,2026-09-16 19:12:54+00:00,2026-09-16 19:12:56.644860+00:00,15.2,43.0,4095,3124.0,94.0,2523,2142.0,,852,820.0,30.2,2,estresada,propagada,-66,luz_saturada
2333,maceta-01,2332,38,1.1.0,2026-09-16 19:13:24+00:00,2026-09-16 19:13:26.426638+00:00,15.2,43.0,4095,3124.0,94.0,2534,2146.0,,862,825.0,30.0,2,estresada,propagada,-66,luz_saturada
2334,maceta-01,2333,38,1.1.0,2026-09-16 19:13:54+00:00,2026-09-16 19:13:56.405944+00:00,15.2,43.0,4095,3124.0,94.0,2513,2142.0,,886,846.0,29.2,2,estresada,propagada,-67,luz_saturada
2335,maceta-01,2334,38,1.1.0,2026-09-16 19:14:24+00:00,2026-09-16 19:14:26.606121+00:00,15.2,43.0,4095,3124.0,94.0,2517,2139.0,,915,870.0,28.4,2,estresada,propagada,-67,luz_saturada
2336,maceta-01,2335,38,1.1.0,2026-09-16 19:14:54+00:00,2026-09-16 19:14:56.580663+00:00,15.7,43.0,4095,3124.0,94.0,2521,2148.0,,935,890.0,27.6,2,estresada,propagada,-67,luz_saturada
2337,maceta-01,2336,38,1.1.0,2026-09-16 19:15:24+00:00,2026-09-16 19:15:26.354793+00:00,16.6,43.0,4095,3124.0,94.0,2506,2140.0,,944,894.0,27.5,2,estresada,propagada,-67,luz_saturada
2338,maceta-01,2337,38,1.1.0,2026-09-16 19:15:54+00:00,2026-09-16 19:15:56.649872+00:00,17.8,43.0,4095,3124.0,94.0,2516,2147.0,,994,934.0,26.1,2,estresada,propagada,-67,luz_saturada
2339,maceta-01,2338,38,1.1.0,2026-09-16 19:16:24+00:00,2026-09-16 19:16:26.427775+00:00,19.0,43.0,4095,3124.0,94.0,2523,2146.0,,1006,941.0,25.9,2,estresada,propagada,-67,luz_saturada
2340,maceta-01,2339,38,1.1.0,2026-09-16 19:16:54+00:00,2026-09-16 19:16:56.413254+00:00,20.2,42.0,4095,3124.0,94.0,2517,2142.0,,1047,972.0,24.9,2,estresada,propagada,-67,luz_saturada
2341,maceta-01,2340,38,1.1.0,2026-09-16 19:17:24+00:00,2026-09-16 19:17:26.606443+00:00,21.8,40.0,4095,3124.0,94.0,2517,2148.0,,1023,956.0,25.4,2,estresada,propagada,-68,luz_saturada
2342,maceta-01,2341,38,1.1.0,2026-09-16 19:17:54+00:00,2026-09-16 19:17:56.386813+00:00,22.6,39.0,4095,3124.0,94.0,2518,2145.0,,1088,1007.0,23.7,2,estresada,propagada,-67,luz_saturada
2343,maceta-01,2342,38,1.1.0,2026-09-16 19:18:24+00:00,2026-09-16 19:18:26.670911+00:00,23.4,38.0,4095,3124.0,94.0,2507,2139.0,,1103,1018.0,23.4,2,estresada,propagada,-67,luz_saturada
2344,maceta-01,2343,38,1.1.0,2026-09-16 19:18:54+00:00,2026-09-16 19:18:56.453905+00:00,24.1,37.0,4095,3124.0,94.0,2511,2144.0,,1078,1000.0,24.0,2,estresada,propagada,-67,luz_saturada
2345,maceta-01,2344,38,1.1.0,2026-09-16 19:19:24+00:00,2026-09-16 19:19:26.438368+00:00,24.5,36.0,4095,3124.0,94.0,2513,2141.0,,1125,1034.0,22.9,2,estresada,propagada,-69,luz_saturada
2346,maceta-01,2345,38,1.1.0,2026-09-16 19:19:54+00:00,2026-09-16 19:19:56.627837+00:00,24.8,35.0,4095,3124.0,94.0,2506,2136.0,,1072,995.0,24.1,2,estresada,propagada,-67,luz_saturada
2347,maceta-01,2346,38,1.1.0,2026-09-16 19:20:24+00:00,2026-09-16 19:20:26.399013+00:00,25.3,35.0,4095,3124.0,94.0,2507,2140.0,,1079,997.0,24.1,2,estresada,propagada,-67,luz_saturada
2348,maceta-01,2347,38,1.1.0,2026-09-16 19:20:54+00:00,2026-09-16 19:20:56.395689+00:00,25.8,34.0,4095,3124.0,94.0,2509,2137.0,,959,906.0,27.1,2,estresada,propagada,-68,luz_saturada
2349,maceta-01,2348,38,1.1.0,2026-09-16 19:21:24+00:00,2026-09-16 19:21:26.577233+00:00,24.8,33.0,4095,3124.0,94.0,2503,2139.0,,983,922.0,26.5,2,estresada,propagada,-67,luz_saturada
2350,maceta-01,2349,38,1.1.0,2026-09-16 19:21:54+00:00,2026-09-16 19:21:56.359842+00:00,24.1,33.0,4095,3124.0,94.0,2492,2134.0,,1067,991.0,24.2,2,estresada,propagada,-67,luz_saturada
2351,maceta-01,2350,38,1.1.0,2026-09-16 19:22:24+00:00,2026-09-16 19:22:27.667634+00:00,24.5,34.0,4095,3124.0,94.0,2496,2124.0,,1085,1007.0,23.7,2,estresada,propagada,-68,luz_saturada
2352,maceta-01,2351,38,1.1.0,2026-09-16 19:22:54+00:00,2026-09-16 19:23:02.874242+00:00,24.5,34.0,4095,3124.0,94.0,2496,2123.0,,1087,1007.0,23.7,2,estresada,propagada,-67,luz_saturada
2353,maceta-01,2352,38,1.1.0,2026-09-16 19:23:24+00:00,2026-09-16 19:23:29.274306+00:00,24.8,34.0,4095,3124.0,94.0,2497,2126.0,,1095,1011.0,23.6,2,estresada,propagada,-68,luz_saturada
2354,maceta-01,2353,38,1.1.0,2026-09-16 19:23:54+00:00,2026-09-16 19:24:03.053403+00:00,25.3,33.0,4095,3124.0,94.0,2498,2126.0,,1111,1028.0,23.1,2,estresada,propagada,-68,luz_saturada
2355,maceta-01,2354,38,1.1.0,2026-09-16 19:24:24+00:00,2026-09-16 19:24:30.677543+00:00,25.3,33.0,4095,3124.0,94.0,2495,2123.0,,1138,1046.0,22.5,2,estresada,propagada,-68,luz_saturada
2356,maceta-01,2355,38,1.1.0,2026-09-16 19:24:54+00:00,2026-09-16 19:24:58.818004+00:00,25.8,33.0,4095,3124.0,94.0,2489,2123.0,,1144,1055.0,22.2,2,estresada,propagada,-68,luz_saturada
2357,maceta-01,2356,38,1.1.0,2026-09-16 19:25:24+00:00,2026-09-16 19:25:27.787543+00:00,25.8,33.0,4095,3124.0,94.0,2483,2115.0,,1152,1057.0,22.2,2,estresada,propagada,-68,luz_saturada
2358,maceta-01,2357,38,1.1.0,2026-09-16 19:25:54+00:00,2026-09-16 19:25:57.968146+00:00,26.2,32.0,4095,3124.0,94.0,2483,2117.0,,1087,1006.0,23.8,2,estresada,propagada,-68,luz_saturada
2359,maceta-01,2358,38,1.1.0,2026-09-16 19:26:24+00:00,2026-09-16 19:26:29.210094+00:00,26.2,32.0,4095,3124.0,94.0,2476,2115.0,,1137,1046.0,22.5,2,estresada,propagada,-68,luz_saturada
2360,maceta-01,2359,38,1.1.0,2026-09-16 19:26:54+00:00,2026-09-16 19:27:02.339869+00:00,25.8,32.0,4095,3124.0,94.0,2477,2111.0,,1137,1046.0,22.5,2,estresada,propagada,-67,luz_saturada
2361,maceta-01,2360,38,1.1.0,2026-09-16 19:27:24+00:00,2026-09-16 19:27:28.837510+00:00,25.8,32.0,4095,3124.0,94.0,2471,2111.0,,1146,1048.0,22.4,2,estresada,propagada,-67,luz_saturada
2362,maceta-01,2361,38,1.1.0,2026-09-16 19:27:54+00:00,2026-09-16 19:28:00.358293+00:00,26.7,32.0,4095,3124.0,94.0,2474,2103.0,,1173,1078.0,21.5,2,estresada,propagada,-68,luz_saturada
2363,maceta-01,2362,38,1.1.0,2026-09-16 19:28:24+00:00,2026-09-16 19:28:30.893299+00:00,26.7,32.0,4095,3124.0,94.0,2466,2102.0,,1196,1091.0,21.1,2,estresada,propagada,-68,luz_saturada
2364,maceta-01,2363,38,1.1.0,2026-09-16 19:28:54+00:00,2026-09-16 19:29:01.347268+00:00,27.6,32.0,4095,3124.0,94.0,2458,2093.0,,1185,1084.0,21.3,2,estresada,propagada,-68,luz_saturada
2365,maceta-01,2364,38,1.1.0,2026-09-16 19:29:24+00:00,2026-09-16 19:29:27.547464+00:00,28.0,31.0,4095,3124.0,94.0,2457,2091.0,,1201,1096.0,21.0,2,estresada,propagada,-68,luz_saturada
2366,maceta-01,2365,38,1.1.0,2026-09-16 19:29:56+00:00,2026-09-16 19:30:02.849544+00:00,28.0,30.0,4095,3124.0,94.0,2454,2089.0,,1073,995.0,24.1,2,estresada,propagada,-67,luz_saturada
2367,maceta-01,2366,38,1.1.0,2026-09-16 19:30:26+00:00,2026-09-16 19:30:34.890701+00:00,27.6,30.0,4095,3124.0,94.0,2443,2084.0,,1087,1007.0,23.7,2,estresada,propagada,-67,luz_saturada
2368,maceta-01,2367,38,1.1.0,2026-09-16 19:30:54+00:00,2026-09-16 19:31:01.597066+00:00,27.6,30.0,4095,3124.0,94.0,2445,2084.0,,1149,1053.0,22.3,2,estresada,propagada,-68,luz_saturada
2369,maceta-01,2368,38,1.1.0,2026-09-16 19:31:26+00:00,2026-09-16 19:31:30.557851+00:00,27.1,30.0,4095,3124.0,94.0,2443,2079.0,,1165,1071.0,21.7,2,estresada,propagada,-67,luz_saturada
2370,maceta-01,2369,38,1.1.0,2026-09-16 19:31:54+00:00,2026-09-16 19:31:59.411881+00:00,27.1,30.0,4095,3124.0,94.0,2428,2080.0,,1191,1089.0,21.2,2,estresada,propagada,-68,luz_saturada
2371,maceta-01,2370,38,1.1.0,2026-09-16 19:32:26+00:00,2026-09-16 19:32:34.413165+00:00,27.1,30.0,4095,3124.0,94.0,2432,2076.0,,1183,1081.0,21.4,2,estresada,propagada,-70,luz_saturada
2372,maceta-01,2371,38,1.1.0,2026-09-16 19:32:54+00:00,2026-09-16 19:33:02.241648+00:00,27.6,30.0,4095,3124.0,94.0,2432,2077.0,,1170,1071.0,21.7,2,estresada,propagada,-68,luz_saturada
2373,maceta-01,2372,38,1.1.0,2026-09-16 19:33:24+00:00,2026-09-16 19:33:32.431903+00:00,27.6,30.0,4095,3124.0,94.0,2429,2074.0,,1178,1085.0,21.3,2,estresada,propagada,-67,luz_saturada
2374,maceta-01,2373,38,1.1.0,2026-09-16 19:33:57+00:00,2026-09-16 19:34:02.722574+00:00,27.6,30.0,4095,3124.0,94.0,2425,2067.0,,1103,1018.0,23.4,2,estresada,propagada,-67,luz_saturada
2375,maceta-01,2374,38,1.1.0,2026-09-16 19:34:25+00:00,2026-09-16 19:34:30.456001+00:00,27.6,30.0,4095,3124.0,94.0,2409,2064.0,,1155,1059.0,22.1,2,estresada,propagada,-67,luz_saturada
2376,maceta-01,2375,38,1.1.0,2026-09-16 19:34:55+00:00,2026-09-16 19:35:01.053421+00:00,27.6,29.0,4095,3124.0,94.0,2416,2053.0,,965,909.0,27.0,2,estresada,propagada,-67,luz_saturada
2377,maceta-01,2376,38,1.1.0,2026-09-16 19:35:25+00:00,2026-09-16 19:35:30.434549+00:00,27.1,30.0,4095,3124.0,94.0,2407,2052.0,,1036,962.0,25.2,2,estresada,propagada,-67,luz_saturada
2378,maceta-01,2377,38,1.1.0,2026-09-16 19:35:55+00:00,2026-09-16 19:35:58.975960+00:00,26.7,30.0,4095,3124.0,94.0,2406,2052.0,,1122,1033.0,22.9,2,estresada,propagada,-67,luz_saturada
2379,maceta-01,2378,38,1.1.0,2026-09-16 19:36:27+00:00,2026-09-16 19:36:28.956280+00:00,26.7,30.0,4095,3124.0,94.0,2401,2050.0,,1108,1025.0,23.2,2,estresada,propagada,-67,luz_saturada
2380,maceta-01,2379,38,1.1.0,2026-09-16 19:36:55+00:00,2026-09-16 19:36:56.793954+00:00,26.2,30.0,4095,3124.0,94.0,2398,2053.0,,1152,1057.0,22.2,2,estresada,propagada,-67,luz_saturada
2381,maceta-01,2380,38,1.1.0,2026-09-16 19:37:25+00:00,2026-09-16 19:37:27.081458+00:00,26.7,30.0,4095,3124.0,94.0,2399,2050.0,,1171,1070.0,21.8,2,estresada,propagada,-67,luz_saturada
2382,maceta-01,2381,38,1.1.0,2026-09-16 19:37:55+00:00,2026-09-16 19:37:56.967884+00:00,27.1,30.0,4095,3124.0,94.0,2407,2049.0,,1046,975.0,24.8,2,estresada,propagada,-67,luz_saturada
2383,maceta-01,2382,38,1.1.0,2026-09-16 19:38:25+00:00,2026-09-16 19:38:26.643651+00:00,26.7,30.0,4095,3124.0,94.0,2394,2049.0,,1051,978.0,24.7,2,estresada,propagada,-67,luz_saturada
2384,maceta-01,2383,38,1.1.0,2026-09-16 19:38:55+00:00,2026-09-16 19:38:58.055374+00:00,26.2,30.0,4095,3124.0,94.0,2389,2041.0,,1166,1069.0,21.8,2,estresada,propagada,-67,luz_saturada
2385,maceta-01,2384,38,1.1.0,2026-09-16 19:39:27+00:00,2026-09-16 19:39:31.418358+00:00,25.8,30.0,4095,3124.0,94.0,2385,2038.0,,1163,1065.0,21.9,2,estresada,propagada,-68,luz_saturada
2386,maceta-01,2385,38,1.1.0,2026-09-16 19:39:55+00:00,2026-09-16 19:39:57.615376+00:00,26.2,31.0,4095,3124.0,94.0,2381,2038.0,,1157,1064.0,22.0,2,estresada,propagada,-67,luz_saturada
2387,maceta-01,2386,38,1.1.0,2026-09-16 19:40:25+00:00,2026-09-16 19:40:26.986929+00:00,26.2,30.0,4095,3124.0,94.0,2375,2037.0,,1163,1066.0,21.9,2,estresada,propagada,-67,luz_saturada
2388,maceta-01,2387,38,1.1.0,2026-09-16 19:40:55+00:00,2026-09-16 19:40:58.410944+00:00,26.7,30.0,4095,3124.0,94.0,2382,2034.0,,1040,969.0,25.0,2,estresada,propagada,-67,luz_saturada
2389,maceta-01,2388,38,1.1.0,2026-09-16 19:41:25+00:00,2026-09-16 19:41:29.928841+00:00,26.2,30.0,4095,3124.0,94.0,2358,2021.0,,1145,1054.0,22.3,2,estresada,propagada,-67,luz_saturada
2390,maceta-01,2389,38,1.1.0,2026-09-16 19:41:55+00:00,2026-09-16 19:41:58.676724+00:00,26.2,30.0,4095,3124.0,94.0,2359,2013.0,,1010,944.0,25.8,2,estresada,propagada,-67,luz_saturada
2391,maceta-01,2390,38,1.1.0,2026-09-16 19:42:25+00:00,2026-09-16 19:42:26.924881+00:00,25.8,30.0,4095,3124.0,94.0,2352,2015.0,,1008,941.0,25.9,2,estresada,propagada,-67,luz_saturada
2392,maceta-01,2391,38,1.1.0,2026-09-16 19:42:55+00:00,2026-09-16 19:42:56.599906+00:00,25.8,30.0,4095,3124.0,94.0,2359,2015.0,,1079,995.0,24.1,2,estresada,propagada,-68,luz_saturada
2393,maceta-01,2392,38,1.1.0,2026-09-16 19:43:25+00:00,2026-09-16 19:43:26.705426+00:00,25.8,30.0,4095,3124.0,94.0,2367,2024.0,,1136,1046.0,22.5,2,estresada,propagada,-67,luz_saturada
2394,maceta-01,2393,38,1.1.0,2026-09-16 19:43:55+00:00,2026-09-16 19:43:56.871968+00:00,25.8,30.0,4095,3124.0,94.0,2362,2023.0,,1126,1038.0,22.8,2,estresada,propagada,-66,luz_saturada
2395,maceta-01,2394,38,1.1.0,2026-09-16 19:44:25+00:00,2026-09-16 19:44:26.652418+00:00,25.8,30.0,4095,3124.0,94.0,2357,2015.0,,1135,1046.0,22.5,2,estresada,propagada,-67,luz_saturada
2396,maceta-01,2395,38,1.1.0,2026-09-16 19:44:55+00:00,2026-09-16 19:44:56.637047+00:00,26.2,31.0,4095,3124.0,94.0,2363,2014.0,,1169,1072.0,21.7,2,estresada,propagada,-67,luz_saturada
2397,maceta-01,2396,38,1.1.0,2026-09-16 19:45:25+00:00,2026-09-16 19:45:26.932566+00:00,26.2,30.0,4095,3124.0,94.0,2347,2007.0,,1164,1069.0,21.8,2,estresada,propagada,-67,luz_saturada
2398,maceta-01,2397,38,1.1.0,2026-09-16 19:45:55+00:00,2026-09-16 19:45:56.612609+00:00,25.8,30.0,4095,3124.0,94.0,2341,2006.0,,1161,1067.0,21.9,2,estresada,propagada,-67,luz_saturada
2399,maceta-01,2398,38,1.1.0,2026-09-16 19:46:25+00:00,2026-09-16 19:46:26.792672+00:00,25.3,30.0,4095,3124.0,94.0,2343,2006.0,,1155,1059.0,22.1,2,estresada,propagada,-67,luz_saturada
2400,maceta-01,2399,38,1.1.0,2026-09-16 19:46:55+00:00,2026-09-16 19:46:56.877819+00:00,25.3,30.0,4095,3124.0,94.0,2322,1987.0,,1170,1074.0,21.6,2,estresada,propagada,-67,luz_saturada
2401,maceta-01,2400,38,1.1.0,2026-09-16 19:47:25+00:00,2026-09-16 19:47:26.655095+00:00,25.8,30.0,4095,3124.0,94.0,2329,2001.0,,1143,1051.0,22.4,2,estresada,propagada,-67,luz_saturada
2402,maceta-01,2401,38,1.1.0,2026-09-16 19:47:55+00:00,2026-09-16 19:47:56.646460+00:00,26.2,30.0,4095,3124.0,94.0,2343,2003.0,,1116,1026.0,23.1,2,estresada,propagada,-67,luz_saturada
2403,maceta-01,2402,38,1.1.0,2026-09-16 19:48:25+00:00,2026-09-16 19:48:26.835110+00:00,26.7,30.0,4095,3124.0,94.0,2332,2001.0,,1133,1042.0,22.6,2,estresada,propagada,-67,luz_saturada
2404,maceta-01,2403,38,1.1.0,2026-09-16 19:48:55+00:00,2026-09-16 19:48:56.608460+00:00,26.7,30.0,4095,3124.0,94.0,2325,1987.0,,1178,1078.0,21.5,2,estresada,propagada,-67,luz_saturada
2405,maceta-01,2404,38,1.1.0,2026-09-16 19:49:25+00:00,2026-09-16 19:49:26.690426+00:00,26.7,29.0,4095,3124.0,94.0,2320,1987.0,,1184,1086.0,21.3,2,estresada,propagada,-67,luz_saturada
2406,maceta-01,2405,38,1.1.0,2026-09-16 19:49:55+00:00,2026-09-16 19:49:56.988216+00:00,26.7,29.0,4095,3124.0,94.0,2318,1992.0,,1171,1077.0,21.6,2,estresada,propagada,-67,luz_saturada
2407,maceta-01,2406,38,1.1.0,2026-09-16 19:50:25+00:00,2026-09-16 19:50:26.659175+00:00,26.7,30.0,4095,3124.0,94.0,2321,1987.0,,1122,1034.0,22.9,2,estresada,propagada,-66,luz_saturada
2408,maceta-01,2407,38,1.1.0,2026-09-16 19:50:55+00:00,2026-09-16 19:50:56.644881+00:00,27.1,29.0,4095,3124.0,94.0,2321,1988.0,,1110,1024.0,23.2,2,estresada,propagada,-66,luz_saturada
2409,maceta-01,2408,38,1.1.0,2026-09-16 19:51:25+00:00,2026-09-16 19:51:26.833628+00:00,26.2,29.0,4095,3124.0,94.0,2321,1987.0,,1054,982.0,24.5,2,estresada,propagada,-66,luz_saturada
2410,maceta-01,2409,38,1.1.0,2026-09-16 19:51:54+00:00,2026-09-16 19:51:56.609276+00:00,26.2,29.0,4095,3124.0,94.0,2321,1989.0,,1066,991.0,24.2,2,estresada,propagada,-66,luz_saturada
2411,maceta-01,2410,38,1.1.0,2026-09-16 19:52:24+00:00,2026-09-16 19:52:26.596047+00:00,26.7,29.0,4095,3124.0,94.0,2311,1977.0,,1128,1042.0,22.6,2,estresada,propagada,-67,luz_saturada
2412,maceta-01,2411,38,1.1.0,2026-09-16 19:52:54+00:00,2026-09-16 19:52:56.909786+00:00,26.7,29.0,4095,3124.0,94.0,2288,1967.0,,1085,1000.0,24.0,2,estresada,propagada,-66,luz_saturada
2413,maceta-01,2412,38,1.1.0,2026-09-16 19:53:24+00:00,2026-09-16 19:53:26.666600+00:00,26.7,29.0,4095,3124.0,94.0,2307,1978.0,,1041,969.0,25.0,2,estresada,propagada,-67,luz_saturada
2414,maceta-01,2413,38,1.1.0,2026-09-16 19:53:54+00:00,2026-09-16 19:53:56.653491+00:00,26.7,29.0,4095,3124.0,94.0,2313,1983.0,,1104,1020.0,23.3,2,estresada,propagada,-66,luz_saturada
2415,maceta-01,2414,38,1.1.0,2026-09-16 19:54:24+00:00,2026-09-16 19:54:26.845136+00:00,26.3,29.0,4095,3124.0,94.0,2314,1976.0,,1085,1000.0,24.0,2,estresada,propagada,-66,luz_saturada
2416,maceta-01,2415,38,1.1.0,2026-09-16 19:54:54+00:00,2026-09-16 19:54:56.616225+00:00,26.7,29.0,4095,3124.0,94.0,2309,1977.0,,1154,1058.0,22.1,2,estresada,propagada,-67,luz_saturada
2417,maceta-01,2416,38,1.1.0,2026-09-16 19:55:24+00:00,2026-09-16 19:55:26.603465+00:00,26.7,29.0,4095,3124.0,94.0,2316,1980.0,,1146,1056.0,22.2,2,estresada,propagada,-66,luz_saturada
2418,maceta-01,2417,38,1.1.0,2026-09-16 19:55:54+00:00,2026-09-16 19:55:56.899781+00:00,26.7,29.0,4095,3124.0,94.0,2306,1975.0,,1182,1078.0,21.5,2,estresada,propagada,-66,luz_saturada
2419,maceta-01,2418,38,1.1.0,2026-09-16 19:56:24+00:00,2026-09-16 19:56:26.675883+00:00,26.7,29.0,4095,3124.0,94.0,2319,1979.0,,1168,1071.0,21.7,2,estresada,propagada,-66,luz_saturada
2420,maceta-01,2419,38,1.1.0,2026-09-16 19:56:54+00:00,2026-09-16 19:56:56.657250+00:00,26.7,29.0,4095,3124.0,94.0,2303,1975.0,,1168,1069.0,21.8,2,estresada,propagada,-67,luz_saturada
2421,maceta-01,2420,38,1.1.0,2026-09-16 19:57:24+00:00,2026-09-16 19:57:26.848612+00:00,26.7,29.0,4095,3124.0,94.0,2307,1979.0,,1142,1052.0,22.3,2,estresada,propagada,-66,luz_saturada
2422,maceta-01,2421,38,1.1.0,2026-09-16 19:57:54+00:00,2026-09-16 19:57:56.620382+00:00,27.1,29.0,4095,3124.0,94.0,2291,1970.0,,1121,1034.0,22.9,2,estresada,propagada,-66,luz_saturada
2423,maceta-01,2422,38,1.1.0,2026-09-16 19:58:24+00:00,2026-09-16 19:58:26.607260+00:00,26.7,29.0,4095,3124.0,94.0,2300,1967.0,,1123,1035.0,22.8,2,estresada,propagada,-66,luz_saturada
2424,maceta-01,2423,38,1.1.0,2026-09-16 19:58:54+00:00,2026-09-16 19:58:58.963868+00:00,26.2,28.0,4095,3124.0,94.0,2301,1967.0,,1152,1056.0,22.2,2,estresada,propagada,-66,luz_saturada
2425,maceta-01,2424,38,1.1.0,2026-09-16 19:59:24+00:00,2026-09-16 19:59:26.576896+00:00,26.7,29.0,4095,3124.0,94.0,2293,1967.0,,1104,1021.0,23.3,2,estresada,propagada,-67,luz_saturada
2426,maceta-01,2425,38,1.1.0,2026-09-16 19:59:54+00:00,2026-09-16 19:59:56.665965+00:00,27.1,29.0,4095,3124.0,94.0,2304,1972.0,,1085,1000.0,24.0,2,estresada,propagada,-66,luz_saturada
2427,maceta-01,2426,38,1.1.0,2026-09-16 20:00:24+00:00,2026-09-16 20:00:26.852484+00:00,27.1,29.0,4095,3124.0,94.0,2287,1970.0,,1103,1020.0,23.3,2,estresada,propagada,-66,luz_saturada
2428,maceta-01,2427,38,1.1.0,2026-09-16 20:00:54+00:00,2026-09-16 20:00:56.626959+00:00,26.7,29.0,4095,3124.0,94.0,2288,1970.0,,1150,1055.0,22.2,2,estresada,propagada,-66,luz_saturada
2429,maceta-01,2428,38,1.1.0,2026-09-16 20:01:24+00:00,2026-09-16 20:01:26.721734+00:00,26.7,29.0,4095,3124.0,94.0,2291,1969.0,,1155,1061.0,22.0,2,estresada,propagada,-66,luz_saturada
2430,maceta-01,2429,38,1.1.0,2026-09-16 20:01:54+00:00,2026-09-16 20:01:57.115734+00:00,26.7,29.0,4095,3124.0,94.0,2287,1966.0,,1152,1057.0,22.2,2,estresada,propagada,-67,luz_saturada
2431,maceta-01,2430,38,1.1.0,2026-09-16 20:02:24+00:00,2026-09-16 20:02:26.592208+00:00,27.1,28.0,4095,3124.0,94.0,2288,1963.0,,963,906.0,27.1,2,estresada,propagada,-66,luz_saturada
2432,maceta-01,2431,38,1.1.0,2026-09-16 20:02:54+00:00,2026-09-16 20:03:06.503441+00:00,26.2,28.0,4095,3124.0,94.0,2284,1959.0,,976,920.0,26.6,2,estresada,propagada,-64,luz_saturada
2433,maceta-01,2432,38,1.1.0,2026-09-16 20:03:24+00:00,2026-09-16 20:03:32.503558+00:00,25.3,28.0,4095,3124.0,94.0,2291,1958.0,,1040,969.0,25.0,2,estresada,propagada,-66,luz_saturada
2434,maceta-01,2433,38,1.1.0,2026-09-16 20:03:56+00:00,2026-09-16 20:04:10.964696+00:00,25.3,29.0,4095,3124.0,94.0,2284,1962.0,,995,930.0,26.3,2,estresada,propagada,-66,luz_saturada
2435,maceta-01,2434,38,1.1.0,2026-09-16 20:04:24+00:00,2026-09-16 20:04:31.541796+00:00,25.8,29.0,4095,3124.0,94.0,2277,1959.0,,1078,1003.0,23.9,2,estresada,propagada,-66,luz_saturada
2436,maceta-01,2435,38,1.1.0,2026-09-16 20:11:22+00:00,2026-09-16 20:11:31.829733+00:00,28.0,25.0,4095,3124.0,94.0,2280,1948.0,,1116,1030.0,23.0,2,estresada,propagada,-66,luz_saturada
2437,maceta-01,2436,38,1.1.0,2026-09-16 20:11:52+00:00,2026-09-16 20:12:03.451259+00:00,27.1,26.0,4095,3124.0,94.0,2275,1946.0,,1119,1032.0,22.9,2,estresada,propagada,-66,luz_saturada
2438,maceta-01,2437,38,1.1.0,2026-09-16 20:12:22+00:00,2026-09-16 20:12:30.857104+00:00,27.1,27.0,4095,3124.0,94.0,2267,1944.0,,1102,1020.0,23.3,2,estresada,propagada,-66,luz_saturada
2439,maceta-01,2438,38,1.1.0,2026-09-16 20:15:30+00:00,2026-09-16 20:15:37.833109+00:00,27.1,28.0,4095,3124.0,94.0,2262,1942.0,,1023,956.0,25.4,2,estresada,propagada,-67,luz_saturada
2440,maceta-01,2439,38,1.1.0,2026-09-16 20:18:05+00:00,2026-09-16 20:18:29.170397+00:00,26.7,28.0,4095,3124.0,94.0,2255,1936.0,,1115,1028.0,23.1,2,estresada,propagada,-66,luz_saturada
2441,maceta-01,2440,38,1.1.0,2026-09-16 20:22:51+00:00,2026-09-16 20:22:53.577341+00:00,25.8,28.0,4095,3124.0,94.0,2268,1942.0,,1010,944.0,25.8,2,estresada,propagada,-67,luz_saturada
2442,maceta-01,2441,38,1.1.0,2026-09-16 20:23:19+00:00,2026-09-16 20:23:21.105470+00:00,25.8,28.0,4095,3124.0,94.0,2263,1944.0,,1008,946.0,25.7,2,estresada,propagada,-66,luz_saturada
2443,maceta-01,2442,38,1.1.0,2026-09-16 20:23:49+00:00,2026-09-16 20:23:51.084889+00:00,26.2,29.0,4095,3124.0,94.0,2268,1940.0,,1137,1047.0,22.5,2,estresada,propagada,-66,luz_saturada
2444,maceta-01,2443,38,1.1.0,2026-09-16 20:24:19+00:00,2026-09-16 20:24:21.275160+00:00,26.2,28.0,4095,3124.0,94.0,2269,1942.0,,1106,1024.0,23.2,2,estresada,propagada,-67,luz_saturada
2445,maceta-01,2444,38,1.1.0,2026-09-16 20:24:49+00:00,2026-09-16 20:24:51.054031+00:00,26.2,28.0,4095,3124.0,94.0,2262,1942.0,,1088,1007.0,23.7,2,estresada,propagada,-67,luz_saturada
2446,maceta-01,2445,38,1.1.0,2026-09-16 20:25:19+00:00,2026-09-16 20:25:21.041693+00:00,26.2,29.0,4095,3124.0,94.0,2256,1937.0,,1104,1022.0,23.3,2,estresada,propagada,-65,luz_saturada
2447,maceta-01,2446,38,1.1.0,2026-09-16 20:25:49+00:00,2026-09-16 20:25:51.331379+00:00,26.2,29.0,4095,3124.0,94.0,2262,1939.0,,1059,987.0,24.4,2,estresada,propagada,-66,luz_saturada
2448,maceta-01,2447,38,1.1.0,2026-09-16 20:26:19+00:00,2026-09-16 20:26:21.107876+00:00,26.7,29.0,4095,3124.0,94.0,2270,1940.0,,1076,997.0,24.1,2,estresada,propagada,-66,luz_saturada
2449,maceta-01,2448,38,1.1.0,2026-09-16 20:26:49+00:00,2026-09-16 20:26:51.091338+00:00,26.2,28.0,4095,3124.0,94.0,2265,1947.0,,1022,951.0,25.6,2,estresada,propagada,-67,luz_saturada
2450,maceta-01,2449,38,1.1.0,2026-09-16 20:27:19+00:00,2026-09-16 20:27:21.283487+00:00,26.2,28.0,4095,3124.0,94.0,2269,1944.0,,1072,994.0,24.1,2,estresada,propagada,-67,luz_saturada
2451,maceta-01,2450,38,1.1.0,2026-09-16 20:27:49+00:00,2026-09-16 20:27:53.194398+00:00,26.2,29.0,4095,3124.0,94.0,2265,1942.0,,1047,972.0,24.9,2,estresada,propagada,-66,luz_saturada
2452,maceta-01,2451,38,1.1.0,2026-09-16 20:28:19+00:00,2026-09-16 20:28:21.049373+00:00,26.7,29.0,4095,3124.0,94.0,2257,1940.0,,1046,978.0,24.7,2,estresada,propagada,-66,luz_saturada
2453,maceta-01,2452,38,1.1.0,2026-09-16 20:28:49+00:00,2026-09-16 20:28:51.334780+00:00,26.7,28.0,4095,3124.0,94.0,2267,1947.0,,1023,966.0,25.1,2,estresada,propagada,-66,luz_saturada
2454,maceta-01,2453,38,1.1.0,2026-09-16 20:29:19+00:00,2026-09-16 20:29:21.108602+00:00,26.2,28.0,4095,3124.0,94.0,2254,1936.0,,1062,986.0,24.4,2,estresada,propagada,-66,luz_saturada
2455,maceta-01,2454,38,1.1.0,2026-09-16 20:29:49+00:00,2026-09-16 20:29:51.108527+00:00,26.2,28.0,4095,3124.0,94.0,2267,1946.0,,1008,944.0,25.8,2,estresada,propagada,-66,luz_saturada
2456,maceta-01,2455,38,1.1.0,2026-09-16 20:30:19+00:00,2026-09-16 20:30:21.495793+00:00,26.7,28.0,4095,3124.0,94.0,2268,1945.0,,1071,994.0,24.1,2,estresada,propagada,-66,luz_saturada
2457,maceta-01,2456,38,1.1.0,2026-09-16 20:30:49+00:00,2026-09-16 20:30:51.075971+00:00,26.6,28.0,4095,3124.0,94.0,2266,1942.0,,1087,1003.0,23.9,2,estresada,propagada,-66,luz_saturada
2458,maceta-01,2457,38,1.1.0,2026-09-16 20:31:19+00:00,2026-09-16 20:31:21.057312+00:00,25.8,28.0,4095,3124.0,94.0,2267,1944.0,,1104,1019.0,23.4,2,estresada,propagada,-66,luz_saturada
2459,maceta-01,2458,38,1.1.0,2026-09-16 20:31:49+00:00,2026-09-16 20:31:51.338235+00:00,24.8,28.0,4095,3124.0,94.0,2258,1935.0,,1072,995.0,24.1,2,estresada,propagada,-66,luz_saturada
2460,maceta-01,2459,38,1.1.0,2026-09-16 20:32:19+00:00,2026-09-16 20:32:21.121320+00:00,24.8,29.0,4095,3124.0,94.0,2260,1939.0,,1008,943.0,25.8,2,estresada,propagada,-66,luz_saturada
2461,maceta-01,2460,38,1.1.0,2026-09-16 20:32:49+00:00,2026-09-16 20:32:51.100740+00:00,24.1,29.0,4095,3124.0,94.0,2267,1942.0,,912,868.0,28.4,2,estresada,propagada,-66,luz_saturada
2462,maceta-01,2461,38,1.1.0,2026-09-16 20:33:19+00:00,2026-09-16 20:33:21.293371+00:00,23.8,29.0,4095,3124.0,94.0,2260,1936.0,,921,879.0,28.0,2,estresada,propagada,-65,luz_saturada
2463,maceta-01,2462,38,1.1.0,2026-09-16 20:33:49+00:00,2026-09-16 20:33:51.070951+00:00,24.0,30.0,4095,3124.0,94.0,2266,1946.0,,988,931.0,26.2,2,estresada,propagada,-65,luz_saturada
2464,maceta-01,2463,38,1.1.0,2026-09-16 20:34:19+00:00,2026-09-16 20:34:21.055700+00:00,24.1,30.0,4095,3124.0,94.0,2260,1941.0,,1060,984.0,24.5,2,estresada,propagada,-66,luz_saturada
2465,maceta-01,2464,38,1.1.0,2026-09-16 20:34:49+00:00,2026-09-16 20:34:51.242154+00:00,23.8,30.0,4095,3124.0,94.0,2270,1941.0,,1069,990.0,24.3,2,estresada,propagada,-65,luz_saturada
2466,maceta-01,2465,38,1.1.0,2026-09-16 20:35:19+00:00,2026-09-16 20:35:21.021761+00:00,23.8,30.0,4095,3124.0,94.0,2249,1936.0,,1072,994.0,24.1,2,estresada,propagada,-65,luz_saturada
2467,maceta-01,2466,38,1.1.0,2026-09-16 20:35:49+00:00,2026-09-16 20:35:51.316556+00:00,23.8,30.0,4095,3124.0,94.0,2256,1933.0,,1066,992.0,24.2,2,estresada,propagada,-65,luz_saturada
2468,maceta-01,2467,38,1.1.0,2026-09-16 20:36:19+00:00,2026-09-16 20:36:21.095083+00:00,24.1,30.0,4095,3124.0,94.0,2271,1942.0,,1040,969.0,25.0,2,estresada,propagada,-66,luz_saturada
2469,maceta-01,2468,38,1.1.0,2026-09-16 20:36:49+00:00,2026-09-16 20:36:51.073140+00:00,24.1,30.0,4095,3124.0,94.0,2259,1942.0,,1088,1005.0,23.8,2,estresada,propagada,-66,luz_saturada
2470,maceta-01,2469,38,1.1.0,2026-09-16 20:37:19+00:00,2026-09-16 20:37:21.267346+00:00,23.8,30.0,4095,3124.0,94.0,2270,1940.0,,1047,973.0,24.8,2,estresada,propagada,-66,luz_saturada
2471,maceta-01,2470,38,1.1.0,2026-09-16 20:37:49+00:00,2026-09-16 20:37:51.041204+00:00,24.1,30.0,4095,3124.0,94.0,2258,1936.0,,1054,981.0,24.6,2,estresada,propagada,-67,luz_saturada
2472,maceta-01,2471,38,1.1.0,2026-09-16 20:38:19+00:00,2026-09-16 20:38:21.034416+00:00,24.1,30.0,4095,3124.0,94.0,2257,1937.0,,1019,954.0,25.5,2,estresada,propagada,-66,luz_saturada
2473,maceta-01,2472,38,1.1.0,2026-09-16 20:38:49+00:00,2026-09-16 20:38:51.322173+00:00,24.5,30.0,4095,3124.0,94.0,2256,1942.0,,1061,986.0,24.4,2,estresada,propagada,-66,luz_saturada
2474,maceta-01,2473,38,1.1.0,2026-09-16 20:39:19+00:00,2026-09-16 20:39:21.096614+00:00,24.8,30.0,4095,3124.0,94.0,2256,1936.0,,925,923.0,26.5,2,estresada,propagada,-66,luz_saturada
2475,maceta-01,2474,38,1.1.0,2026-09-16 20:39:49+00:00,2026-09-16 20:39:51.081413+00:00,24.8,30.0,4095,3124.0,94.0,2255,1941.0,,1072,995.0,24.1,2,estresada,propagada,-66,luz_saturada
2476,maceta-01,2475,38,1.1.0,2026-09-16 20:40:19+00:00,2026-09-16 20:40:21.275401+00:00,24.8,30.0,4095,3124.0,94.0,2256,1938.0,,1047,978.0,24.7,2,estresada,propagada,-66,luz_saturada
2477,maceta-01,2476,38,1.1.0,2026-09-16 20:40:49+00:00,2026-09-16 20:40:51.051055+00:00,24.8,30.0,4095,3124.0,94.0,2262,1937.0,,1047,977.0,24.7,2,estresada,propagada,-66,luz_saturada
2478,maceta-01,2477,38,1.1.0,2026-09-16 20:41:19+00:00,2026-09-16 20:41:21.039369+00:00,24.5,29.0,4095,3124.0,94.0,2255,1936.0,,1063,985.0,24.4,2,estresada,propagada,-66,luz_saturada
2479,maceta-01,2478,38,1.1.0,2026-09-16 20:41:49+00:00,2026-09-16 20:41:51.321873+00:00,24.5,29.0,4095,3124.0,94.0,2255,1936.0,,1001,939.0,26.0,2,estresada,propagada,-66,luz_saturada
2480,maceta-01,2479,38,1.1.0,2026-09-16 20:42:19+00:00,2026-09-16 20:42:21.101059+00:00,24.1,30.0,4095,3124.0,94.0,2256,1936.0,,1023,961.0,25.2,2,estresada,propagada,-66,luz_saturada
2481,maceta-01,2480,38,1.1.0,2026-09-16 20:42:49+00:00,2026-09-16 20:42:51.084747+00:00,24.1,30.0,4095,3124.0,94.0,2250,1936.0,,1069,994.0,24.1,2,estresada,propagada,-66,luz_saturada
2482,maceta-01,2481,38,1.1.0,2026-09-16 20:43:19+00:00,2026-09-16 20:43:21.276982+00:00,24.1,30.0,4095,3124.0,94.0,2256,1936.0,,987,930.0,26.3,2,estresada,propagada,-66,luz_saturada
2483,maceta-01,2482,38,1.1.0,2026-09-16 20:43:49+00:00,2026-09-16 20:43:51.058492+00:00,24.1,30.0,4095,3124.0,94.0,2256,1935.0,,1011,945.0,25.8,2,estresada,propagada,-68,luz_saturada
2484,maceta-01,2483,38,1.1.0,2026-09-16 20:44:19+00:00,2026-09-16 20:44:21.040168+00:00,24.1,30.0,4095,3124.0,94.0,2256,1938.0,,1053,978.0,24.7,2,estresada,propagada,-66,luz_saturada
2485,maceta-01,2484,38,1.1.0,2026-09-16 20:44:49+00:00,2026-09-16 20:44:51.438680+00:00,23.8,30.0,4095,3124.0,94.0,2255,1938.0,,1041,975.0,24.8,2,estresada,propagada,-66,luz_saturada
2486,maceta-01,2485,38,1.1.0,2026-09-16 20:45:19+00:00,2026-09-16 20:45:21.004846+00:00,23.8,30.0,4095,3124.0,94.0,2254,1934.0,,1058,981.0,24.6,2,estresada,propagada,-66,luz_saturada
2487,maceta-01,2486,38,1.1.0,2026-09-16 20:45:49+00:00,2026-09-16 20:45:51.089990+00:00,23.4,30.0,4095,3124.0,94.0,2253,1938.0,,1064,984.0,24.5,2,estresada,propagada,-66,luz_saturada
2488,maceta-01,2487,38,1.1.0,2026-09-16 20:46:19+00:00,2026-09-16 20:46:21.287205+00:00,23.4,31.0,4095,3124.0,94.0,2250,1936.0,,1045,971.0,24.9,2,estresada,propagada,-65,luz_saturada
2489,maceta-01,2488,38,1.1.0,2026-09-16 20:46:49+00:00,2026-09-16 20:46:51.059199+00:00,23.0,31.0,4095,3124.0,94.0,2261,1936.0,,1041,969.0,25.0,2,estresada,propagada,-66,luz_saturada
2490,maceta-01,2489,38,1.1.0,2026-09-16 20:47:19+00:00,2026-09-16 20:47:21.044457+00:00,23.0,31.0,4095,3124.0,94.0,2246,1936.0,,1040,969.0,25.0,2,estresada,propagada,-66,luz_saturada
2491,maceta-01,2490,38,1.1.0,2026-09-16 20:47:49+00:00,2026-09-16 20:47:51.235245+00:00,22.6,31.0,4095,3124.0,94.0,2260,1936.0,,1019,951.0,25.6,2,estresada,propagada,-66,luz_saturada
2492,maceta-01,2491,38,1.1.0,2026-09-16 20:48:19+00:00,2026-09-16 20:48:21.008809+00:00,22.6,31.0,4095,3124.0,94.0,2259,1938.0,,1047,976.0,24.7,2,estresada,propagada,-67,luz_saturada
2493,maceta-01,2492,38,1.1.0,2026-09-16 20:48:49+00:00,2026-09-16 20:48:50.994250+00:00,22.6,31.0,4095,3124.0,94.0,2251,1933.0,,1051,977.0,24.7,2,estresada,propagada,-66,luz_saturada
2494,maceta-01,2493,38,1.1.0,2026-09-16 20:49:19+00:00,2026-09-16 20:49:21.288877+00:00,22.6,31.0,4095,3124.0,94.0,2239,1920.0,,1040,969.0,25.0,2,estresada,propagada,-66,luz_saturada
2495,maceta-01,2494,38,1.1.0,2026-09-16 20:49:49+00:00,2026-09-16 20:49:51.063897+00:00,22.6,31.0,4095,3124.0,94.0,2256,1933.0,,991,933.0,26.2,2,estresada,propagada,-65,luz_saturada
2496,maceta-01,2495,38,1.1.0,2026-09-16 20:50:19+00:00,2026-09-16 20:50:21.074595+00:00,23.0,31.0,4095,3124.0,94.0,2250,1931.0,,960,906.0,27.1,2,estresada,propagada,-66,luz_saturada
2497,maceta-01,2496,38,1.1.0,2026-09-16 20:50:49+00:00,2026-09-16 20:50:51.539728+00:00,23.0,31.0,4095,3124.0,94.0,2254,1935.0,,945,893.0,27.5,2,estresada,propagada,-66,luz_saturada
2498,maceta-01,2497,38,1.1.0,2026-09-16 20:51:19+00:00,2026-09-16 20:51:21.021610+00:00,23.0,32.0,4095,3124.0,94.0,2256,1936.0,,955,901.0,27.3,2,estresada,propagada,-66,luz_saturada
2499,maceta-01,2498,38,1.1.0,2026-09-16 20:51:49+00:00,2026-09-16 20:51:51.012569+00:00,23.0,31.0,4095,3124.0,94.0,2260,1936.0,,995,935.0,26.1,2,estresada,propagada,-66,luz_saturada
2500,maceta-01,2499,38,1.1.0,2026-09-16 20:52:19+00:00,2026-09-16 20:52:21.488080+00:00,23.0,32.0,4095,3124.0,94.0,2259,1936.0,,913,870.0,28.4,2,estresada,propagada,-66,luz_saturada
2501,maceta-01,2500,38,1.1.0,2026-09-16 20:52:49+00:00,2026-09-16 20:52:51.066432+00:00,22.6,32.0,4095,3124.0,94.0,2253,1936.0,,960,904.0,27.2,2,estresada,propagada,-66,luz_saturada
2502,maceta-01,2501,38,1.1.0,2026-09-16 20:53:19+00:00,2026-09-16 20:53:21.043367+00:00,22.6,32.0,4095,3124.0,94.0,2249,1932.0,,950,902.0,27.2,2,estresada,propagada,-66,luz_saturada
2503,maceta-01,2502,38,1.1.0,2026-09-16 20:53:49+00:00,2026-09-16 20:53:51.236806+00:00,22.6,32.0,4095,3124.0,94.0,2238,1926.0,,964,907.0,27.1,2,estresada,propagada,-66,luz_saturada
2504,maceta-01,2503,38,1.1.0,2026-09-16 20:54:19+00:00,2026-09-16 20:54:21.020154+00:00,22.2,32.0,4095,3124.0,94.0,2242,1923.0,,965,910.0,27.0,2,estresada,propagada,-68,luz_saturada
2505,maceta-01,2504,38,1.1.0,2026-09-16 20:54:49+00:00,2026-09-16 20:54:51.001981+00:00,22.2,32.0,4095,3124.0,94.0,2241,1924.0,,928,878.0,28.1,2,estresada,propagada,-66,luz_saturada
2506,maceta-01,2505,38,1.1.0,2026-09-16 20:55:19+00:00,2026-09-16 20:55:21.280872+00:00,22.2,32.0,4095,3124.0,94.0,2240,1924.0,,908,859.0,28.8,2,estresada,propagada,-66,luz_saturada
2507,maceta-01,2506,38,1.1.0,2026-09-16 20:55:49+00:00,2026-09-16 20:55:51.066397+00:00,22.2,32.0,4095,3124.0,94.0,2239,1924.0,,915,873.0,28.3,2,estresada,propagada,-66,luz_saturada
2508,maceta-01,2507,38,1.1.0,2026-09-16 20:56:19+00:00,2026-09-16 20:56:21.050257+00:00,22.2,33.0,4095,3124.0,94.0,2243,1924.0,,933,890.0,27.6,2,estresada,propagada,-66,luz_saturada
2509,maceta-01,2508,38,1.1.0,2026-09-16 20:56:49+00:00,2026-09-16 20:56:51.251319+00:00,21.8,32.0,4095,3124.0,94.0,2246,1932.0,,976,917.0,26.7,2,estresada,propagada,-66,luz_saturada
2510,maceta-01,2509,38,1.1.0,2026-09-16 20:57:19+00:00,2026-09-16 20:57:21.025458+00:00,21.8,33.0,4095,3124.0,94.0,2235,1913.0,,912,867.0,28.5,2,estresada,propagada,-66,luz_saturada
2511,maceta-01,2510,38,1.1.0,2026-09-16 20:57:49+00:00,2026-09-16 20:57:50.998949+00:00,21.8,33.0,4095,3124.0,94.0,2243,1932.0,,911,865.0,28.5,2,estresada,propagada,-66,luz_saturada
2512,maceta-01,2511,38,1.1.0,2026-09-16 20:58:19+00:00,2026-09-16 20:58:21.187178+00:00,21.4,33.0,4095,3124.0,94.0,2246,1924.0,,897,856.0,28.9,2,estresada,propagada,-66,luz_saturada
2513,maceta-01,2512,38,1.1.0,2026-09-16 20:58:49+00:00,2026-09-16 20:58:50.968071+00:00,21.0,33.0,4094,3120.0,94.0,2255,1934.0,,918,869.0,28.4,2,estresada,propagada,-67,
2514,maceta-01,2513,38,1.1.0,2026-09-16 20:59:19+00:00,2026-09-16 20:59:21.063168+00:00,20.6,34.0,4013,3089.0,93.0,2258,1936.0,,923,879.0,28.0,2,estresada,propagada,-66,
2515,maceta-01,2514,38,1.1.0,2026-09-16 20:59:49+00:00,2026-09-16 20:59:51.246526+00:00,19.4,34.0,3987,3081.0,93.0,2257,1935.0,,912,867.0,28.5,2,estresada,propagada,-66,
2516,maceta-01,2515,38,1.1.0,2026-09-16 21:00:19+00:00,2026-09-16 21:00:21.025474+00:00,19.0,35.0,3989,3070.0,93.0,2256,1936.0,,873,840.0,29.5,2,estresada,propagada,-66,
2517,maceta-01,2516,38,1.1.0,2026-09-16 21:00:49+00:00,2026-09-16 21:00:51.019558+00:00,18.6,35.0,3899,3032.0,91.0,2259,1936.0,,823,798.0,31.0,2,estresada,propagada,-70,
2518,maceta-01,2517,38,1.1.0,2026-09-16 21:01:19+00:00,2026-09-16 21:01:22.433743+00:00,17.8,35.0,3773,2976.0,90.0,2243,1939.0,,852,819.0,30.2,2,estresada,propagada,-71,
2519,maceta-01,2518,38,1.1.0,2026-09-16 21:01:51+00:00,2026-09-16 21:01:53.133632+00:00,17.4,36.0,3675,2937.0,89.0,2253,1936.0,,864,827.0,29.9,2,estresada,propagada,-70,
2520,maceta-01,2519,38,1.1.0,2026-09-16 21:02:19+00:00,2026-09-16 21:02:20.977264+00:00,17.0,37.0,3678,2926.0,88.0,2256,1936.0,,865,830.0,29.8,2,estresada,propagada,-70,
2521,maceta-01,2520,38,1.1.0,2026-09-16 21:02:49+00:00,2026-09-16 21:02:51.267405+00:00,16.6,38.0,3664,2922.0,88.0,2259,1947.0,,858,820.0,30.2,2,estresada,propagada,-70,
2522,maceta-01,2521,38,1.1.0,2026-09-16 21:03:19+00:00,2026-09-16 21:03:21.042841+00:00,16.1,38.0,3637,2910.0,88.0,2257,1942.0,,838,812.0,30.5,2,estresada,propagada,-72,
2523,maceta-01,2522,38,1.1.0,2026-09-16 21:03:49+00:00,2026-09-16 21:03:53.290492+00:00,15.7,40.0,3633,2913.0,88.0,2261,1945.0,,827,802.0,30.9,2,estresada,propagada,-70,
2524,maceta-01,2523,38,1.1.0,2026-09-16 21:04:19+00:00,2026-09-16 21:04:21.211810+00:00,15.2,40.0,3615,2905.0,88.0,2269,1948.0,,798,774.0,32.0,2,estresada,propagada,-70,
2525,maceta-01,2524,38,1.1.0,2026-09-16 21:04:49+00:00,2026-09-16 21:04:50.990670+00:00,15.2,41.0,3623,2894.0,87.0,2263,1948.0,,829,801.0,30.9,2,estresada,propagada,-70,
2526,maceta-01,2525,38,1.1.0,2026-09-16 21:05:19+00:00,2026-09-16 21:05:21.079937+00:00,15.2,41.0,3595,2885.0,87.0,2266,1948.0,,838,809.0,30.6,2,estresada,propagada,-72,
2527,maceta-01,2526,38,1.1.0,2026-09-16 21:05:49+00:00,2026-09-16 21:05:51.265043+00:00,14.8,42.0,3573,2883.0,87.0,2277,1959.0,,831,805.0,30.8,2,estresada,propagada,-72,
2528,maceta-01,2527,38,1.1.0,2026-09-16 21:06:19+00:00,2026-09-16 21:06:21.150564+00:00,14.8,42.0,3574,2878.0,87.0,2278,1953.0,,837,812.0,30.5,2,estresada,propagada,-70,
2529,maceta-01,2528,38,1.1.0,2026-09-16 21:06:49+00:00,2026-09-16 21:06:51.030639+00:00,14.8,43.0,3542,2869.0,86.0,2285,1959.0,,847,816.0,30.4,2,estresada,propagada,-70,
2530,maceta-01,2529,38,1.1.0,2026-09-16 21:07:19+00:00,2026-09-16 21:07:21.832086+00:00,14.8,43.0,3552,2861.0,86.0,2281,1951.0,,837,815.0,30.4,2,estresada,propagada,-70,
2531,maceta-01,2530,38,1.1.0,2026-09-16 21:07:49+00:00,2026-09-16 21:07:50.994613+00:00,14.8,43.0,3525,2860.0,86.0,2291,1961.0,,846,814.0,30.4,2,estresada,propagada,-70,
2532,maceta-01,2531,38,1.1.0,2026-09-16 21:08:19+00:00,2026-09-16 21:08:21.187517+00:00,14.8,44.0,3522,2855.0,86.0,2275,1958.0,,845,813.0,30.5,2,estresada,propagada,-72,
2533,maceta-01,2532,38,1.1.0,2026-09-16 21:08:49+00:00,2026-09-16 21:08:53.309203+00:00,14.4,44.0,3519,2849.0,86.0,2285,1954.0,,836,809.0,30.6,2,estresada,propagada,-70,
2534,maceta-01,2533,38,1.1.0,2026-09-16 21:09:19+00:00,2026-09-16 21:09:21.048041+00:00,14.4,44.0,3515,2843.0,86.0,2279,1954.0,,814,789.0,31.4,2,estresada,propagada,-70,
2535,maceta-01,2534,38,1.1.0,2026-09-16 21:09:49+00:00,2026-09-16 21:09:51.751233+00:00,14.8,44.0,3487,2834.0,85.0,2289,1959.0,,816,796.0,31.1,2,estresada,propagada,-70,
2536,maceta-01,2535,38,1.1.0,2026-09-16 21:10:19+00:00,2026-09-16 21:10:21.017737+00:00,14.8,44.0,3478,2827.0,85.0,2286,1963.0,,848,816.0,30.4,2,estresada,propagada,-70,
2537,maceta-01,2536,38,1.1.0,2026-09-16 21:10:49+00:00,2026-09-16 21:10:51.001584+00:00,14.8,44.0,3479,2824.0,85.0,2286,1962.0,,805,783.0,31.6,2,estresada,propagada,-70,
2538,maceta-01,2537,38,1.1.0,2026-09-16 21:11:19+00:00,2026-09-16 21:11:21.192018+00:00,14.4,45.0,3436,2806.0,85.0,2293,1965.0,,826,795.0,31.2,2,estresada,propagada,-69,
2539,maceta-01,2538,38,1.1.0,2026-09-16 21:11:49+00:00,2026-09-16 21:11:50.968978+00:00,14.4,45.0,3427,2795.0,84.0,2294,1963.0,,837,809.0,30.6,2,estresada,propagada,-69,
2540,maceta-01,2539,38,1.1.0,2026-09-16 21:12:19+00:00,2026-09-16 21:12:20.965817+00:00,14.4,45.0,3408,2786.0,84.0,2288,1962.0,,814,787.0,31.5,2,estresada,propagada,-70,
2541,maceta-01,2540,38,1.1.0,2026-09-16 21:12:49+00:00,2026-09-16 21:12:51.247628+00:00,14.4,45.0,3388,2778.0,84.0,2273,1975.0,,819,797.0,31.1,2,estresada,propagada,-70,
2542,maceta-01,2541,38,1.1.0,2026-09-16 21:13:19+00:00,2026-09-16 21:13:21.024800+00:00,14.4,45.0,3373,2767.0,83.0,2291,1963.0,,825,793.0,31.2,2,estresada,propagada,-70,
2543,maceta-01,2542,38,1.1.0,2026-09-16 21:13:49+00:00,2026-09-16 21:13:51.008447+00:00,14.4,45.0,3328,2746.0,83.0,2295,1971.0,,818,791.0,31.3,2,estresada,propagada,-69,
2544,maceta-01,2543,38,1.1.0,2026-09-16 21:14:19+00:00,2026-09-16 21:14:21.199242+00:00,14.4,45.0,3323,2737.0,82.0,2294,1975.0,,831,803.0,30.9,2,estresada,propagada,-70,
2545,maceta-01,2544,38,1.1.0,2026-09-16 21:14:49+00:00,2026-09-16 21:14:50.981950+00:00,14.4,45.0,3313,2729.0,82.0,2302,1975.0,,829,803.0,30.9,2,estresada,propagada,-70,
2546,maceta-01,2545,38,1.1.0,2026-09-16 21:15:19+00:00,2026-09-16 21:15:21.164023+00:00,14.1,45.0,3307,2728.0,82.0,2301,1972.0,,829,796.0,31.1,2,estresada,propagada,-69,
2547,maceta-01,2546,38,1.1.0,2026-09-16 21:15:49+00:00,2026-09-16 21:15:51.259877+00:00,14.4,45.0,3303,2728.0,82.0,2291,1971.0,,831,802.0,30.9,2,estresada,propagada,-70,
2548,maceta-01,2547,38,1.1.0,2026-09-16 21:16:19+00:00,2026-09-16 21:16:21.031897+00:00,14.1,45.0,3303,2728.0,82.0,2293,1975.0,,816,789.0,31.4,2,estresada,propagada,-70,
2549,maceta-01,2548,38,1.1.0,2026-09-16 21:16:49+00:00,2026-09-16 21:16:51.016150+00:00,14.4,46.0,3298,2717.0,82.0,2304,1975.0,,819,792.0,31.3,2,estresada,propagada,-70,
2550,maceta-01,2549,38,1.1.0,2026-09-16 21:17:19+00:00,2026-09-16 21:17:21.204751+00:00,14.1,46.0,3286,2708.0,82.0,2303,1974.0,,788,770.0,32.1,2,estresada,propagada,-70,
2551,maceta-01,2550,38,1.1.0,2026-09-16 21:17:49+00:00,2026-09-16 21:17:50.982872+00:00,14.1,46.0,3286,2704.0,81.0,2305,1975.0,,815,791.0,31.3,2,estresada,propagada,-69,
2552,maceta-01,2551,38,1.1.0,2026-09-16 21:18:19+00:00,2026-09-16 21:18:20.979200+00:00,14.1,46.0,3254,2697.0,81.0,2305,1979.0,,816,793.0,31.2,2,estresada,propagada,-69,
2553,maceta-01,2552,38,1.1.0,2026-09-16 21:18:49+00:00,2026-09-16 21:18:51.261915+00:00,14.1,46.0,3237,2685.0,81.0,2311,1984.0,,816,791.0,31.3,2,estresada,propagada,-70,
2554,maceta-01,2553,38,1.1.0,2026-09-16 21:19:19+00:00,2026-09-16 21:19:20.934905+00:00,14.0,46.0,3219,2676.0,81.0,2301,1978.0,,781,763.0,32.4,2,estresada,propagada,-70,
2555,maceta-01,2554,38,1.1.0,2026-09-16 21:19:49+00:00,2026-09-16 21:19:51.016823+00:00,14.1,46.0,3210,2665.0,80.0,2306,1982.0,,803,777.0,31.9,2,estresada,propagada,-70,
2556,maceta-01,2555,38,1.1.0,2026-09-16 21:20:19+00:00,2026-09-16 21:20:21.213295+00:00,13.7,46.0,3184,2648.0,80.0,2310,1982.0,,768,751.0,32.9,2,estresada,propagada,-72,
2557,maceta-01,2556,38,1.1.0,2026-09-16 21:20:49+00:00,2026-09-16 21:20:50.991592+00:00,13.7,46.0,3187,2644.0,80.0,2306,1980.0,,798,774.0,32.0,2,estresada,propagada,-70,
2558,maceta-01,2557,38,1.1.0,2026-09-16 21:21:19+00:00,2026-09-16 21:21:20.974375+00:00,13.7,46.0,3165,2623.0,79.0,2314,1987.0,,802,780.0,31.7,2,estresada,propagada,-70,
2559,maceta-01,2558,38,1.1.0,2026-09-16 21:21:49+00:00,2026-09-16 21:21:51.159421+00:00,13.7,46.0,3136,2613.0,79.0,2323,1980.0,,752,742.0,33.3,2,estresada,propagada,-69,
2560,maceta-01,2559,38,1.1.0,2026-09-16 21:22:19+00:00,2026-09-16 21:22:20.939317+00:00,13.7,47.0,3120,2600.0,78.0,2307,1980.0,,784,766.0,32.3,2,estresada,propagada,-69,
2561,maceta-01,2560,38,1.1.0,2026-09-16 21:22:49+00:00,2026-09-16 21:22:50.979187+00:00,13.7,47.0,3106,2590.0,78.0,2314,1986.0,,755,740.0,33.4,2,estresada,propagada,-69,
2562,maceta-01,2561,38,1.1.0,2026-09-16 21:23:19+00:00,2026-09-16 21:23:21.210716+00:00,13.3,47.0,3085,2572.0,77.0,2329,1986.0,,767,748.0,33.0,2,estresada,propagada,-70,
2563,maceta-01,2562,38,1.1.0,2026-09-16 21:23:49+00:00,2026-09-16 21:23:50.997815+00:00,13.3,47.0,3056,2551.0,77.0,2325,1988.0,,771,758.0,32.6,2,estresada,propagada,-70,
2564,maceta-01,2563,38,1.1.0,2026-09-16 21:24:19+00:00,2026-09-16 21:24:20.968896+00:00,13.3,47.0,3024,2532.0,76.0,2323,1992.0,,784,766.0,32.3,2,estresada,propagada,-70,
2565,maceta-01,2564,38,1.1.0,2026-09-16 21:24:49+00:00,2026-09-16 21:24:51.161352+00:00,13.3,48.0,3022,2523.0,76.0,2327,1993.0,,784,765.0,32.3,2,estresada,propagada,-70,
2566,maceta-01,2565,38,1.1.0,2026-09-16 21:25:19+00:00,2026-09-16 21:25:20.941897+00:00,13.3,48.0,2998,2510.0,76.0,2322,1990.0,,788,765.0,32.3,2,estresada,propagada,-72,
2567,maceta-01,2566,38,1.1.0,2026-09-16 21:25:49+00:00,2026-09-16 21:25:50.920605+00:00,13.3,48.0,2962,2486.0,75.0,2283,1982.0,,771,757.0,32.7,2,estresada,propagada,-70,
2568,maceta-01,2567,38,1.1.0,2026-09-16 21:26:19+00:00,2026-09-16 21:26:21.213214+00:00,13.3,48.0,2913,2459.0,74.0,2322,1987.0,,768,749.0,33.0,2,estresada,propagada,-69,
2569,maceta-01,2568,38,1.1.0,2026-09-16 21:26:49+00:00,2026-09-16 21:26:50.902716+00:00,13.3,48.0,2864,2418.0,73.0,2324,1988.0,,784,765.0,32.3,2,estresada,propagada,-72,
2570,maceta-01,2569,38,1.1.0,2026-09-16 21:27:19+00:00,2026-09-16 21:27:20.975936+00:00,13.3,48.0,2797,2369.0,71.0,2333,1987.0,,792,770.0,32.1,2,estresada,propagada,-72,
2571,maceta-01,2570,38,1.1.0,2026-09-16 21:27:49+00:00,2026-09-16 21:27:51.166378+00:00,13.3,48.0,2758,2340.0,70.0,2325,1988.0,,799,778.0,31.8,2,estresada,propagada,-70,
2572,maceta-01,2571,38,1.1.0,2026-09-16 21:28:19+00:00,2026-09-16 21:28:20.946077+00:00,13.3,48.0,2725,2306.0,69.0,2321,1989.0,,780,763.0,32.4,2,estresada,propagada,-70,
2573,maceta-01,2572,38,1.1.0,2026-09-16 21:28:49+00:00,2026-09-16 21:28:50.930397+00:00,13.0,49.0,2679,2275.0,68.0,2330,1993.0,,783,762.0,32.5,2,estresada,propagada,-71,
2574,maceta-01,2573,38,1.1.0,2026-09-16 21:29:19+00:00,2026-09-16 21:29:21.226998+00:00,13.0,49.0,2654,2246.0,68.0,2326,1989.0,,776,755.0,32.8,2,estresada,propagada,-72,
2575,maceta-01,2574,38,1.1.0,2026-09-16 21:29:49+00:00,2026-09-16 21:29:51.001240+00:00,13.0,49.0,2615,2225.0,67.0,2334,1991.0,,765,752.0,32.9,2,estresada,propagada,-70,
2576,maceta-01,2575,38,1.1.0,2026-09-16 21:30:19+00:00,2026-09-16 21:30:20.983394+00:00,13.0,49.0,2592,2196.0,66.0,2320,1996.0,,779,758.0,32.6,2,estresada,propagada,-70,
2577,maceta-01,2576,38,1.1.0,2026-09-16 21:30:49+00:00,2026-09-16 21:30:51.170409+00:00,13.0,49.0,2559,2177.0,65.0,2329,1995.0,,767,754.0,32.8,2,estresada,propagada,-69,
2578,maceta-01,2577,38,1.1.0,2026-09-16 21:31:19+00:00,2026-09-16 21:31:20.950876+00:00,13.0,49.0,2544,2173.0,65.0,2325,1998.0,,765,751.0,32.9,2,estresada,propagada,-70,
2579,maceta-01,2578,38,1.1.0,2026-09-16 21:31:49+00:00,2026-09-16 21:31:50.933312+00:00,13.0,49.0,2537,2156.0,65.0,2347,2002.0,,766,753.0,32.8,2,estresada,propagada,-69,
2580,maceta-01,2579,38,1.1.0,2026-09-16 21:32:19+00:00,2026-09-16 21:32:21.303651+00:00,13.0,49.0,2512,2140.0,64.0,2336,1998.0,,727,724.0,34.0,2,estresada,propagada,-70,
2581,maceta-01,2580,38,1.1.0,2026-09-16 21:32:49+00:00,2026-09-16 21:32:51.004932+00:00,13.0,50.0,2497,2124.0,64.0,2327,1996.0,,750,737.0,33.5,2,estresada,propagada,-70,
2582,maceta-01,2581,38,1.1.0,2026-09-16 21:33:19+00:00,2026-09-16 21:33:21.196196+00:00,13.0,50.0,2453,2102.0,63.0,2318,1993.0,,752,740.0,33.4,2,estresada,propagada,-70,
2583,maceta-01,2582,38,1.1.0,2026-09-16 21:33:49+00:00,2026-09-16 21:33:50.970639+00:00,13.0,50.0,2422,2069.0,62.0,2335,2000.0,,758,750.0,33.0,2,estresada,propagada,-69,
2584,maceta-01,2583,38,1.1.0,2026-09-16 21:34:19+00:00,2026-09-16 21:34:20.955626+00:00,13.0,50.0,2391,2049.0,62.0,2342,2004.0,,757,743.0,33.2,2,estresada,propagada,-70,
2585,maceta-01,2584,38,1.1.0,2026-09-16 21:34:49+00:00,2026-09-16 21:34:51.142435+00:00,13.0,50.0,2368,2018.0,61.0,2339,2002.0,,722,719.0,34.2,2,estresada,propagada,-70,
2586,maceta-01,2585,38,1.1.0,2026-09-16 21:35:19+00:00,2026-09-16 21:35:20.922814+00:00,12.6,50.0,2326,1992.0,60.0,2340,2004.0,,752,740.0,33.4,2,estresada,propagada,-70,
2587,maceta-01,2586,38,1.1.0,2026-09-16 21:35:49+00:00,2026-09-16 21:35:50.904165+00:00,12.6,50.0,2288,1961.0,59.0,2347,2004.0,,762,746.0,33.1,2,estresada,propagada,-70,
2588,maceta-01,2587,38,1.1.0,2026-09-16 21:36:19+00:00,2026-09-16 21:36:21.196306+00:00,12.6,51.0,2256,1934.0,58.0,2328,1999.0,,752,740.0,33.4,2,estresada,propagada,-71,
2589,maceta-01,2588,38,1.1.0,2026-09-16 21:36:49+00:00,2026-09-16 21:36:50.978025+00:00,12.6,51.0,2224,1901.0,57.0,2346,2005.0,,731,727.0,33.9,2,estresada,propagada,-69,
2590,maceta-01,2589,38,1.1.0,2026-09-16 21:37:19+00:00,2026-09-16 21:37:23.346583+00:00,12.6,51.0,2174,1872.0,56.0,2339,2003.0,,763,750.0,33.0,2,estresada,propagada,-70,
2591,maceta-01,2590,38,1.1.0,2026-09-16 21:37:49+00:00,2026-09-16 21:37:51.149018+00:00,12.6,51.0,2144,1840.0,55.0,2343,2004.0,,771,754.0,32.8,2,estresada,propagada,-70,
2592,maceta-01,2591,38,1.1.0,2026-09-16 21:38:19+00:00,2026-09-16 21:38:23.856342+00:00,12.6,51.0,2101,1810.0,54.0,2343,2003.0,,750,740.0,33.4,2,estresada,propagada,-70,
2593,maceta-01,2592,38,1.1.0,2026-09-16 21:38:49+00:00,2026-09-16 21:38:50.913785+00:00,12.6,51.0,2064,1774.0,53.0,2342,2001.0,,755,742.0,33.3,2,estresada,propagada,-72,
2594,maceta-01,2593,38,1.1.0,2026-09-16 21:39:19+00:00,2026-09-16 21:39:21.202809+00:00,12.6,51.0,2001,1740.0,52.0,2349,2002.0,,734,726.0,34.0,2,estresada,propagada,-70,
2595,maceta-01,2594,38,1.1.0,2026-09-16 21:39:49+00:00,2026-09-16 21:39:50.980027+00:00,12.6,51.0,1957,1705.0,51.0,2313,2007.0,,741,730.0,33.8,2,estresada,propagada,-70,
2596,maceta-01,2595,38,1.1.0,2026-09-16 21:40:19+00:00,2026-09-16 21:40:20.966374+00:00,12.6,51.0,1910,1660.0,50.0,2345,2011.0,,751,738.0,33.4,2,estresada,propagada,-72,
2597,maceta-01,2596,38,1.1.0,2026-09-16 21:40:49+00:00,2026-09-16 21:40:51.153669+00:00,12.6,51.0,1872,1625.0,49.0,2352,2010.0,,765,752.0,32.9,2,estresada,propagada,-69,
2598,maceta-01,2597,38,1.1.0,2026-09-16 21:41:19+00:00,2026-09-16 21:41:20.934612+00:00,12.6,51.0,1830,1594.0,48.0,2351,2013.0,,752,739.0,33.4,2,estresada,propagada,-70,
2599,maceta-01,2598,38,1.1.0,2026-09-16 21:41:49+00:00,2026-09-16 21:41:50.914631+00:00,12.6,51.0,1790,1560.0,47.0,2356,2015.0,,757,750.0,33.0,2,estresada,propagada,-69,
2600,maceta-01,2599,38,1.1.0,2026-09-16 21:42:19+00:00,2026-09-16 21:42:21.107572+00:00,12.6,52.0,1739,1525.0,46.0,2353,2013.0,,747,736.0,33.5,2,estresada,propagada,-72,
2601,maceta-01,2600,38,1.1.0,2026-09-16 21:42:49+00:00,2026-09-16 21:42:50.888324+00:00,12.5,52.0,1689,1490.0,45.0,2352,2011.0,,757,747.0,33.1,2,estresada,propagada,-70,
2602,maceta-01,2601,38,1.1.0,2026-09-16 21:43:19+00:00,2026-09-16 21:43:20.972201+00:00,12.2,52.0,1653,1452.0,44.0,2347,2009.0,,758,744.0,33.2,2,estresada,propagada,-70,
2603,maceta-01,2602,38,1.1.0,2026-09-16 21:43:49+00:00,2026-09-16 21:43:51.157924+00:00,12.2,52.0,1600,1416.0,42.0,2353,2013.0,,763,748.0,33.0,2,estresada,propagada,-70,
2604,maceta-01,2603,38,1.1.0,2026-09-16 21:44:19+00:00,2026-09-16 21:44:20.937942+00:00,12.2,52.0,1535,1379.0,41.0,2353,2014.0,,755,744.0,33.2,2,estresada,propagada,-70,
2605,maceta-01,2604,38,1.1.0,2026-09-16 21:44:49+00:00,2026-09-16 21:44:50.930076+00:00,12.2,53.0,1505,1334.0,40.0,2352,2014.0,,729,725.0,34.0,2,estresada,propagada,-70,
2606,maceta-01,2605,38,1.1.0,2026-09-16 21:45:19+00:00,2026-09-16 21:45:21.111394+00:00,12.2,53.0,1451,1300.0,39.0,2360,2016.0,,758,741.0,33.3,2,estresada,propagada,-72,
2607,maceta-01,2606,38,1.1.0,2026-09-16 21:45:49+00:00,2026-09-16 21:45:50.890647+00:00,12.2,53.0,1408,1260.0,38.0,2366,2013.0,,762,750.0,33.0,2,estresada,propagada,-70,
2608,maceta-01,2607,38,1.1.0,2026-09-16 21:46:19+00:00,2026-09-16 21:46:20.873266+00:00,12.6,53.0,1351,1214.0,36.0,2342,2012.0,,736,725.0,34.0,2,estresada,propagada,-70,
2609,maceta-01,2608,38,1.1.0,2026-09-16 21:46:49+00:00,2026-09-16 21:46:51.164834+00:00,12.6,53.0,1301,1169.0,35.0,2341,2012.0,,761,749.0,33.0,2,estresada,propagada,-69,
2610,maceta-01,2609,38,1.1.0,2026-09-16 21:47:19+00:00,2026-09-16 21:47:20.945215+00:00,12.2,53.0,1248,1124.0,34.0,2361,2013.0,,759,744.0,33.2,2,estresada,propagada,-70,
2611,maceta-01,2610,38,1.1.0,2026-09-16 21:47:49+00:00,2026-09-16 21:47:51.133270+00:00,12.2,53.0,1181,1083.0,32.0,2354,2015.0,,739,732.0,33.7,2,estresada,propagada,-70,
2612,maceta-01,2611,38,1.1.0,2026-09-16 21:48:19+00:00,2026-09-16 21:48:20.910363+00:00,12.2,53.0,1119,1033.0,31.0,2351,2012.0,,749,739.0,33.4,2,estresada,propagada,-70,
2613,maceta-01,2612,38,1.1.0,2026-09-16 21:48:49+00:00,2026-09-16 21:48:50.902011+00:00,12.6,53.0,1057,987.0,29.0,2367,2017.0,,747,738.0,33.4,2,estresada,propagada,-70,
2614,maceta-01,2613,38,1.1.0,2026-09-16 21:49:19+00:00,2026-09-16 21:49:21.201360+00:00,12.6,53.0,992,933.0,28.0,2352,2014.0,,761,746.0,33.1,2,estresada,propagada,-70,
2615,maceta-01,2614,38,1.1.0,2026-09-16 21:49:49+00:00,2026-09-16 21:49:50.969034+00:00,12.6,53.0,944,884.0,26.0,2352,2014.0,,759,746.0,33.1,2,estresada,propagada,-70,
2616,maceta-01,2615,38,1.1.0,2026-09-16 21:50:19+00:00,2026-09-16 21:50:20.953100+00:00,12.6,53.0,875,837.0,25.0,2365,2020.0,,759,740.0,33.4,2,estresada,propagada,-70,
2617,maceta-01,2616,38,1.1.0,2026-09-16 21:50:49+00:00,2026-09-16 21:50:51.137236+00:00,12.2,53.0,811,790.0,23.0,2357,2018.0,,754,743.0,33.2,2,estresada,propagada,-70,
2618,maceta-01,2617,38,1.1.0,2026-09-16 21:51:19+00:00,2026-09-16 21:51:20.919945+00:00,12.2,53.0,769,744.0,22.0,2358,2018.0,,727,718.0,34.3,2,estresada,propagada,-70,
2619,maceta-01,2618,38,1.1.0,2026-09-16 21:51:49+00:00,2026-09-16 21:51:50.911954+00:00,12.2,53.0,717,704.0,21.0,2362,2023.0,,734,728.0,33.9,2,estresada,propagada,-69,
2620,maceta-01,2619,38,1.1.0,2026-09-16 21:52:19+00:00,2026-09-16 21:52:21.090690+00:00,12.2,54.0,644,664.0,20.0,2359,2024.0,,725,722.0,34.1,2,estresada,propagada,-69,
2621,maceta-01,2620,38,1.1.0,2026-09-16 21:52:49+00:00,2026-09-16 21:52:50.874480+00:00,12.2,54.0,592,613.0,18.0,2351,2017.0,,725,720.0,34.2,2,estresada,propagada,-69,
2622,maceta-01,2621,38,1.1.0,2026-09-16 21:53:19+00:00,2026-09-16 21:53:20.954462+00:00,12.2,54.0,551,572.0,17.0,2362,2014.0,,736,732.0,33.7,2,estresada,propagada,-72,
2623,maceta-01,2622,38,1.1.0,2026-09-16 21:53:49+00:00,2026-09-16 21:53:51.148665+00:00,12.2,54.0,482,527.0,15.0,2382,2028.0,,662,715.0,34.4,2,estresada,propagada,-70,
2624,maceta-01,2623,38,1.1.0,2026-09-16 21:54:19+00:00,2026-09-16 21:54:20.925317+00:00,12.2,54.0,432,487.0,14.0,2371,2026.0,,720,712.0,34.5,2,estresada,propagada,-70,
2625,maceta-01,2624,38,1.1.0,2026-09-16 21:54:49+00:00,2026-09-16 21:54:50.911702+00:00,12.2,54.0,393,447.0,13.0,2375,2025.0,,734,726.0,34.0,2,estresada,propagada,-70,
2626,maceta-01,2625,38,1.1.0,2026-09-16 21:55:19+00:00,2026-09-16 21:55:21.103711+00:00,12.2,54.0,337,412.0,12.0,2368,2028.0,,749,732.0,33.7,2,estresada,propagada,-72,
2627,maceta-01,2626,38,1.1.0,2026-09-16 21:55:49+00:00,2026-09-16 21:55:50.875184+00:00,11.8,55.0,297,384.0,11.0,2368,2026.0,,735,728.0,33.9,2,estresada,propagada,-70,
2628,maceta-01,2627,38,1.1.0,2026-09-16 21:56:19+00:00,2026-09-16 21:56:20.859490+00:00,11.8,55.0,261,347.0,10.0,2369,2026.0,,739,730.0,33.8,2,estresada,propagada,-69,
2629,maceta-01,2628,38,1.1.0,2026-09-16 21:56:49+00:00,2026-09-16 21:56:51.145848+00:00,12.2,55.0,230,322.0,9.0,2371,2027.0,,735,732.0,33.7,2,estresada,propagada,-70,
2630,maceta-01,2629,38,1.1.0,2026-09-16 21:57:19+00:00,2026-09-16 21:57:20.929742+00:00,12.2,55.0,189,300.0,9.0,2368,2027.0,,740,730.0,33.8,2,estresada,propagada,-70,
2631,maceta-01,2630,38,1.1.0,2026-09-16 21:57:49+00:00,2026-09-16 21:57:50.912577+00:00,12.2,55.0,173,278.0,8.0,2370,2028.0,,741,729.0,33.8,2,estresada,propagada,-70,
2632,maceta-01,2631,38,1.1.0,2026-09-16 21:58:19+00:00,2026-09-16 21:58:21.099802+00:00,12.2,55.0,137,256.0,7.0,2380,2031.0,,695,695.0,35.3,2,estresada,propagada,-72,
2633,maceta-01,2632,38,1.1.0,2026-09-16 21:58:49+00:00,2026-09-16 21:58:50.979671+00:00,11.8,55.0,127,243.0,7.0,2379,2033.0,,705,704.0,34.9,2,estresada,propagada,-69,
2634,maceta-01,2633,38,1.1.0,2026-09-16 21:59:19+00:00,2026-09-16 21:59:20.864968+00:00,11.8,55.0,103,226.0,6.0,2370,2025.0,,735,723.0,34.1,2,estresada,propagada,-69,
2635,maceta-01,2634,38,1.1.0,2026-09-16 21:59:49+00:00,2026-09-16 21:59:51.155207+00:00,11.8,55.0,90,214.0,6.0,2373,2029.0,,704,704.0,34.9,2,estresada,propagada,-72,
2636,maceta-01,2635,38,1.1.0,2026-09-16 22:00:19+00:00,2026-09-16 22:00:20.939828+00:00,11.8,56.0,77,200.0,6.0,2381,2029.0,,727,722.0,34.1,2,estresada,propagada,-70,
2637,maceta-01,2636,38,1.1.0,2026-09-16 22:00:49+00:00,2026-09-16 22:00:50.927912+00:00,11.8,56.0,67,197.0,5.0,2377,2037.0,,717,715.0,34.4,2,estresada,propagada,-66,
2638,maceta-01,2637,38,1.1.0,2026-09-16 22:01:19+00:00,2026-09-16 22:01:21.112347+00:00,11.8,56.0,48,181.0,5.0,2377,2038.0,,725,723.0,34.1,2,estresada,propagada,-67,
2639,maceta-01,2638,38,1.1.0,2026-09-16 22:01:49+00:00,2026-09-16 22:01:50.886988+00:00,11.8,56.0,53,181.0,5.0,2385,2034.0,,743,731.0,33.7,2,estresada,propagada,-67,
2640,maceta-01,2639,38,1.1.0,2026-09-16 22:02:19+00:00,2026-09-16 22:02:20.871311+00:00,11.8,56.0,48,179.0,5.0,2383,2033.0,,738,726.0,34.0,2,estresada,propagada,-67,
2641,maceta-01,2640,38,1.1.0,2026-09-16 22:02:49+00:00,2026-09-16 22:02:51.060461+00:00,11.8,56.0,26,165.0,5.0,2384,2031.0,,735,728.0,33.9,2,estresada,propagada,-67,
2642,maceta-01,2641,38,1.1.0,2026-09-16 22:03:19+00:00,2026-09-16 22:03:20.844832+00:00,11.8,56.0,25,162.0,4.0,2372,2033.0,,737,727.0,33.9,2,estresada,propagada,-67,
2643,maceta-01,2642,38,1.1.0,2026-09-16 22:03:49+00:00,2026-09-16 22:03:50.825972+00:00,11.8,56.0,17,161.0,4.0,2384,2037.0,,751,733.0,33.7,2,estresada,propagada,-68,
2644,maceta-01,2643,38,1.1.0,2026-09-16 22:04:19+00:00,2026-09-16 22:04:21.119556+00:00,11.8,56.0,16,155.0,4.0,2375,2038.0,,738,733.0,33.7,2,estresada,propagada,-67,
2645,maceta-01,2644,38,1.1.0,2026-09-16 22:04:49+00:00,2026-09-16 22:04:50.894018+00:00,11.8,56.0,16,152.0,4.0,2374,2033.0,,740,732.0,33.7,2,estresada,propagada,-67,
2646,maceta-01,2645,38,1.1.0,2026-09-16 22:05:19+00:00,2026-09-16 22:05:20.889637+00:00,11.8,56.0,9,154.0,4.0,2375,2036.0,,733,727.0,33.9,2,estresada,propagada,-68,
2647,maceta-01,2646,38,1.1.0,2026-09-16 22:05:49+00:00,2026-09-16 22:05:51.069093+00:00,11.8,56.0,7,147.0,4.0,2385,2038.0,,721,715.0,34.4,2,estresada,propagada,-67,
2648,maceta-01,2647,38,1.1.0,2026-09-16 22:06:19+00:00,2026-09-16 22:06:20.848324+00:00,11.8,56.0,0,142.0,4.0,2382,2037.0,,734,728.0,33.9,2,estresada,propagada,-66,luz_saturada
2649,maceta-01,2648,38,1.1.0,2026-09-16 22:06:49+00:00,2026-09-16 22:06:51.136238+00:00,11.8,56.0,0,143.0,4.0,2382,2038.0,,749,731.0,33.7,2,estresada,propagada,-66,luz_saturada
2650,maceta-01,2649,38,1.1.0,2026-09-16 22:07:19+00:00,2026-09-16 22:07:20.916721+00:00,11.8,56.0,10,144.0,4.0,2383,2037.0,,735,729.0,33.8,2,estresada,propagada,-68,
2651,maceta-01,2650,38,1.1.0,2026-09-16 22:07:49+00:00,2026-09-16 22:07:50.899414+00:00,11.8,57.0,0,142.0,4.0,2367,2031.0,,739,730.0,33.8,2,estresada,propagada,-67,luz_saturada
2652,maceta-01,2651,38,1.1.0,2026-09-16 22:08:19+00:00,2026-09-16 22:08:21.092986+00:00,11.8,57.0,0,142.0,4.0,2383,2029.0,,747,735.0,33.6,2,estresada,propagada,-67,luz_saturada
2653,maceta-01,2652,38,1.1.0,2026-09-16 22:08:49+00:00,2026-09-16 22:08:50.865590+00:00,11.8,57.0,0,142.0,4.0,2377,2038.0,,747,730.0,33.8,2,estresada,propagada,-68,luz_saturada
2654,maceta-01,2653,38,1.1.0,2026-09-16 22:09:19+00:00,2026-09-16 22:09:20.850287+00:00,11.8,57.0,0,142.0,4.0,2387,2038.0,,749,738.0,33.4,2,estresada,propagada,-66,luz_saturada
2655,maceta-01,2654,38,1.1.0,2026-09-16 22:09:49+00:00,2026-09-16 22:09:51.142529+00:00,11.8,57.0,0,142.0,4.0,2368,2029.0,,736,728.0,33.9,2,estresada,propagada,-67,luz_saturada
2656,maceta-01,2655,38,1.1.0,2026-09-16 22:10:19+00:00,2026-09-16 22:10:20.822416+00:00,11.8,57.0,0,142.0,4.0,2384,2037.0,,734,727.0,33.9,2,estresada,propagada,-67,luz_saturada
2657,maceta-01,2656,38,1.1.0,2026-09-16 22:10:49+00:00,2026-09-16 22:10:50.913494+00:00,11.8,57.0,0,142.0,4.0,2382,2040.0,,734,718.0,34.3,2,estresada,propagada,-67,luz_saturada
2658,maceta-01,2657,38,1.1.0,2026-09-16 22:11:19+00:00,2026-09-16 22:11:21.302684+00:00,11.8,57.0,0,142.0,4.0,2386,2038.0,,718,715.0,34.4,2,estresada,propagada,-67,luz_saturada
2659,maceta-01,2658,38,1.1.0,2026-09-16 22:11:49+00:00,2026-09-16 22:11:50.874417+00:00,11.8,57.0,0,142.0,4.0,2384,2037.0,,718,714.0,34.5,2,estresada,propagada,-67,luz_saturada
2660,maceta-01,2659,38,1.1.0,2026-09-16 22:12:19+00:00,2026-09-16 22:12:20.856278+00:00,11.8,57.0,0,142.0,4.0,2384,2037.0,,727,727.0,33.9,2,estresada,propagada,-67,luz_saturada
2661,maceta-01,2660,38,1.1.0,2026-09-16 22:12:49+00:00,2026-09-16 22:12:51.047579+00:00,11.8,57.0,0,142.0,4.0,2383,2034.0,,716,714.0,34.5,2,estresada,propagada,-67,luz_saturada
2662,maceta-01,2661,38,1.1.0,2026-09-16 22:13:19+00:00,2026-09-16 22:13:20.829333+00:00,11.8,57.0,0,142.0,4.0,2370,2037.0,,737,727.0,33.9,2,estresada,propagada,-67,luz_saturada
2663,maceta-01,2662,38,1.1.0,2026-09-16 22:13:49+00:00,2026-09-16 22:13:50.920850+00:00,11.8,57.0,0,142.0,4.0,2379,2026.0,,741,727.0,33.9,2,estresada,propagada,-67,luz_saturada
2664,maceta-01,2663,38,1.1.0,2026-09-16 22:14:19+00:00,2026-09-16 22:14:21.103323+00:00,11.8,57.0,0,142.0,4.0,2381,2034.0,,734,734.0,33.6,2,estresada,propagada,-67,luz_saturada
2665,maceta-01,2664,38,1.1.0,2026-09-16 22:14:49+00:00,2026-09-16 22:14:50.877597+00:00,11.8,57.0,0,142.0,4.0,2369,2034.0,,732,728.0,33.9,2,estresada,propagada,-67,luz_saturada
2666,maceta-01,2665,38,1.1.0,2026-09-16 22:15:19+00:00,2026-09-16 22:15:20.863605+00:00,11.8,57.0,0,142.0,4.0,2381,2038.0,,743,737.0,33.5,2,estresada,propagada,-67,luz_saturada
2667,maceta-01,2666,38,1.1.0,2026-09-16 22:15:49+00:00,2026-09-16 22:15:51.051647+00:00,11.8,57.0,0,142.0,4.0,2381,2036.0,,741,732.0,33.7,2,estresada,propagada,-67,luz_saturada
2668,maceta-01,2667,38,1.1.0,2026-09-16 22:16:19+00:00,2026-09-16 22:16:20.835462+00:00,11.8,57.0,0,142.0,4.0,2380,2033.0,,742,732.0,33.7,2,estresada,propagada,-66,luz_saturada
2669,maceta-01,2668,38,1.1.0,2026-09-16 22:16:49+00:00,2026-09-16 22:16:50.817574+00:00,11.8,57.0,0,142.0,4.0,2379,2033.0,,738,733.0,33.7,2,estresada,propagada,-66,luz_saturada
2670,maceta-01,2669,38,1.1.0,2026-09-16 22:17:19+00:00,2026-09-16 22:17:21.208925+00:00,11.8,57.0,0,142.0,4.0,2385,2039.0,,749,731.0,33.7,2,estresada,propagada,-66,luz_saturada
2671,maceta-01,2670,38,1.1.0,2026-09-16 22:17:49+00:00,2026-09-16 22:17:50.884164+00:00,11.8,57.0,0,142.0,4.0,2381,2032.0,,752,739.0,33.4,2,estresada,propagada,-66,luz_saturada
2672,maceta-01,2671,38,1.1.0,2026-09-16 22:18:19+00:00,2026-09-16 22:18:20.870225+00:00,11.8,57.0,0,142.0,4.0,2385,2036.0,,751,739.0,33.4,2,estresada,propagada,-67,luz_saturada
2673,maceta-01,2672,38,1.1.0,2026-09-16 22:18:49+00:00,2026-09-16 22:18:51.067048+00:00,11.8,57.0,0,142.0,4.0,2387,2041.0,,743,733.0,33.7,2,estresada,propagada,-67,luz_saturada
2674,maceta-01,2673,38,1.1.0,2026-09-16 22:19:19+00:00,2026-09-16 22:19:20.834365+00:00,11.8,57.0,0,142.0,4.0,2379,2039.0,,746,734.0,33.6,2,estresada,propagada,-66,luz_saturada
2675,maceta-01,2674,38,1.1.0,2026-09-16 22:19:49+00:00,2026-09-16 22:19:50.818636+00:00,11.8,57.0,0,142.0,4.0,2381,2036.0,,746,731.0,33.7,2,estresada,propagada,-66,luz_saturada
2676,maceta-01,2675,38,1.1.0,2026-09-16 22:20:19+00:00,2026-09-16 22:20:21.118134+00:00,11.8,57.0,0,142.0,4.0,2375,2027.0,,747,736.0,33.5,2,estresada,propagada,-67,luz_saturada
2677,maceta-01,2676,38,1.1.0,2026-09-16 22:20:49+00:00,2026-09-16 22:20:50.889046+00:00,11.8,57.0,0,142.0,4.0,2375,2036.0,,743,731.0,33.7,2,estresada,propagada,-67,luz_saturada
2678,maceta-01,2677,38,1.1.0,2026-09-16 22:21:19+00:00,2026-09-16 22:21:20.874422+00:00,11.8,57.0,0,142.0,4.0,2375,2034.0,,730,725.0,34.0,2,estresada,propagada,-67,luz_saturada
2679,maceta-01,2678,38,1.1.0,2026-09-16 22:21:49+00:00,2026-09-16 22:21:51.065173+00:00,11.8,58.0,0,142.0,4.0,2384,2038.0,,741,730.0,33.8,2,estresada,propagada,-67,luz_saturada
2680,maceta-01,2679,38,1.1.0,2026-09-16 22:22:19+00:00,2026-09-16 22:22:20.845539+00:00,11.8,58.0,0,142.0,4.0,2391,2037.0,,751,735.0,33.6,2,estresada,propagada,-67,luz_saturada
2681,maceta-01,2680,38,1.1.0,2026-09-16 22:22:49+00:00,2026-09-16 22:22:50.819785+00:00,11.8,58.0,0,142.0,4.0,2390,2038.0,,742,731.0,33.7,2,estresada,propagada,-67,luz_saturada
2682,maceta-01,2681,38,1.1.0,2026-09-16 22:23:19+00:00,2026-09-16 22:23:21.113801+00:00,11.8,58.0,0,142.0,4.0,2374,2030.0,,727,717.0,34.3,2,estresada,propagada,-67,luz_saturada
2683,maceta-01,2682,38,1.1.0,2026-09-16 22:23:49+00:00,2026-09-16 22:23:50.802516+00:00,11.8,58.0,0,142.0,4.0,2368,2038.0,,718,712.0,34.5,2,estresada,propagada,-66,luz_saturada
2684,maceta-01,2683,38,1.1.0,2026-09-16 22:24:19+00:00,2026-09-16 22:24:20.889230+00:00,11.8,58.0,0,142.0,4.0,2389,2040.0,,727,717.0,34.3,2,estresada,propagada,-66,luz_saturada
2685,maceta-01,2684,38,1.1.0,2026-09-16 22:24:49+00:00,2026-09-16 22:24:51.062416+00:00,11.8,58.0,0,142.0,4.0,2386,2038.0,,734,722.0,34.1,2,estresada,propagada,-67,luz_saturada
2686,maceta-01,2685,38,1.1.0,2026-09-16 22:25:19+00:00,2026-09-16 22:25:20.843782+00:00,11.8,58.0,0,142.0,4.0,2384,2038.0,,731,725.0,34.0,2,estresada,propagada,-67,luz_saturada
2687,maceta-01,2686,38,1.1.0,2026-09-16 22:25:49+00:00,2026-09-16 22:25:50.830185+00:00,11.8,58.0,0,142.0,4.0,2389,2038.0,,736,723.0,34.1,2,estresada,propagada,-66,luz_saturada
2688,maceta-01,2687,38,1.1.0,2026-09-16 22:26:19+00:00,2026-09-16 22:26:21.014683+00:00,11.7,58.0,0,142.0,4.0,2386,2041.0,,737,730.0,33.8,2,estresada,propagada,-67,luz_saturada
2689,maceta-01,2688,38,1.1.0,2026-09-16 22:26:49+00:00,2026-09-16 22:26:50.813636+00:00,11.4,58.0,0,142.0,4.0,2380,2034.0,,721,715.0,34.4,2,estresada,propagada,-67,luz_saturada
2690,maceta-01,2689,38,1.1.0,2026-09-16 22:27:19+00:00,2026-09-16 22:27:20.884219+00:00,11.8,58.0,0,142.0,4.0,2393,2039.0,,722,719.0,34.2,2,estresada,propagada,-67,luz_saturada
2691,maceta-01,2690,38,1.1.0,2026-09-16 22:27:49+00:00,2026-09-16 22:27:51.075187+00:00,11.8,59.0,0,142.0,4.0,2381,2044.0,,727,720.0,34.2,2,estresada,propagada,-67,luz_saturada
2692,maceta-01,2691,38,1.1.0,2026-09-16 22:28:19+00:00,2026-09-16 22:28:20.857711+00:00,11.8,59.0,0,142.0,4.0,2396,2041.0,,726,720.0,34.2,2,estresada,propagada,-67,luz_saturada
2693,maceta-01,2692,38,1.1.0,2026-09-16 22:28:49+00:00,2026-09-16 22:28:50.833573+00:00,11.8,59.0,0,142.0,4.0,2389,2040.0,,720,719.0,34.2,2,estresada,propagada,-67,luz_saturada
2694,maceta-01,2693,38,1.1.0,2026-09-16 22:29:19+00:00,2026-09-16 22:29:21.021060+00:00,11.8,59.0,0,142.0,4.0,2386,2045.0,,741,727.0,33.9,2,estresada,propagada,-67,luz_saturada
2695,maceta-01,2694,38,1.1.0,2026-09-16 22:29:49+00:00,2026-09-16 22:29:50.815203+00:00,11.8,58.0,14,151.0,4.0,2387,2045.0,,743,736.0,33.5,2,estresada,propagada,-69,
2696,maceta-01,2695,38,1.1.0,2026-09-16 22:30:19+00:00,2026-09-16 22:30:20.784417+00:00,11.8,58.0,15,149.0,4.0,2375,2037.0,,746,736.0,33.5,2,estresada,propagada,-67,
2697,maceta-01,2696,38,1.1.0,2026-09-16 22:30:49+00:00,2026-09-16 22:30:51.090521+00:00,11.8,58.0,11,146.0,4.0,2401,2044.0,,724,724.0,34.0,2,estresada,propagada,-67,
2698,maceta-01,2697,38,1.1.0,2026-09-16 22:31:19+00:00,2026-09-16 22:31:20.871056+00:00,11.8,58.0,4,150.0,4.0,2382,2042.0,,739,735.0,33.6,2,estresada,propagada,-67,
2699,maceta-01,2698,38,1.1.0,2026-09-16 22:31:49+00:00,2026-09-16 22:31:50.845425+00:00,11.8,58.0,6,148.0,4.0,2399,2044.0,,737,730.0,33.8,2,estresada,propagada,-69,
2700,maceta-01,2699,38,1.1.0,2026-09-16 22:32:19+00:00,2026-09-16 22:32:21.037360+00:00,11.4,59.0,10,150.0,4.0,2387,2041.0,,737,726.0,34.0,2,estresada,propagada,-66,
2701,maceta-01,2700,38,1.1.0,2026-09-16 22:32:49+00:00,2026-09-16 22:32:50.816948+00:00,11.3,59.0,0,146.0,4.0,2389,2041.0,,737,726.0,34.0,2,estresada,propagada,-66,luz_saturada
2702,maceta-01,2701,38,1.1.0,2026-09-16 22:33:19+00:00,2026-09-16 22:33:20.799055+00:00,11.4,59.0,5,148.0,4.0,2391,2040.0,,734,720.0,34.2,2,estresada,propagada,-66,
2703,maceta-01,2702,38,1.1.0,2026-09-16 22:33:49+00:00,2026-09-16 22:33:51.093749+00:00,11.3,59.0,2,144.0,4.0,2386,2038.0,,737,725.0,34.0,2,estresada,propagada,-66,
2704,maceta-01,2703,38,1.1.0,2026-09-16 22:34:19+00:00,2026-09-16 22:34:20.773726+00:00,11.4,59.0,3,146.0,4.0,2399,2042.0,,732,721.0,34.2,2,estresada,propagada,-67,
2705,maceta-01,2704,38,1.1.0,2026-09-16 22:34:49+00:00,2026-09-16 22:34:50.864138+00:00,11.8,59.0,13,148.0,4.0,2395,2044.0,,732,722.0,34.1,2,estresada,propagada,-67,
2706,maceta-01,2705,38,1.1.0,2026-09-16 22:35:19+00:00,2026-09-16 22:35:21.044493+00:00,11.8,59.0,3,142.0,4.0,2391,2041.0,,734,727.0,33.9,2,estresada,propagada,-66,
2707,maceta-01,2706,38,1.1.0,2026-09-16 22:35:49+00:00,2026-09-16 22:35:50.817684+00:00,11.8,59.0,0,149.0,4.0,2399,2043.0,,729,722.0,34.1,2,estresada,propagada,-67,luz_saturada
2708,maceta-01,2707,38,1.1.0,2026-09-16 22:36:19+00:00,2026-09-16 22:36:20.800337+00:00,11.8,59.0,16,143.0,4.0,2385,2044.0,,740,727.0,33.9,2,estresada,propagada,-67,
2709,maceta-01,2708,38,1.1.0,2026-09-16 22:36:49+00:00,2026-09-16 22:36:50.993625+00:00,11.8,59.0,15,147.0,4.0,2397,2045.0,,738,730.0,33.8,2,estresada,propagada,-67,
2710,maceta-01,2709,38,1.1.0,2026-09-16 22:37:19+00:00,2026-09-16 22:37:20.772816+00:00,11.8,59.0,12,145.0,4.0,2385,2041.0,,739,727.0,33.9,2,estresada,propagada,-67,
2711,maceta-01,2710,38,1.1.0,2026-09-16 22:37:49+00:00,2026-09-16 22:37:50.859088+00:00,11.4,59.0,12,145.0,4.0,2388,2042.0,,721,718.0,34.3,2,estresada,propagada,-67,
2712,maceta-01,2711,38,1.1.0,2026-09-16 22:38:19+00:00,2026-09-16 22:38:20.991853+00:00,11.3,59.0,0,144.0,4.0,2394,2041.0,,738,727.0,33.9,2,estresada,propagada,-67,luz_saturada
2713,maceta-01,2712,38,1.1.0,2026-09-16 22:38:49+00:00,2026-09-16 22:38:50.830567+00:00,11.3,59.0,0,146.0,4.0,2401,2046.0,,731,728.0,33.9,2,estresada,propagada,-66,luz_saturada
2714,maceta-01,2713,38,1.1.0,2026-09-16 22:39:19+00:00,2026-09-16 22:39:20.803647+00:00,11.3,59.0,11,145.0,4.0,2397,2049.0,,731,729.0,33.8,2,estresada,propagada,-66,
2715,maceta-01,2714,38,1.1.0,2026-09-16 22:39:49+00:00,2026-09-16 22:39:51.000034+00:00,11.3,59.0,0,148.0,4.0,2397,2042.0,,735,723.0,34.1,2,estresada,propagada,-66,luz_saturada
2716,maceta-01,2715,38,1.1.0,2026-09-16 22:40:19+00:00,2026-09-16 22:40:20.783694+00:00,11.3,59.0,0,147.0,4.0,2390,2042.0,,736,723.0,34.1,2,estresada,propagada,-66,luz_saturada
2717,maceta-01,2716,38,1.1.0,2026-09-16 22:40:49+00:00,2026-09-16 22:40:50.757187+00:00,11.3,59.0,5,147.0,4.0,2381,2041.0,,725,719.0,34.2,2,estresada,propagada,-66,
2718,maceta-01,2717,38,1.1.0,2026-09-16 22:41:19+00:00,2026-09-16 22:41:21.038204+00:00,11.3,59.0,11,147.0,4.0,2385,2039.0,,734,721.0,34.2,2,estresada,propagada,-67,
2719,maceta-01,2718,38,1.1.0,2026-09-16 22:41:49+00:00,2026-09-16 22:41:50.819709+00:00,11.3,59.0,0,144.0,4.0,2388,2037.0,,733,727.0,33.9,2,estresada,propagada,-67,luz_saturada
2720,maceta-01,2719,38,1.1.0,2026-09-16 22:42:19+00:00,2026-09-16 22:42:23.016328+00:00,11.3,59.0,3,148.0,4.0,2381,2038.0,,727,723.0,34.1,2,estresada,propagada,-66,
2721,maceta-01,2720,38,1.1.0,2026-09-16 22:42:49+00:00,2026-09-16 22:42:51.013986+00:00,11.3,59.0,2,147.0,4.0,2383,2037.0,,739,731.0,33.7,2,estresada,propagada,-66,
2722,maceta-01,2721,38,1.1.0,2026-09-16 22:43:19+00:00,2026-09-16 22:43:20.784563+00:00,11.3,59.0,0,146.0,4.0,2380,2037.0,,738,727.0,33.9,2,estresada,propagada,-67,luz_saturada
2723,maceta-01,2722,38,1.1.0,2026-09-16 22:43:49+00:00,2026-09-16 22:43:50.753232+00:00,11.3,59.0,7,151.0,4.0,2379,2034.0,,742,730.0,33.8,2,estresada,propagada,-67,
2724,maceta-01,2723,38,1.1.0,2026-09-16 22:44:19+00:00,2026-09-16 22:44:21.055841+00:00,11.3,59.0,13,146.0,4.0,2373,2036.0,,723,719.0,34.2,2,estresada,propagada,-67,
2725,maceta-01,2724,38,1.1.0,2026-09-16 22:44:49+00:00,2026-09-16 22:44:50.825402+00:00,11.3,59.0,0,144.0,4.0,2384,2036.0,,738,727.0,33.9,2,estresada,propagada,-67,luz_saturada
2726,maceta-01,2725,38,1.1.0,2026-09-16 22:45:19+00:00,2026-09-16 22:45:21.027791+00:00,11.3,59.0,0,146.0,4.0,2399,2049.0,,731,720.0,34.2,2,estresada,propagada,-67,luz_saturada
2727,maceta-01,2726,38,1.1.0,2026-09-16 22:45:49+00:00,2026-09-16 22:45:50.796555+00:00,11.3,60.0,0,148.0,4.0,2399,2050.0,,728,720.0,34.2,2,estresada,propagada,-67,luz_saturada
2728,maceta-01,2727,38,1.1.0,2026-09-16 22:46:19+00:00,2026-09-16 22:46:20.788413+00:00,11.3,60.0,13,145.0,4.0,2391,2050.0,,707,710.0,34.6,2,estresada,propagada,-67,
2729,maceta-01,2728,38,1.1.0,2026-09-16 22:46:49+00:00,2026-09-16 22:46:50.967003+00:00,11.3,60.0,0,148.0,4.0,2399,2046.0,,724,715.0,34.4,2,estresada,propagada,-66,luz_saturada
2730,maceta-01,2729,38,1.1.0,2026-09-16 22:47:19+00:00,2026-09-16 22:47:20.752263+00:00,11.3,60.0,3,149.0,4.0,2395,2042.0,,721,715.0,34.4,2,estresada,propagada,-66,
2731,maceta-01,2730,38,1.1.0,2026-09-16 22:47:49+00:00,2026-09-16 22:47:50.742630+00:00,11.3,60.0,3,148.0,4.0,2394,2050.0,,704,704.0,34.9,2,estresada,propagada,-66,
2732,maceta-01,2731,38,1.1.0,2026-09-16 22:48:19+00:00,2026-09-16 22:48:21.024917+00:00,11.3,61.0,11,147.0,4.0,2397,2052.0,,722,715.0,34.4,2,estresada,propagada,-67,
2733,maceta-01,2732,38,1.1.0,2026-09-16 22:48:49+00:00,2026-09-16 22:48:50.815035+00:00,11.3,61.0,1,144.0,4.0,2395,2047.0,,720,716.0,34.4,2,estresada,propagada,-67,
2734,maceta-01,2733,38,1.1.0,2026-09-16 22:49:19+00:00,2026-09-16 22:49:20.791976+00:00,11.3,61.0,16,147.0,4.0,2401,2052.0,,717,711.0,34.6,2,estresada,propagada,-66,
2735,maceta-01,2734,38,1.1.0,2026-09-16 22:49:49+00:00,2026-09-16 22:49:50.972087+00:00,11.3,61.0,2,151.0,4.0,2395,2052.0,,707,704.0,34.9,2,estresada,propagada,-66,
2736,maceta-01,2735,38,1.1.0,2026-09-16 22:50:19+00:00,2026-09-16 22:50:20.761426+00:00,11.3,61.0,4,148.0,4.0,2386,2039.0,,689,691.0,35.5,2,estresada,propagada,-66,
2737,maceta-01,2736,38,1.1.0,2026-09-16 22:50:49+00:00,2026-09-16 22:50:50.732239+00:00,11.3,61.0,6,146.0,4.0,2398,2043.0,,704,702.0,35.0,2,estresada,propagada,-67,
2738,maceta-01,2737,38,1.1.0,2026-09-16 22:51:19+00:00,2026-09-16 22:51:21.023326+00:00,11.3,61.0,10,150.0,4.0,2396,2046.0,,710,712.0,34.5,2,estresada,propagada,-67,
2739,maceta-01,2738,38,1.1.0,2026-09-16 22:51:48+00:00,2026-09-16 22:51:53.042048+00:00,11.3,61.0,16,151.0,4.0,2389,2042.0,,710,707.0,34.8,2,estresada,propagada,-66,
2740,maceta-01,2739,38,1.1.0,2026-09-16 22:52:18+00:00,2026-09-16 22:52:20.789477+00:00,11.3,61.0,16,145.0,4.0,2393,2054.0,,714,714.0,34.5,2,estresada,propagada,-67,
2741,maceta-01,2740,38,1.1.0,2026-09-16 22:52:48+00:00,2026-09-16 22:52:50.985257+00:00,11.3,61.0,3,147.0,4.0,2405,2050.0,,723,714.0,34.5,2,estresada,propagada,-65,
2742,maceta-01,2741,38,1.1.0,2026-09-16 22:53:18+00:00,2026-09-16 22:53:20.770545+00:00,11.3,61.0,7,146.0,4.0,2400,2050.0,,718,715.0,34.4,2,estresada,propagada,-66,
2743,maceta-01,2742,38,1.1.0,2026-09-16 22:53:48+00:00,2026-09-16 22:53:50.740284+00:00,11.3,61.0,4,147.0,4.0,2406,2052.0,,694,693.0,35.4,2,estresada,propagada,-67,
2744,maceta-01,2743,38,1.1.0,2026-09-16 22:54:18+00:00,2026-09-16 22:54:21.031370+00:00,10.9,62.0,2,145.0,4.0,2399,2046.0,,706,707.0,34.8,2,estresada,propagada,-66,
2745,maceta-01,2744,38,1.1.0,2026-09-16 22:54:48+00:00,2026-09-16 22:54:50.818336+00:00,11.3,62.0,6,151.0,4.0,2405,2047.0,,720,715.0,34.4,2,estresada,propagada,-66,
2746,maceta-01,2745,38,1.1.0,2026-09-16 22:55:18+00:00,2026-09-16 22:55:20.804657+00:00,11.3,62.0,5,143.0,4.0,2410,2051.0,,720,715.0,34.4,2,estresada,propagada,-66,
2747,maceta-01,2746,38,1.1.0,2026-09-16 22:55:48+00:00,2026-09-16 22:55:50.995437+00:00,11.3,62.0,16,148.0,4.0,2401,2055.0,,721,716.0,34.4,2,estresada,propagada,-66,
2748,maceta-01,2747,38,1.1.0,2026-09-16 22:56:18+00:00,2026-09-16 22:56:20.761226+00:00,11.3,62.0,16,146.0,4.0,2392,2045.0,,725,720.0,34.2,2,estresada,propagada,-67,
2749,maceta-01,2748,38,1.1.0,2026-09-16 22:56:48+00:00,2026-09-16 22:56:50.743544+00:00,11.3,62.0,11,148.0,4.0,2400,2047.0,,730,727.0,33.9,2,estresada,propagada,-66,
2750,maceta-01,2749,38,1.1.0,2026-09-16 22:57:18+00:00,2026-09-16 22:57:21.033055+00:00,11.3,62.0,5,148.0,4.0,2400,2051.0,,735,726.0,34.0,2,estresada,propagada,-67,
2751,maceta-01,2750,38,1.1.0,2026-09-16 22:57:48+00:00,2026-09-16 22:57:50.713293+00:00,11.3,62.0,4,148.0,4.0,2449,2043.0,,726,719.0,34.2,2,estresada,propagada,-66,
2752,maceta-01,2751,38,1.1.0,2026-09-16 22:58:18+00:00,2026-09-16 22:58:20.795033+00:00,11.3,62.0,10,146.0,4.0,2399,2053.0,,710,706.0,34.8,2,estresada,propagada,-67,
2753,maceta-01,2752,38,1.1.0,2026-09-16 22:58:48+00:00,2026-09-16 22:58:50.989615+00:00,11.3,62.0,2,144.0,4.0,2395,2049.0,,721,715.0,34.4,2,estresada,propagada,-66,
2754,maceta-01,2753,38,1.1.0,2026-09-16 22:59:18+00:00,2026-09-16 22:59:20.765359+00:00,11.3,62.0,11,144.0,4.0,2401,2052.0,,721,716.0,34.4,2,estresada,propagada,-66,
2755,maceta-01,2754,38,1.1.0,2026-09-16 22:59:48+00:00,2026-09-16 22:59:50.749575+00:00,11.3,62.0,4,148.0,4.0,2393,2050.0,,720,715.0,34.4,2,estresada,propagada,-67,
2756,maceta-01,2755,38,1.1.0,2026-09-16 23:00:18+00:00,2026-09-16 23:00:21.038074+00:00,11.3,62.0,16,147.0,4.0,2396,2051.0,,720,716.0,34.4,2,estresada,propagada,-67,
2757,maceta-01,2756,38,1.1.0,2026-09-16 23:00:48+00:00,2026-09-16 23:00:50.728219+00:00,11.3,62.0,3,147.0,4.0,2418,2056.0,,723,719.0,34.2,2,estresada,propagada,-66,
2758,maceta-01,2757,38,1.1.0,2026-09-16 23:01:18+00:00,2026-09-16 23:01:20.720003+00:00,11.3,62.0,7,146.0,4.0,2384,2046.0,,721,715.0,34.4,2,estresada,propagada,-69,
2759,maceta-01,2758,38,1.1.0,2026-09-16 23:01:48+00:00,2026-09-16 23:01:51.004973+00:00,11.3,62.0,8,148.0,4.0,2407,2058.0,,717,713.0,34.5,2,estresada,propagada,-70,
2760,maceta-01,2759,38,1.1.0,2026-09-16 23:02:18+00:00,2026-09-16 23:02:20.786637+00:00,11.3,62.0,3,146.0,4.0,2399,2051.0,,731,723.0,34.1,2,estresada,propagada,-68,
2761,maceta-01,2760,38,1.1.0,2026-09-16 23:02:48+00:00,2026-09-16 23:02:50.767785+00:00,11.3,62.0,9,142.0,4.0,2405,2054.0,,730,722.0,34.1,2,estresada,propagada,-69,
2762,maceta-01,2761,38,1.1.0,2026-09-16 23:03:18+00:00,2026-09-16 23:03:20.957120+00:00,11.3,62.0,1,144.0,4.0,2407,2054.0,,722,717.0,34.3,2,estresada,propagada,-69,
2763,maceta-01,2762,38,1.1.0,2026-09-16 23:03:48+00:00,2026-09-16 23:03:50.742401+00:00,11.3,62.0,10,142.0,4.0,2411,2053.0,,721,716.0,34.4,2,estresada,propagada,-69,
2764,maceta-01,2763,38,1.1.0,2026-09-16 23:04:18+00:00,2026-09-16 23:04:20.725654+00:00,11.3,62.0,14,154.0,4.0,2400,2056.0,,735,725.0,34.0,2,estresada,propagada,-70,
2765,maceta-01,2764,38,1.1.0,2026-09-16 23:04:48+00:00,2026-09-16 23:04:51.010468+00:00,11.3,62.0,3,146.0,4.0,2401,2055.0,,731,719.0,34.2,2,estresada,propagada,-69,
2766,maceta-01,2765,38,1.1.0,2026-09-16 23:05:18+00:00,2026-09-16 23:05:20.790802+00:00,11.3,62.0,0,145.0,4.0,2399,2053.0,,727,723.0,34.1,2,estresada,propagada,-69,luz_saturada
2767,maceta-01,2766,38,1.1.0,2026-09-16 23:05:48+00:00,2026-09-16 23:05:50.773394+00:00,11.3,62.0,5,144.0,4.0,2405,2060.0,,726,715.0,34.4,2,estresada,propagada,-69,
2768,maceta-01,2767,38,1.1.0,2026-09-16 23:06:18+00:00,2026-09-16 23:06:20.964324+00:00,11.3,62.0,1,147.0,4.0,2399,2058.0,,726,715.0,34.4,2,estresada,propagada,-70,
2769,maceta-01,2768,38,1.1.0,2026-09-16 23:06:48+00:00,2026-09-16 23:06:50.748484+00:00,11.3,63.0,6,147.0,4.0,2399,2055.0,,727,719.0,34.2,2,estresada,propagada,-70,
2770,maceta-01,2769,38,1.1.0,2026-09-16 23:07:18+00:00,2026-09-16 23:07:20.725736+00:00,11.3,63.0,7,144.0,4.0,2399,2053.0,,726,723.0,34.1,2,estresada,propagada,-70,
2771,maceta-01,2770,38,1.1.0,2026-09-16 23:07:48+00:00,2026-09-16 23:07:51.018338+00:00,11.3,63.0,16,143.0,4.0,2400,2037.0,,722,719.0,34.2,2,estresada,propagada,-69,
2772,maceta-01,2771,38,1.1.0,2026-09-16 23:08:18+00:00,2026-09-16 23:08:20.691865+00:00,11.3,63.0,11,142.0,4.0,2394,2051.0,,723,719.0,34.2,2,estresada,propagada,-70,
2773,maceta-01,2772,38,1.1.0,2026-09-16 23:08:48+00:00,2026-09-16 23:08:50.780589+00:00,11.3,63.0,13,147.0,4.0,2398,2056.0,,732,723.0,34.1,2,estresada,propagada,-69,
2774,maceta-01,2773,38,1.1.0,2026-09-16 23:09:18+00:00,2026-09-16 23:09:23.077623+00:00,11.3,63.0,5,145.0,4.0,2416,2060.0,,731,727.0,33.9,2,estresada,propagada,-69,
2775,maceta-01,2774,38,1.1.0,2026-09-16 23:09:48+00:00,2026-09-16 23:09:50.748667+00:00,11.3,63.0,0,152.0,4.0,2405,2055.0,,739,728.0,33.9,2,estresada,propagada,-69,luz_saturada
2776,maceta-01,2775,38,1.1.0,2026-09-16 23:10:18+00:00,2026-09-16 23:10:20.730249+00:00,11.3,63.0,7,152.0,4.0,2411,2055.0,,735,725.0,34.0,2,estresada,propagada,-70,
2777,maceta-01,2776,38,1.1.0,2026-09-16 23:10:48+00:00,2026-09-16 23:10:53.088605+00:00,11.3,63.0,15,149.0,4.0,2413,2060.0,,734,727.0,33.9,2,estresada,propagada,-69,
2778,maceta-01,2777,38,1.1.0,2026-09-16 23:11:18+00:00,2026-09-16 23:11:20.699214+00:00,11.3,63.0,13,150.0,4.0,2402,2053.0,,740,727.0,33.9,2,estresada,propagada,-69,
2779,maceta-01,2778,38,1.1.0,2026-09-16 23:11:48+00:00,2026-09-16 23:11:50.691678+00:00,11.3,63.0,5,147.0,4.0,2401,2053.0,,720,715.0,34.4,2,estresada,propagada,-69,
2780,maceta-01,2779,38,1.1.0,2026-09-16 23:12:18+00:00,2026-09-16 23:12:20.971781+00:00,11.3,63.0,0,149.0,4.0,2410,2056.0,,726,717.0,34.3,2,estresada,propagada,-69,luz_saturada
2781,maceta-01,2780,38,1.1.0,2026-09-16 23:12:48+00:00,2026-09-16 23:12:50.859544+00:00,11.3,63.0,11,150.0,4.0,2410,2061.0,,729,723.0,34.1,2,estresada,propagada,-70,
2782,maceta-01,2781,38,1.1.0,2026-09-16 23:13:18+00:00,2026-09-16 23:13:20.735582+00:00,11.3,63.0,2,144.0,4.0,2412,2057.0,,716,708.0,34.7,2,estresada,propagada,-70,
2783,maceta-01,2782,38,1.1.0,2026-09-16 23:13:48+00:00,2026-09-16 23:13:50.928722+00:00,11.3,63.0,0,146.0,4.0,2405,2055.0,,705,702.0,35.0,2,estresada,propagada,-69,luz_saturada
2784,maceta-01,2783,38,1.1.0,2026-09-16 23:14:18+00:00,2026-09-16 23:14:20.710787+00:00,11.3,63.0,3,148.0,4.0,2407,2058.0,,715,704.0,34.9,2,estresada,propagada,-69,
2785,maceta-01,2784,38,1.1.0,2026-09-16 23:14:48+00:00,2026-09-16 23:14:50.687324+00:00,11.3,63.0,15,144.0,4.0,2399,2053.0,,720,720.0,34.2,2,estresada,propagada,-69,
2786,maceta-01,2785,38,1.1.0,2026-09-16 23:15:18+00:00,2026-09-16 23:15:20.979994+00:00,11.3,63.0,10,147.0,4.0,2415,2060.0,,725,715.0,34.4,2,estresada,propagada,-69,
2787,maceta-01,2786,38,1.1.0,2026-09-16 23:15:48+00:00,2026-09-16 23:15:50.759075+00:00,11.3,63.0,15,149.0,4.0,2402,2061.0,,725,716.0,34.4,2,estresada,propagada,-69,
2788,maceta-01,2787,38,1.1.0,2026-09-16 23:16:18+00:00,2026-09-16 23:16:20.743701+00:00,11.3,63.0,0,147.0,4.0,2402,2059.0,,722,719.0,34.2,2,estresada,propagada,-69,luz_saturada
2789,maceta-01,2788,38,1.1.0,2026-09-16 23:16:48+00:00,2026-09-16 23:16:50.932605+00:00,11.3,64.0,6,144.0,4.0,2403,2056.0,,719,715.0,34.4,2,estresada,propagada,-69,
2790,maceta-01,2789,38,1.1.0,2026-09-16 23:17:18+00:00,2026-09-16 23:17:20.608672+00:00,11.3,64.0,4,154.0,4.0,2418,2061.0,,705,704.0,34.9,2,estresada,propagada,-69,
2791,maceta-01,2790,38,1.1.0,2026-09-16 23:17:48+00:00,2026-09-16 23:17:50.696973+00:00,11.3,64.0,5,150.0,4.0,2411,2055.0,,715,714.0,34.5,2,estresada,propagada,-70,
2792,maceta-01,2791,38,1.1.0,2026-09-16 23:18:18+00:00,2026-09-16 23:18:20.985326+00:00,11.3,64.0,6,144.0,4.0,2402,2049.0,,720,713.0,34.5,2,estresada,propagada,-70,
2793,maceta-01,2792,38,1.1.0,2026-09-16 23:18:48+00:00,2026-09-16 23:18:50.764345+00:00,10.9,65.0,10,147.0,4.0,2428,2060.0,,720,712.0,34.5,2,estresada,propagada,-70,
2794,maceta-01,2793,38,1.1.0,2026-09-16 23:19:18+00:00,2026-09-16 23:19:20.765668+00:00,10.9,65.0,11,148.0,4.0,2399,2062.0,,720,713.0,34.5,2,estresada,propagada,-70,
2795,maceta-01,2794,38,1.1.0,2026-09-16 23:19:48+00:00,2026-09-16 23:19:50.947699+00:00,10.9,65.0,0,147.0,4.0,2416,2063.0,,720,715.0,34.4,2,estresada,propagada,-69,luz_saturada
2796,maceta-01,2795,38,1.1.0,2026-09-16 23:20:18+00:00,2026-09-16 23:20:20.715787+00:00,11.3,64.0,65,144.0,4.0,2400,2056.0,,717,704.0,34.9,2,estresada,propagada,-70,
2797,maceta-01,2796,38,1.1.0,2026-09-16 23:20:48+00:00,2026-09-16 23:20:50.701403+00:00,11.3,64.0,17,144.0,4.0,2413,2060.0,,715,714.0,34.5,2,estresada,propagada,-69,
2798,maceta-01,2797,38,1.1.0,2026-09-16 23:21:18+00:00,2026-09-16 23:21:20.887720+00:00,11.3,64.0,8,147.0,4.0,2416,2060.0,,699,694.0,35.3,2,estresada,propagada,-70,
2799,maceta-01,2798,38,1.1.0,2026-09-16 23:21:48+00:00,2026-09-16 23:21:50.772013+00:00,11.3,65.0,0,148.0,4.0,2406,2063.0,,713,711.0,34.6,2,estresada,propagada,-68,luz_saturada
2800,maceta-01,2799,38,1.1.0,2026-09-16 23:22:18+00:00,2026-09-16 23:22:20.751218+00:00,11.3,65.0,0,148.0,4.0,2416,2060.0,,719,715.0,34.4,2,estresada,propagada,-69,luz_saturada
2801,maceta-01,2800,38,1.1.0,2026-09-16 23:22:48+00:00,2026-09-16 23:22:50.937524+00:00,11.3,65.0,11,147.0,4.0,2416,2066.0,,720,714.0,34.5,2,estresada,propagada,-68,
2802,maceta-01,2801,38,1.1.0,2026-09-16 23:23:18+00:00,2026-09-16 23:23:20.714294+00:00,11.3,65.0,9,150.0,4.0,2411,2059.0,,721,717.0,34.3,2,estresada,propagada,-69,
2803,maceta-01,2802,38,1.1.0,2026-09-16 23:23:48+00:00,2026-09-16 23:23:50.698567+00:00,11.3,65.0,6,147.0,4.0,2416,2060.0,,720,715.0,34.4,2,estresada,propagada,-69,
2804,maceta-01,2803,38,1.1.0,2026-09-16 23:24:18+00:00,2026-09-16 23:24:20.992391+00:00,11.3,65.0,13,150.0,4.0,2403,2063.0,,721,716.0,34.4,2,estresada,propagada,-69,
2805,maceta-01,2804,38,1.1.0,2026-09-16 23:24:48+00:00,2026-09-16 23:24:50.684955+00:00,11.3,65.0,7,145.0,4.0,2411,2059.0,,720,717.0,34.3,2,estresada,propagada,-69,
2806,maceta-01,2805,38,1.1.0,2026-09-16 23:25:18+00:00,2026-09-16 23:25:23.823321+00:00,11.3,65.0,5,148.0,4.0,2415,2061.0,,718,715.0,34.4,2,estresada,propagada,-68,
2807,maceta-01,2806,38,1.1.0,2026-09-16 23:25:48+00:00,2026-09-16 23:25:50.939128+00:00,11.3,64.0,0,144.0,4.0,2407,2060.0,,733,725.0,34.0,2,estresada,propagada,-69,luz_saturada
2808,maceta-01,2807,38,1.1.0,2026-09-16 23:26:18+00:00,2026-09-16 23:26:20.720025+00:00,11.3,64.0,5,147.0,4.0,2417,2064.0,,722,719.0,34.2,2,estresada,propagada,-69,
2809,maceta-01,2808,38,1.1.0,2026-09-16 23:26:48+00:00,2026-09-16 23:26:50.704707+00:00,11.3,64.0,12,147.0,4.0,2409,2064.0,,733,723.0,34.1,2,estresada,propagada,-69,
2810,maceta-01,2809,38,1.1.0,2026-09-16 23:27:18+00:00,2026-09-16 23:27:20.900291+00:00,11.3,64.0,11,147.0,4.0,2416,2063.0,,735,725.0,34.0,2,estresada,propagada,-69,
2811,maceta-01,2810,38,1.1.0,2026-09-16 23:27:48+00:00,2026-09-16 23:27:50.674970+00:00,11.3,64.0,6,144.0,4.0,2413,2064.0,,733,724.0,34.0,2,estresada,propagada,-69,
2812,maceta-01,2811,38,1.1.0,2026-09-16 23:28:18+00:00,2026-09-16 23:28:20.653892+00:00,11.3,64.0,12,144.0,4.0,2414,2056.0,,721,717.0,34.3,2,estresada,propagada,-69,
2813,maceta-01,2812,38,1.1.0,2026-09-16 23:28:48+00:00,2026-09-16 23:28:50.948763+00:00,11.3,64.0,10,148.0,4.0,2412,2061.0,,726,716.0,34.4,2,estresada,propagada,-69,
2814,maceta-01,2813,38,1.1.0,2026-09-16 23:29:18+00:00,2026-09-16 23:29:20.737167+00:00,11.3,64.0,4,149.0,4.0,2407,2060.0,,650,710.0,34.6,2,estresada,propagada,-69,
2815,maceta-01,2814,38,1.1.0,2026-09-16 23:29:48+00:00,2026-09-16 23:29:50.706929+00:00,11.3,64.0,5,148.0,4.0,2417,2064.0,,720,709.0,34.7,2,estresada,propagada,-69,
2816,maceta-01,2815,38,1.1.0,2026-09-16 23:30:18+00:00,2026-09-16 23:30:20.902382+00:00,11.3,65.0,4,146.0,4.0,2412,2062.0,,720,710.0,34.6,2,estresada,propagada,-69,
2817,maceta-01,2816,38,1.1.0,2026-09-16 23:30:48+00:00,2026-09-16 23:30:50.676343+00:00,11.3,65.0,0,149.0,4.0,2416,2060.0,,722,720.0,34.2,2,estresada,propagada,-68,luz_saturada
2818,maceta-01,2817,38,1.1.0,2026-09-16 23:31:18+00:00,2026-09-16 23:31:20.661278+00:00,11.3,65.0,16,146.0,4.0,2407,2056.0,,728,720.0,34.2,2,estresada,propagada,-69,
2819,maceta-01,2818,38,1.1.0,2026-09-16 23:31:48+00:00,2026-09-16 23:31:50.954082+00:00,11.3,65.0,3,151.0,4.0,2415,2063.0,,729,721.0,34.2,2,estresada,propagada,-69,
2820,maceta-01,2819,38,1.1.0,2026-09-16 23:32:18+00:00,2026-09-16 23:32:20.731111+00:00,11.3,65.0,4,151.0,4.0,2430,2064.0,,726,715.0,34.4,2,estresada,propagada,-69,
2821,maceta-01,2820,38,1.1.0,2026-09-16 23:32:48+00:00,2026-09-16 23:32:50.718234+00:00,11.3,65.0,4,150.0,4.0,2412,2064.0,,719,713.0,34.5,2,estresada,propagada,-69,
2822,maceta-01,2821,38,1.1.0,2026-09-16 23:33:18+00:00,2026-09-16 23:33:20.904214+00:00,11.3,65.0,11,147.0,4.0,2421,2064.0,,730,722.0,34.1,2,estresada,propagada,-69,
2823,maceta-01,2822,38,1.1.0,2026-09-16 23:33:48+00:00,2026-09-16 23:33:50.681019+00:00,11.3,65.0,0,150.0,4.0,2416,2064.0,,731,723.0,34.1,2,estresada,propagada,-69,luz_saturada
2824,maceta-01,2823,38,1.1.0,2026-09-16 23:34:18+00:00,2026-09-16 23:34:20.664670+00:00,11.3,65.0,9,152.0,4.0,2421,2067.0,,732,720.0,34.2,2,estresada,propagada,-69,
2825,maceta-01,2824,38,1.1.0,2026-09-16 23:34:48+00:00,2026-09-16 23:34:50.855168+00:00,11.3,65.0,4,146.0,4.0,2418,2060.0,,726,722.0,34.1,2,estresada,propagada,-68,
2826,maceta-01,2825,38,1.1.0,2026-09-16 23:35:18+00:00,2026-09-16 23:35:20.635397+00:00,11.3,65.0,11,148.0,4.0,2427,2060.0,,734,723.0,34.1,2,estresada,propagada,-69,
2827,maceta-01,2826,38,1.1.0,2026-09-16 23:35:48+00:00,2026-09-16 23:35:50.721838+00:00,11.3,65.0,11,151.0,4.0,2417,2064.0,,729,726.0,34.0,2,estresada,propagada,-69,
2828,maceta-01,2827,38,1.1.0,2026-09-16 23:36:18+00:00,2026-09-16 23:36:20.910061+00:00,10.9,66.0,7,148.0,4.0,2416,2064.0,,734,727.0,33.9,2,estresada,propagada,-69,
2829,maceta-01,2828,38,1.1.0,2026-09-16 23:36:48+00:00,2026-09-16 23:36:50.687647+00:00,11.0,65.0,2,155.0,4.0,2423,2064.0,,730,717.0,34.3,2,estresada,propagada,-69,
2830,maceta-01,2829,38,1.1.0,2026-09-16 23:37:18+00:00,2026-09-16 23:37:23.844651+00:00,11.3,65.0,5,149.0,4.0,2418,2064.0,,730,722.0,34.1,2,estresada,propagada,-68,
2831,maceta-01,2830,38,1.1.0,2026-09-16 23:37:48+00:00,2026-09-16 23:37:50.860230+00:00,10.9,66.0,11,148.0,4.0,2419,2064.0,,735,723.0,34.1,2,estresada,propagada,-69,
2832,maceta-01,2831,38,1.1.0,2026-09-16 23:38:18+00:00,2026-09-16 23:38:20.644837+00:00,10.9,66.0,14,150.0,4.0,2406,2061.0,,735,724.0,34.0,2,estresada,propagada,-69,
2833,maceta-01,2832,38,1.1.0,2026-09-16 23:38:48+00:00,2026-09-16 23:38:50.624722+00:00,10.9,66.0,3,150.0,4.0,2421,2064.0,,725,719.0,34.2,2,estresada,propagada,-70,
2834,maceta-01,2833,38,1.1.0,2026-09-16 23:39:18+00:00,2026-09-16 23:39:23.374011+00:00,10.9,66.0,16,147.0,4.0,2416,2068.0,,724,715.0,34.4,2,estresada,propagada,-70,
2835,maceta-01,2834,38,1.1.0,2026-09-16 23:39:48+00:00,2026-09-16 23:39:50.692436+00:00,10.9,66.0,2,150.0,4.0,2412,2062.0,,720,715.0,34.4,2,estresada,propagada,-69,
2836,maceta-01,2835,38,1.1.0,2026-09-16 23:40:18+00:00,2026-09-16 23:40:20.676634+00:00,10.9,66.0,8,146.0,4.0,2416,2063.0,,732,719.0,34.2,2,estresada,propagada,-70,
2837,maceta-01,2836,38,1.1.0,2026-09-16 23:40:48+00:00,2026-09-16 23:40:50.883633+00:00,10.9,66.0,14,149.0,4.0,2422,2064.0,,733,720.0,34.2,2,estresada,propagada,-70,
2838,maceta-01,2837,38,1.1.0,2026-09-16 23:41:18+00:00,2026-09-16 23:41:20.543522+00:00,10.9,66.0,3,151.0,4.0,2416,2064.0,,722,717.0,34.3,2,estresada,propagada,-70,
2839,maceta-01,2838,38,1.1.0,2026-09-16 23:41:48+00:00,2026-09-16 23:41:50.626335+00:00,10.9,66.0,11,150.0,4.0,2419,2065.0,,733,720.0,34.2,2,estresada,propagada,-69,
2840,maceta-01,2839,38,1.1.0,2026-09-16 23:42:18+00:00,2026-09-16 23:42:20.920561+00:00,10.9,66.0,16,147.0,4.0,2417,2064.0,,726,720.0,34.2,2,estresada,propagada,-69,
2841,maceta-01,2840,38,1.1.0,2026-09-16 23:42:48+00:00,2026-09-16 23:42:53.871103+00:00,10.9,66.0,15,148.0,4.0,2416,2064.0,,723,723.0,34.1,2,estresada,propagada,-72,
2842,maceta-01,2841,38,1.1.0,2026-09-16 23:43:18+00:00,2026-09-16 23:43:20.683931+00:00,10.9,66.0,1,148.0,4.0,2425,2064.0,,723,717.0,34.3,2,estresada,propagada,-70,
2843,maceta-01,2842,38,1.1.0,2026-09-16 23:43:48+00:00,2026-09-16 23:43:50.875577+00:00,10.9,66.0,11,150.0,4.0,2416,2064.0,,727,720.0,34.2,2,estresada,propagada,-69,
2844,maceta-01,2843,38,1.1.0,2026-09-16 23:44:18+00:00,2026-09-16 23:44:20.655679+00:00,10.9,67.0,0,148.0,4.0,2419,2064.0,,734,723.0,34.1,2,estresada,propagada,-69,luz_saturada
2845,maceta-01,2844,38,1.1.0,2026-09-16 23:44:48+00:00,2026-09-16 23:44:50.639329+00:00,10.9,67.0,3,151.0,4.0,2416,2062.0,,735,725.0,34.0,2,estresada,propagada,-69,
2846,maceta-01,2845,38,1.1.0,2026-09-16 23:45:18+00:00,2026-09-16 23:45:20.928686+00:00,10.9,67.0,5,148.0,4.0,2405,2058.0,,741,726.0,34.0,2,estresada,propagada,-69,
2847,maceta-01,2846,38,1.1.0,2026-09-16 23:45:48+00:00,2026-09-16 23:45:50.700961+00:00,10.9,67.0,10,152.0,4.0,2413,2064.0,,736,723.0,34.1,2,estresada,propagada,-69,
2848,maceta-01,2847,38,1.1.0,2026-09-16 23:46:18+00:00,2026-09-16 23:46:20.688413+00:00,10.9,67.0,0,148.0,4.0,2419,2064.0,,735,726.0,34.0,2,estresada,propagada,-69,luz_saturada
2849,maceta-01,2848,38,1.1.0,2026-09-16 23:46:48+00:00,2026-09-16 23:46:50.873501+00:00,10.9,67.0,3,149.0,4.0,2420,2066.0,,722,720.0,34.2,2,estresada,propagada,-69,
2850,maceta-01,2849,38,1.1.0,2026-09-16 23:47:18+00:00,2026-09-16 23:47:20.657674+00:00,10.9,67.0,11,150.0,4.0,2410,2064.0,,727,719.0,34.2,2,estresada,propagada,-69,
2851,maceta-01,2850,38,1.1.0,2026-09-16 23:47:48+00:00,2026-09-16 23:47:50.637488+00:00,10.9,67.0,2,150.0,4.0,2415,2064.0,,718,714.0,34.5,2,estresada,propagada,-69,
2852,maceta-01,2851,38,1.1.0,2026-09-16 23:48:18+00:00,2026-09-16 23:48:20.941608+00:00,10.9,67.0,16,149.0,4.0,2405,2063.0,,724,719.0,34.2,2,estresada,propagada,-69,
2853,maceta-01,2852,38,1.1.0,2026-09-16 23:48:48+00:00,2026-09-16 23:48:50.604982+00:00,11.3,66.0,6,148.0,4.0,2413,2058.0,,714,713.0,34.5,2,estresada,propagada,-70,
2854,maceta-01,2853,38,1.1.0,2026-09-16 23:49:18+00:00,2026-09-16 23:49:20.689802+00:00,11.3,66.0,17,144.0,4.0,2421,2061.0,,710,703.0,34.9,2,estresada,propagada,-70,
2855,maceta-01,2854,38,1.1.0,2026-09-16 23:49:48+00:00,2026-09-16 23:49:50.887116+00:00,10.9,67.0,17,151.0,4.0,2421,2064.0,,704,702.0,35.0,2,estresada,propagada,-69,
2856,maceta-01,2855,38,1.1.0,2026-09-16 23:50:18+00:00,2026-09-16 23:50:20.657205+00:00,10.9,67.0,6,146.0,4.0,2416,2064.0,,701,698.0,35.2,2,estresada,propagada,-69,
2857,maceta-01,2856,38,1.1.0,2026-09-16 23:50:48+00:00,2026-09-16 23:50:50.649209+00:00,10.9,67.0,18,146.0,4.0,2426,2064.0,,715,711.0,34.6,2,estresada,propagada,-69,
2858,maceta-01,2857,38,1.1.0,2026-09-16 23:51:18+00:00,2026-09-16 23:51:20.835007+00:00,10.9,67.0,7,150.0,4.0,2405,2061.0,,720,713.0,34.5,2,estresada,propagada,-69,
2859,maceta-01,2858,38,1.1.0,2026-09-16 23:51:48+00:00,2026-09-16 23:51:50.611555+00:00,10.9,67.0,8,150.0,4.0,2395,2056.0,,717,712.0,34.5,2,estresada,propagada,-69,
2860,maceta-01,2859,38,1.1.0,2026-09-16 23:52:18+00:00,2026-09-16 23:52:20.592666+00:00,10.9,67.0,10,146.0,4.0,2416,2064.0,,720,708.0,34.7,2,estresada,propagada,-69,
2861,maceta-01,2860,38,1.1.0,2026-09-16 23:52:48+00:00,2026-09-16 23:52:50.888125+00:00,10.9,67.0,5,146.0,4.0,2416,2064.0,,695,698.0,35.2,2,estresada,propagada,-69,
2862,maceta-01,2861,38,1.1.0,2026-09-16 23:53:18+00:00,2026-09-16 23:53:20.633758+00:00,10.9,68.0,16,152.0,4.0,2416,2063.0,,711,704.0,34.9,2,estresada,propagada,-71,
2863,maceta-01,2862,38,1.1.0,2026-09-16 23:53:48+00:00,2026-09-16 23:53:50.649898+00:00,10.9,68.0,9,149.0,4.0,2415,2064.0,,720,714.0,34.5,2,estresada,propagada,-69,
2864,maceta-01,2863,38,1.1.0,2026-09-16 23:54:18+00:00,2026-09-16 23:54:20.839163+00:00,10.9,68.0,3,149.0,4.0,2405,2064.0,,720,715.0,34.4,2,estresada,propagada,-69,
2865,maceta-01,2864,38,1.1.0,2026-09-16 23:54:48+00:00,2026-09-16 23:54:52.705823+00:00,10.9,67.0,5,147.0,4.0,2419,2064.0,,716,714.0,34.5,2,estresada,propagada,-69,
2866,maceta-01,2865,38,1.1.0,2026-09-16 23:55:18+00:00,2026-09-16 23:55:20.602018+00:00,10.9,68.0,5,151.0,4.0,2403,2055.0,,726,716.0,34.4,2,estresada,propagada,-69,
2867,maceta-01,2866,38,1.1.0,2026-09-16 23:55:48+00:00,2026-09-16 23:55:50.890214+00:00,10.9,68.0,8,147.0,4.0,2417,2059.0,,719,715.0,34.4,2,estresada,propagada,-68,
2868,maceta-01,2867,38,1.1.0,2026-09-16 23:56:18+00:00,2026-09-16 23:56:20.677607+00:00,10.9,68.0,5,149.0,4.0,2411,2065.0,,723,719.0,34.2,2,estresada,propagada,-69,
2869,maceta-01,2868,38,1.1.0,2026-09-16 23:56:48+00:00,2026-09-16 23:56:50.860249+00:00,10.9,67.0,0,149.0,4.0,2421,2066.0,,721,717.0,34.3,2,estresada,propagada,-69,luz_saturada
2870,maceta-01,2869,38,1.1.0,2026-09-16 23:57:18+00:00,2026-09-16 23:57:20.638669+00:00,10.9,67.0,1,148.0,4.0,2414,2064.0,,720,720.0,34.2,2,estresada,propagada,-69,
2871,maceta-01,2870,38,1.1.0,2026-09-16 23:57:48+00:00,2026-09-16 23:57:50.587307+00:00,10.9,67.0,13,150.0,4.0,2419,2064.0,,718,715.0,34.4,2,estresada,propagada,-69,
2872,maceta-01,2871,38,1.1.0,2026-09-16 23:58:18+00:00,2026-09-16 23:58:20.809676+00:00,10.9,67.0,16,147.0,4.0,2416,2064.0,,731,717.0,34.3,2,estresada,propagada,-69,
2873,maceta-01,2872,38,1.1.0,2026-09-16 23:58:48+00:00,2026-09-16 23:58:52.941699+00:00,10.9,67.0,8,152.0,4.0,2384,2062.0,,720,715.0,34.4,2,estresada,propagada,-69,
2874,maceta-01,2873,38,1.1.0,2026-09-16 23:59:18+00:00,2026-09-16 23:59:20.677460+00:00,10.9,67.0,11,148.0,4.0,2414,2064.0,,721,715.0,34.4,2,estresada,propagada,-69,
2875,maceta-01,2874,38,1.1.0,2026-09-16 23:59:48+00:00,2026-09-16 23:59:50.861591+00:00,10.9,67.0,0,147.0,4.0,2411,2064.0,,719,716.0,34.4,2,estresada,propagada,-69,luz_saturada
2876,maceta-01,2875,38,1.1.0,2026-09-17 00:00:18+00:00,2026-09-17 00:00:20.645561+00:00,10.9,67.0,11,145.0,4.0,2420,2064.0,,726,720.0,34.2,2,estresada,propagada,-69,
2877,maceta-01,2876,38,1.1.0,2026-09-17 00:00:48+00:00,2026-09-17 00:00:50.732421+00:00,10.9,68.0,0,150.0,4.0,2406,2064.0,,726,725.0,34.0,2,estresada,propagada,-67,luz_saturada
2878,maceta-01,2877,38,1.1.0,2026-09-17 00:01:18+00:00,2026-09-17 00:01:20.824468+00:00,10.9,68.0,6,144.0,4.0,2417,2064.0,,730,719.0,34.2,2,estresada,propagada,-72,
2879,maceta-01,2878,38,1.1.0,2026-09-17 00:01:48+00:00,2026-09-17 00:01:50.607594+00:00,10.9,68.0,2,149.0,4.0,2416,2066.0,,726,716.0,34.4,2,estresada,propagada,-65,
2880,maceta-01,2879,38,1.1.0,2026-09-17 00:02:18+00:00,2026-09-17 00:02:20.590229+00:00,10.9,68.0,9,151.0,4.0,2413,2060.0,,727,723.0,34.1,2,estresada,propagada,-66,
2881,maceta-01,2880,38,1.1.0,2026-09-17 00:02:48+00:00,2026-09-17 00:02:53.219952+00:00,10.9,68.0,15,146.0,4.0,2427,2065.0,,732,717.0,34.3,2,estresada,propagada,-65,
2882,maceta-01,2881,38,1.1.0,2026-09-17 00:03:18+00:00,2026-09-17 00:03:20.667163+00:00,10.9,68.0,11,147.0,4.0,2422,2068.0,,735,720.0,34.2,2,estresada,propagada,-65,
2883,maceta-01,2882,38,1.1.0,2026-09-17 00:03:48+00:00,2026-09-17 00:03:50.642100+00:00,10.9,68.0,16,150.0,4.0,2415,2069.0,,722,725.0,34.0,2,estresada,propagada,-65,
2884,maceta-01,2883,38,1.1.0,2026-09-17 00:04:18+00:00,2026-09-17 00:04:20.830777+00:00,10.9,68.0,14,150.0,4.0,2429,2064.0,,728,720.0,34.2,2,estresada,propagada,-66,
2885,maceta-01,2884,38,1.1.0,2026-09-17 00:04:48+00:00,2026-09-17 00:04:50.617013+00:00,10.9,68.0,3,148.0,4.0,2431,2068.0,,731,723.0,34.1,2,estresada,propagada,-66,
2886,maceta-01,2885,38,1.1.0,2026-09-17 00:05:18+00:00,2026-09-17 00:05:20.594392+00:00,10.9,68.0,2,150.0,4.0,2407,2064.0,,732,723.0,34.1,2,estresada,propagada,-65,
2887,maceta-01,2886,38,1.1.0,2026-09-17 00:05:48+00:00,2026-09-17 00:05:50.885131+00:00,10.9,68.0,0,150.0,4.0,2423,2068.0,,731,723.0,34.1,2,estresada,propagada,-66,luz_saturada
2888,maceta-01,2887,38,1.1.0,2026-09-17 00:06:18+00:00,2026-09-17 00:06:20.561341+00:00,10.9,68.0,17,152.0,4.0,2410,2068.0,,729,719.0,34.2,2,estresada,propagada,-65,
2889,maceta-01,2888,38,1.1.0,2026-09-17 00:06:48+00:00,2026-09-17 00:06:50.651457+00:00,10.9,68.0,9,152.0,4.0,2433,2069.0,,731,723.0,34.1,2,estresada,propagada,-65,
2890,maceta-01,2889,38,1.1.0,2026-09-17 00:07:18+00:00,2026-09-17 00:07:20.835495+00:00,10.9,67.0,16,150.0,4.0,2421,2069.0,,734,726.0,34.0,2,estresada,propagada,-66,
2891,maceta-01,2890,38,1.1.0,2026-09-17 00:07:48+00:00,2026-09-17 00:07:50.615504+00:00,10.9,67.0,13,150.0,4.0,2418,2066.0,,737,727.0,33.9,2,estresada,propagada,-66,
2892,maceta-01,2891,38,1.1.0,2026-09-17 00:08:18+00:00,2026-09-17 00:08:20.599433+00:00,10.9,67.0,2,152.0,4.0,2418,2064.0,,737,728.0,33.9,2,estresada,propagada,-66,
2893,maceta-01,2892,38,1.1.0,2026-09-17 00:08:48+00:00,2026-09-17 00:08:50.887683+00:00,10.9,67.0,1,148.0,4.0,2410,2064.0,,736,724.0,34.0,2,estresada,propagada,-65,
2894,maceta-01,2893,38,1.1.0,2026-09-17 00:09:18+00:00,2026-09-17 00:09:20.567887+00:00,10.9,68.0,0,142.0,4.0,2333,2000.0,,726,719.0,34.2,2,estresada,propagada,-66,luz_saturada
2895,maceta-01,2894,39,1.1.0,2026-09-17 18:01:09+00:00,2026-09-17 18:01:11.404709+00:00,23.0,43.0,3472,2820.0,85.0,2746,2329.0,,1149,1051.0,22.4,3,marchita,manual,-67,
2896,maceta-01,2895,39,1.1.0,2026-09-17 18:01:39+00:00,2026-09-17 18:01:41.182980+00:00,23.0,43.0,3957,3067.0,92.0,2773,2351.0,,1149,1053.0,22.3,3,marchita,propagada,-65,
2897,maceta-01,2896,39,1.1.0,2026-09-17 18:02:09+00:00,2026-09-17 18:02:11.366613+00:00,23.4,43.0,3969,3065.0,92.0,2759,2340.0,,1146,1054.0,22.3,3,marchita,propagada,-64,
2898,maceta-01,2897,39,1.1.0,2026-09-17 18:02:39+00:00,2026-09-17 18:02:41.153034+00:00,23.4,43.0,3952,3069.0,93.0,2736,2317.0,,1147,1053.0,22.3,3,marchita,propagada,-64,
2899,maceta-01,2898,39,1.1.0,2026-09-17 18:03:09+00:00,2026-09-17 18:03:11.442685+00:00,23.4,43.0,3954,3068.0,92.0,2682,2274.0,,1146,1054.0,22.3,3,marchita,propagada,-64,
2900,maceta-01,2899,39,1.1.0,2026-09-17 18:03:39+00:00,2026-09-17 18:03:41.216515+00:00,23.4,43.0,3955,3067.0,92.0,2672,2282.0,,1145,1053.0,22.3,3,marchita,propagada,-64,
2901,maceta-01,2900,39,1.1.0,2026-09-17 18:04:09+00:00,2026-09-17 18:04:11.195936+00:00,23.4,43.0,3966,3065.0,92.0,2669,2269.0,,1142,1049.0,22.4,3,marchita,propagada,-65,
2902,maceta-01,2901,39,1.1.0,2026-09-17 18:04:39+00:00,2026-09-17 18:04:41.592864+00:00,23.4,43.0,3968,3070.0,93.0,2673,2267.0,,1151,1054.0,22.3,3,marchita,propagada,-64,
2903,maceta-01,2902,39,1.1.0,2026-09-17 18:05:09+00:00,2026-09-17 18:05:11.172058+00:00,23.4,43.0,3965,3069.0,93.0,2654,2254.0,,1173,1054.0,22.3,3,marchita,propagada,-64,
2904,maceta-01,2903,39,1.1.0,2026-09-17 18:05:39+00:00,2026-09-17 18:05:41.151531+00:00,23.4,43.0,3970,3073.0,93.0,2649,2242.0,,1141,1046.0,22.5,3,marchita,propagada,-64,
2905,maceta-01,2904,39,1.1.0,2026-09-17 18:06:09+00:00,2026-09-17 18:06:11.439095+00:00,23.4,43.0,3978,3067.0,92.0,2645,2242.0,,1139,1048.0,22.4,3,marchita,propagada,-64,
2906,maceta-01,2905,39,1.1.0,2026-09-17 18:06:39+00:00,2026-09-17 18:06:41.123071+00:00,23.4,43.0,3984,3069.0,93.0,2626,2227.0,,1145,1051.0,22.4,3,marchita,propagada,-64,
2907,maceta-01,2906,39,1.1.0,2026-09-17 18:07:09+00:00,2026-09-17 18:07:11.205506+00:00,23.4,43.0,3985,3074.0,93.0,2629,2238.0,,1135,1046.0,22.5,3,marchita,propagada,-64,
2908,maceta-01,2907,39,1.1.0,2026-09-17 18:07:39+00:00,2026-09-17 18:07:41.405665+00:00,23.4,43.0,3983,3071.0,93.0,2624,2229.0,,1143,1048.0,22.4,3,marchita,propagada,-64,
2909,maceta-01,2908,39,1.1.0,2026-09-17 18:08:09+00:00,2026-09-17 18:08:11.170490+00:00,23.4,43.0,3983,3075.0,93.0,2588,2199.0,,1138,1050.0,22.4,3,marchita,propagada,-64,
2910,maceta-01,2909,39,1.1.0,2026-09-17 18:08:39+00:00,2026-09-17 18:08:41.157091+00:00,23.4,43.0,3977,3073.0,93.0,2583,2198.0,,1139,1046.0,22.5,3,marchita,propagada,-65,
2911,maceta-01,2910,39,1.1.0,2026-09-17 18:09:09+00:00,2026-09-17 18:09:11.344663+00:00,23.4,43.0,3968,3070.0,93.0,2559,2177.0,,1141,1048.0,22.4,3,marchita,propagada,-65,
2912,maceta-01,2911,39,1.1.0,2026-09-17 18:09:39+00:00,2026-09-17 18:09:41.125102+00:00,23.4,43.0,3970,3073.0,93.0,2550,2177.0,,1153,1057.0,22.2,3,marchita,propagada,-64,
2913,maceta-01,2912,39,1.1.0,2026-09-17 18:10:09+00:00,2026-09-17 18:10:11.110440+00:00,23.4,43.0,3984,3076.0,93.0,2554,2174.0,,1151,1057.0,22.2,3,marchita,propagada,-64,
2914,maceta-01,2913,39,1.1.0,2026-09-17 18:10:39+00:00,2026-09-17 18:10:41.405691+00:00,23.4,43.0,3975,3070.0,93.0,2559,2177.0,,1211,1054.0,22.3,3,marchita,propagada,-64,
2915,maceta-01,2914,39,1.1.0,2026-09-17 18:11:09+00:00,2026-09-17 18:11:11.078713+00:00,23.4,43.0,3971,3071.0,93.0,2559,2177.0,,1160,1060.0,22.1,3,marchita,propagada,-64,
2916,maceta-01,2915,39,1.1.0,2026-09-17 18:11:39+00:00,2026-09-17 18:11:41.159117+00:00,23.4,43.0,3968,3075.0,93.0,2555,2171.0,,1151,1058.0,22.1,3,marchita,propagada,-64,
2917,maceta-01,2916,39,1.1.0,2026-09-17 18:12:09+00:00,2026-09-17 18:12:11.347011+00:00,23.4,43.0,3984,3070.0,93.0,2544,2164.0,,1161,1061.0,22.0,3,marchita,propagada,-65,
2918,maceta-01,2917,39,1.1.0,2026-09-17 18:12:39+00:00,2026-09-17 18:12:41.129641+00:00,23.4,42.0,3965,3076.0,93.0,2539,2154.0,,1147,1057.0,22.2,3,marchita,propagada,-64,
2919,maceta-01,2918,39,1.1.0,2026-09-17 18:13:09+00:00,2026-09-17 18:13:11.116214+00:00,23.4,42.0,3985,3076.0,93.0,2521,2154.0,,1152,1057.0,22.2,3,marchita,propagada,-64,
2920,maceta-01,2919,39,1.1.0,2026-09-17 18:13:39+00:00,2026-09-17 18:13:41.400673+00:00,23.4,42.0,3973,3074.0,93.0,2535,2158.0,,1139,1050.0,22.4,3,marchita,propagada,-64,
2921,maceta-01,2920,39,1.1.0,2026-09-17 18:14:09+00:00,2026-09-17 18:14:11.181718+00:00,23.4,43.0,3983,3068.0,92.0,2541,2163.0,,1149,1054.0,22.3,3,marchita,propagada,-64,
2922,maceta-01,2921,39,1.1.0,2026-09-17 18:14:39+00:00,2026-09-17 18:14:41.185595+00:00,23.4,43.0,3979,3073.0,93.0,2538,2157.0,,1151,1057.0,22.2,3,marchita,propagada,-64,
2923,maceta-01,2922,39,1.1.0,2026-09-17 18:15:09+00:00,2026-09-17 18:15:11.355625+00:00,23.4,43.0,3983,3075.0,93.0,2530,2151.0,,1153,1059.0,22.1,3,marchita,propagada,-64,
2924,maceta-01,2923,39,1.1.0,2026-09-17 18:15:39+00:00,2026-09-17 18:15:41.135087+00:00,23.4,43.0,3961,3075.0,93.0,2539,2164.0,,1147,1058.0,22.1,3,marchita,propagada,-64,
2925,maceta-01,2924,39,1.1.0,2026-09-17 18:16:09+00:00,2026-09-17 18:16:11.123913+00:00,23.4,43.0,3985,3073.0,93.0,2543,2158.0,,1152,1058.0,22.1,3,marchita,propagada,-65,
2926,maceta-01,2925,39,1.1.0,2026-09-17 18:16:39+00:00,2026-09-17 18:16:41.409620+00:00,23.4,43.0,3989,3072.0,93.0,2528,2153.0,,1154,1058.0,22.1,3,marchita,propagada,-64,
2927,maceta-01,2926,39,1.1.0,2026-09-17 18:17:09+00:00,2026-09-17 18:17:11.192482+00:00,23.4,43.0,3970,3070.0,93.0,2541,2165.0,,1150,1057.0,22.2,3,marchita,propagada,-64,
2928,maceta-01,2927,39,1.1.0,2026-09-17 18:17:39+00:00,2026-09-17 18:17:41.171850+00:00,23.4,43.0,3960,3071.0,93.0,2556,2165.0,,1154,1060.0,22.1,3,marchita,propagada,-65,
2929,maceta-01,2928,39,1.1.0,2026-09-17 18:18:09+00:00,2026-09-17 18:18:11.361475+00:00,23.4,43.0,3968,3075.0,93.0,2543,2161.0,,1154,1061.0,22.0,3,marchita,propagada,-64,
2930,maceta-01,2929,39,1.1.0,2026-09-17 18:18:39+00:00,2026-09-17 18:18:41.145536+00:00,23.4,43.0,3984,3074.0,93.0,2544,2165.0,,1159,1064.0,22.0,3,marchita,propagada,-64,
2931,maceta-01,2930,39,1.1.0,2026-09-17 18:19:09+00:00,2026-09-17 18:19:11.140889+00:00,23.4,43.0,3975,3076.0,93.0,2544,2165.0,,1159,1067.0,21.9,3,marchita,propagada,-65,
2932,maceta-01,2931,39,1.1.0,2026-09-17 18:19:39+00:00,2026-09-17 18:19:41.413724+00:00,23.4,43.0,3998,3076.0,93.0,2539,2164.0,,1171,1071.0,21.7,3,marchita,propagada,-65,
2933,maceta-01,2932,39,1.1.0,2026-09-17 18:20:09+00:00,2026-09-17 18:20:11.089144+00:00,23.4,43.0,3987,3077.0,93.0,2523,2149.0,,1165,1071.0,21.7,3,marchita,propagada,-64,
2934,maceta-01,2933,39,1.1.0,2026-09-17 18:20:39+00:00,2026-09-17 18:20:41.178208+00:00,23.4,43.0,4004,3079.0,93.0,2544,2164.0,,1161,1065.0,21.9,3,marchita,propagada,-64,
2935,maceta-01,2934,39,1.1.0,2026-09-17 18:21:09+00:00,2026-09-17 18:21:11.370626+00:00,23.4,43.0,3984,3076.0,93.0,2544,2167.0,,1162,1066.0,21.9,3,marchita,propagada,-64,
2936,maceta-01,2935,39,1.1.0,2026-09-17 18:21:39+00:00,2026-09-17 18:21:41.145638+00:00,23.4,43.0,4003,3084.0,93.0,2531,2161.0,,1170,1070.0,21.8,3,marchita,propagada,-65,
2937,maceta-01,2936,39,1.1.0,2026-09-17 18:22:09+00:00,2026-09-17 18:22:11.134906+00:00,23.4,43.0,3987,3084.0,93.0,2540,2162.0,,1168,1071.0,21.7,3,marchita,propagada,-65,
2938,maceta-01,2937,39,1.1.0,2026-09-17 18:22:39+00:00,2026-09-17 18:22:41.331342+00:00,23.4,43.0,4001,3083.0,93.0,2546,2167.0,,1152,1061.0,22.0,3,marchita,propagada,-64,
2939,maceta-01,2938,39,1.1.0,2026-09-17 18:23:09+00:00,2026-09-17 18:23:11.095291+00:00,23.4,43.0,4000,3083.0,93.0,2551,2166.0,,1167,1072.0,21.7,3,marchita,propagada,-64,
2940,maceta-01,2939,39,1.1.0,2026-09-17 18:23:39+00:00,2026-09-17 18:23:41.194926+00:00,23.4,43.0,4018,3083.0,93.0,2542,2164.0,,1165,1063.0,22.0,3,marchita,propagada,-64,
2941,maceta-01,2940,39,1.1.0,2026-09-17 18:24:09+00:00,2026-09-17 18:24:11.397087+00:00,23.4,43.0,4013,3083.0,93.0,2540,2166.0,,1162,1069.0,21.8,3,marchita,propagada,-64,
2942,maceta-01,2941,39,1.1.0,2026-09-17 18:24:39+00:00,2026-09-17 18:24:41.163199+00:00,23.5,43.0,3995,3083.0,93.0,2550,2167.0,,1157,1065.0,21.9,3,marchita,propagada,-65,
2943,maceta-01,2942,39,1.1.0,2026-09-17 18:25:09+00:00,2026-09-17 18:25:11.138460+00:00,23.8,43.0,4011,3089.0,93.0,2549,2165.0,,1168,1072.0,21.7,3,marchita,propagada,-64,
2944,maceta-01,2943,39,1.1.0,2026-09-17 18:25:39+00:00,2026-09-17 18:25:41.322058+00:00,23.8,43.0,4016,3086.0,93.0,2537,2163.0,,1167,1071.0,21.7,3,marchita,propagada,-65,
2945,maceta-01,2944,39,1.1.0,2026-09-17 18:26:09+00:00,2026-09-17 18:26:11.112815+00:00,23.8,43.0,4016,3087.0,93.0,2538,2160.0,,1168,1069.0,21.8,3,marchita,propagada,-64,
2946,maceta-01,2945,39,1.1.0,2026-09-17 18:26:39+00:00,2026-09-17 18:26:41.096792+00:00,23.8,43.0,4011,3089.0,93.0,2542,2158.0,,1170,1073.0,21.7,3,marchita,propagada,-65,
2947,maceta-01,2946,39,1.1.0,2026-09-17 18:27:09+00:00,2026-09-17 18:27:11.377724+00:00,23.8,43.0,4026,3087.0,93.0,2544,2161.0,,1171,1071.0,21.7,3,marchita,propagada,-64,
2948,maceta-01,2947,39,1.1.0,2026-09-17 18:27:39+00:00,2026-09-17 18:27:41.152605+00:00,23.8,43.0,4016,3088.0,93.0,2551,2165.0,,1166,1069.0,21.8,3,marchita,propagada,-64,
2949,maceta-01,2948,39,1.1.0,2026-09-17 18:28:09+00:00,2026-09-17 18:28:11.134192+00:00,23.8,43.0,4017,3087.0,93.0,2550,2165.0,,1175,1074.0,21.6,3,marchita,propagada,-64,
2950,maceta-01,2949,39,1.1.0,2026-09-17 18:28:39+00:00,2026-09-17 18:28:41.337636+00:00,23.8,43.0,4025,3088.0,93.0,2544,2165.0,,1173,1077.0,21.6,3,marchita,propagada,-65,
2951,maceta-01,2950,39,1.1.0,2026-09-17 18:29:09+00:00,2026-09-17 18:29:11.117765+00:00,23.8,43.0,4017,3089.0,93.0,2544,2165.0,,1171,1073.0,21.7,3,marchita,propagada,-65,
2952,maceta-01,2951,39,1.1.0,2026-09-17 18:29:39+00:00,2026-09-17 18:29:41.087545+00:00,23.8,43.0,4011,3087.0,93.0,2544,2165.0,,1154,1061.0,22.0,3,marchita,propagada,-65,
2953,maceta-01,2952,39,1.1.0,2026-09-17 18:30:09+00:00,2026-09-17 18:30:11.377859+00:00,23.8,42.0,4005,3090.0,93.0,2527,2155.0,,1158,1060.0,22.1,3,marchita,propagada,-65,
2954,maceta-01,2953,39,1.1.0,2026-09-17 18:30:39+00:00,2026-09-17 18:30:41.157108+00:00,23.8,42.0,3999,3089.0,93.0,2537,2165.0,,1159,1069.0,21.8,3,marchita,propagada,-65,
2955,maceta-01,2954,39,1.1.0,2026-09-17 18:31:09+00:00,2026-09-17 18:31:11.143371+00:00,23.8,42.0,3989,3085.0,93.0,2546,2165.0,,1168,1071.0,21.7,3,marchita,propagada,-64,
2956,maceta-01,2955,39,1.1.0,2026-09-17 18:31:39+00:00,2026-09-17 18:31:41.337500+00:00,23.8,43.0,4023,3089.0,93.0,2541,2161.0,,1168,1071.0,21.7,3,marchita,propagada,-65,
2957,maceta-01,2956,39,1.1.0,2026-09-17 18:32:09+00:00,2026-09-17 18:32:11.113587+00:00,23.8,43.0,4015,3090.0,93.0,2545,2165.0,,1170,1072.0,21.7,3,marchita,propagada,-64,
2958,maceta-01,2957,39,1.1.0,2026-09-17 18:32:39+00:00,2026-09-17 18:32:41.095917+00:00,23.8,43.0,4026,3087.0,93.0,2538,2165.0,,1166,1069.0,21.8,3,marchita,propagada,-65,
2959,maceta-01,2958,39,1.1.0,2026-09-17 18:33:09+00:00,2026-09-17 18:33:11.388493+00:00,23.8,43.0,4014,3092.0,93.0,2551,2173.0,,1173,1072.0,21.7,3,marchita,propagada,-66,
2960,maceta-01,2959,39,1.1.0,2026-09-17 18:33:39+00:00,2026-09-17 18:33:41.060987+00:00,23.8,43.0,4016,3089.0,93.0,2549,2166.0,,1171,1073.0,21.7,3,marchita,propagada,-64,
2961,maceta-01,2960,39,1.1.0,2026-09-17 18:34:09+00:00,2026-09-17 18:34:11.250425+00:00,23.8,43.0,4016,3088.0,93.0,2543,2166.0,,1166,1069.0,21.8,3,marchita,propagada,-65,
2962,maceta-01,2961,39,1.1.0,2026-09-17 18:34:39+00:00,2026-09-17 18:34:41.349163+00:00,23.8,43.0,4026,3086.0,93.0,2519,2147.0,,1168,1072.0,21.7,3,marchita,propagada,-65,
2963,maceta-01,2962,39,1.1.0,2026-09-17 18:35:09+00:00,2026-09-17 18:35:11.114530+00:00,23.8,43.0,4010,3089.0,93.0,2529,2148.0,,1171,1073.0,21.7,3,marchita,propagada,-65,
2964,maceta-01,2963,39,1.1.0,2026-09-17 18:35:39+00:00,2026-09-17 18:35:41.098952+00:00,23.8,43.0,4030,3092.0,93.0,2533,2161.0,,1174,1076.0,21.6,3,marchita,propagada,-66,
2965,maceta-01,2964,39,1.1.0,2026-09-17 18:36:09+00:00,2026-09-17 18:36:11.391546+00:00,23.8,42.0,4015,3089.0,93.0,2531,2165.0,,1171,1071.0,21.7,3,marchita,propagada,-66,
2966,maceta-01,2965,39,1.1.0,2026-09-17 18:36:39+00:00,2026-09-17 18:36:41.090811+00:00,23.8,43.0,4026,3092.0,93.0,2526,2154.0,,1175,1078.0,21.5,3,marchita,propagada,-65,
2967,maceta-01,2966,39,1.1.0,2026-09-17 18:37:09+00:00,2026-09-17 18:37:11.153845+00:00,23.8,42.0,4013,3093.0,93.0,2543,2164.0,,1169,1072.0,21.7,3,marchita,propagada,-65,
2968,maceta-01,2967,39,1.1.0,2026-09-17 18:37:39+00:00,2026-09-17 18:37:41.345408+00:00,23.8,43.0,4025,3089.0,93.0,2544,2161.0,,1178,1073.0,21.7,3,marchita,propagada,-65,
2969,maceta-01,2968,39,1.1.0,2026-09-17 18:38:09+00:00,2026-09-17 18:38:11.121028+00:00,23.8,43.0,4016,3089.0,93.0,2544,2163.0,,1171,1073.0,21.7,3,marchita,propagada,-64,
2970,maceta-01,2969,39,1.1.0,2026-09-17 18:38:39+00:00,2026-09-17 18:38:41.123173+00:00,23.8,42.0,4017,3092.0,93.0,2537,2157.0,,1177,1078.0,21.5,3,marchita,propagada,-65,
2971,maceta-01,2970,39,1.1.0,2026-09-17 18:39:09+00:00,2026-09-17 18:39:11.295572+00:00,23.8,42.0,4018,3089.0,93.0,2542,2163.0,,1168,1071.0,21.7,3,marchita,propagada,-65,
2972,maceta-01,2971,39,1.1.0,2026-09-17 18:39:39+00:00,2026-09-17 18:39:41.074188+00:00,23.8,42.0,4013,3092.0,93.0,2531,2152.0,,1174,1073.0,21.7,3,marchita,propagada,-65,
2973,maceta-01,2972,39,1.1.0,2026-09-17 18:40:09+00:00,2026-09-17 18:40:11.055912+00:00,23.8,42.0,4032,3092.0,93.0,2511,2134.0,,1173,1075.0,21.6,3,marchita,propagada,-64,
2974,maceta-01,2973,39,1.1.0,2026-09-17 18:40:39+00:00,2026-09-17 18:40:41.347381+00:00,23.8,42.0,4023,3094.0,93.0,2529,2146.0,,1168,1071.0,21.7,3,marchita,propagada,-64,
2975,maceta-01,2974,39,1.1.0,2026-09-17 18:41:09+00:00,2026-09-17 18:41:11.126455+00:00,23.8,42.0,4017,3090.0,93.0,2532,2160.0,,1178,1078.0,21.5,3,marchita,propagada,-65,
2976,maceta-01,2975,39,1.1.0,2026-09-17 18:41:39+00:00,2026-09-17 18:41:41.107932+00:00,23.8,43.0,4030,3095.0,93.0,2543,2162.0,,1185,1081.0,21.4,3,marchita,propagada,-64,
2977,maceta-01,2976,39,1.1.0,2026-09-17 18:42:09+00:00,2026-09-17 18:42:11.300671+00:00,23.8,42.0,4023,3093.0,93.0,2539,2161.0,,1183,1079.0,21.5,3,marchita,propagada,-65,
2978,maceta-01,2977,39,1.1.0,2026-09-17 18:42:39+00:00,2026-09-17 18:42:41.075331+00:00,23.8,42.0,4020,3096.0,93.0,2533,2157.0,,1178,1081.0,21.4,3,marchita,propagada,-65,
2979,maceta-01,2978,39,1.1.0,2026-09-17 18:43:09+00:00,2026-09-17 18:43:11.060820+00:00,23.8,42.0,4031,3095.0,93.0,2538,2160.0,,1176,1083.0,21.4,3,marchita,propagada,-65,
2980,maceta-01,2979,39,1.1.0,2026-09-17 18:43:39+00:00,2026-09-17 18:43:41.355060+00:00,23.8,43.0,4023,3098.0,93.0,2522,2154.0,,1182,1081.0,21.4,3,marchita,propagada,-65,
2981,maceta-01,2980,39,1.1.0,2026-09-17 18:44:09+00:00,2026-09-17 18:44:11.134734+00:00,23.8,42.0,4039,3092.0,93.0,2534,2157.0,,1169,1072.0,21.7,3,marchita,propagada,-65,
2982,maceta-01,2981,39,1.1.0,2026-09-17 18:44:39+00:00,2026-09-17 18:44:41.115483+00:00,23.8,42.0,4015,3092.0,93.0,2527,2158.0,,1184,1088.0,21.2,3,marchita,propagada,-65,
2983,maceta-01,2982,39,1.1.0,2026-09-17 18:45:09+00:00,2026-09-17 18:45:11.347795+00:00,23.8,42.0,4027,3095.0,93.0,2543,2158.0,,1186,1089.0,21.2,3,marchita,propagada,-65,
2984,maceta-01,2983,39,1.1.0,2026-09-17 18:45:39+00:00,2026-09-17 18:45:41.096385+00:00,23.8,42.0,4021,3095.0,93.0,2541,2162.0,,1186,1089.0,21.2,3,marchita,propagada,-64,
2985,maceta-01,2984,39,1.1.0,2026-09-17 18:46:09+00:00,2026-09-17 18:46:11.025772+00:00,23.8,43.0,4037,3096.0,93.0,2529,2160.0,,1188,1088.0,21.2,3,marchita,propagada,-64,
2986,maceta-01,2985,39,1.1.0,2026-09-17 18:46:39+00:00,2026-09-17 18:46:41.357332+00:00,23.8,43.0,4025,3096.0,93.0,2535,2158.0,,1186,1087.0,21.3,3,marchita,propagada,-65,
2987,maceta-01,2986,39,1.1.0,2026-09-17 18:47:09+00:00,2026-09-17 18:47:11.140217+00:00,24.1,43.0,4030,3094.0,93.0,2534,2153.0,,1185,1083.0,21.4,3,marchita,propagada,-64,
2988,maceta-01,2987,39,1.1.0,2026-09-17 18:47:39+00:00,2026-09-17 18:47:41.139367+00:00,23.8,43.0,4095,3095.0,93.0,2529,2157.0,,1185,1082.0,21.4,3,marchita,propagada,-65,luz_saturada
2989,maceta-01,2988,39,1.1.0,2026-09-17 18:48:09+00:00,2026-09-17 18:48:11.309326+00:00,23.8,42.0,4036,3094.0,93.0,2529,2155.0,,1190,1088.0,21.2,3,marchita,propagada,-65,
2990,maceta-01,2989,39,1.1.0,2026-09-17 18:48:39+00:00,2026-09-17 18:48:41.085813+00:00,23.8,42.0,4032,3097.0,93.0,2539,2154.0,,1179,1080.0,21.5,3,marchita,propagada,-65,
2991,maceta-01,2990,39,1.1.0,2026-09-17 18:49:09+00:00,2026-09-17 18:49:11.069151+00:00,23.8,42.0,4036,3097.0,93.0,2529,2157.0,,1178,1081.0,21.4,3,marchita,propagada,-64,
2992,maceta-01,2991,39,1.1.0,2026-09-17 18:49:39+00:00,2026-09-17 18:49:41.267125+00:00,23.8,42.0,4038,3097.0,93.0,2531,2154.0,,1184,1082.0,21.4,3,marchita,propagada,-65,
2993,maceta-01,2992,39,1.1.0,2026-09-17 18:50:09+00:00,2026-09-17 18:50:11.053354+00:00,23.8,42.0,4029,3092.0,93.0,2525,2145.0,,1179,1084.0,21.3,3,marchita,propagada,-64,
2994,maceta-01,2993,39,1.1.0,2026-09-17 18:50:39+00:00,2026-09-17 18:50:41.125201+00:00,23.8,42.0,4035,3096.0,93.0,2528,2150.0,,1175,1077.0,21.6,3,marchita,propagada,-66,
2995,maceta-01,2994,39,1.1.0,2026-09-17 18:51:09+00:00,2026-09-17 18:51:11.311786+00:00,23.8,42.0,4030,3092.0,93.0,2529,2157.0,,1185,1082.0,21.4,3,marchita,propagada,-65,
2996,maceta-01,2995,39,1.1.0,2026-09-17 18:51:39+00:00,2026-09-17 18:51:41.092460+00:00,23.8,42.0,4023,3095.0,93.0,2543,2158.0,,1178,1081.0,21.4,3,marchita,propagada,-65,
2997,maceta-01,2996,39,1.1.0,2026-09-17 18:52:09+00:00,2026-09-17 18:52:11.076365+00:00,23.8,42.0,4023,3095.0,93.0,2543,2163.0,,1178,1084.0,21.3,3,marchita,propagada,-65,
2998,maceta-01,2997,39,1.1.0,2026-09-17 18:52:39+00:00,2026-09-17 18:52:41.263470+00:00,23.8,42.0,4023,3096.0,93.0,2533,2155.0,,1185,1089.0,21.2,3,marchita,propagada,-65,
2999,maceta-01,2998,39,1.1.0,2026-09-17 18:53:09+00:00,2026-09-17 18:53:11.042849+00:00,23.8,42.0,4029,3092.0,93.0,2538,2151.0,,1195,1092.0,21.1,3,marchita,propagada,-65,
3000,maceta-01,2999,39,1.1.0,2026-09-17 18:53:39+00:00,2026-09-17 18:53:41.023281+00:00,23.8,42.0,4025,3096.0,93.0,2544,2157.0,,1183,1081.0,21.4,3,marchita,propagada,-65,
3001,maceta-01,3000,39,1.1.0,2026-09-17 18:54:09+00:00,2026-09-17 18:54:11.315516+00:00,23.8,42.0,4022,3092.0,93.0,2530,2158.0,,1182,1085.0,21.3,3,marchita,propagada,-65,
3002,maceta-01,3001,39,1.1.0,2026-09-17 18:54:39+00:00,2026-09-17 18:54:41.097938+00:00,23.8,42.0,4045,3090.0,93.0,2530,2155.0,,1178,1079.0,21.5,3,marchita,propagada,-64,
3003,maceta-01,3002,39,1.1.0,2026-09-17 18:55:09+00:00,2026-09-17 18:55:11.079077+00:00,23.8,42.0,4043,3096.0,93.0,2530,2149.0,,1185,1087.0,21.3,3,marchita,propagada,-65,
3004,maceta-01,3003,39,1.1.0,2026-09-17 18:55:39+00:00,2026-09-17 18:55:41.267721+00:00,24.1,42.0,4028,3097.0,93.0,2527,2145.0,,1190,1089.0,21.2,3,marchita,propagada,-64,
3005,maceta-01,3004,39,1.1.0,2026-09-17 18:56:09+00:00,2026-09-17 18:56:11.046158+00:00,23.8,42.0,4035,3096.0,93.0,2523,2152.0,,1185,1081.0,21.4,3,marchita,propagada,-64,
3006,maceta-01,3005,39,1.1.0,2026-09-17 18:56:39+00:00,2026-09-17 18:56:41.038077+00:00,23.8,42.0,4049,3097.0,93.0,2535,2148.0,,1187,1089.0,21.2,3,marchita,propagada,-64,
3007,maceta-01,3006,39,1.1.0,2026-09-17 18:57:09+00:00,2026-09-17 18:57:11.323554+00:00,23.8,42.0,4065,3111.0,94.0,2534,2151.0,,1187,1084.0,21.3,3,marchita,propagada,-65,
3008,maceta-01,3007,39,1.1.0,2026-09-17 18:57:39+00:00,2026-09-17 18:57:41.103909+00:00,23.8,42.0,4095,3124.0,94.0,2521,2146.0,,1186,1085.0,21.3,3,marchita,propagada,-65,luz_saturada
3009,maceta-01,3008,39,1.1.0,2026-09-17 18:58:09+00:00,2026-09-17 18:58:11.093874+00:00,23.8,42.0,4095,3124.0,94.0,2527,2150.0,,1198,1092.0,21.1,3,marchita,propagada,-65,luz_saturada
3010,maceta-01,3009,39,1.1.0,2026-09-17 18:58:39+00:00,2026-09-17 18:58:41.274921+00:00,24.1,42.0,4095,3124.0,94.0,2512,2142.0,,1197,1094.0,21.0,3,marchita,propagada,-64,luz_saturada
3011,maceta-01,3010,39,1.1.0,2026-09-17 18:59:09+00:00,2026-09-17 18:59:11.388663+00:00,24.1,42.0,4095,3124.0,94.0,2533,2152.0,,1195,1092.0,21.1,3,marchita,propagada,-65,luz_saturada
