dispositivo,numero_muestra,boot_id,firmware_version,ts_dispositivo,temperatura_c,humedad_ambiente_pct,luz_raw,luz_mv,luz_pct,suelo_raw,suelo_mv,suelo_pct,termistor_raw,termistor_mv,temp_ntc_c,condicion_codigo,condicion_etiqueta,etiqueta_origen,wifi_rssi,errores,estado_real_simulado
maceta-sim,1,1,sim-1.0,1790164800,18.5,58.0,2075,1769.0,54.0,2002,1710.0,,1011,938.0,24.9,1,saludable,propagada,-73,,saludable
maceta-sim,2,1,sim-1.0,1790165100,18.3,61.0,2166,1830.0,55.0,2015,1720.0,,1009,934.0,25.0,1,saludable,propagada,-74,,saludable
maceta-sim,3,1,sim-1.0,1790165400,18.5,56.0,2516,2065.0,63.0,2028,1729.0,,1007,933.0,25.3,1,saludable,propagada,-73,,saludable
maceta-sim,4,1,sim-1.0,1790165700,18.6,58.0,2653,2157.0,65.0,2013,1718.0,,1009,934.0,25.2,1,saludable,propagada,-70,,saludable
maceta-sim,5,1,sim-1.0,1790166000,18.6,59.0,2576,2105.0,64.0,2020,1723.0,,1009,936.0,25.2,1,saludable,propagada,-70,,saludable
maceta-sim,6,1,sim-1.0,1790166300,19.1,58.0,2791,2249.0,68.0,2020,1723.0,,1016,944.0,25.4,1,saludable,propagada,-75,,saludable
maceta-sim,7,1,sim-1.0,1790166600,19.5,57.0,2846,2286.0,69.0,2024,1726.0,,1025,950.0,25.6,1,saludable,propagada,-73,,saludable
maceta-sim,8,1,sim-1.0,1790166900,18.7,58.0,3014,2399.0,73.0,2035,1734.0,,1014,938.0,25.0,1,saludable,propagada,-68,,saludable
maceta-sim,9,1,sim-1.0,1790167200,18.9,56.0,2810,2262.0,69.0,2046,1742.0,,1013,938.0,25.2,1,saludable,propagada,-75,,saludable
maceta-sim,10,1,sim-1.0,1790167500,19.4,58.0,2832,2277.0,69.0,2059,1752.0,,1019,944.0,25.6,1,saludable,propagada,-73,,saludable
maceta-sim,11,1,sim-1.0,1790167800,18.5,59.0,3035,2413.0,73.0,2057,1750.0,,1008,935.0,25.1,1,saludable,propagada,-71,,saludable
maceta-sim,12,1,sim-1.0,1790168100,18.8,56.0,2950,2356.0,71.0,2050,1745.0,,1009,936.0,25.1,1,saludable,propagada,-71,,saludable
maceta-sim,13,1,sim-1.0,1790168400,19.1,56.0,2974,2372.0,72.0,2036,1735.0,,1010,938.0,25.4,1,saludable,propagada,-77,,saludable
maceta-sim,14,1,sim-1.0,1790168700,19.2,57.0,3089,2449.0,74.0,2061,1753.0,,1009,939.0,25.4,1,saludable,propagada,-73,,saludable
maceta-sim,15,1,sim-1.0,1790169000,19.7,54.0,3114,2466.0,75.0,2054,1748.0,,1023,948.0,25.4,1,saludable,propagada,-73,,saludable
maceta-sim,16,1,sim-1.0,1790169300,19.7,53.0,3290,2584.0,78.0,2068,1758.0,,1017,942.0,25.7,1,saludable,propagada,-70,,saludable
maceta-sim,17,1,sim-1.0,1790169600,19.4,55.0,3597,2790.0,85.0,2054,1748.0,,1021,944.0,25.5,1,saludable,propagada,-73,,saludable
maceta-sim,18,1,sim-1.0,1790169900,19.7,54.0,3633,2814.0,85.0,2039,1737.0,,1023,950.0,25.3,1,saludable,propagada,-69,,saludable
maceta-sim,19,1,sim-1.0,1790170200,19.8,56.0,3150,2490.0,75.0,2070,1760.0,,1021,949.0,25.6,1,saludable,propagada,-73,,saludable
maceta-sim,20,1,sim-1.0,1790170500,19.7,54.0,3336,2615.0,79.0,2059,1752.0,,1021,949.0,25.4,1,saludable,propagada,-69,,saludable
maceta-sim,21,1,sim-1.0,1790170800,19.5,55.0,3892,2988.0,91.0,2059,1752.0,,1017,942.0,25.2,1,saludable,propagada,-80,,saludable
maceta-sim,22,1,sim-1.0,1790171100,20.2,56.0,3527,2743.0,83.0,2081,1768.0,,1032,957.0,25.5,1,saludable,propagada,-77,,saludable
maceta-sim,23,1,sim-1.0,1790171400,20.1,55.0,4055,3097.0,94.0,2070,1760.0,,1027,951.0,25.8,1,saludable,propagada,-72,,saludable
maceta-sim,24,1,sim-1.0,1790171700,19.9,54.0,3435,2681.0,81.0,2077,1765.0,,1022,946.0,25.6,1,saludable,propagada,-71,,saludable
maceta-sim,25,1,sim-1.0,1790172000,20.7,56.0,3382,2646.0,80.0,2098,1780.0,,1033,960.0,25.4,1,saludable,propagada,-68,,saludable
maceta-sim,26,1,sim-1.0,1790172300,20.6,52.0,3609,2798.0,85.0,2102,1783.0,,1035,961.0,25.6,1,saludable,propagada,-69,,saludable
maceta-sim,27,1,sim-1.0,1790172600,20.3,53.0,3454,2694.0,82.0,2094,1777.0,,1031,954.0,25.8,1,saludable,propagada,-74,,saludable
maceta-sim,28,1,sim-1.0,1790172900,,,3828,2945.0,89.0,2095,1778.0,,1040,964.0,25.8,1,saludable,propagada,-62,dht_sin_respuesta,saludable
maceta-sim,29,1,sim-1.0,1790173200,20.4,54.0,3579,2778.0,84.0,2103,1784.0,,1038,960.0,25.6,1,saludable,propagada,-72,,saludable
maceta-sim,30,1,sim-1.0,1790173500,20.5,54.0,3666,2836.0,86.0,2091,1775.0,,1032,957.0,25.5,1,saludable,propagada,-71,,saludable
maceta-sim,31,1,sim-1.0,1790173800,20.7,51.0,4085,3117.0,94.0,2091,1775.0,,1030,954.0,25.9,1,saludable,propagada,-72,luz_saturada,saludable
maceta-sim,32,1,sim-1.0,1790174100,20.5,55.0,4095,3124.0,95.0,2091,1775.0,,1034,959.0,25.5,1,saludable,propagada,-72,luz_saturada,saludable
maceta-sim,33,1,sim-1.0,1790174400,21.1,51.0,4082,3115.0,94.0,2098,1780.0,,1042,965.0,25.7,1,saludable,propagada,-74,luz_saturada,saludable
maceta-sim,34,1,sim-1.0,1790174700,20.8,52.0,4095,3124.0,95.0,2121,1797.0,,1039,963.0,25.9,1,saludable,propagada,-77,luz_saturada,saludable
maceta-sim,35,1,sim-1.0,1790175000,21.7,55.0,4095,3124.0,95.0,2085,1771.0,,1051,976.0,26.4,1,saludable,propagada,-74,luz_saturada,saludable
maceta-sim,36,1,sim-1.0,1790175300,21.4,48.0,4095,3124.0,95.0,2112,1790.0,,1045,970.0,26.1,1,saludable,propagada,-75,luz_saturada,saludable
maceta-sim,37,1,sim-1.0,1790175600,21.9,51.0,4095,3124.0,95.0,2103,1784.0,,1054,978.0,26.2,1,saludable,propagada,-70,luz_saturada,saludable
maceta-sim,38,1,sim-1.0,1790175900,21.2,50.0,4095,3124.0,95.0,2098,1780.0,,1045,967.0,25.5,1,saludable,propagada,-71,luz_saturada,saludable
maceta-sim,39,1,sim-1.0,1790176200,21.9,53.0,4095,3124.0,95.0,2121,1797.0,,1050,975.0,26.0,1,saludable,propagada,-72,luz_saturada,saludable
maceta-sim,40,1,sim-1.0,1790176500,22.0,52.0,4095,3124.0,95.0,2107,1787.0,,1047,971.0,26.4,1,saludable,propagada,-76,luz_saturada,saludable
maceta-sim,41,1,sim-1.0,1790176800,21.7,49.0,4095,3124.0,95.0,2112,1790.0,,1048,974.0,25.9,1,saludable,propagada,-74,luz_saturada,saludable
maceta-sim,42,1,sim-1.0,1790184300,23.6,46.0,3961,3034.0,92.0,2193,1849.0,,1067,989.0,26.4,1,saludable,propagada,-74,,saludable
maceta-sim,43,1,sim-1.0,1790184600,23.6,46.0,4095,3124.0,95.0,2208,1860.0,,1075,998.0,26.6,1,saludable,propagada,-71,luz_saturada,saludable
maceta-sim,44,1,sim-1.0,1790184900,23.7,45.0,4095,3124.0,95.0,2202,1856.0,,1076,999.0,26.3,1,saludable,propagada,-77,luz_saturada,saludable
maceta-sim,45,1,sim-1.0,1790185200,24.1,44.0,3523,2740.0,83.0,2239,1883.0,,1075,997.0,26.5,1,saludable,propagada,-76,,saludable
maceta-sim,46,1,sim-1.0,1790185500,23.9,42.0,3719,2872.0,87.0,2212,1863.0,,1068,990.0,26.0,1,saludable,propagada,-73,,saludable
maceta-sim,47,1,sim-1.0,1790185800,23.3,46.0,3909,2999.0,91.0,2220,1869.0,,1064,990.0,26.4,1,saludable,propagada,-76,,saludable
maceta-sim,48,1,sim-1.0,1790186100,23.9,42.0,4095,3124.0,95.0,2227,1874.0,,1078,998.0,26.7,1,saludable,propagada,-72,luz_saturada,saludable
maceta-sim,49,1,sim-1.0,1790186400,23.5,47.0,3777,2911.0,88.0,2215,1865.0,,1072,994.0,26.6,1,saludable,propagada,-71,,saludable
maceta-sim,50,1,sim-1.0,1790186700,23.8,48.0,3524,2741.0,83.0,2238,1882.0,,1072,996.0,26.7,1,saludable,propagada,-67,,saludable
maceta-sim,51,1,sim-1.0,1790187000,23.3,49.0,3281,2578.0,78.0,2217,1867.0,,1070,991.0,26.4,1,saludable,propagada,-73,,saludable
maceta-sim,52,1,sim-1.0,1790187300,24.1,45.0,3314,2600.0,79.0,2227,1874.0,,1078,1001.0,26.4,1,saludable,propagada,-73,,saludable
maceta-sim,53,1,sim-1.0,1790187600,23.2,43.0,3339,2617.0,79.0,2231,1877.0,,1071,993.0,26.3,1,saludable,propagada,-70,,saludable
maceta-sim,54,1,sim-1.0,1790187900,23.9,47.0,3144,2486.0,75.0,2250,1891.0,,1077,998.0,26.3,1,saludable,propagada,-65,,saludable
maceta-sim,55,1,sim-1.0,1790188200,24.0,46.0,3615,2802.0,85.0,2232,1878.0,,1084,1002.0,26.6,1,saludable,propagada,-65,,saludable
maceta-sim,56,1,sim-1.0,1790188500,23.9,47.0,3609,2798.0,85.0,2230,1876.0,,1072,995.0,26.7,1,saludable,propagada,-70,,saludable
maceta-sim,57,1,sim-1.0,1790188800,23.8,45.0,3077,2441.0,74.0,2238,1882.0,,1071,992.0,26.4,1,saludable,propagada,-68,,saludable
maceta-sim,58,1,sim-1.0,1790189100,23.1,47.0,3467,2703.0,82.0,2248,1889.0,,1066,988.0,26.2,1,saludable,propagada,-78,,saludable
maceta-sim,59,1,sim-1.0,1790189400,23.8,45.0,3054,2426.0,74.0,2248,1889.0,,1076,1000.0,26.4,1,saludable,propagada,-69,,saludable
maceta-sim,60,1,sim-1.0,1790189700,24.1,47.0,3113,2465.0,75.0,2263,1900.0,,1077,999.0,26.6,1,saludable,propagada,-75,,saludable
maceta-sim,61,1,sim-1.0,1790190000,24.1,46.0,3448,2690.0,82.0,2280,1913.0,,1079,1003.0,26.5,1,saludable,propagada,-75,,saludable
maceta-sim,62,1,sim-1.0,1790190300,23.6,46.0,2928,2341.0,71.0,2271,1906.0,,1069,993.0,26.4,1,saludable,propagada,-74,,saludable
maceta-sim,63,1,sim-1.0,1790190600,23.5,46.0,3318,2603.0,79.0,2259,1897.0,,1076,997.0,26.0,1,saludable,propagada,-73,,saludable
maceta-sim,64,1,sim-1.0,1790190900,24.2,47.0,2685,2178.0,66.0,2282,1914.0,,1089,1010.0,26.3,1,saludable,propagada,-70,,saludable
maceta-sim,65,1,sim-1.0,1790191200,23.7,43.0,2625,2138.0,65.0,2259,1897.0,,1073,997.0,26.4,1,saludable,propagada,-74,,saludable
maceta-sim,66,1,sim-1.0,1790191500,23.2,45.0,2964,2365.0,72.0,2270,1905.0,,1069,991.0,26.6,1,saludable,propagada,-71,,saludable
maceta-sim,67,1,sim-1.0,1790191800,,,2816,2266.0,69.0,2294,1923.0,,1062,988.0,26.4,1,saludable,manual,-70,dht_sin_respuesta,saludable
maceta-sim,68,1,sim-1.0,1790192100,23.7,44.0,2455,2024.0,61.0,2296,1924.0,,1079,998.0,26.5,1,saludable,propagada,-73,,saludable
maceta-sim,69,1,sim-1.0,1790192400,23.7,46.0,2369,1966.0,60.0,2290,1920.0,,1073,997.0,26.5,1,saludable,propagada,-72,,saludable
maceta-sim,70,1,sim-1.0,1790192700,24.0,44.0,2689,2181.0,66.0,2283,1915.0,,1077,1000.0,26.5,1,saludable,propagada,-68,,saludable
maceta-sim,71,1,sim-1.0,1790193000,24.0,47.0,2531,2075.0,63.0,2293,1922.0,,1075,996.0,26.6,1,saludable,propagada,-70,,saludable
maceta-sim,72,1,sim-1.0,1790193300,24.2,46.0,2561,2095.0,63.0,2294,1923.0,,1083,1004.0,26.4,1,saludable,propagada,-74,,saludable
maceta-sim,73,1,sim-1.0,1790193600,23.4,46.0,2206,1857.0,56.0,2282,1914.0,,1066,990.0,26.6,1,saludable,propagada,-69,,saludable
maceta-sim,74,1,sim-1.0,1790193900,24.1,45.0,2378,1972.0,60.0,2297,1925.0,,1079,1003.0,26.4,1,saludable,propagada,-70,,saludable
maceta-sim,75,1,sim-1.0,1790194200,23.3,44.0,1971,1699.0,51.0,2289,1919.0,,1061,987.0,26.2,1,saludable,propagada,-68,,saludable
maceta-sim,76,1,sim-1.0,1790194500,23.7,47.0,1883,1636.0,50.0,2312,1936.0,,1071,993.0,26.7,1,saludable,propagada,-69,,saludable
maceta-sim,77,1,sim-1.0,1790194800,23.4,44.0,2088,1778.0,54.0,2309,1934.0,,1072,994.0,26.6,1,saludable,propagada,-71,,saludable
maceta-sim,78,1,sim-1.0,1790195100,23.3,47.0,1828,1594.0,48.0,2301,1928.0,,1064,987.0,26.4,1,saludable,propagada,-71,,saludable
maceta-sim,79,1,sim-1.0,1790195400,22.8,44.0,1903,1652.0,50.0,2327,1947.0,,1057,980.0,26.1,1,saludable,propagada,-73,,saludable
maceta-sim,80,1,sim-1.0,1790195700,23.0,47.0,1858,1617.0,49.0,2304,1930.0,,1068,991.0,26.3,1,saludable,propagada,-70,,saludable
maceta-sim,81,1,sim-1.0,1790196000,23.0,47.0,1524,1353.0,41.0,2313,1937.0,,1066,990.0,26.6,1,saludable,propagada,-74,,saludable
maceta-sim,82,1,sim-1.0,1790196300,23.3,48.0,1751,1535.0,47.0,2331,1950.0,,1067,989.0,25.9,1,saludable,propagada,-72,,saludable
maceta-sim,83,1,sim-1.0,1790196600,22.9,47.0,1520,1350.0,41.0,2316,1939.0,,1063,989.0,26.5,1,saludable,propagada,-70,,saludable
maceta-sim,84,1,sim-1.0,1790196900,23.1,47.0,1357,1219.0,37.0,2346,1961.0,,1071,990.0,26.4,1,saludable,propagada,-68,,saludable
maceta-sim,85,1,sim-1.0,1790197200,22.9,48.0,1508,1340.0,41.0,2331,1950.0,,1061,984.0,26.5,1,saludable,propagada,-73,,saludable
maceta-sim,86,1,sim-1.0,1790197500,23.4,48.0,1238,1124.0,34.0,2333,1951.0,,1066,987.0,26.0,1,saludable,propagada,-74,,saludable
maceta-sim,87,1,sim-1.0,1790197800,22.7,47.0,1221,1110.0,34.0,2327,1947.0,,1068,989.0,26.4,1,saludable,propagada,-73,,saludable
maceta-sim,88,1,sim-1.0,1790198100,23.6,46.0,1138,1044.0,32.0,2308,1933.0,,1071,994.0,26.3,1,saludable,propagada,-70,,saludable
maceta-sim,89,1,sim-1.0,1790198400,23.2,49.0,1014,945.0,29.0,2344,1959.0,,1069,992.0,26.3,1,saludable,propagada,-66,,saludable
maceta-sim,90,1,sim-1.0,1790198700,23.3,48.0,985,922.0,28.0,2344,1959.0,,1062,988.0,26.3,1,saludable,propagada,-71,,saludable
maceta-sim,91,1,sim-1.0,1790199000,23.2,46.0,968,908.0,28.0,2359,1970.0,,1070,992.0,26.4,1,saludable,propagada,-68,,saludable
maceta-sim,92,1,sim-1.0,1790199300,22.8,48.0,842,808.0,24.0,2349,1963.0,,1059,982.0,26.3,1,saludable,propagada,-68,,saludable
maceta-sim,93,1,sim-1.0,1790199600,22.9,48.0,779,758.0,23.0,2364,1974.0,,1062,985.0,26.3,1,saludable,propagada,-69,,saludable
maceta-sim,94,1,sim-1.0,1790199900,22.3,49.0,737,724.0,22.0,2353,1966.0,,1056,979.0,26.4,1,saludable,propagada,-68,,saludable
maceta-sim,95,1,sim-1.0,1790200200,22.7,48.0,666,668.0,20.0,2338,1955.0,,1064,988.0,26.4,1,saludable,propagada,-77,,saludable
maceta-sim,96,1,sim-1.0,1790200500,22.5,52.0,534,563.0,17.0,2344,1959.0,,1058,980.0,26.4,1,saludable,propagada,-76,,saludable
maceta-sim,97,1,sim-1.0,1790200800,23.1,46.0,503,538.0,16.0,2357,1969.0,,1070,992.0,26.4,1,saludable,propagada,-68,,saludable
maceta-sim,98,1,sim-1.0,1790201100,22.4,52.0,433,482.0,15.0,2384,1988.0,,1054,979.0,26.1,1,saludable,propagada,-72,,saludable
maceta-sim,99,1,sim-1.0,1790201400,22.3,49.0,313,387.0,12.0,2367,1976.0,,1058,979.0,26.0,1,saludable,propagada,-68,,saludable
maceta-sim,100,1,sim-1.0,1790201700,22.3,45.0,258,343.0,10.0,2379,1985.0,,1055,980.0,26.1,1,saludable,propagada,-72,,saludable
maceta-sim,101,1,sim-1.0,1790202000,22.7,47.0,168,271.0,8.0,2357,1969.0,,1062,985.0,26.0,1,saludable,propagada,-79,,saludable
maceta-sim,102,1,sim-1.0,1790202300,21.6,50.0,88,208.0,6.0,2349,1963.0,,1047,972.0,25.6,1,saludable,propagada,-66,,saludable
maceta-sim,103,1,sim-1.0,1790202600,21.9,52.0,9,145.0,4.0,2379,1985.0,,1049,973.0,26.3,1,saludable,propagada,-69,,saludable
maceta-sim,104,1,sim-1.0,1790202900,22.2,48.0,12,147.0,4.0,2364,1974.0,,1049,974.0,26.3,1,saludable,propagada,-69,,saludable
maceta-sim,105,1,sim-1.0,1790203200,22.1,51.0,12,147.0,4.0,2373,1980.0,,1051,975.0,26.1,1,saludable,propagada,-65,,saludable
maceta-sim,106,1,sim-1.0,1790203500,21.6,52.0,8,144.0,4.0,2385,1989.0,,1042,968.0,26.0,1,saludable,propagada,-64,,saludable
maceta-sim,107,1,sim-1.0,1790203800,21.7,50.0,9,145.0,4.0,2388,1991.0,,1048,971.0,25.8,1,saludable,propagada,-70,,saludable
maceta-sim,108,1,sim-1.0,1790204100,21.7,51.0,12,147.0,4.0,2397,1998.0,,1046,973.0,26.1,1,saludable,propagada,-69,,saludable
maceta-sim,109,1,sim-1.0,1790204400,21.9,49.0,11,146.0,4.0,2393,1995.0,,1051,973.0,26.2,1,saludable,propagada,-66,,saludable
maceta-sim,110,1,sim-1.0,1790204700,21.6,51.0,9,145.0,4.0,2384,1988.0,,1040,967.0,26.0,1,saludable,propagada,-71,,saludable
maceta-sim,111,1,sim-1.0,1790205000,21.1,53.0,12,147.0,4.0,2404,2003.0,,1046,971.0,25.8,1,saludable,propagada,-78,,saludable
maceta-sim,112,1,sim-1.0,1790205300,21.0,52.0,8,144.0,4.0,2406,2004.0,,1030,958.0,26.0,1,saludable,propagada,-68,,saludable
maceta-sim,113,1,sim-1.0,1790205600,21.3,52.0,8,144.0,4.0,2388,1991.0,,1041,966.0,26.1,1,saludable,propagada,-73,,saludable
maceta-sim,114,1,sim-1.0,1790205900,21.4,50.0,11,146.0,4.0,2392,1994.0,,1043,967.0,25.7,1,saludable,propagada,-77,,saludable
maceta-sim,115,1,sim-1.0,1790206200,20.6,52.0,9,145.0,4.0,2399,1999.0,,1033,959.0,25.6,1,saludable,propagada,-72,,saludable
maceta-sim,116,1,sim-1.0,1790206500,21.0,51.0,9,145.0,4.0,2403,2002.0,,1038,961.0,26.1,1,saludable,propagada,-72,,saludable
maceta-sim,117,1,sim-1.0,1790206800,20.8,52.0,9,145.0,4.0,2401,2001.0,,1032,955.0,25.5,1,saludable,propagada,-75,,saludable
maceta-sim,118,1,sim-1.0,1790207100,20.8,53.0,8,144.0,4.0,2409,2006.0,,1036,959.0,25.9,1,saludable,propagada,-71,,saludable
maceta-sim,119,1,sim-1.0,1790207400,20.8,54.0,12,147.0,4.0,2421,2015.0,,1035,960.0,25.5,1,saludable,propagada,-74,,saludable
maceta-sim,120,1,sim-1.0,1790207700,20.5,55.0,8,144.0,4.0,2424,2017.0,,1033,959.0,26.0,1,saludable,propagada,-76,,saludable
maceta-sim,121,1,sim-1.0,1790208000,20.2,52.0,8,144.0,4.0,2416,2011.0,,1026,952.0,25.7,1,saludable,propagada,-73,,saludable
maceta-sim,122,1,sim-1.0,1790208300,20.1,55.0,12,147.0,4.0,2395,1996.0,,1030,954.0,25.8,1,saludable,propagada,-74,,saludable
maceta-sim,123,1,sim-1.0,1790208600,20.2,56.0,8,144.0,4.0,2413,2009.0,,1029,953.0,25.4,1,saludable,propagada,-76,,saludable
maceta-sim,124,1,sim-1.0,1790208900,20.4,52.0,9,145.0,4.0,2419,2013.0,,1030,956.0,25.6,1,saludable,propagada,-72,,saludable
maceta-sim,125,1,sim-1.0,1790209200,20.2,55.0,9,145.0,4.0,2449,2034.0,,1026,952.0,25.6,1,saludable,propagada,-68,,saludable
maceta-sim,126,1,sim-1.0,1790209500,20.0,58.0,12,147.0,4.0,2430,2021.0,,1022,949.0,25.2,1,saludable,propagada,-71,,saludable
maceta-sim,127,1,sim-1.0,1790209800,20.3,54.0,8,144.0,4.0,2434,2024.0,,1027,956.0,25.8,1,saludable,propagada,-70,,saludable
maceta-sim,128,1,sim-1.0,1790210100,20.0,55.0,11,146.0,4.0,2421,2015.0,,1027,953.0,25.8,1,saludable,propagada,-70,,saludable
maceta-sim,129,1,sim-1.0,1790210400,20.3,53.0,8,144.0,4.0,2427,2019.0,,1028,954.0,25.7,1,saludable,propagada,-74,,saludable
maceta-sim,130,1,sim-1.0,1790210700,19.3,54.0,11,146.0,4.0,2421,2015.0,,1017,944.0,25.0,1,saludable,propagada,-68,,saludable
maceta-sim,131,1,sim-1.0,1790211000,19.6,54.0,9,145.0,4.0,2444,2031.0,,1019,946.0,25.6,1,saludable,propagada,-73,,saludable
maceta-sim,132,1,sim-1.0,1790211300,19.7,54.0,9,145.0,4.0,2439,2027.0,,1021,948.0,25.1,1,saludable,propagada,-77,,saludable
maceta-sim,133,1,sim-1.0,1790211600,19.4,57.0,9,145.0,4.0,2433,2023.0,,1023,948.0,25.3,1,saludable,propagada,-73,,saludable
maceta-sim,134,1,sim-1.0,1790211900,18.7,57.0,9,145.0,4.0,2451,2036.0,,1007,936.0,25.0,1,saludable,propagada,-78,,saludable
maceta-sim,135,1,sim-1.0,1790212200,19.2,56.0,11,146.0,4.0,2451,2036.0,,1014,940.0,25.3,1,saludable,propagada,-69,,saludable
maceta-sim,136,1,sim-1.0,1790212500,19.0,57.0,12,147.0,4.0,2426,2018.0,,1012,938.0,25.4,1,saludable,propagada,-75,,saludable
maceta-sim,137,1,sim-1.0,1790212800,18.7,56.0,8,144.0,4.0,2454,2038.0,,1002,932.0,25.4,1,saludable,propagada,-69,,saludable
maceta-sim,138,1,sim-1.0,1790213100,18.8,59.0,11,146.0,4.0,2461,2043.0,,1010,938.0,25.3,1,saludable,propagada,-76,,saludable
maceta-sim,139,1,sim-1.0,1790213400,19.1,58.0,11,146.0,4.0,2437,2026.0,,1015,939.0,25.3,1,saludable,propagada,-79,,saludable
maceta-sim,140,1,sim-1.0,1790213700,18.0,59.0,9,145.0,4.0,2464,2045.0,,1001,930.0,25.2,1,saludable,propagada,-68,,saludable
maceta-sim,141,1,sim-1.0,1790214000,18.4,57.0,8,144.0,4.0,2460,2042.0,,1004,931.0,25.1,1,saludable,propagada,-71,,saludable
maceta-sim,142,1,sim-1.0,1790214300,18.5,61.0,9,145.0,4.0,2451,2036.0,,1003,930.0,25.1,1,saludable,propagada,-67,,saludable
maceta-sim,143,1,sim-1.0,1790214600,18.0,59.0,12,147.0,4.0,2457,2040.0,,1002,930.0,25.4,1,saludable,propagada,-69,,saludable
maceta-sim,144,1,sim-1.0,1790214900,18.9,55.0,11,146.0,4.0,2469,2048.0,,1011,937.0,25.2,1,saludable,propagada,-65,,saludable
maceta-sim,145,1,sim-1.0,1790215200,18.2,60.0,11,146.0,4.0,2457,2040.0,,1004,932.0,25.0,1,saludable,propagada,-75,,saludable
maceta-sim,146,1,sim-1.0,1790215500,17.4,61.0,9,145.0,4.0,2467,2047.0,,995,922.0,24.8,1,saludable,propagada,-71,,saludable
maceta-sim,147,1,sim-1.0,1790215800,17.7,57.0,8,144.0,4.0,2479,2055.0,,990,919.0,24.6,1,saludable,propagada,-74,,saludable
maceta-sim,148,1,sim-1.0,1790216100,17.9,62.0,11,146.0,4.0,2469,2048.0,,999,927.0,25.2,1,saludable,propagada,-76,,saludable
maceta-sim,149,1,sim-1.0,1790216400,17.3,64.0,9,145.0,4.0,2489,2062.0,,990,916.0,25.0,1,saludable,propagada,-74,,saludable
maceta-sim,150,1,sim-1.0,1790216700,17.7,63.0,12,147.0,4.0,2484,2059.0,,998,925.0,24.8,1,saludable,propagada,-75,,saludable
maceta-sim,151,1,sim-1.0,1790217000,17.6,63.0,8,144.0,4.0,2486,2060.0,,998,923.0,24.7,1,saludable,propagada,-71,,saludable
maceta-sim,152,1,sim-1.0,1790217300,17.3,60.0,12,147.0,4.0,2484,2059.0,,991,918.0,25.1,1,saludable,propagada,-74,,saludable
maceta-sim,153,1,sim-1.0,1790217600,17.6,62.0,11,146.0,4.0,2491,2064.0,,989,918.0,25.0,1,saludable,propagada,-75,,saludable
maceta-sim,154,1,sim-1.0,1790217900,17.4,61.0,9,145.0,4.0,2487,2061.0,,992,920.0,24.9,1,saludable,propagada,-78,,saludable
maceta-sim,155,1,sim-1.0,1790218200,17.3,60.0,8,144.0,4.0,2457,2040.0,,991,918.0,25.0,1,saludable,propagada,-76,,saludable
maceta-sim,156,1,sim-1.0,1790218500,17.5,62.0,11,146.0,4.0,2493,2065.0,,993,922.0,24.5,1,saludable,propagada,-71,,saludable
maceta-sim,157,1,sim-1.0,1790218800,18.0,60.0,12,147.0,4.0,2491,2064.0,,1003,928.0,25.0,1,saludable,propagada,-75,,saludable
maceta-sim,158,1,sim-1.0,1790219100,17.9,63.0,8,144.0,4.0,2491,2064.0,,997,925.0,25.0,1,saludable,propagada,-77,,saludable
maceta-sim,159,1,sim-1.0,1790219400,18.2,60.0,12,147.0,4.0,2491,2064.0,,1001,929.0,25.0,1,saludable,propagada,-74,,saludable
maceta-sim,160,1,sim-1.0,1790219700,18.9,60.0,9,145.0,4.0,2503,2072.0,,1007,935.0,25.6,1,saludable,propagada,-73,,saludable
maceta-sim,161,1,sim-1.0,1790220000,18.2,61.0,9,145.0,4.0,2506,2074.0,,1004,931.0,25.4,1,saludable,propagada,-71,,saludable
maceta-sim,162,1,sim-1.0,1790220300,17.8,59.0,12,147.0,4.0,2504,2073.0,,1000,924.0,25.0,1,saludable,propagada,-69,,saludable
maceta-sim,163,1,sim-1.0,1790220600,17.5,61.0,11,146.0,4.0,2497,2068.0,,994,920.0,25.3,1,saludable,propagada,-70,,saludable
maceta-sim,164,1,sim-1.0,1790220900,17.7,61.0,9,145.0,4.0,2503,2072.0,,999,926.0,25.1,1,saludable,propagada,-74,,saludable
maceta-sim,165,1,sim-1.0,1790221200,17.6,61.0,9,145.0,4.0,2509,2076.0,,993,920.0,25.3,1,saludable,propagada,-71,,saludable
maceta-sim,166,1,sim-1.0,1790221500,18.0,55.0,11,146.0,4.0,2507,2075.0,,997,924.0,25.4,1,saludable,propagada,-74,,saludable
maceta-sim,167,1,sim-1.0,1790221800,17.6,61.0,11,146.0,4.0,2510,2077.0,,1001,927.0,25.0,1,saludable,propagada,-73,,saludable
maceta-sim,168,1,sim-1.0,1790222100,17.9,60.0,11,146.0,4.0,2504,2073.0,,999,924.0,25.1,1,saludable,propagada,-73,,saludable
maceta-sim,169,1,sim-1.0,1790222400,17.5,60.0,11,146.0,4.0,2504,2073.0,,993,921.0,25.0,1,saludable,propagada,-70,,saludable
maceta-sim,170,1,sim-1.0,1790222700,17.4,61.0,8,144.0,4.0,2513,2079.0,,988,918.0,24.6,1,saludable,propagada,-69,,saludable
maceta-sim,171,1,sim-1.0,1790223000,17.2,62.0,11,146.0,4.0,2510,2077.0,,985,914.0,24.9,1,saludable,propagada,-75,,saludable
maceta-sim,172,1,sim-1.0,1790223300,17.5,59.0,9,145.0,4.0,2517,2082.0,,998,925.0,24.7,1,saludable,propagada,-73,,saludable
maceta-sim,173,1,sim-1.0,1790223600,17.2,60.0,8,144.0,4.0,2499,2069.0,,989,918.0,24.8,1,saludable,propagada,-68,,saludable
maceta-sim,174,1,sim-1.0,1790223900,17.2,63.0,12,147.0,4.0,2524,2087.0,,998,924.0,24.6,1,saludable,propagada,-67,,saludable
maceta-sim,175,1,sim-1.0,1790224200,17.0,60.0,9,145.0,4.0,2521,2085.0,,989,917.0,25.0,1,saludable,propagada,-69,,saludable
maceta-sim,176,1,sim-1.0,1790224500,17.2,60.0,9,145.0,4.0,2516,2081.0,,987,915.0,24.8,1,saludable,propagada,-71,,saludable
maceta-sim,177,1,sim-1.0,1790224800,17.1,62.0,9,145.0,4.0,2539,2097.0,,989,918.0,24.8,1,saludable,propagada,-71,,saludable
maceta-sim,178,1,sim-1.0,1790225100,17.0,65.0,12,147.0,4.0,2534,2094.0,,985,915.0,25.1,1,saludable,propagada,-72,,saludable
maceta-sim,179,1,sim-1.0,1790225400,16.9,63.0,11,146.0,4.0,2521,2085.0,,988,917.0,24.9,1,saludable,propagada,-72,,saludable
maceta-sim,180,1,sim-1.0,1790225700,17.1,58.0,12,147.0,4.0,2529,2090.0,,985,914.0,24.8,1,saludable,propagada,-77,,saludable
maceta-sim,181,1,sim-1.0,1790226000,16.7,60.0,12,147.0,4.0,2539,2097.0,,980,910.0,24.7,1,saludable,propagada,-67,,saludable
maceta-sim,182,1,sim-1.0,1790226300,16.7,62.0,8,144.0,4.0,2529,2090.0,,981,912.0,24.8,1,saludable,propagada,-69,,saludable
maceta-sim,183,1,sim-1.0,1790226600,16.7,61.0,9,145.0,4.0,2549,2104.0,,987,917.0,24.7,1,saludable,propagada,-72,,saludable
maceta-sim,184,1,sim-1.0,1790226900,16.2,64.0,12,147.0,4.0,2543,2100.0,,977,905.0,24.6,1,saludable,propagada,-69,,saludable
maceta-sim,185,1,sim-1.0,1790227200,17.0,63.0,9,145.0,4.0,2537,2096.0,,986,913.0,24.9,1,saludable,propagada,-75,,saludable
maceta-sim,186,1,sim-1.0,1790227500,16.6,66.0,11,146.0,4.0,2546,2102.0,,981,910.0,24.7,1,saludable,propagada,-70,,saludable
maceta-sim,187,1,sim-1.0,1790227800,16.6,65.0,12,147.0,4.0,2536,2095.0,,984,911.0,24.5,1,saludable,propagada,-76,,saludable
maceta-sim,188,1,sim-1.0,1790228100,16.7,65.0,12,147.0,4.0,2540,2098.0,,987,915.0,24.9,1,saludable,propagada,-73,,saludable
maceta-sim,189,1,sim-1.0,1790228400,16.4,65.0,11,146.0,4.0,2531,2092.0,,984,912.0,24.8,1,saludable,propagada,-76,,saludable
maceta-sim,190,1,sim-1.0,1790228700,16.8,59.0,12,147.0,4.0,2540,2098.0,,982,911.0,24.4,1,saludable,propagada,-75,,saludable
maceta-sim,191,1,sim-1.0,1790229000,16.4,63.0,8,144.0,4.0,2560,2112.0,,972,903.0,24.4,1,saludable,propagada,-73,,saludable
maceta-sim,192,1,sim-1.0,1790229300,16.0,64.0,9,145.0,4.0,2557,2110.0,,971,902.0,24.3,1,saludable,propagada,-71,,saludable
maceta-sim,193,1,sim-1.0,1790229600,16.5,62.0,9,145.0,4.0,2559,2111.0,,977,908.0,24.7,1,saludable,propagada,-70,,saludable
maceta-sim,194,1,sim-1.0,1790229900,16.5,64.0,8,144.0,4.0,2537,2096.0,,978,906.0,24.8,1,saludable,propagada,-66,,saludable
maceta-sim,195,1,sim-1.0,1790230200,16.1,62.0,12,147.0,4.0,2553,2107.0,,975,904.0,24.4,1,saludable,propagada,-72,,saludable
maceta-sim,196,1,sim-1.0,1790230500,16.3,62.0,11,146.0,4.0,2570,2119.0,,976,907.0,24.2,1,saludable,propagada,-71,,saludable
maceta-sim,197,1,sim-1.0,1790230800,16.5,64.0,12,147.0,4.0,2554,2108.0,,978,907.0,24.6,1,saludable,propagada,-74,,saludable
maceta-sim,198,1,sim-1.0,1790231100,16.8,60.0,11,146.0,4.0,2556,2109.0,,985,911.0,24.5,1,saludable,propagada,-68,,saludable
maceta-sim,199,1,sim-1.0,1790231400,16.1,64.0,8,144.0,4.0,2530,2091.0,,971,903.0,24.4,1,saludable,propagada,-77,,saludable
maceta-sim,200,1,sim-1.0,1790231700,16.3,64.0,11,146.0,4.0,2567,2117.0,,979,909.0,24.5,1,saludable,propagada,-75,,saludable
maceta-sim,201,1,sim-1.0,1790232000,16.0,63.0,8,144.0,4.0,2553,2107.0,,974,905.0,24.7,1,saludable,propagada,-72,,saludable
maceta-sim,202,1,sim-1.0,1790232300,16.2,64.0,8,144.0,4.0,2559,2111.0,,975,906.0,24.5,1,saludable,propagada,-72,,saludable
maceta-sim,203,1,sim-1.0,1790232600,16.1,65.0,9,145.0,4.0,2560,2112.0,,976,906.0,24.7,1,saludable,propagada,-70,,saludable
maceta-sim,204,1,sim-1.0,1790232900,16.5,65.0,8,144.0,4.0,2564,2115.0,,984,913.0,24.4,1,saludable,propagada,-63,,saludable
maceta-sim,205,1,sim-1.0,1790233200,15.8,64.0,12,147.0,4.0,2569,2118.0,,966,896.0,24.5,1,saludable,propagada,-74,,saludable
maceta-sim,206,1,sim-1.0,1790233500,16.3,63.0,9,145.0,4.0,2583,2128.0,,977,907.0,24.7,1,saludable,propagada,-70,,saludable
maceta-sim,207,1,sim-1.0,1790233800,16.7,63.0,9,145.0,4.0,2570,2119.0,,984,911.0,24.6,1,saludable,propagada,-72,,saludable
maceta-sim,208,1,sim-1.0,1790234100,16.0,65.0,9,145.0,4.0,2579,2125.0,,978,908.0,24.6,1,saludable,propagada,-73,,saludable
maceta-sim,209,1,sim-1.0,1790234400,16.0,63.0,8,144.0,4.0,2560,2112.0,,975,902.0,24.4,1,saludable,propagada,-75,,saludable
maceta-sim,210,1,sim-1.0,1790234700,16.1,63.0,9,145.0,4.0,2587,2131.0,,979,907.0,24.6,1,saludable,propagada,-75,,saludable
maceta-sim,211,1,sim-1.0,1790235000,15.9,65.0,11,146.0,4.0,2579,2125.0,,973,904.0,24.4,1,saludable,propagada,-66,,saludable
maceta-sim,212,1,sim-1.0,1790235300,15.7,62.0,11,146.0,4.0,2596,2137.0,,972,901.0,24.6,1,saludable,propagada,-71,,saludable
maceta-sim,213,1,sim-1.0,1790235600,16.2,66.0,8,144.0,4.0,2581,2127.0,,977,905.0,24.4,1,saludable,propagada,-76,,saludable
maceta-sim,214,1,sim-1.0,1790235900,16.3,66.0,11,146.0,4.0,2586,2130.0,,975,906.0,24.1,1,saludable,propagada,-73,,saludable
maceta-sim,215,1,sim-1.0,1790236200,16.4,62.0,9,145.0,4.0,2571,2120.0,,978,907.0,24.5,1,saludable,propagada,-70,,saludable
maceta-sim,216,1,sim-1.0,1790236500,16.8,61.0,11,146.0,4.0,2573,2121.0,,983,912.0,24.6,1,saludable,propagada,-67,,saludable
maceta-sim,217,1,sim-1.0,1790236800,16.0,63.0,11,146.0,4.0,2579,2125.0,,978,906.0,24.3,1,saludable,propagada,-72,,saludable
maceta-sim,218,1,sim-1.0,1790237100,16.4,61.0,8,144.0,4.0,2591,2134.0,,976,906.0,24.6,1,saludable,propagada,-69,,saludable
maceta-sim,219,1,sim-1.0,1790237400,17.0,62.0,12,147.0,4.0,2583,2128.0,,990,919.0,24.8,1,saludable,propagada,-73,,saludable
maceta-sim,220,1,sim-1.0,1790237700,16.4,60.0,11,146.0,4.0,2590,2133.0,,979,907.0,25.0,1,saludable,propagada,-68,,saludable
maceta-sim,221,1,sim-1.0,1790238000,16.7,62.0,11,146.0,4.0,2603,2142.0,,984,914.0,25.0,1,saludable,propagada,-72,,saludable
maceta-sim,222,1,sim-1.0,1790238300,16.5,62.0,12,147.0,4.0,2584,2129.0,,979,907.0,24.7,1,saludable,propagada,-68,,saludable
maceta-sim,223,1,sim-1.0,1790238600,16.4,63.0,9,145.0,4.0,2604,2143.0,,978,906.0,24.5,1,saludable,propagada,-70,,saludable
maceta-sim,224,1,sim-1.0,1790238900,16.0,62.0,9,145.0,4.0,2601,2141.0,,977,907.0,24.4,1,saludable,propagada,-68,,saludable
maceta-sim,225,1,sim-1.0,1790239200,17.4,62.0,12,147.0,4.0,2593,2135.0,,988,921.0,25.2,1,saludable,propagada,-66,,saludable
maceta-sim,226,1,sim-1.0,1790239500,16.7,63.0,11,146.0,4.0,2614,2150.0,,981,908.0,25.3,1,saludable,propagada,-73,,saludable
maceta-sim,227,1,sim-1.0,1790239800,,,8,144.0,4.0,2603,2142.0,,992,919.0,24.6,1,saludable,propagada,-69,dht_sin_respuesta,saludable
maceta-sim,228,1,sim-1.0,1790240100,16.6,64.0,12,147.0,4.0,2617,2152.0,,980,910.0,24.7,1,saludable,propagada,-71,,estresada
maceta-sim,229,1,sim-1.0,1790240400,16.6,61.0,8,144.0,4.0,2586,2130.0,,981,909.0,24.5,1,saludable,propagada,-70,,estresada
maceta-sim,230,1,sim-1.0,1790240700,15.9,64.0,11,146.0,4.0,2593,2135.0,,975,905.0,24.4,1,saludable,propagada,-68,,estresada
maceta-sim,231,1,sim-1.0,1790241000,17.1,61.0,8,144.0,4.0,2607,2145.0,,987,917.0,25.0,1,saludable,propagada,-68,,estresada
maceta-sim,232,1,sim-1.0,1790241300,16.8,59.0,8,144.0,4.0,2606,2144.0,,982,911.0,24.9,1,saludable,propagada,-76,,estresada
maceta-sim,233,1,sim-1.0,1790241600,17.3,62.0,9,145.0,4.0,2617,2152.0,,988,915.0,24.6,1,saludable,propagada,-73,,estresada
maceta-sim,234,1,sim-1.0,1790241900,17.3,62.0,12,147.0,4.0,2604,2143.0,,991,921.0,24.7,1,saludable,propagada,-62,,estresada
maceta-sim,235,1,sim-1.0,1790242200,17.7,58.0,9,145.0,4.0,2607,2145.0,,998,923.0,25.1,1,saludable,propagada,-71,,estresada
maceta-sim,236,1,sim-1.0,1790242500,17.3,60.0,87,207.0,6.0,2611,2148.0,,987,916.0,24.9,1,saludable,propagada,-77,,estresada
maceta-sim,237,1,sim-1.0,1790242800,17.6,62.0,170,273.0,8.0,2626,2158.0,,996,925.0,25.1,1,saludable,propagada,-71,,estresada
maceta-sim,238,1,sim-1.0,1790243100,17.5,62.0,262,346.0,10.0,2603,2142.0,,991,919.0,24.9,1,saludable,propagada,-74,,estresada
maceta-sim,239,1,sim-1.0,1790243400,17.5,61.0,333,403.0,12.0,2627,2159.0,,999,928.0,25.5,1,saludable,propagada,-75,,estresada
maceta-sim,240,1,sim-1.0,1790243700,17.5,59.0,395,452.0,14.0,2616,2151.0,,996,925.0,25.1,1,saludable,propagada,-68,,estresada
maceta-sim,241,1,sim-1.0,1790244000,17.6,60.0,455,500.0,15.0,2616,2151.0,,993,922.0,25.3,1,saludable,propagada,-66,,estresada
maceta-sim,242,1,sim-1.0,1790244300,17.3,61.0,573,594.0,18.0,2626,2158.0,,989,916.0,24.6,1,saludable,propagada,-73,,estresada
maceta-sim,243,1,sim-1.0,1790244600,17.4,59.0,689,686.0,21.0,2626,2158.0,,995,920.0,25.2,1,saludable,propagada,-76,,estresada
maceta-sim,244,1,sim-1.0,1790244900,18.2,60.0,788,765.0,23.0,2623,2156.0,,994,924.0,25.4,1,saludable,propagada,-69,,estresada
maceta-sim,245,1,sim-1.0,1790245200,17.7,57.0,811,783.0,24.0,2614,2150.0,,988,917.0,25.2,1,saludable,propagada,-71,,estresada
maceta-sim,246,1,sim-1.0,1790245500,17.8,63.0,907,860.0,26.0,2623,2156.0,,997,926.0,25.5,1,saludable,propagada,-74,,estresada
maceta-sim,247,1,sim-1.0,1790245800,18.1,60.0,1077,995.0,30.0,2643,2170.0,,1003,930.0,25.0,1,saludable,propagada,-71,,estresada
maceta-sim,248,1,sim-1.0,1790246100,18.5,57.0,985,922.0,28.0,2633,2163.0,,1003,931.0,25.3,1,saludable,propagada,-73,,estresada
maceta-sim,249,1,sim-1.0,1790246400,17.7,60.0,1223,1112.0,34.0,2629,2160.0,,992,920.0,25.0,1,saludable,propagada,-73,,estresada
maceta-sim,250,1,sim-1.0,1790246700,18.2,59.0,1149,1053.0,32.0,2654,2178.0,,1013,940.0,25.3,1,saludable,propagada,-72,,estresada
maceta-sim,251,1,sim-1.0,1790247000,17.9,60.0,1334,1201.0,36.0,2631,2162.0,,996,925.0,24.8,1,saludable,propagada,-68,,estresada
maceta-sim,252,1,sim-1.0,1790247300,18.5,60.0,1474,1313.0,40.0,2637,2166.0,,1002,930.0,25.2,1,saludable,propagada,-76,,estresada
maceta-sim,253,1,sim-1.0,1790247600,18.2,59.0,1525,1354.0,41.0,2657,2180.0,,1006,933.0,25.0,1,saludable,propagada,-75,,estresada
maceta-sim,254,1,sim-1.0,1790247900,18.6,57.0,1665,1466.0,44.0,2627,2159.0,,1008,933.0,25.0,1,saludable,propagada,-74,,estresada
maceta-sim,255,1,sim-1.0,1790248200,18.8,57.0,1470,1310.0,40.0,2649,2174.0,,1013,939.0,25.4,1,saludable,propagada,-74,,estresada
maceta-sim,256,1,sim-1.0,1790248500,18.6,57.0,1516,1347.0,41.0,2664,2185.0,,1006,933.0,25.1,1,saludable,propagada,-65,,estresada
maceta-sim,257,1,sim-1.0,1790248800,18.8,57.0,1892,1643.0,50.0,2654,2178.0,,1010,938.0,25.4,1,saludable,propagada,-74,,estresada
maceta-sim,258,1,sim-1.0,1790249100,19.5,54.0,1900,1649.0,50.0,2667,2187.0,,1016,942.0,25.6,1,saludable,propagada,-74,,estresada
maceta-sim,259,1,sim-1.0,1790249400,19.2,57.0,2032,1740.0,53.0,2653,2177.0,,1020,942.0,25.3,1,saludable,propagada,-76,,estresada
maceta-sim,260,1,sim-1.0,1790249700,18.8,56.0,2162,1827.0,55.0,2654,2178.0,,1010,937.0,25.3,1,saludable,propagada,-72,,estresada
maceta-sim,261,1,sim-1.0,1790250000,19.0,56.0,1888,1640.0,50.0,2637,2166.0,,1015,944.0,25.1,1,saludable,propagada,-76,,estresada
maceta-sim,262,1,sim-1.0,1790250300,19.2,57.0,1927,1670.0,51.0,2653,2177.0,,1010,937.0,25.2,1,saludable,propagada,-70,,estresada
maceta-sim,263,1,sim-1.0,1790250600,19.6,53.0,2214,1862.0,56.0,2646,2172.0,,1023,949.0,25.6,1,saludable,propagada,-70,,estresada
maceta-sim,264,1,sim-1.0,1790250900,19.4,56.0,2212,1861.0,56.0,2644,2171.0,,1018,945.0,25.2,2,estresada,manual,-70,,estresada
maceta-sim,265,1,sim-1.0,1790251200,19.6,56.0,2440,2014.0,61.0,2647,2173.0,,1014,943.0,25.2,2,estresada,propagada,-72,,estresada
maceta-sim,266,1,sim-1.0,1790251500,19.8,55.0,2264,1896.0,57.0,2657,2180.0,,1020,951.0,25.6,2,estresada,manual,-78,,estresada
maceta-sim,267,1,sim-1.0,1790251800,19.0,57.0,2661,2162.0,66.0,2674,2192.0,,1013,939.0,25.0,2,estresada,propagada,-74,,estresada
maceta-sim,268,1,sim-1.0,1790252100,20.4,52.0,2582,2109.0,64.0,2671,2190.0,,1032,958.0,25.6,2,estresada,propagada,-76,,estresada
maceta-sim,269,1,sim-1.0,1790252400,19.5,57.0,2759,2228.0,68.0,2670,2189.0,,1025,952.0,25.6,2,estresada,propagada,-70,,estresada
maceta-sim,270,1,sim-1.0,1790252700,20.3,55.0,2877,2307.0,70.0,2681,2197.0,,1026,953.0,25.5,2,estresada,propagada,-70,,estresada
maceta-sim,271,1,sim-1.0,1790253000,20.9,54.0,2777,2240.0,68.0,2679,2195.0,,1035,961.0,25.7,2,estresada,propagada,-80,,estresada
maceta-sim,272,1,sim-1.0,1790253300,20.1,58.0,2667,2166.0,66.0,2664,2185.0,,1023,948.0,25.6,2,estresada,propagada,-76,,estresada
maceta-sim,273,1,sim-1.0,1790253600,20.6,56.0,2779,2241.0,68.0,2681,2197.0,,1037,963.0,25.6,2,estresada,propagada,-73,,estresada
maceta-sim,274,1,sim-1.0,1790253900,20.9,55.0,3372,2639.0,80.0,2699,2209.0,,1046,969.0,25.6,2,estresada,propagada,-75,,estresada
maceta-sim,275,1,sim-1.0,1790254200,20.3,55.0,2944,2352.0,71.0,2670,2189.0,,1027,953.0,25.7,2,estresada,propagada,-78,,estresada
maceta-sim,276,1,sim-1.0,1790254500,20.9,55.0,2849,2288.0,69.0,2681,2197.0,,1036,961.0,25.4,2,estresada,propagada,-70,,estresada
maceta-sim,277,1,sim-1.0,1790254800,20.8,54.0,3375,2641.0,80.0,2683,2198.0,,1032,959.0,25.8,2,estresada,propagada,-70,,estresada
maceta-sim,278,1,sim-1.0,1790255100,21.2,56.0,2984,2379.0,72.0,2690,2203.0,,1033,958.0,25.6,2,estresada,propagada,-80,,estresada
maceta-sim,279,1,sim-1.0,1790255400,21.0,52.0,3092,2451.0,74.0,2703,2212.0,,1040,964.0,25.7,2,estresada,propagada,-74,,estresada
maceta-sim,280,1,sim-1.0,1790255700,21.0,52.0,3593,2787.0,84.0,2707,2215.0,,1034,959.0,25.9,2,estresada,propagada,-75,,estresada
maceta-sim,281,1,sim-1.0,1790256000,21.3,51.0,3458,2697.0,82.0,2674,2192.0,,1042,968.0,26.0,2,estresada,propagada,-68,,estresada
maceta-sim,282,1,sim-1.0,1790256300,21.3,52.0,3625,2809.0,85.0,2697,2208.0,,1042,965.0,25.9,2,estresada,propagada,-70,,estresada
maceta-sim,283,1,sim-1.0,1790256600,21.5,51.0,3865,2970.0,90.0,2689,2202.0,,1042,967.0,25.6,2,estresada,propagada,-70,,estresada
maceta-sim,284,1,sim-1.0,1790256900,21.7,52.0,3725,2876.0,87.0,2713,2219.0,,1048,973.0,25.6,2,estresada,propagada,-69,,estresada
maceta-sim,285,1,sim-1.0,1790257200,21.4,51.0,3749,2892.0,88.0,2706,2214.0,,1042,965.0,25.6,2,estresada,propagada,-74,,estresada
maceta-sim,286,1,sim-1.0,1790257500,21.7,48.0,3417,2669.0,81.0,2689,2202.0,,1050,973.0,26.0,2,estresada,propagada,-72,,estresada
maceta-sim,287,1,sim-1.0,1790257800,21.3,53.0,3767,2904.0,88.0,2710,2217.0,,1042,968.0,25.9,2,estresada,propagada,-75,,estresada
maceta-sim,288,1,sim-1.0,1790258100,21.4,50.0,3545,2755.0,83.0,2720,2224.0,,1043,967.0,26.1,2,estresada,propagada,-66,,estresada
maceta-sim,289,1,sim-1.0,1790258400,21.6,50.0,4095,3124.0,95.0,2716,2221.0,,1050,975.0,26.1,2,estresada,propagada,-77,luz_saturada,estresada
maceta-sim,290,1,sim-1.0,1790258700,22.4,51.0,3772,2907.0,88.0,2709,2216.0,,1064,986.0,25.8,2,estresada,propagada,-74,,estresada
maceta-sim,291,1,sim-1.0,1790259000,22.1,48.0,4022,3075.0,93.0,2717,2222.0,,1049,974.0,26.0,2,estresada,propagada,-76,,estresada
maceta-sim,292,1,sim-1.0,1790259300,22.1,48.0,3727,2877.0,87.0,2714,2220.0,,1051,976.0,25.9,2,estresada,propagada,-72,,estresada
maceta-sim,293,1,sim-1.0,1790259600,22.5,50.0,3643,2821.0,85.0,2709,2216.0,,1055,980.0,26.0,2,estresada,propagada,-69,,estresada
maceta-sim,294,1,sim-1.0,1790259900,22.4,52.0,3761,2900.0,88.0,2714,2220.0,,1058,981.0,25.9,1,saludable,manual,-64,,estresada
maceta-sim,295,1,sim-1.0,1790260200,22.5,49.0,4095,3124.0,95.0,2726,2228.0,,1050,977.0,26.1,1,saludable,propagada,-69,luz_saturada,estresada
maceta-sim,296,1,sim-1.0,1790260500,22.4,50.0,4095,3124.0,95.0,2726,2228.0,,1053,978.0,26.4,1,saludable,propagada,-73,luz_saturada,estresada
maceta-sim,297,1,sim-1.0,1790260800,22.5,50.0,3798,2925.0,89.0,2737,2236.0,,1055,979.0,25.8,1,saludable,propagada,-72,,estresada
maceta-sim,298,1,sim-1.0,1790261100,23.0,46.0,4095,3124.0,95.0,2729,2230.0,,1066,989.0,26.1,1,saludable,propagada,-74,luz_saturada,estresada
maceta-sim,299,1,sim-1.0,1790261400,22.7,47.0,4095,3124.0,95.0,2719,2223.0,,1058,982.0,26.0,1,saludable,propagada,-73,luz_saturada,estresada
maceta-sim,300,1,sim-1.0,1790261700,22.7,51.0,4095,3124.0,95.0,2731,2232.0,,1060,981.0,26.1,1,saludable,propagada,-71,luz_saturada,estresada
maceta-sim,301,1,sim-1.0,1790262000,22.7,50.0,4095,3124.0,95.0,2743,2240.0,,1063,984.0,26.3,1,saludable,propagada,-73,luz_saturada,estresada
maceta-sim,302,1,sim-1.0,1790262300,23.0,46.0,4095,3124.0,95.0,2734,2234.0,,1068,991.0,26.1,1,saludable,propagada,-71,luz_saturada,estresada
maceta-sim,303,1,sim-1.0,1790262600,22.9,48.0,4095,3124.0,95.0,2726,2228.0,,1057,984.0,26.2,1,saludable,propagada,-73,luz_saturada,estresada
maceta-sim,304,1,sim-1.0,1790262900,23.6,48.0,4095,3124.0,95.0,2740,2238.0,,1072,993.0,26.3,1,saludable,propagada,-68,luz_saturada,estresada
maceta-sim,305,1,sim-1.0,1790263200,,,4095,3124.0,95.0,2746,2242.0,,1063,987.0,26.2,1,saludable,propagada,-68,dht_sin_respuesta|luz_saturada,estresada
maceta-sim,306,1,sim-1.0,1790263500,23.3,50.0,4095,3124.0,95.0,2757,2250.0,,1068,991.0,26.7,1,saludable,propagada,-70,luz_saturada,estresada
maceta-sim,307,1,sim-1.0,1790263800,23.9,44.0,4095,3124.0,95.0,2747,2243.0,,1076,998.0,26.5,1,saludable,propagada,-68,luz_saturada,estresada
maceta-sim,308,1,sim-1.0,1790264100,23.7,48.0,4095,3124.0,95.0,2763,2254.0,,1070,994.0,26.7,1,saludable,propagada,-68,luz_saturada,estresada
maceta-sim,309,1,sim-1.0,1790264400,23.7,48.0,4095,3124.0,95.0,2750,2245.0,,1079,1001.0,26.6,1,saludable,propagada,-74,luz_saturada,estresada
maceta-sim,310,1,sim-1.0,1790264700,24.0,46.0,4095,3124.0,95.0,2743,2240.0,,1079,1000.0,26.5,1,saludable,propagada,-76,luz_saturada,estresada
maceta-sim,311,1,sim-1.0,1790265000,23.6,48.0,4095,3124.0,95.0,2734,2234.0,,1068,989.0,26.5,1,saludable,propagada,-77,luz_saturada,estresada
maceta-sim,312,1,sim-1.0,1790265300,24.1,45.0,4095,3124.0,95.0,2779,2265.0,,1078,1000.0,26.6,1,saludable,propagada,-75,luz_saturada,estresada
maceta-sim,313,1,sim-1.0,1790265600,24.4,45.0,4095,3124.0,95.0,2756,2249.0,,1081,1003.0,26.7,1,saludable,propagada,-71,luz_saturada,estresada
maceta-sim,314,1,sim-1.0,1790265900,24.1,45.0,4095,3124.0,95.0,2771,2260.0,,1073,997.0,26.8,1,saludable,propagada,-69,luz_saturada,estresada
maceta-sim,315,1,sim-1.0,1790266200,24.2,43.0,4095,3124.0,95.0,2770,2259.0,,1078,1000.0,26.4,1,saludable,propagada,-74,luz_saturada,estresada
maceta-sim,316,1,sim-1.0,1790266500,24.3,43.0,4095,3124.0,95.0,2764,2255.0,,1080,1005.0,26.7,1,saludable,propagada,-71,luz_saturada,estresada
maceta-sim,317,1,sim-1.0,1790266800,24.7,42.0,4095,3124.0,95.0,2767,2257.0,,1084,1006.0,26.9,1,saludable,propagada,-72,luz_saturada,estresada
maceta-sim,318,1,sim-1.0,1790267100,24.5,44.0,4095,3124.0,95.0,2780,2266.0,,1079,1001.0,26.9,1,saludable,propagada,-68,luz_saturada,estresada
maceta-sim,319,1,sim-1.0,1790267400,24.4,43.0,4095,3124.0,95.0,2757,2250.0,,1074,998.0,26.6,1,saludable,propagada,-71,luz_saturada,estresada
maceta-sim,320,1,sim-1.0,1790267700,24.2,41.0,4012,3068.0,93.0,2783,2268.0,,1082,1004.0,26.9,1,saludable,propagada,-71,,estresada
maceta-sim,321,1,sim-1.0,1790268000,24.8,44.0,4095,3124.0,95.0,2777,2264.0,,1086,1008.0,26.8,1,saludable,propagada,-72,luz_saturada,estresada
maceta-sim,322,1,sim-1.0,1790268300,25.2,45.0,4047,3092.0,94.0,2796,2277.0,,1087,1007.0,26.9,1,saludable,propagada,-77,,estresada
maceta-sim,323,1,sim-1.0,1790268600,24.5,43.0,4095,3124.0,95.0,2791,2274.0,,1082,1004.0,26.6,1,saludable,propagada,-68,luz_saturada,estresada
maceta-sim,324,1,sim-1.0,1790268900,24.7,43.0,3980,3047.0,92.0,2766,2256.0,,1083,1003.0,26.5,1,saludable,propagada,-74,,estresada
maceta-sim,325,1,sim-1.0,1790269200,25.1,42.0,3998,3059.0,93.0,2801,2281.0,,1092,1011.0,27.2,1,saludable,propagada,-74,,estresada
maceta-sim,326,1,sim-1.0,1790269500,25.1,42.0,4059,3100.0,94.0,2781,2267.0,,1091,1015.0,26.5,1,saludable,propagada,-72,luz_saturada,estresada
maceta-sim,327,1,sim-1.0,1790269800,25.1,43.0,4095,3124.0,95.0,2787,2271.0,,1098,1020.0,26.4,1,saludable,propagada,-72,luz_saturada,estresada
maceta-sim,328,1,sim-1.0,1790270100,24.8,45.0,4095,3124.0,95.0,2796,2277.0,,1085,1006.0,26.8,1,saludable,propagada,-73,luz_saturada,estresada
maceta-sim,329,1,sim-1.0,1790270400,24.8,42.0,4095,3124.0,95.0,2797,2278.0,,1084,1006.0,26.5,1,saludable,propagada,-70,luz_saturada,estresada
maceta-sim,330,1,sim-1.0,1790270700,24.7,42.0,4095,3124.0,95.0,2793,2275.0,,1081,1003.0,26.7,1,saludable,propagada,-80,luz_saturada,estresada
maceta-sim,331,1,sim-1.0,1790271000,25.3,42.0,3949,3026.0,92.0,2797,2278.0,,1094,1015.0,27.1,1,saludable,propagada,-69,,estresada
maceta-sim,332,1,sim-1.0,1790271300,25.0,40.0,4095,3124.0,95.0,2784,2269.0,,1092,1011.0,26.7,1,saludable,propagada,-67,luz_saturada,estresada
maceta-sim,333,1,sim-1.0,1790271600,24.8,41.0,3901,2994.0,91.0,2819,2293.0,,1087,1010.0,26.7,1,saludable,propagada,-78,,estresada
maceta-sim,334,1,sim-1.0,1790271900,25.6,43.0,3736,2883.0,87.0,2810,2287.0,,1099,1021.0,26.9,1,saludable,propagada,-69,,estresada
maceta-sim,335,1,sim-1.0,1790272200,25.5,43.0,4085,3117.0,94.0,2817,2292.0,,1097,1016.0,26.8,1,saludable,propagada,-71,luz_saturada,estresada
maceta-sim,336,1,sim-1.0,1790272500,25.2,46.0,3605,2795.0,85.0,2784,2269.0,,1094,1015.0,26.9,1,saludable,propagada,-70,,estresada
maceta-sim,337,1,sim-1.0,1790272800,25.3,40.0,3630,2812.0,85.0,2821,2295.0,,1090,1012.0,26.9,1,saludable,propagada,-71,,estresada
maceta-sim,338,1,sim-1.0,1790273100,25.3,41.0,4095,3124.0,95.0,2804,2283.0,,1099,1018.0,27.2,1,saludable,propagada,-69,luz_saturada,estresada
maceta-sim,339,1,sim-1.0,1790273400,25.0,43.0,3718,2871.0,87.0,2831,2302.0,,1097,1017.0,26.7,1,saludable,propagada,-74,,estresada
maceta-sim,340,1,sim-1.0,1790273700,25.1,42.0,3402,2659.0,81.0,2824,2297.0,,1093,1011.0,26.7,1,saludable,propagada,-69,,estresada
maceta-sim,341,1,sim-1.0,1790274000,25.3,42.0,3408,2663.0,81.0,2834,2304.0,,1093,1013.0,26.7,1,saludable,propagada,-68,,estresada
maceta-sim,342,1,sim-1.0,1790274300,25.3,41.0,4044,3090.0,94.0,2804,2283.0,,1089,1010.0,26.7,1,saludable,propagada,-71,,estresada
maceta-sim,343,1,sim-1.0,1790274600,24.9,44.0,3700,2859.0,87.0,2837,2306.0,,1088,1011.0,26.6,1,saludable,propagada,-71,,estresada
maceta-sim,344,1,sim-1.0,1790274900,25.6,41.0,3660,2832.0,86.0,2820,2294.0,,1101,1020.0,27.1,1,saludable,propagada,-78,,estresada
maceta-sim,345,1,sim-1.0,1790275200,26.0,40.0,3616,2803.0,85.0,2814,2290.0,,1101,1023.0,27.4,1,saludable,propagada,-81,,estresada
maceta-sim,346,1,sim-1.0,1790275500,25.9,41.0,3229,2543.0,77.0,2837,2306.0,,1108,1027.0,27.1,1,saludable,propagada,-76,,estresada
maceta-sim,347,1,sim-1.0,1790275800,25.5,42.0,3697,2857.0,87.0,2837,2306.0,,1093,1016.0,26.9,1,saludable,propagada,-74,,estresada
maceta-sim,348,1,sim-1.0,1790276100,25.6,42.0,3289,2583.0,78.0,2846,2312.0,,1103,1022.0,26.9,1,saludable,propagada,-70,,estresada
maceta-sim,349,1,sim-1.0,1790276400,24.6,46.0,3178,2509.0,76.0,2834,2304.0,,1083,1005.0,26.8,1,saludable,propagada,-72,,estresada
maceta-sim,350,1,sim-1.0,1790276700,25.8,40.0,3144,2486.0,75.0,2830,2301.0,,1105,1022.0,27.1,1,saludable,propagada,-74,,estresada
maceta-sim,351,1,sim-1.0,1790277000,25.9,42.0,3445,2688.0,81.0,2864,2325.0,,1099,1020.0,26.7,1,saludable,propagada,-66,,estresada
maceta-sim,352,1,sim-1.0,1790277300,25.4,43.0,3205,2527.0,77.0,2859,2321.0,,1094,1014.0,26.5,1,saludable,propagada,-70,,estresada
maceta-sim,353,1,sim-1.0,1790277600,25.1,44.0,3163,2499.0,76.0,2833,2303.0,,1087,1009.0,26.9,1,saludable,propagada,-75,,estresada
maceta-sim,354,1,sim-1.0,1790277900,24.9,44.0,3031,2410.0,73.0,2863,2324.0,,1088,1012.0,26.9,1,saludable,propagada,-68,,estresada
maceta-sim,355,1,sim-1.0,1790278200,25.4,41.0,3133,2479.0,75.0,2849,2314.0,,1092,1013.0,26.8,1,saludable,propagada,-73,,estresada
maceta-sim,356,1,sim-1.0,1790278500,25.5,43.0,2978,2375.0,72.0,2851,2316.0,,1096,1016.0,26.9,1,saludable,propagada,-71,,estresada
maceta-sim,357,1,sim-1.0,1790278800,25.1,44.0,2396,1984.0,60.0,2854,2318.0,,1093,1013.0,26.7,1,saludable,propagada,-71,,estresada
maceta-sim,358,1,sim-1.0,1790279100,25.4,41.0,2387,1978.0,60.0,2863,2324.0,,1093,1015.0,26.6,1,saludable,propagada,-74,,estresada
maceta-sim,359,1,sim-1.0,1790279400,25.4,42.0,2659,2161.0,65.0,2849,2314.0,,1094,1014.0,26.8,1,saludable,propagada,-71,,estresada
maceta-sim,360,1,sim-1.0,1790279700,25.3,43.0,2221,1867.0,57.0,2856,2319.0,,1089,1011.0,26.7,1,saludable,propagada,-69,,estresada
maceta-sim,361,1,sim-1.0,1790280000,25.0,42.0,2428,2006.0,61.0,2857,2320.0,,1092,1012.0,26.9,1,saludable,propagada,-72,,estresada
maceta-sim,362,1,sim-1.0,1790280300,25.4,41.0,2427,2005.0,61.0,2870,2329.0,,1096,1015.0,26.8,1,saludable,propagada,-76,,estresada
maceta-sim,363,1,sim-1.0,1790280600,25.2,43.0,2384,1976.0,60.0,2867,2327.0,,1095,1016.0,27.0,1,saludable,propagada,-70,,estresada
maceta-sim,364,1,sim-1.0,1790280900,25.4,43.0,2308,1925.0,58.0,2857,2320.0,,1098,1018.0,26.7,1,saludable,propagada,-71,,estresada
maceta-sim,365,1,sim-1.0,1790281200,25.0,46.0,2294,1916.0,58.0,2863,2324.0,,1094,1013.0,26.7,1,saludable,propagada,-78,,estresada
maceta-sim,366,1,sim-1.0,1790281500,25.3,43.0,1983,1707.0,52.0,2881,2337.0,,1097,1018.0,26.9,1,saludable,propagada,-74,,estresada
maceta-sim,367,1,sim-1.0,1790281800,25.3,42.0,1975,1702.0,52.0,2871,2330.0,,1097,1017.0,26.9,1,saludable,propagada,-65,,estresada
maceta-sim,368,1,sim-1.0,1790282100,24.8,41.0,1932,1673.0,51.0,2871,2330.0,,1081,1005.0,26.3,1,saludable,propagada,-64,,estresada
maceta-sim,369,1,sim-1.0,1790282400,25.2,44.0,1595,1410.0,43.0,2883,2338.0,,1099,1018.0,26.7,1,saludable,propagada,-71,,estresada
maceta-sim,370,1,sim-1.0,1790282700,24.9,44.0,1778,1556.0,47.0,2883,2338.0,,1094,1013.0,27.0,1,saludable,propagada,-73,,estresada
maceta-sim,371,1,sim-1.0,1790283000,25.0,42.0,1450,1294.0,39.0,2873,2331.0,,1093,1013.0,26.6,1,saludable,propagada,-78,,estresada
maceta-sim,372,1,sim-1.0,1790283300,25.0,41.0,1611,1423.0,43.0,2891,2344.0,,1090,1010.0,26.7,1,saludable,propagada,-68,,estresada
maceta-sim,373,1,sim-1.0,1790283600,,,1320,1190.0,36.0,2890,2343.0,,1093,1013.0,26.8,1,saludable,propagada,-69,dht_sin_respuesta,estresada
maceta-sim,374,1,sim-1.0,1790283900,25.1,42.0,1272,1151.0,35.0,2890,2343.0,,1096,1016.0,26.7,1,saludable,propagada,-75,,estresada
maceta-sim,375,1,sim-1.0,1790284200,24.3,45.0,1189,1085.0,33.0,2909,2356.0,,1081,1004.0,26.7,1,saludable,propagada,-67,,estresada
maceta-sim,376,1,sim-1.0,1790284500,25.0,42.0,1218,1108.0,34.0,2897,2348.0,,1084,1007.0,26.5,1,saludable,propagada,-72,,estresada
maceta-sim,377,1,sim-1.0,1790284800,24.5,45.0,1098,1012.0,31.0,2903,2352.0,,1088,1007.0,26.9,1,saludable,propagada,-73,,estresada
maceta-sim,378,1,sim-1.0,1790285100,24.8,41.0,1079,997.0,30.0,2906,2354.0,,1090,1012.0,27.2,1,saludable,propagada,-72,,estresada
maceta-sim,379,1,sim-1.0,1790285400,24.3,45.0,904,857.0,26.0,2897,2348.0,,1079,1002.0,26.5,1,saludable,propagada,-71,,estresada
maceta-sim,380,1,sim-1.0,1790285700,24.6,45.0,971,911.0,28.0,2903,2352.0,,1081,1005.0,26.9,1,saludable,propagada,-72,,estresada
maceta-sim,381,1,sim-1.0,1790286000,24.6,43.0,793,769.0,23.0,2901,2351.0,,1085,1004.0,27.0,1,saludable,propagada,-69,,estresada
maceta-sim,382,1,sim-1.0,1790286300,24.8,43.0,764,746.0,23.0,2903,2352.0,,1083,1005.0,26.6,1,saludable,propagada,-70,,estresada
maceta-sim,383,1,sim-1.0,1790286600,24.4,44.0,670,671.0,20.0,2927,2369.0,,1084,1004.0,27.0,1,saludable,propagada,-77,,estresada
maceta-sim,384,1,sim-1.0,1790286900,24.2,48.0,527,557.0,17.0,2904,2353.0,,1074,999.0,26.5,1,saludable,propagada,-75,,estresada
maceta-sim,385,1,sim-1.0,1790287200,24.6,47.0,497,533.0,16.0,2911,2358.0,,1082,1004.0,26.4,1,saludable,propagada,-74,,estresada
maceta-sim,386,1,sim-1.0,1790287500,24.5,47.0,411,465.0,14.0,2896,2347.0,,1085,1006.0,26.7,1,saludable,propagada,-74,,estresada
maceta-sim,387,1,sim-1.0,1790287800,23.9,46.0,337,406.0,12.0,2901,2351.0,,1074,998.0,26.6,1,saludable,propagada,-73,,estresada
maceta-sim,388,1,sim-1.0,1790288100,23.5,48.0,238,327.0,10.0,2926,2368.0,,1068,991.0,26.4,1,saludable,propagada,-74,,estresada
maceta-sim,389,1,sim-1.0,1790288400,23.2,50.0,170,273.0,8.0,2906,2354.0,,1065,989.0,26.1,1,saludable,propagada,-68,,estresada
maceta-sim,390,1,sim-1.0,1790288700,23.7,45.0,85,205.0,6.0,2933,2373.0,,1077,997.0,26.8,1,saludable,propagada,-71,,estresada
maceta-sim,391,1,sim-1.0,1790289000,23.5,41.0,12,147.0,4.0,2916,2361.0,,1069,993.0,26.6,1,saludable,propagada,-75,,estresada
maceta-sim,392,1,sim-1.0,1790289300,23.0,48.0,11,146.0,4.0,2911,2358.0,,1065,988.0,26.2,1,saludable,propagada,-67,,estresada
maceta-sim,393,1,sim-1.0,1790289600,23.4,47.0,12,147.0,4.0,2930,2371.0,,1072,996.0,26.5,1,saludable,propagada,-68,,estresada
maceta-sim,394,1,sim-1.0,1790289900,23.5,48.0,8,144.0,4.0,2923,2366.0,,1068,990.0,26.7,1,saludable,propagada,-67,,estresada
maceta-sim,395,1,sim-1.0,1790290200,23.0,47.0,11,146.0,4.0,2931,2372.0,,1065,988.0,26.6,1,saludable,propagada,-78,,estresada
maceta-sim,396,1,sim-1.0,1790290500,23.7,47.0,8,144.0,4.0,2926,2368.0,,1073,998.0,26.7,1,saludable,propagada,-72,,estresada
maceta-sim,397,1,sim-1.0,1790290800,22.7,48.0,9,145.0,4.0,2939,2377.0,,1059,982.0,26.2,1,saludable,propagada,-75,,estresada
maceta-sim,398,1,sim-1.0,1790291100,22.9,47.0,9,145.0,4.0,2936,2375.0,,1068,991.0,26.5,1,saludable,propagada,-77,,estresada
maceta-sim,399,1,sim-1.0,1790291400,22.9,49.0,12,147.0,4.0,2937,2376.0,,1060,983.0,25.7,1,saludable,propagada,-69,,estresada
maceta-sim,400,1,sim-1.0,1790291700,22.8,47.0,9,145.0,4.0,2929,2370.0,,1062,984.0,26.1,1,saludable,propagada,-74,,estresada
maceta-sim,401,1,sim-1.0,1790292000,22.9,48.0,11,146.0,4.0,2944,2381.0,,1065,985.0,26.0,1,saludable,propagada,-72,,estresada
maceta-sim,402,1,sim-1.0,1790292300,23.0,50.0,9,145.0,4.0,2956,2389.0,,1069,990.0,26.3,1,saludable,propagada,-78,,estresada
maceta-sim,403,1,sim-1.0,1790292600,22.7,49.0,8,144.0,4.0,2943,2380.0,,1055,981.0,26.1,1,saludable,propagada,-69,,estresada
maceta-sim,404,1,sim-1.0,1790292900,22.5,51.0,9,145.0,4.0,2947,2383.0,,1058,982.0,26.0,1,saludable,propagada,-76,,estresada
maceta-sim,405,1,sim-1.0,1790293200,21.9,50.0,12,147.0,4.0,2967,2397.0,,1051,975.0,26.5,1,saludable,propagada,-71,,estresada
maceta-sim,406,1,sim-1.0,1790293500,23.0,48.0,9,145.0,4.0,2946,2382.0,,1064,986.0,26.1,1,saludable,propagada,-79,,estresada
maceta-sim,407,1,sim-1.0,1790293800,22.5,50.0,8,144.0,4.0,2947,2383.0,,1061,985.0,26.0,1,saludable,propagada,-68,,estresada
maceta-sim,408,1,sim-1.0,1790294100,22.2,50.0,9,145.0,4.0,2949,2384.0,,1055,980.0,26.4,1,saludable,propagada,-75,,estresada
maceta-sim,409,1,sim-1.0,1790294400,22.2,51.0,12,147.0,4.0,2957,2390.0,,1053,977.0,26.0,1,saludable,propagada,-69,,estresada
maceta-sim,410,1,sim-1.0,1790294700,22.2,50.0,12,147.0,4.0,2961,2393.0,,1055,979.0,26.0,1,saludable,propagada,-72,,estresada
maceta-sim,411,1,sim-1.0,1790295000,22.0,51.0,9,145.0,4.0,2950,2385.0,,1052,978.0,26.2,1,saludable,propagada,-69,,estresada
maceta-sim,412,1,sim-1.0,1790295300,21.8,52.0,12,147.0,4.0,2951,2386.0,,1047,971.0,25.9,1,saludable,propagada,-69,,estresada
maceta-sim,413,1,sim-1.0,1790295600,22.0,50.0,8,144.0,4.0,2957,2390.0,,1051,976.0,26.4,1,saludable,propagada,-72,,estresada
maceta-sim,414,1,sim-1.0,1790295900,21.6,55.0,8,144.0,4.0,2959,2391.0,,1048,973.0,26.4,1,saludable,propagada,-77,,estresada
maceta-sim,415,1,sim-1.0,1790296200,21.6,51.0,11,146.0,4.0,2974,2402.0,,1048,971.0,25.9,1,saludable,propagada,-79,,estresada
maceta-sim,416,1,sim-1.0,1790296500,21.2,53.0,9,145.0,4.0,2963,2394.0,,1043,966.0,25.8,1,saludable,propagada,-66,,estresada
maceta-sim,417,1,sim-1.0,1790296800,20.7,54.0,11,146.0,4.0,2964,2395.0,,1036,963.0,25.5,1,saludable,propagada,-71,,estresada
maceta-sim,418,1,sim-1.0,1790297100,21.1,54.0,11,146.0,4.0,2976,2403.0,,1040,963.0,25.7,1,saludable,propagada,-72,,estresada
maceta-sim,419,1,sim-1.0,1790297400,21.1,53.0,11,146.0,4.0,2979,2405.0,,1042,967.0,26.1,1,saludable,propagada,-75,,estresada
maceta-sim,420,1,sim-1.0,1790297700,20.8,51.0,8,144.0,4.0,2966,2396.0,,1035,961.0,25.7,1,saludable,propagada,-75,,estresada
maceta-sim,421,1,sim-1.0,1790298000,21.1,51.0,11,146.0,4.0,2954,2388.0,,1037,964.0,25.5,1,saludable,propagada,-70,,estresada
maceta-sim,422,1,sim-1.0,1790298300,20.6,53.0,8,144.0,4.0,2983,2408.0,,1032,957.0,25.3,1,saludable,propagada,-66,,estresada
maceta-sim,423,1,sim-1.0,1790298600,20.5,50.0,9,145.0,4.0,2979,2405.0,,1032,958.0,25.5,1,saludable,propagada,-75,,estresada
maceta-sim,424,1,sim-1.0,1790298900,20.4,55.0,12,147.0,4.0,2987,2411.0,,1029,953.0,25.5,1,saludable,propagada,-71,,estresada
maceta-sim,425,1,sim-1.0,1790299200,20.4,55.0,12,147.0,4.0,2981,2407.0,,1032,957.0,25.7,1,saludable,propagada,-69,,estresada
maceta-sim,426,1,sim-1.0,1790299500,20.2,55.0,12,147.0,4.0,2983,2408.0,,1027,950.0,25.5,1,saludable,propagada,-81,,estresada
maceta-sim,427,1,sim-1.0,1790299800,20.2,52.0,11,146.0,4.0,2996,2417.0,,1027,952.0,25.6,1,saludable,propagada,-73,,estresada
maceta-sim,428,1,sim-1.0,1790300100,20.3,54.0,12,147.0,4.0,2961,2393.0,,1029,954.0,26.0,1,saludable,propagada,-70,,estresada
maceta-sim,429,1,sim-1.0,1790300400,20.2,53.0,9,145.0,4.0,2981,2407.0,,1024,950.0,25.5,1,saludable,propagada,-75,,estresada
maceta-sim,430,1,sim-1.0,1790300700,19.8,55.0,8,144.0,4.0,2977,2404.0,,1026,951.0,25.4,1,saludable,propagada,-78,,estresada
maceta-sim,431,1,sim-1.0,1790301000,20.1,55.0,8,144.0,4.0,2990,2413.0,,1033,958.0,25.6,1,saludable,propagada,-71,,estresada
maceta-sim,432,1,sim-1.0,1790301300,19.6,53.0,9,145.0,4.0,2996,2417.0,,1018,945.0,25.2,1,saludable,propagada,-68,,estresada
maceta-sim,433,1,sim-1.0,1790301600,19.7,56.0,8,144.0,4.0,2979,2405.0,,1021,947.0,25.7,1,saludable,propagada,-64,,estresada
maceta-sim,434,1,sim-1.0,1790301900,19.3,58.0,11,146.0,4.0,2981,2407.0,,1016,944.0,25.1,1,saludable,propagada,-77,,estresada
maceta-sim,435,1,sim-1.0,1790302200,19.9,55.0,9,145.0,4.0,2991,2414.0,,1023,948.0,25.7,1,saludable,propagada,-73,,estresada
maceta-sim,436,1,sim-1.0,1790302500,19.3,55.0,12,147.0,4.0,3001,2421.0,,1020,946.0,25.5,1,saludable,propagada,-68,,estresada
maceta-sim,437,1,sim-1.0,1790302800,18.9,57.0,11,146.0,4.0,2989,2412.0,,1011,939.0,25.1,1,saludable,propagada,-72,,estresada
maceta-sim,438,1,sim-1.0,1790303100,19.4,58.0,9,145.0,4.0,2986,2410.0,,1020,944.0,25.3,1,saludable,propagada,-71,,estresada
maceta-sim,439,1,sim-1.0,1790303400,19.0,55.0,9,145.0,4.0,2977,2404.0,,1018,941.0,25.5,1,saludable,propagada,-71,,estresada
maceta-sim,440,1,sim-1.0,1790303700,19.1,55.0,12,147.0,4.0,2987,2411.0,,1018,943.0,25.3,1,saludable,propagada,-76,,estresada
maceta-sim,441,1,sim-1.0,1790304000,19.2,56.0,11,146.0,4.0,2996,2417.0,,1018,943.0,24.9,1,saludable,propagada,-69,,estresada
maceta-sim,442,1,sim-1.0,1790304300,19.0,57.0,12,147.0,4.0,2974,2402.0,,1008,937.0,25.4,1,saludable,propagada,-73,,estresada
maceta-sim,443,1,sim-1.0,1790304600,19.2,56.0,11,146.0,4.0,3007,2425.0,,1019,943.0,24.8,1,saludable,propagada,-74,,estresada
maceta-sim,444,1,sim-1.0,1790304900,18.7,61.0,9,145.0,4.0,3009,2426.0,,1005,933.0,25.3,1,saludable,propagada,-66,,estresada
maceta-sim,445,1,sim-1.0,1790305200,21.0,54.0,8,144.0,4.0,3016,2431.0,,1037,962.0,25.5,1,saludable,propagada,-79,,estresada
maceta-sim,446,1,sim-1.0,1790305500,20.8,52.0,11,146.0,4.0,3007,2425.0,,1035,961.0,25.4,1,saludable,propagada,-73,,estresada
maceta-sim,447,1,sim-1.0,1790305800,20.7,53.0,11,146.0,4.0,3014,2430.0,,1039,961.0,25.6,1,saludable,propagada,-67,,estresada
maceta-sim,448,1,sim-1.0,1790306100,20.1,58.0,9,145.0,4.0,2990,2413.0,,1034,956.0,25.8,1,saludable,propagada,-71,,estresada
maceta-sim,449,1,sim-1.0,1790306400,20.1,53.0,12,147.0,4.0,3009,2426.0,,1019,946.0,25.3,1,saludable,propagada,-75,,estresada
maceta-sim,450,1,sim-1.0,1790306700,20.4,53.0,9,145.0,4.0,3000,2420.0,,1021,947.0,25.6,1,saludable,propagada,-71,,estresada
maceta-sim,451,1,sim-1.0,1790307000,20.5,54.0,9,145.0,4.0,3016,2431.0,,1035,957.0,25.6,1,saludable,propagada,-70,,estresada
maceta-sim,452,1,sim-1.0,1790307300,19.9,54.0,8,144.0,4.0,3023,2436.0,,1025,952.0,25.5,1,saludable,propagada,-68,,estresada
maceta-sim,453,1,sim-1.0,1790307600,20.8,54.0,11,146.0,4.0,2990,2413.0,,1034,959.0,25.9,1,saludable,propagada,-72,,estresada
maceta-sim,454,1,sim-1.0,1790307900,20.0,56.0,8,144.0,4.0,3007,2425.0,,1022,947.0,25.8,1,saludable,propagada,-75,,estresada
maceta-sim,455,1,sim-1.0,1790308200,20.3,54.0,12,147.0,4.0,3039,2447.0,,1032,955.0,25.5,1,saludable,propagada,-76,,estresada
maceta-sim,456,1,sim-1.0,1790308500,20.3,56.0,12,147.0,4.0,3023,2436.0,,1035,959.0,25.7,1,saludable,propagada,-76,,estresada
maceta-sim,457,1,sim-1.0,1790308800,,,9,145.0,4.0,3030,2441.0,,1026,953.0,25.5,1,saludable,propagada,-71,dht_sin_respuesta,estresada
maceta-sim,458,1,sim-1.0,1790309100,20.0,55.0,8,144.0,4.0,3036,2445.0,,1021,947.0,25.4,1,saludable,propagada,-73,,estresada
maceta-sim,459,1,sim-1.0,1790309400,19.2,55.0,12,147.0,4.0,3024,2437.0,,1017,942.0,25.3,1,saludable,propagada,-75,,estresada
maceta-sim,460,1,sim-1.0,1790309700,19.3,59.0,9,145.0,4.0,3027,2439.0,,1017,942.0,25.0,1,saludable,propagada,-74,,estresada
maceta-sim,461,1,sim-1.0,1790310000,19.4,54.0,8,144.0,4.0,3013,2429.0,,1015,942.0,25.2,1,saludable,propagada,-75,,estresada
maceta-sim,462,1,sim-1.0,1790310300,19.4,53.0,8,144.0,4.0,3009,2426.0,,1017,942.0,25.1,1,saludable,propagada,-77,,estresada
maceta-sim,463,1,sim-1.0,1790310600,19.4,56.0,8,144.0,4.0,3024,2437.0,,1025,948.0,25.6,1,saludable,propagada,-77,,estresada
maceta-sim,464,1,sim-1.0,1790310900,19.6,56.0,8,144.0,4.0,3034,2444.0,,1022,948.0,25.5,1,saludable,propagada,-76,,estresada
maceta-sim,465,1,sim-1.0,1790311200,19.7,55.0,12,147.0,4.0,3031,2442.0,,1016,942.0,25.0,1,saludable,propagada,-78,,estresada
maceta-sim,466,1,sim-1.0,1790311500,19.2,55.0,11,146.0,4.0,3020,2434.0,,1028,950.0,25.2,1,saludable,propagada,-69,,estresada
maceta-sim,467,1,sim-1.0,1790311800,19.4,53.0,8,144.0,4.0,3029,2440.0,,1020,944.0,25.8,1,saludable,propagada,-69,,estresada
maceta-sim,468,1,sim-1.0,1790312100,18.7,58.0,12,147.0,4.0,3020,2434.0,,1008,935.0,25.5,1,saludable,propagada,-70,,estresada
maceta-sim,469,1,sim-1.0,1790312400,19.2,57.0,12,147.0,4.0,3013,2429.0,,1009,937.0,25.2,1,saludable,propagada,-73,,estresada
maceta-sim,470,1,sim-1.0,1790312700,19.3,58.0,9,145.0,4.0,3060,2462.0,,1012,939.0,25.5,1,saludable,propagada,-73,,estresada
maceta-sim,471,1,sim-1.0,1790313000,18.8,56.0,12,147.0,4.0,3030,2441.0,,1010,940.0,25.3,1,saludable,propagada,-77,,estresada
maceta-sim,472,1,sim-1.0,1790313300,18.9,55.0,9,145.0,4.0,3050,2455.0,,1012,940.0,25.3,1,saludable,propagada,-68,,estresada
maceta-sim,473,1,sim-1.0,1790313600,18.6,58.0,8,144.0,4.0,3053,2457.0,,1009,935.0,25.0,1,saludable,propagada,-71,,estresada
maceta-sim,474,1,sim-1.0,1790313900,18.9,56.0,9,145.0,4.0,3024,2437.0,,1005,933.0,25.3,1,saludable,propagada,-69,,estresada
maceta-sim,475,1,sim-1.0,1790314200,18.6,61.0,8,144.0,4.0,3031,2442.0,,1011,938.0,25.2,1,saludable,propagada,-76,,estresada
maceta-sim,476,1,sim-1.0,1790314500,18.6,58.0,9,145.0,4.0,3059,2461.0,,999,928.0,25.4,1,saludable,propagada,-71,,estresada
maceta-sim,477,1,sim-1.0,1790314800,18.7,54.0,8,144.0,4.0,3050,2455.0,,1008,936.0,25.4,1,saludable,propagada,-67,,estresada
maceta-sim,478,1,sim-1.0,1790315100,18.9,55.0,8,144.0,4.0,3063,2464.0,,1010,937.0,25.4,1,saludable,propagada,-68,,estresada
maceta-sim,479,1,sim-1.0,1790315400,19.0,57.0,12,147.0,4.0,3049,2454.0,,1016,942.0,25.3,1,saludable,propagada,-69,,estresada
maceta-sim,480,1,sim-1.0,1790315700,18.5,57.0,11,146.0,4.0,3043,2450.0,,1010,937.0,25.6,1,saludable,propagada,-70,,estresada
maceta-sim,481,1,sim-1.0,1790316000,18.6,56.0,12,147.0,4.0,3037,2446.0,,1006,935.0,25.2,1,saludable,propagada,-68,,estresada
maceta-sim,482,1,sim-1.0,1790316300,18.9,56.0,11,146.0,4.0,3034,2444.0,,1016,941.0,24.9,1,saludable,propagada,-72,,estresada
maceta-sim,483,1,sim-1.0,1790316600,18.4,59.0,12,147.0,4.0,3046,2452.0,,1004,930.0,25.0,1,saludable,propagada,-75,,estresada
maceta-sim,484,1,sim-1.0,1790316900,18.3,60.0,9,145.0,4.0,3051,2456.0,,1008,934.0,25.2,1,saludable,propagada,-71,,estresada
maceta-sim,485,1,sim-1.0,1790317200,18.4,58.0,12,147.0,4.0,3039,2447.0,,1004,931.0,25.2,1,saludable,propagada,-71,,estresada
maceta-sim,486,1,sim-1.0,1790317500,18.5,59.0,8,144.0,4.0,3043,2450.0,,1000,928.0,24.6,1,saludable,propagada,-69,,estresada
maceta-sim,487,1,sim-1.0,1790317800,18.5,59.0,9,145.0,4.0,3047,2453.0,,1008,934.0,25.4,1,saludable,propagada,-71,,estresada
maceta-sim,488,1,sim-1.0,1790318100,19.0,58.0,12,147.0,4.0,3051,2456.0,,1011,937.0,25.1,1,saludable,propagada,-72,,estresada
maceta-sim,489,1,sim-1.0,1790318400,18.3,58.0,9,145.0,4.0,3040,2448.0,,1006,932.0,24.7,1,saludable,propagada,-78,,estresada
maceta-sim,490,1,sim-1.0,1790318700,18.3,64.0,9,145.0,4.0,3074,2472.0,,1000,929.0,25.0,1,saludable,propagada,-70,,estresada
maceta-sim,491,1,sim-1.0,1790319000,18.6,59.0,11,146.0,4.0,3066,2466.0,,1005,932.0,25.5,1,saludable,propagada,-66,,estresada
maceta-sim,492,1,sim-1.0,1790319300,18.3,58.0,9,145.0,4.0,3064,2465.0,,1006,933.0,24.9,1,saludable,propagada,-79,,estresada
maceta-sim,493,1,sim-1.0,1790319600,,,12,147.0,4.0,3051,2456.0,,1012,937.0,25.0,1,saludable,propagada,-72,dht_sin_respuesta,estresada
maceta-sim,494,1,sim-1.0,1790319900,18.7,56.0,8,144.0,4.0,3056,2459.0,,1011,936.0,25.5,1,saludable,propagada,-73,,estresada
maceta-sim,495,1,sim-1.0,1790320200,19.0,58.0,9,145.0,4.0,3066,2466.0,,1009,935.0,25.2,1,saludable,propagada,-73,,estresada
maceta-sim,496,1,sim-1.0,1790323800,18.5,60.0,12,147.0,4.0,3071,2470.0,,1007,933.0,25.1,1,saludable,propagada,-68,,estresada
maceta-sim,497,1,sim-1.0,1790324100,18.7,58.0,12,147.0,4.0,3063,2464.0,,1012,937.0,25.0,1,saludable,propagada,-70,,estresada
maceta-sim,498,1,sim-1.0,1790324400,17.9,55.0,9,145.0,4.0,3084,2479.0,,994,921.0,25.4,1,saludable,propagada,-71,,estresada
maceta-sim,499,1,sim-1.0,1790324700,18.8,58.0,8,144.0,4.0,3090,2483.0,,1011,937.0,25.0,1,saludable,propagada,-78,,estresada
maceta-sim,500,1,sim-1.0,1790325000,,,8,144.0,4.0,3076,2473.0,,1018,945.0,25.3,1,saludable,propagada,-68,dht_sin_respuesta,estresada
maceta-sim,501,1,sim-1.0,1790325300,,,8,144.0,4.0,3090,2483.0,,1009,937.0,25.2,1,saludable,propagada,-76,dht_sin_respuesta,estresada
maceta-sim,502,1,sim-1.0,1790325600,18.2,59.0,12,147.0,4.0,3097,2488.0,,1005,929.0,24.9,1,saludable,propagada,-69,,estresada
maceta-sim,503,1,sim-1.0,1790325900,19.0,54.0,9,145.0,4.0,3090,2483.0,,1012,937.0,25.5,1,saludable,propagada,-70,,estresada
maceta-sim,504,1,sim-1.0,1790326200,18.8,59.0,12,147.0,4.0,3076,2473.0,,1012,940.0,25.4,1,saludable,propagada,-69,,estresada
maceta-sim,505,1,sim-1.0,1790326500,19.2,57.0,12,147.0,4.0,3093,2485.0,,1011,938.0,25.3,1,saludable,propagada,-72,,estresada
maceta-sim,506,1,sim-1.0,1790326800,18.6,58.0,12,147.0,4.0,3086,2480.0,,1005,934.0,25.1,1,saludable,propagada,-75,,estresada
maceta-sim,507,1,sim-1.0,1790327100,19.4,55.0,9,145.0,4.0,3087,2481.0,,1017,944.0,25.7,1,saludable,propagada,-71,,estresada
maceta-sim,508,1,sim-1.0,1790327400,19.7,55.0,11,146.0,4.0,3089,2482.0,,1022,947.0,25.4,1,saludable,propagada,-69,,estresada
maceta-sim,509,1,sim-1.0,1790327700,18.8,59.0,8,144.0,4.0,3110,2497.0,,1006,934.0,25.0,1,saludable,propagada,-72,,estresada
maceta-sim,510,1,sim-1.0,1790328000,19.0,56.0,8,144.0,4.0,3101,2491.0,,1008,936.0,25.3,1,saludable,propagada,-72,,estresada
maceta-sim,511,1,sim-1.0,1790328300,19.3,59.0,11,146.0,4.0,3084,2479.0,,1012,940.0,25.4,1,saludable,propagada,-75,,estresada
maceta-sim,512,1,sim-1.0,1790328600,19.2,58.0,8,144.0,4.0,3096,2487.0,,1018,943.0,25.3,1,saludable,propagada,-74,,estresada
maceta-sim,513,1,sim-1.0,1790328900,19.6,56.0,96,214.0,6.0,3099,2489.0,,1017,944.0,25.2,1,saludable,propagada,-73,,estresada
maceta-sim,514,1,sim-1.0,1790329200,20.0,54.0,188,287.0,9.0,3081,2477.0,,1027,952.0,25.5,1,saludable,propagada,-73,,estresada
maceta-sim,515,1,sim-1.0,1790329500,19.8,54.0,242,330.0,10.0,3099,2489.0,,1022,948.0,25.3,1,saludable,propagada,-72,,estresada
maceta-sim,516,1,sim-1.0,1790329800,19.7,57.0,317,390.0,12.0,3103,2492.0,,1021,946.0,25.0,1,saludable,propagada,-71,,estresada
maceta-sim,517,1,sim-1.0,1790330100,19.6,55.0,395,452.0,14.0,3109,2496.0,,1016,944.0,25.0,1,saludable,propagada,-73,,estresada
maceta-sim,518,1,sim-1.0,1790330400,20.2,56.0,567,589.0,18.0,3100,2490.0,,1032,955.0,25.5,1,saludable,propagada,-78,,estresada
maceta-sim,519,1,sim-1.0,1790330700,19.8,56.0,569,591.0,18.0,3096,2487.0,,1028,953.0,25.6,1,saludable,propagada,-69,,estresada
maceta-sim,520,1,sim-1.0,1790331000,20.3,54.0,684,682.0,21.0,3124,2507.0,,1024,950.0,25.8,1,saludable,propagada,-72,,estresada
maceta-sim,521,1,sim-1.0,1790331300,20.4,55.0,753,737.0,22.0,3104,2493.0,,1030,956.0,25.6,1,saludable,propagada,-65,,estresada
maceta-sim,522,1,sim-1.0,1790331600,20.2,54.0,861,823.0,25.0,3114,2500.0,,1028,957.0,25.8,1,saludable,propagada,-73,,estresada
maceta-sim,523,1,sim-1.0,1790331900,20.5,54.0,856,819.0,25.0,3120,2504.0,,1030,957.0,25.7,1,saludable,propagada,-67,,estresada
maceta-sim,524,1,sim-1.0,1790332200,20.8,54.0,944,889.0,27.0,3130,2511.0,,1033,958.0,25.7,1,saludable,propagada,-75,,estresada
maceta-sim,525,1,sim-1.0,1790332500,20.2,55.0,1084,1001.0,30.0,3101,2491.0,,1026,952.0,25.4,1,saludable,propagada,-67,,estresada
maceta-sim,526,1,sim-1.0,1790332800,20.5,57.0,1069,989.0,30.0,3099,2489.0,,1027,953.0,25.9,1,saludable,propagada,-73,,estresada
maceta-sim,527,1,sim-1.0,1790333100,20.0,56.0,1343,1208.0,37.0,3127,2509.0,,1026,952.0,25.7,1,saludable,propagada,-66,,estresada
maceta-sim,528,1,sim-1.0,1790333400,20.5,54.0,1231,1118.0,34.0,3110,2497.0,,1027,955.0,25.7,1,saludable,propagada,-75,,estresada
maceta-sim,529,1,sim-1.0,1790333700,20.7,50.0,1439,1285.0,39.0,3124,2507.0,,1041,963.0,25.6,1,saludable,propagada,-69,,estresada
maceta-sim,530,1,sim-1.0,1790334000,20.9,54.0,1570,1390.0,42.0,3111,2498.0,,1032,956.0,25.7,1,saludable,propagada,-75,,estresada
maceta-sim,531,1,sim-1.0,1790334300,20.7,51.0,1459,1301.0,39.0,3141,2519.0,,1034,960.0,25.5,1,saludable,propagada,-74,,estresada
maceta-sim,532,1,sim-1.0,1790334600,21.2,52.0,1731,1520.0,46.0,3124,2507.0,,1039,963.0,25.8,1,saludable,propagada,-72,,estresada
maceta-sim,533,1,sim-1.0,1790334900,21.2,52.0,1864,1622.0,49.0,3104,2493.0,,1039,962.0,26.0,2,estresada,manual,-72,,estresada
maceta-sim,534,1,sim-1.0,1790335200,22.0,50.0,1990,1712.0,52.0,3123,2506.0,,1052,975.0,25.9,2,estresada,propagada,-77,,estresada
maceta-sim,535,1,sim-1.0,1790335500,22.0,49.0,1703,1498.0,45.0,3121,2505.0,,1053,975.0,25.9,2,estresada,propagada,-76,,estresada
maceta-sim,536,1,sim-1.0,1790335800,21.2,52.0,1998,1717.0,52.0,3126,2508.0,,1042,965.0,26.0,2,estresada,propagada,-69,,estresada
maceta-sim,537,1,sim-1.0,1790336100,21.6,50.0,2205,1856.0,56.0,3127,2509.0,,1045,968.0,25.9,2,estresada,propagada,-76,,estresada
maceta-sim,538,1,sim-1.0,1790336400,22.1,47.0,2172,1834.0,56.0,3119,2503.0,,1054,979.0,26.2,2,estresada,propagada,-63,,estresada
maceta-sim,539,1,sim-1.0,1790336700,21.6,52.0,2001,1719.0,52.0,3133,2513.0,,1047,970.0,25.8,2,estresada,propagada,-73,,estresada
maceta-sim,540,1,sim-1.0,1790337000,21.9,50.0,2443,2016.0,61.0,3127,2509.0,,1049,973.0,25.9,2,estresada,propagada,-67,,estresada
maceta-sim,541,1,sim-1.0,1790337300,22.1,49.0,2415,1997.0,61.0,3143,2520.0,,1050,973.0,26.2,2,estresada,propagada,-70,,estresada
maceta-sim,542,1,sim-1.0,1790337600,22.2,51.0,2434,2010.0,61.0,3126,2508.0,,1046,972.0,26.0,2,estresada,propagada,-67,,estresada
maceta-sim,543,1,sim-1.0,1790337900,22.1,51.0,2598,2120.0,64.0,3129,2510.0,,1052,976.0,26.0,2,estresada,propagada,-70,,estresada
maceta-sim,544,1,sim-1.0,1790338200,22.8,48.0,2366,1964.0,60.0,3151,2526.0,,1059,983.0,26.3,2,estresada,propagada,-72,,estresada
maceta-sim,545,1,sim-1.0,1790338500,22.3,50.0,3007,2394.0,73.0,3130,2511.0,,1056,980.0,25.9,2,estresada,propagada,-77,,estresada
maceta-sim,546,1,sim-1.0,1790338800,22.7,48.0,2962,2364.0,72.0,3146,2522.0,,1058,982.0,26.7,2,estresada,propagada,-75,,estresada
maceta-sim,547,1,sim-1.0,1790339100,22.7,48.0,2800,2255.0,68.0,3141,2519.0,,1059,983.0,26.5,2,estresada,propagada,-72,,estresada
maceta-sim,548,1,sim-1.0,1790339400,22.7,46.0,3184,2513.0,76.0,3139,2517.0,,1053,978.0,26.4,2,estresada,propagada,-68,,estresada
maceta-sim,549,1,sim-1.0,1790339700,22.7,47.0,3190,2517.0,76.0,3150,2525.0,,1064,987.0,26.6,2,estresada,propagada,-72,,estresada
maceta-sim,550,1,sim-1.0,1790340000,23.1,48.0,3409,2664.0,81.0,3126,2508.0,,1066,990.0,26.2,2,estresada,propagada,-66,,estresada
maceta-sim,551,1,sim-1.0,1790340300,23.6,46.0,3049,2422.0,73.0,3150,2525.0,,1077,999.0,26.5,2,estresada,propagada,-74,,estresada
maceta-sim,552,1,sim-1.0,1790340600,23.1,46.0,3275,2574.0,78.0,3151,2526.0,,1061,984.0,26.3,2,estresada,propagada,-71,,estresada
maceta-sim,553,1,sim-1.0,1790340900,24.0,46.0,3092,2451.0,74.0,3146,2522.0,,1073,996.0,26.7,2,estresada,propagada,-67,,estresada
maceta-sim,554,1,sim-1.0,1790341200,23.2,48.0,3613,2801.0,85.0,3156,2529.0,,1067,989.0,26.3,2,estresada,propagada,-78,,estresada
maceta-sim,555,1,sim-1.0,1790341500,23.4,47.0,3306,2595.0,79.0,3144,2521.0,,1080,1002.0,26.7,2,estresada,propagada,-71,,estresada
maceta-sim,556,1,sim-1.0,1790341800,23.7,45.0,3540,2752.0,83.0,3149,2524.0,,1078,999.0,26.2,2,estresada,propagada,-67,,estresada
maceta-sim,557,1,sim-1.0,1790342100,23.8,47.0,3973,3042.0,92.0,3149,2524.0,,1081,1000.0,26.6,2,estresada,propagada,-73,,estresada
maceta-sim,558,1,sim-1.0,1790342400,24.2,44.0,3283,2579.0,78.0,3166,2536.0,,1082,1005.0,26.8,2,estresada,propagada,-73,,estresada
maceta-sim,559,1,sim-1.0,1790342700,24.0,44.0,3900,2993.0,91.0,3160,2532.0,,1081,1002.0,26.7,2,estresada,propagada,-71,,estresada
maceta-sim,560,1,sim-1.0,1790343000,24.0,44.0,3859,2966.0,90.0,3160,2532.0,,1075,997.0,26.6,2,estresada,propagada,-79,,estresada
maceta-sim,561,1,sim-1.0,1790343300,23.9,45.0,3868,2972.0,90.0,3160,2532.0,,1071,993.0,26.7,2,estresada,propagada,-74,,estresada
maceta-sim,562,1,sim-1.0,1790343600,24.3,42.0,3642,2820.0,85.0,3156,2529.0,,1085,1006.0,26.7,2,estresada,propagada,-72,,estresada
maceta-sim,563,1,sim-1.0,1790343900,23.8,45.0,4056,3098.0,94.0,3160,2532.0,,1075,997.0,26.1,2,estresada,propagada,-78,,estresada
maceta-sim,564,1,sim-1.0,1790344200,24.3,43.0,3810,2933.0,89.0,3159,2531.0,,1083,1004.0,26.5,2,estresada,propagada,-70,,estresada
maceta-sim,565,1,sim-1.0,1790344500,,,4095,3124.0,95.0,3153,2527.0,,1085,1005.0,27.1,2,estresada,propagada,-69,dht_sin_respuesta|luz_saturada,estresada
maceta-sim,566,1,sim-1.0,1790344800,24.9,41.0,3995,3057.0,93.0,3184,2549.0,,1088,1010.0,26.7,2,estresada,propagada,-68,,estresada
maceta-sim,567,1,sim-1.0,1790345100,25.0,42.0,3716,2870.0,87.0,3167,2537.0,,1092,1012.0,27.1,2,estresada,propagada,-73,,estresada
maceta-sim,568,1,sim-1.0,1790345400,24.6,43.0,4095,3124.0,95.0,3181,2547.0,,1084,1006.0,26.7,2,estresada,propagada,-69,luz_saturada,estresada
maceta-sim,569,1,sim-1.0,1790345700,24.8,43.0,4095,3124.0,95.0,3184,2549.0,,1091,1013.0,26.6,2,estresada,propagada,-67,luz_saturada,estresada
maceta-sim,570,1,sim-1.0,1790346000,25.3,43.0,4095,3124.0,95.0,3167,2537.0,,1090,1010.0,26.7,2,estresada,propagada,-70,luz_saturada,estresada
maceta-sim,571,1,sim-1.0,1790346300,25.4,43.0,3882,2981.0,90.0,3179,2545.0,,1096,1017.0,26.7,2,estresada,propagada,-70,,estresada
maceta-sim,572,1,sim-1.0,1790346600,25.2,42.0,4095,3124.0,95.0,3183,2548.0,,1091,1011.0,26.9,2,estresada,propagada,-70,luz_saturada,estresada
maceta-sim,573,1,sim-1.0,1790346900,25.0,43.0,4095,3124.0,95.0,3187,2551.0,,1088,1011.0,27.0,2,estresada,propagada,-69,luz_saturada,estresada
maceta-sim,574,1,sim-1.0,1790347200,25.4,43.0,4095,3124.0,95.0,3186,2550.0,,1100,1020.0,27.4,2,estresada,propagada,-72,luz_saturada,estresada
maceta-sim,575,1,sim-1.0,1790347500,25.5,42.0,4095,3124.0,95.0,3177,2544.0,,1095,1015.0,26.8,2,estresada,propagada,-65,luz_saturada,estresada
maceta-sim,576,1,sim-1.0,1790347800,25.8,39.0,4095,3124.0,95.0,3184,2549.0,,1099,1019.0,26.7,2,estresada,propagada,-72,luz_saturada,estresada
maceta-sim,577,1,sim-1.0,1790348100,25.3,42.0,4012,3068.0,93.0,3190,2553.0,,1094,1016.0,27.1,2,estresada,propagada,-64,,estresada
maceta-sim,578,1,sim-1.0,1790348400,25.7,41.0,4095,3124.0,95.0,3179,2545.0,,1098,1017.0,27.0,2,estresada,propagada,-71,luz_saturada,estresada
maceta-sim,579,1,sim-1.0,1790348700,25.4,44.0,4095,3124.0,95.0,3166,2536.0,,1091,1014.0,26.9,2,estresada,propagada,-77,luz_saturada,estresada
maceta-sim,580,1,sim-1.0,1790349000,26.1,39.0,4095,3124.0,95.0,3170,2539.0,,1110,1027.0,27.3,2,estresada,propagada,-72,luz_saturada,estresada
maceta-sim,581,1,sim-1.0,1790349300,25.9,40.0,4095,3124.0,95.0,3176,2543.0,,1097,1018.0,26.9,2,estresada,propagada,-72,luz_saturada,estresada
maceta-sim,582,1,sim-1.0,1790349600,26.1,42.0,4095,3124.0,95.0,3206,2564.0,,1106,1025.0,27.1,2,estresada,propagada,-74,luz_saturada,estresada
maceta-sim,583,1,sim-1.0,1790349900,26.3,40.0,4095,3124.0,95.0,3199,2559.0,,1101,1024.0,27.5,2,estresada,propagada,-73,luz_saturada,estresada
maceta-sim,584,1,sim-1.0,1790350200,26.6,40.0,4095,3124.0,95.0,3181,2547.0,,1110,1030.0,27.0,2,estresada,propagada,-66,luz_saturada,estresada
maceta-sim,585,1,sim-1.0,1790350500,26.4,37.0,4095,3124.0,95.0,3199,2559.0,,1102,1022.0,27.0,2,estresada,propagada,-73,luz_saturada,estresada
maceta-sim,586,1,sim-1.0,1790350800,26.8,37.0,4095,3124.0,95.0,3194,2556.0,,1115,1034.0,27.2,2,estresada,propagada,-69,luz_saturada,estresada
maceta-sim,587,1,sim-1.0,1790351100,27.0,38.0,4095,3124.0,95.0,3203,2562.0,,1112,1035.0,27.1,2,estresada,propagada,-70,luz_saturada,estresada
maceta-sim,588,1,sim-1.0,1790351400,26.5,38.0,4095,3124.0,95.0,3213,2569.0,,1114,1032.0,27.3,2,estresada,propagada,-75,luz_saturada,estresada
maceta-sim,589,1,sim-1.0,1790351700,26.3,40.0,4095,3124.0,95.0,3183,2548.0,,1116,1035.0,27.2,2,estresada,propagada,-73,luz_saturada,estresada
maceta-sim,590,1,sim-1.0,1790352000,26.8,36.0,4095,3124.0,95.0,3211,2568.0,,1113,1034.0,27.2,2,estresada,propagada,-77,luz_saturada,estresada
maceta-sim,591,1,sim-1.0,1790352300,27.3,36.0,4095,3124.0,95.0,3211,2568.0,,1118,1038.0,27.6,2,estresada,propagada,-73,luz_saturada,estresada
maceta-sim,592,1,sim-1.0,1790352600,26.7,40.0,4095,3124.0,95.0,3197,2558.0,,1110,1032.0,27.3,2,estresada,propagada,-73,luz_saturada,estresada
maceta-sim,593,1,sim-1.0,1790352900,27.0,38.0,4095,3124.0,95.0,3201,2561.0,,1116,1034.0,27.2,2,estresada,propagada,-72,luz_saturada,estresada
maceta-sim,594,1,sim-1.0,1790353200,27.2,36.0,4095,3124.0,95.0,3220,2574.0,,1118,1037.0,27.5,2,estresada,propagada,-75,luz_saturada,estresada
maceta-sim,595,1,sim-1.0,1790353500,27.0,37.0,4095,3124.0,95.0,3210,2567.0,,1113,1033.0,27.4,2,estresada,propagada,-73,luz_saturada,estresada
maceta-sim,596,1,sim-1.0,1790353800,27.5,40.0,4095,3124.0,95.0,3173,2541.0,,1126,1046.0,27.7,2,estresada,propagada,-65,luz_saturada,estresada
maceta-sim,597,1,sim-1.0,1790354100,27.4,36.0,4095,3124.0,95.0,3200,2560.0,,1126,1044.0,27.2,2,estresada,propagada,-69,luz_saturada,estresada
maceta-sim,598,1,sim-1.0,1790354400,26.6,39.0,4095,3124.0,95.0,3203,2562.0,,1108,1029.0,27.4,2,estresada,propagada,-72,luz_saturada,estresada
maceta-sim,599,1,sim-1.0,1790354700,27.0,38.0,4095,3124.0,95.0,3200,2560.0,,1120,1037.0,27.1,2,estresada,propagada,-67,luz_saturada,estresada
maceta-sim,600,1,sim-1.0,1790355000,,,4095,3124.0,95.0,3209,2566.0,,1113,1035.0,27.3,2,estresada,propagada,-79,dht_sin_respuesta|luz_saturada,estresada
maceta-sim,601,1,sim-1.0,1790355300,27.1,41.0,4095,3124.0,95.0,3227,2579.0,,1120,1036.0,27.0,2,estresada,propagada,-70,luz_saturada,estresada
maceta-sim,602,1,sim-1.0,1790355600,27.3,38.0,4095,3124.0,95.0,3227,2579.0,,1128,1045.0,27.3,2,estresada,propagada,-69,luz_saturada,estresada
maceta-sim,603,1,sim-1.0,1790355900,27.3,37.0,4095,3124.0,95.0,3226,2578.0,,1117,1039.0,27.3,2,estresada,propagada,-61,luz_saturada,estresada
maceta-sim,604,1,sim-1.0,1790356200,27.6,35.0,4095,3124.0,95.0,3236,2585.0,,1124,1042.0,27.2,2,estresada,propagada,-70,luz_saturada,estresada
maceta-sim,605,1,sim-1.0,1790356500,27.7,36.0,4095,3124.0,95.0,3230,2581.0,,1118,1035.0,27.8,2,estresada,propagada,-71,luz_saturada,estresada
maceta-sim,606,1,sim-1.0,1790356800,27.9,34.0,4095,3124.0,95.0,3220,2574.0,,1130,1047.0,27.5,2,estresada,propagada,-72,luz_saturada,estresada
maceta-sim,607,1,sim-1.0,1790357100,27.6,36.0,4095,3124.0,95.0,3240,2588.0,,1131,1047.0,27.4,2,estresada,propagada,-75,luz_saturada,estresada
maceta-sim,608,1,sim-1.0,1790357400,28.1,35.0,4095,3124.0,95.0,3229,2580.0,,1129,1048.0,27.4,2,estresada,propagada,-71,luz_saturada,estresada
maceta-sim,609,1,sim-1.0,1790357700,28.2,36.0,3909,2999.0,91.0,3240,2588.0,,1129,1046.0,27.5,2,estresada,propagada,-65,,estresada
maceta-sim,610,1,sim-1.0,1790358000,28.0,35.0,4095,3124.0,95.0,3236,2585.0,,1124,1046.0,27.8,2,estresada,propagada,-67,luz_saturada,estresada
maceta-sim,611,1,sim-1.0,1790358300,,,4095,3124.0,95.0,3247,2593.0,,1122,1044.0,27.0,2,estresada,propagada,-72,dht_sin_respuesta|luz_saturada,estresada
maceta-sim,612,1,sim-1.0,1790358600,27.9,32.0,4095,3124.0,95.0,3217,2572.0,,1128,1047.0,27.8,2,estresada,propagada,-79,luz_saturada,estresada
maceta-sim,613,1,sim-1.0,1790358900,27.9,33.0,3980,3047.0,92.0,3239,2587.0,,1131,1048.0,27.5,2,estresada,propagada,-71,,estresada
maceta-sim,614,1,sim-1.0,1790359200,27.9,37.0,4095,3124.0,95.0,3200,2560.0,,1125,1044.0,27.1,2,estresada,propagada,-69,luz_saturada,estresada
maceta-sim,615,1,sim-1.0,1790359500,28.1,36.0,4003,3062.0,93.0,3247,2593.0,,1131,1048.0,27.7,2,estresada,propagada,-69,,estresada
maceta-sim,616,1,sim-1.0,1790359800,27.8,38.0,3918,3005.0,91.0,3236,2585.0,,1122,1042.0,27.1,2,estresada,propagada,-76,,estresada
maceta-sim,617,1,sim-1.0,1790360100,27.4,37.0,4095,3124.0,95.0,3251,2596.0,,1116,1036.0,27.2,2,estresada,propagada,-77,luz_saturada,estresada
maceta-sim,618,1,sim-1.0,1790360400,28.3,37.0,4095,3124.0,95.0,3234,2584.0,,1130,1050.0,27.7,2,estresada,propagada,-69,luz_saturada,estresada
maceta-sim,619,1,sim-1.0,1790360700,28.0,36.0,3991,3054.0,93.0,3247,2593.0,,1133,1050.0,27.3,2,estresada,propagada,-72,,estresada
maceta-sim,620,1,sim-1.0,1790361000,27.8,32.0,4082,3115.0,94.0,3240,2588.0,,1126,1046.0,27.8,2,estresada,propagada,-68,luz_saturada,estresada
maceta-sim,621,1,sim-1.0,1790361300,28.4,33.0,4083,3116.0,94.0,3249,2594.0,,1131,1050.0,28.1,2,estresada,propagada,-76,luz_saturada,estresada
maceta-sim,622,1,sim-1.0,1790361600,28.1,34.0,3851,2960.0,90.0,3250,2595.0,,1126,1045.0,27.5,2,estresada,propagada,-70,,estresada
maceta-sim,623,1,sim-1.0,1790361900,28.1,33.0,3299,2590.0,78.0,3244,2591.0,,1133,1049.0,27.5,2,estresada,propagada,-71,,estresada
maceta-sim,624,1,sim-1.0,1790362200,28.6,36.0,3719,2872.0,87.0,3249,2594.0,,1133,1053.0,27.8,2,estresada,propagada,-75,,estresada
maceta-sim,625,1,sim-1.0,1790362500,27.4,37.0,3773,2908.0,88.0,3256,2599.0,,1120,1040.0,27.2,2,estresada,propagada,-72,,estresada
maceta-sim,626,1,sim-1.0,1790362800,27.9,37.0,3672,2840.0,86.0,3253,2597.0,,1127,1046.0,27.2,2,estresada,propagada,-67,,estresada
maceta-sim,627,1,sim-1.0,1790363100,27.9,38.0,3221,2538.0,77.0,3259,2601.0,,1131,1048.0,27.7,2,estresada,propagada,-77,,estresada
maceta-sim,628,1,sim-1.0,1790363400,28.4,36.0,3594,2788.0,84.0,3261,2603.0,,1132,1048.0,27.9,2,estresada,propagada,-72,,estresada
maceta-sim,629,1,sim-1.0,1790363700,27.9,36.0,3132,2478.0,75.0,3267,2607.0,,1131,1048.0,27.7,2,estresada,propagada,-71,,estresada
maceta-sim,630,1,sim-1.0,1790364000,27.9,33.0,3408,2663.0,81.0,3257,2600.0,,1128,1048.0,27.5,2,estresada,propagada,-69,,estresada
maceta-sim,631,1,sim-1.0,1790364300,27.8,36.0,2738,2214.0,67.0,3273,2611.0,,1125,1044.0,27.4,2,estresada,propagada,-73,,estresada
maceta-sim,632,1,sim-1.0,1790364600,28.3,33.0,3151,2491.0,75.0,3269,2608.0,,1130,1050.0,27.2,2,estresada,propagada,-70,,estresada
maceta-sim,633,1,sim-1.0,1790364900,27.8,34.0,2647,2153.0,65.0,3264,2605.0,,1133,1052.0,27.4,2,estresada,propagada,-70,,estresada
maceta-sim,634,1,sim-1.0,1790365200,27.9,35.0,3035,2413.0,73.0,3263,2604.0,,1128,1045.0,27.7,2,estresada,propagada,-68,,estresada
maceta-sim,635,1,sim-1.0,1790365500,28.2,38.0,2791,2249.0,68.0,3274,2612.0,,1128,1049.0,27.6,2,estresada,propagada,-72,,estresada
maceta-sim,636,1,sim-1.0,1790365800,28.3,35.0,2744,2218.0,67.0,3260,2602.0,,1130,1047.0,27.6,2,estresada,propagada,-77,,estresada
maceta-sim,637,1,sim-1.0,1790366100,28.0,33.0,2437,2012.0,61.0,3263,2604.0,,1129,1048.0,27.9,2,estresada,propagada,-73,,estresada
maceta-sim,638,1,sim-1.0,1790366400,28.0,36.0,2543,2083.0,63.0,3271,2610.0,,1130,1048.0,27.7,2,estresada,propagada,-65,,estresada
maceta-sim,639,1,sim-1.0,1790366700,27.9,37.0,2387,1978.0,60.0,3279,2615.0,,1130,1047.0,27.4,2,estresada,propagada,-73,,estresada
maceta-sim,640,1,sim-1.0,1790367000,27.6,39.0,2460,2027.0,61.0,3280,2616.0,,1127,1045.0,27.3,2,estresada,propagada,-70,,estresada
maceta-sim,641,1,sim-1.0,1790367300,27.7,34.0,2345,1950.0,59.0,3266,2606.0,,1125,1040.0,27.2,2,estresada,propagada,-68,,estresada
maceta-sim,642,1,sim-1.0,1790367600,27.8,37.0,2336,1944.0,59.0,3279,2615.0,,1131,1050.0,27.6,2,estresada,propagada,-68,,estresada
maceta-sim,643,1,sim-1.0,1790367900,27.5,38.0,1948,1684.0,51.0,3276,2613.0,,1121,1039.0,27.5,2,estresada,propagada,-75,,estresada
maceta-sim,644,1,sim-1.0,1790368200,27.5,37.0,2121,1800.0,55.0,3290,2623.0,,1122,1040.0,27.7,2,estresada,propagada,-72,,estresada
maceta-sim,645,1,sim-1.0,1790368500,27.5,35.0,2029,1738.0,53.0,3287,2621.0,,1125,1046.0,27.4,2,estresada,propagada,-68,,estresada
maceta-sim,646,1,sim-1.0,1790368800,27.8,34.0,1879,1633.0,49.0,3293,2625.0,,1123,1040.0,27.6,2,estresada,propagada,-67,,estresada
maceta-sim,647,1,sim-1.0,1790369100,28.0,39.0,1879,1633.0,49.0,3297,2628.0,,1125,1044.0,27.6,2,estresada,propagada,-74,,estresada
maceta-sim,648,1,sim-1.0,1790369400,27.8,36.0,1813,1583.0,48.0,3290,2623.0,,1124,1044.0,27.7,2,estresada,propagada,-76,,estresada
maceta-sim,649,1,sim-1.0,1790369700,27.9,38.0,1513,1344.0,41.0,3296,2627.0,,1128,1048.0,27.4,2,estresada,propagada,-74,,estresada
maceta-sim,650,1,sim-1.0,1790370000,27.4,36.0,1394,1249.0,38.0,3274,2612.0,,1113,1033.0,27.3,2,estresada,propagada,-79,,estresada
maceta-sim,651,1,sim-1.0,1790370300,27.0,37.0,1455,1298.0,39.0,3290,2623.0,,1114,1034.0,27.4,2,estresada,propagada,-76,,estresada
maceta-sim,652,1,sim-1.0,1790370600,27.5,35.0,1335,1202.0,36.0,3283,2618.0,,1124,1044.0,27.3,2,estresada,propagada,-73,,estresada
maceta-sim,653,1,sim-1.0,1790370900,27.0,37.0,1363,1224.0,37.0,3296,2627.0,,1112,1033.0,27.5,2,estresada,propagada,-74,,estresada
maceta-sim,654,1,sim-1.0,1790371200,27.6,37.0,1290,1166.0,35.0,3289,2622.0,,1129,1046.0,27.3,2,estresada,propagada,-70,,estresada
maceta-sim,655,1,sim-1.0,1790371500,27.3,39.0,1168,1068.0,32.0,3306,2634.0,,1122,1042.0,27.2,2,estresada,propagada,-68,,estresada
maceta-sim,656,1,sim-1.0,1790371800,27.3,38.0,984,921.0,28.0,3307,2635.0,,1118,1040.0,27.4,2,estresada,propagada,-79,,estresada
maceta-sim,657,1,sim-1.0,1790372100,27.2,38.0,1017,947.0,29.0,3306,2634.0,,1116,1037.0,27.6,2,estresada,propagada,-74,,estresada
maceta-sim,658,1,sim-1.0,1790372400,26.9,38.0,773,753.0,23.0,3316,2641.0,,1117,1036.0,27.3,2,estresada,propagada,-71,,estresada
maceta-sim,659,1,sim-1.0,1790372700,27.0,37.0,787,764.0,23.0,3293,2625.0,,1119,1039.0,27.1,2,estresada,propagada,-70,,estresada
maceta-sim,660,1,sim-1.0,1790373000,26.6,42.0,739,726.0,22.0,3304,2633.0,,1107,1026.0,27.1,2,estresada,propagada,-70,,estresada
maceta-sim,661,1,sim-1.0,1790373300,26.9,37.0,612,625.0,19.0,3304,2633.0,,1114,1033.0,27.4,2,estresada,propagada,-76,,estresada
maceta-sim,662,1,sim-1.0,1790373600,27.1,41.0,493,530.0,16.0,3313,2639.0,,1110,1033.0,27.4,2,estresada,propagada,-72,,estresada
maceta-sim,663,1,sim-1.0,1790373900,26.4,37.0,426,477.0,14.0,3314,2640.0,,1105,1026.0,27.1,2,estresada,propagada,-65,,estresada
maceta-sim,664,1,sim-1.0,1790374200,26.3,41.0,365,428.0,13.0,3304,2633.0,,1104,1024.0,27.1,2,estresada,propagada,-72,,estresada
maceta-sim,665,1,sim-1.0,1790374500,26.5,40.0,272,354.0,11.0,3317,2642.0,,1113,1031.0,27.1,2,estresada,propagada,-69,,estresada
maceta-sim,666,1,sim-1.0,1790374800,26.6,39.0,166,270.0,8.0,3324,2647.0,,1114,1034.0,26.9,2,estresada,propagada,-67,,estresada
maceta-sim,667,1,sim-1.0,1790375100,26.3,40.0,100,217.0,7.0,3313,2639.0,,1103,1024.0,27.4,2,estresada,propagada,-73,,estresada
maceta-sim,668,1,sim-1.0,1790375400,26.1,38.0,8,144.0,4.0,3334,2654.0,,1102,1019.0,27.2,2,estresada,propagada,-74,,estresada
maceta-sim,669,1,sim-1.0,1790375700,26.1,40.0,9,145.0,4.0,3320,2644.0,,1103,1026.0,27.0,2,estresada,propagada,-74,,estresada
maceta-sim,670,1,sim-1.0,1790376000,26.0,38.0,9,145.0,4.0,3306,2634.0,,1103,1022.0,26.8,2,estresada,propagada,-71,,estresada
maceta-sim,671,1,sim-1.0,1790376300,25.7,39.0,11,146.0,4.0,3329,2650.0,,1099,1021.0,27.1,2,estresada,propagada,-69,,estresada
maceta-sim,672,1,sim-1.0,1790376600,25.6,41.0,11,146.0,4.0,3324,2647.0,,1099,1019.0,27.2,2,estresada,propagada,-74,,estresada
maceta-sim,673,1,sim-1.0,1790376900,26.0,42.0,11,146.0,4.0,3323,2646.0,,1104,1024.0,26.8,2,estresada,propagada,-69,,estresada
maceta-sim,674,1,sim-1.0,1790377200,25.7,40.0,9,145.0,4.0,3329,2650.0,,1098,1019.0,26.9,2,estresada,manual,-68,,estresada
maceta-sim,675,1,sim-1.0,1790377500,25.6,40.0,12,147.0,4.0,3310,2637.0,,1105,1025.0,27.0,2,estresada,propagada,-63,,estresada
maceta-sim,676,1,sim-1.0,1790377800,25.9,39.0,8,144.0,4.0,3334,2654.0,,1102,1022.0,27.0,2,estresada,propagada,-66,,estresada
maceta-sim,677,1,sim-1.0,1790378100,25.3,41.0,11,146.0,4.0,3309,2636.0,,1090,1009.0,26.8,2,estresada,propagada,-70,,estresada
maceta-sim,678,1,sim-1.0,1790378400,25.0,44.0,9,145.0,4.0,3326,2648.0,,1088,1009.0,26.7,2,estresada,propagada,-73,,estresada
maceta-sim,679,1,sim-1.0,1790378700,25.2,43.0,12,147.0,4.0,3317,2642.0,,1093,1014.0,27.0,2,estresada,propagada,-71,,estresada
maceta-sim,680,1,sim-1.0,1790379000,25.5,39.0,11,146.0,4.0,3321,2645.0,,1092,1015.0,26.7,2,estresada,propagada,-70,,estresada
maceta-sim,681,1,sim-1.0,1790379300,25.1,44.0,9,145.0,4.0,3316,2641.0,,1089,1010.0,26.9,2,estresada,propagada,-75,,estresada
maceta-sim,682,1,sim-1.0,1790379600,24.8,43.0,12,147.0,4.0,3317,2642.0,,1087,1010.0,26.6,2,estresada,propagada,-66,,estresada
maceta-sim,683,1,sim-1.0,1790379900,25.3,42.0,11,146.0,4.0,3321,2645.0,,1091,1013.0,27.1,2,estresada,propagada,-77,,estresada
maceta-sim,684,1,sim-1.0,1790380200,24.5,43.0,11,146.0,4.0,3344,2661.0,,1084,1006.0,26.5,2,estresada,propagada,-70,,estresada
maceta-sim,685,1,sim-1.0,1790380500,24.9,41.0,12,147.0,4.0,3330,2651.0,,1088,1009.0,26.6,2,estresada,propagada,-68,,estresada
maceta-sim,686,1,sim-1.0,1790380800,24.7,46.0,8,144.0,4.0,3326,2648.0,,1085,1007.0,26.8,2,estresada,propagada,-64,,estresada
maceta-sim,687,1,sim-1.0,1790381100,23.7,45.0,8,144.0,4.0,3326,2648.0,,1074,996.0,26.5,2,estresada,propagada,-71,,estresada
maceta-sim,688,1,sim-1.0,1790381400,24.7,42.0,11,146.0,4.0,3336,2655.0,,1087,1009.0,26.9,2,estresada,propagada,-73,,estresada
maceta-sim,689,1,sim-1.0,1790381700,24.3,46.0,11,146.0,4.0,3343,2660.0,,1079,1001.0,26.6,2,estresada,propagada,-72,,estresada
maceta-sim,690,1,sim-1.0,1790382000,24.1,44.0,8,144.0,4.0,3334,2654.0,,1075,997.0,26.4,2,estresada,propagada,-73,,estresada
maceta-sim,691,1,sim-1.0,1790382300,24.1,45.0,8,144.0,4.0,3343,2660.0,,1080,1002.0,26.8,2,estresada,propagada,-67,,estresada
maceta-sim,692,1,sim-1.0,1790382600,23.8,45.0,11,146.0,4.0,3341,2659.0,,1067,991.0,26.4,2,estresada,propagada,-73,,estresada
maceta-sim,693,1,sim-1.0,1790382900,23.5,46.0,9,145.0,4.0,3333,2653.0,,1075,993.0,26.5,2,estresada,propagada,-73,,estresada
maceta-sim,694,1,sim-1.0,1790383200,23.8,45.0,11,146.0,4.0,3331,2652.0,,1074,996.0,26.5,2,estresada,propagada,-73,,estresada
maceta-sim,695,1,sim-1.0,1790383500,23.6,45.0,8,144.0,4.0,3334,2654.0,,1079,998.0,26.3,2,estresada,propagada,-66,,estresada
maceta-sim,696,1,sim-1.0,1790383800,23.0,49.0,8,144.0,4.0,3354,2668.0,,1064,988.0,26.3,2,estresada,propagada,-75,,estresada
maceta-sim,697,1,sim-1.0,1790384100,23.7,44.0,12,147.0,4.0,3349,2664.0,,1074,996.0,26.4,2,estresada,propagada,-74,,estresada
maceta-sim,698,1,sim-1.0,1790384400,23.1,44.0,8,144.0,4.0,3351,2666.0,,1061,986.0,26.2,2,estresada,propagada,-68,,estresada
maceta-sim,699,1,sim-1.0,1790384700,23.4,48.0,12,147.0,4.0,3346,2662.0,,1071,992.0,26.4,2,estresada,propagada,-76,,estresada
maceta-sim,700,1,sim-1.0,1790385000,22.7,48.0,11,146.0,4.0,3333,2653.0,,1058,981.0,25.8,2,estresada,propagada,-74,,estresada
maceta-sim,701,1,sim-1.0,1790385300,23.1,47.0,8,144.0,4.0,3336,2655.0,,1063,985.0,26.4,2,estresada,propagada,-76,,estresada
maceta-sim,702,1,sim-1.0,1790385600,23.0,46.0,8,144.0,4.0,3346,2662.0,,1069,992.0,26.6,2,estresada,propagada,-75,,estresada
maceta-sim,703,1,sim-1.0,1790385900,22.9,49.0,11,146.0,4.0,3340,2658.0,,1062,984.0,26.7,2,estresada,propagada,-77,,estresada
maceta-sim,704,1,sim-1.0,1790386200,22.8,46.0,12,147.0,4.0,3360,2672.0,,1062,984.0,26.1,2,estresada,propagada,-71,,estresada
maceta-sim,705,1,sim-1.0,1790386500,22.4,52.0,9,145.0,4.0,3356,2669.0,,1059,983.0,26.2,2,estresada,propagada,-72,,estresada
maceta-sim,706,1,sim-1.0,1790386800,22.6,47.0,8,144.0,4.0,3344,2661.0,,1055,979.0,26.1,2,estresada,propagada,-71,,estresada
maceta-sim,707,1,sim-1.0,1790387100,22.1,47.0,8,144.0,4.0,3343,2660.0,,1053,978.0,25.9,2,estresada,propagada,-73,,estresada
maceta-sim,708,1,sim-1.0,1790387400,22.4,51.0,9,145.0,4.0,3361,2673.0,,1053,980.0,26.4,2,estresada,propagada,-67,,estresada
maceta-sim,709,1,sim-1.0,1790387700,22.1,50.0,12,147.0,4.0,3339,2657.0,,1052,975.0,25.9,2,estresada,propagada,-73,,estresada
maceta-sim,710,1,sim-1.0,1790388000,22.1,50.0,12,147.0,4.0,3373,2681.0,,1060,982.0,26.1,2,estresada,propagada,-76,,estresada
maceta-sim,711,1,sim-1.0,1790388300,22.3,49.0,12,147.0,4.0,3346,2662.0,,1055,979.0,26.2,2,estresada,propagada,-74,,estresada
maceta-sim,712,1,sim-1.0,1790388600,21.9,52.0,12,147.0,4.0,3367,2677.0,,1054,977.0,25.7,2,estresada,propagada,-73,,estresada
maceta-sim,713,1,sim-1.0,1790388900,21.6,51.0,12,147.0,4.0,3351,2666.0,,1048,973.0,26.1,2,estresada,propagada,-65,,estresada
maceta-sim,714,1,sim-1.0,1790389200,21.8,50.0,12,147.0,4.0,3353,2667.0,,1051,974.0,26.3,2,estresada,propagada,-70,,estresada
maceta-sim,715,1,sim-1.0,1790389500,22.0,50.0,9,145.0,4.0,3377,2684.0,,1042,968.0,26.1,2,estresada,propagada,-74,,estresada
maceta-sim,716,1,sim-1.0,1790389800,21.9,53.0,9,145.0,4.0,3351,2666.0,,1050,975.0,26.0,2,estresada,propagada,-68,,estresada
maceta-sim,717,1,sim-1.0,1790390100,21.1,52.0,11,146.0,4.0,3359,2671.0,,1035,961.0,26.1,2,estresada,propagada,-72,,estresada
maceta-sim,718,1,sim-1.0,1790390400,21.4,53.0,9,145.0,4.0,3354,2668.0,,1041,965.0,26.2,2,estresada,propagada,-76,,estresada
maceta-sim,719,1,sim-1.0,1790390700,21.3,51.0,8,144.0,4.0,3359,2671.0,,1045,970.0,25.7,2,estresada,propagada,-69,,estresada
maceta-sim,720,1,sim-1.0,1790391000,20.4,53.0,8,144.0,4.0,3349,2664.0,,1029,954.0,25.7,2,estresada,propagada,-74,,estresada
maceta-sim,721,1,sim-1.0,1790391300,20.7,53.0,12,147.0,4.0,3367,2677.0,,1034,960.0,25.7,2,estresada,propagada,-71,,estresada
maceta-sim,722,1,sim-1.0,1790391600,18.2,60.0,8,144.0,4.0,3364,2675.0,,1005,931.0,25.2,2,estresada,propagada,-70,,estresada
maceta-sim,723,1,sim-1.0,1790391900,18.7,61.0,12,147.0,4.0,3384,2689.0,,1006,932.0,25.1,2,estresada,propagada,-73,,estresada
maceta-sim,724,1,sim-1.0,1790392200,18.0,57.0,9,145.0,4.0,3370,2679.0,,995,924.0,25.1,2,estresada,propagada,-73,,estresada
maceta-sim,725,1,sim-1.0,1790392500,17.9,61.0,8,144.0,4.0,3374,2682.0,,997,923.0,25.3,2,estresada,propagada,-75,,estresada
maceta-sim,726,1,sim-1.0,1790392800,18.3,61.0,12,147.0,4.0,3380,2686.0,,1005,933.0,25.0,2,estresada,propagada,-73,,estresada
maceta-sim,727,1,sim-1.0,1790393100,17.7,59.0,8,144.0,4.0,3366,2676.0,,995,922.0,25.0,2,estresada,propagada,-67,,estresada
maceta-sim,728,1,sim-1.0,1790393400,17.9,58.0,9,145.0,4.0,3384,2689.0,,993,922.0,24.9,2,estresada,propagada,-71,,estresada
maceta-sim,729,1,sim-1.0,1790393700,17.7,59.0,9,145.0,4.0,3376,2683.0,,998,926.0,25.0,2,estresada,propagada,-76,,estresada
maceta-sim,730,1,sim-1.0,1790394000,17.4,59.0,8,144.0,4.0,3367,2677.0,,994,923.0,24.9,2,estresada,propagada,-74,,estresada
maceta-sim,731,1,sim-1.0,1790394300,17.5,61.0,12,147.0,4.0,3364,2675.0,,1001,927.0,24.8,2,estresada,propagada,-79,,estresada
maceta-sim,732,1,sim-1.0,1790394600,17.1,60.0,11,146.0,4.0,3380,2686.0,,984,915.0,24.9,2,estresada,propagada,-75,,estresada
maceta-sim,733,1,sim-1.0,1790394900,17.4,59.0,8,144.0,4.0,3374,2682.0,,997,923.0,25.0,2,estresada,propagada,-71,,estresada
maceta-sim,734,1,sim-1.0,1790395200,17.6,60.0,12,147.0,4.0,3393,2695.0,,999,926.0,24.9,2,estresada,propagada,-75,,estresada
maceta-sim,735,1,sim-1.0,1790395500,17.3,61.0,9,145.0,4.0,3376,2683.0,,987,918.0,24.5,2,estresada,propagada,-71,,estresada
maceta-sim,736,1,sim-1.0,1790395800,17.1,59.0,11,146.0,4.0,3363,2674.0,,987,917.0,25.1,2,estresada,propagada,-73,,estresada
maceta-sim,737,1,sim-1.0,1790396100,17.2,59.0,12,147.0,4.0,3367,2677.0,,986,914.0,25.0,2,estresada,propagada,-70,,estresada
maceta-sim,738,1,sim-1.0,1790396400,17.0,62.0,11,146.0,4.0,3390,2693.0,,995,921.0,24.7,2,estresada,propagada,-67,,estresada
maceta-sim,739,1,sim-1.0,1790396700,17.1,63.0,12,147.0,4.0,3389,2692.0,,988,917.0,24.7,2,estresada,propagada,-71,,estresada
maceta-sim,740,1,sim-1.0,1790397000,16.2,63.0,12,147.0,4.0,3384,2689.0,,976,907.0,24.3,2,estresada,propagada,-71,,estresada
maceta-sim,741,1,sim-1.0,1790397300,16.8,61.0,12,147.0,4.0,3377,2684.0,,981,912.0,24.7,2,estresada,propagada,-73,,estresada
maceta-sim,742,1,sim-1.0,1790397600,17.2,63.0,8,144.0,4.0,3373,2681.0,,989,919.0,24.7,2,estresada,propagada,-72,,estresada
maceta-sim,743,1,sim-1.0,1790397900,16.6,63.0,12,147.0,4.0,3390,2693.0,,985,912.0,24.7,2,estresada,propagada,-70,,estresada
maceta-sim,744,1,sim-1.0,1790398200,17.2,65.0,11,146.0,4.0,3401,2701.0,,989,917.0,24.5,2,estresada,propagada,-71,,estresada
maceta-sim,745,1,sim-1.0,1790398500,16.6,61.0,8,144.0,4.0,3390,2693.0,,979,909.0,24.3,2,estresada,propagada,-71,,estresada
maceta-sim,746,1,sim-1.0,1790398800,16.5,63.0,11,146.0,4.0,3380,2686.0,,978,910.0,24.4,2,estresada,propagada,-72,,estresada
maceta-sim,747,1,sim-1.0,1790399100,16.0,64.0,11,146.0,4.0,3386,2690.0,,977,907.0,24.6,2,estresada,propagada,-67,,estresada
maceta-sim,748,1,sim-1.0,1790399400,16.5,61.0,8,144.0,4.0,3399,2699.0,,979,909.0,24.6,2,estresada,propagada,-72,,estresada
maceta-sim,749,1,sim-1.0,1790399700,16.7,62.0,8,144.0,4.0,3393,2695.0,,982,910.0,24.5,2,estresada,propagada,-75,,estresada
maceta-sim,750,1,sim-1.0,1790400000,16.6,63.0,8,144.0,4.0,3379,2685.0,,981,909.0,25.0,2,estresada,propagada,-72,,estresada
maceta-sim,751,1,sim-1.0,1790400300,16.8,62.0,11,146.0,4.0,3374,2682.0,,982,910.0,24.8,2,estresada,propagada,-70,,estresada
maceta-sim,752,1,sim-1.0,1790400600,16.7,62.0,11,146.0,4.0,3384,2689.0,,982,913.0,24.7,2,estresada,propagada,-69,,estresada
maceta-sim,753,1,sim-1.0,1790400900,16.6,63.0,12,147.0,4.0,3390,2693.0,,983,913.0,24.6,2,estresada,propagada,-77,,estresada
maceta-sim,754,1,sim-1.0,1790401200,16.6,65.0,11,146.0,4.0,3391,2694.0,,981,912.0,24.9,2,estresada,propagada,-76,,estresada
maceta-sim,755,1,sim-1.0,1790401500,16.4,64.0,11,146.0,4.0,3401,2701.0,,975,906.0,24.3,2,estresada,propagada,-72,,estresada
maceta-sim,756,1,sim-1.0,1790401800,16.2,63.0,9,145.0,4.0,3394,2696.0,,974,905.0,25.1,2,estresada,propagada,-72,,estresada
maceta-sim,757,1,sim-1.0,1790402100,16.4,63.0,9,145.0,4.0,3383,2688.0,,984,908.0,24.7,2,estresada,propagada,-73,,estresada
maceta-sim,758,1,sim-1.0,1790402400,16.0,65.0,9,145.0,4.0,3391,2694.0,,967,898.0,24.5,2,estresada,propagada,-72,,estresada
maceta-sim,759,1,sim-1.0,1790402700,17.1,61.0,9,145.0,4.0,3387,2691.0,,989,916.0,24.9,2,estresada,propagada,-72,,estresada
maceta-sim,760,1,sim-1.0,1790403000,16.2,66.0,11,146.0,4.0,3386,2690.0,,975,904.0,24.3,2,estresada,propagada,-77,,estresada
maceta-sim,761,1,sim-1.0,1790403300,16.3,60.0,11,146.0,4.0,3414,2710.0,,974,906.0,24.2,2,estresada,propagada,-73,,estresada
maceta-sim,762,1,sim-1.0,1790403600,16.5,66.0,11,146.0,4.0,3390,2693.0,,985,914.0,24.7,2,estresada,propagada,-78,,estresada
maceta-sim,763,1,sim-1.0,1790403900,16.0,65.0,11,146.0,4.0,3380,2686.0,,972,903.0,24.9,2,estresada,propagada,-75,,estresada
maceta-sim,764,1,sim-1.0,1790404200,16.8,63.0,9,145.0,4.0,3387,2691.0,,988,917.0,24.9,2,estresada,propagada,-69,,estresada
maceta-sim,765,1,sim-1.0,1790404500,16.4,62.0,11,146.0,4.0,3380,2686.0,,983,910.0,24.8,2,estresada,propagada,-75,,estresada
maceta-sim,766,1,sim-1.0,1790404800,16.2,63.0,9,145.0,4.0,3400,2700.0,,977,908.0,24.5,2,estresada,propagada,-77,,estresada
maceta-sim,767,1,sim-1.0,1790405100,16.1,65.0,11,146.0,4.0,3394,2696.0,,974,904.0,24.1,2,estresada,propagada,-75,,marchita
maceta-sim,768,1,sim-1.0,1790405400,16.3,64.0,12,147.0,4.0,3380,2686.0,,979,908.0,24.5,2,estresada,propagada,-69,,marchita
maceta-sim,769,1,sim-1.0,1790405700,16.2,65.0,12,147.0,4.0,3397,2698.0,,972,902.0,24.5,2,estresada,propagada,-72,,marchita
maceta-sim,770,1,sim-1.0,1790406000,16.4,64.0,11,146.0,4.0,3409,2706.0,,977,907.0,24.5,2,estresada,propagada,-71,,marchita
maceta-sim,771,1,sim-1.0,1790406300,16.3,63.0,8,144.0,4.0,3386,2690.0,,974,903.0,24.7,2,estresada,propagada,-70,,marchita
maceta-sim,772,1,sim-1.0,1790406600,16.6,65.0,8,144.0,4.0,3393,2695.0,,986,913.0,24.8,2,estresada,propagada,-72,,marchita
maceta-sim,773,1,sim-1.0,1790406900,16.6,60.0,9,145.0,4.0,3403,2702.0,,980,910.0,24.7,2,estresada,propagada,-69,,marchita
maceta-sim,774,1,sim-1.0,1790407200,16.4,63.0,9,145.0,4.0,3399,2699.0,,975,906.0,24.8,2,estresada,propagada,-66,,marchita
maceta-sim,775,1,sim-1.0,1790407500,16.6,63.0,8,144.0,4.0,3387,2691.0,,981,908.0,24.7,2,estresada,propagada,-78,,marchita
maceta-sim,776,1,sim-1.0,1790407800,17.1,64.0,11,146.0,4.0,3399,2699.0,,993,920.0,24.9,2,estresada,propagada,-73,,marchita
maceta-sim,777,1,sim-1.0,1790408100,16.0,63.0,8,144.0,4.0,3399,2699.0,,979,908.0,24.7,2,estresada,propagada,-73,,marchita
maceta-sim,778,1,sim-1.0,1790408400,16.1,66.0,12,147.0,4.0,3407,2705.0,,976,905.0,24.1,2,estresada,propagada,-73,,marchita
maceta-sim,779,1,sim-1.0,1790408700,16.0,67.0,11,146.0,4.0,3407,2705.0,,971,902.0,24.7,2,estresada,propagada,-72,,marchita
maceta-sim,780,1,sim-1.0,1790409000,16.6,62.0,11,146.0,4.0,3407,2705.0,,984,914.0,24.9,2,estresada,propagada,-76,,marchita
maceta-sim,781,1,sim-1.0,1790409300,16.4,62.0,9,145.0,4.0,3379,2685.0,,981,909.0,24.8,2,estresada,propagada,-74,,marchita
maceta-sim,782,1,sim-1.0,1790409600,16.9,64.0,12,147.0,4.0,3391,2694.0,,986,912.0,24.6,2,estresada,propagada,-73,,marchita
maceta-sim,783,1,sim-1.0,1790409900,16.2,65.0,12,147.0,4.0,3394,2696.0,,979,908.0,25.1,2,estresada,propagada,-72,,marchita
maceta-sim,784,1,sim-1.0,1790410200,16.3,65.0,11,146.0,4.0,3416,2711.0,,973,901.0,24.5,2,estresada,propagada,-67,,marchita
maceta-sim,785,1,sim-1.0,1790410500,16.6,65.0,8,144.0,4.0,3416,2711.0,,978,907.0,24.5,2,estresada,propagada,-68,,marchita
maceta-sim,786,1,sim-1.0,1790410800,16.5,62.0,8,144.0,4.0,3404,2703.0,,983,911.0,24.7,2,estresada,propagada,-75,,marchita
maceta-sim,787,1,sim-1.0,1790411100,16.7,62.0,12,147.0,4.0,3391,2694.0,,983,911.0,24.8,2,estresada,propagada,-65,,marchita
maceta-sim,788,1,sim-1.0,1790411400,16.2,64.0,11,146.0,4.0,3394,2696.0,,977,908.0,24.9,2,estresada,propagada,-77,,marchita
maceta-sim,789,1,sim-1.0,1790411700,16.9,62.0,9,145.0,4.0,3399,2699.0,,983,914.0,24.8,2,estresada,propagada,-75,,marchita
maceta-sim,790,1,sim-1.0,1790412000,16.8,63.0,12,147.0,4.0,3403,2702.0,,984,913.0,24.4,2,estresada,propagada,-71,,marchita
maceta-sim,791,1,sim-1.0,1790412300,17.1,62.0,8,144.0,4.0,3413,2709.0,,985,915.0,24.7,2,estresada,propagada,-73,,marchita
maceta-sim,792,1,sim-1.0,1790412600,17.0,63.0,9,145.0,4.0,3400,2700.0,,984,915.0,24.8,2,estresada,propagada,-72,,marchita
maceta-sim,793,1,sim-1.0,1790412900,17.1,61.0,11,146.0,4.0,3400,2700.0,,985,914.0,25.2,2,estresada,propagada,-76,,marchita
maceta-sim,794,1,sim-1.0,1790413200,16.7,67.0,8,144.0,4.0,3410,2707.0,,985,911.0,24.5,2,estresada,propagada,-71,,marchita
maceta-sim,795,1,sim-1.0,1790413500,17.2,62.0,8,144.0,4.0,3394,2696.0,,993,921.0,24.9,2,estresada,propagada,-77,,marchita
maceta-sim,796,1,sim-1.0,1790413800,16.7,62.0,12,147.0,4.0,3409,2706.0,,979,908.0,24.6,2,estresada,propagada,-70,,marchita
maceta-sim,797,1,sim-1.0,1790414100,17.0,64.0,9,145.0,4.0,3414,2710.0,,990,918.0,24.9,2,estresada,propagada,-72,,marchita
maceta-sim,798,1,sim-1.0,1790414400,16.8,64.0,11,146.0,4.0,3424,2717.0,,983,914.0,24.6,2,estresada,propagada,-70,,marchita
maceta-sim,799,1,sim-1.0,1790414700,17.0,61.0,11,146.0,4.0,3434,2724.0,,986,915.0,24.4,2,estresada,propagada,-69,,marchita
maceta-sim,800,1,sim-1.0,1790415000,17.4,59.0,11,146.0,4.0,3400,2700.0,,996,923.0,25.0,2,estresada,propagada,-75,,marchita
maceta-sim,801,1,sim-1.0,1790415300,16.7,60.0,68,192.0,6.0,3414,2710.0,,981,911.0,24.7,2,estresada,propagada,-71,,marchita
maceta-sim,802,1,sim-1.0,1790415600,17.4,61.0,125,237.0,7.0,3406,2704.0,,990,919.0,24.9,2,estresada,propagada,-75,,marchita
maceta-sim,803,1,sim-1.0,1790415900,17.4,59.0,168,271.0,8.0,3429,2720.0,,993,919.0,24.8,2,estresada,propagada,-75,,marchita
maceta-sim,804,1,sim-1.0,1790416200,17.4,60.0,208,303.0,9.0,3399,2699.0,,992,921.0,24.8,2,estresada,propagada,-72,,marchita
maceta-sim,805,1,sim-1.0,1790416500,17.8,61.0,250,337.0,10.0,3424,2717.0,,998,928.0,25.1,2,estresada,propagada,-72,,marchita
maceta-sim,806,1,sim-1.0,1790416800,17.3,63.0,342,410.0,12.0,3413,2709.0,,985,915.0,25.3,2,estresada,propagada,-71,,marchita
maceta-sim,807,1,sim-1.0,1790417100,17.4,60.0,346,413.0,13.0,3423,2716.0,,988,917.0,25.0,2,estresada,propagada,-74,,marchita
maceta-sim,808,1,sim-1.0,1790417400,17.6,59.0,454,499.0,15.0,3421,2715.0,,995,924.0,25.0,2,estresada,propagada,-71,,marchita
maceta-sim,809,1,sim-1.0,1790417700,17.8,61.0,453,498.0,15.0,3423,2716.0,,1003,928.0,25.1,2,estresada,propagada,-76,,marchita
maceta-sim,810,1,sim-1.0,1790418000,17.7,61.0,562,585.0,18.0,3424,2717.0,,990,921.0,24.9,2,estresada,propagada,-73,,marchita
maceta-sim,811,1,sim-1.0,1790418300,17.5,58.0,541,568.0,17.0,3416,2711.0,,991,918.0,24.9,2,estresada,propagada,-72,,marchita
maceta-sim,812,1,sim-1.0,1790418600,17.4,62.0,622,633.0,19.0,3421,2715.0,,989,919.0,24.6,2,estresada,propagada,-78,,marchita
maceta-sim,813,1,sim-1.0,1790418900,17.6,60.0,671,672.0,20.0,3427,2719.0,,994,922.0,25.0,2,estresada,propagada,-69,,marchita
maceta-sim,814,1,sim-1.0,1790419200,18.5,55.0,699,694.0,21.0,3417,2712.0,,1004,930.0,25.0,2,estresada,propagada,-73,,marchita
maceta-sim,815,1,sim-1.0,1790419500,17.6,60.0,813,785.0,24.0,3420,2714.0,,999,928.0,25.1,2,estresada,propagada,-71,,marchita
maceta-sim,816,1,sim-1.0,1790419800,,,899,853.0,26.0,3429,2720.0,,998,925.0,25.2,2,estresada,propagada,-71,dht_sin_respuesta,marchita
maceta-sim,817,1,sim-1.0,1790420100,17.7,61.0,806,779.0,24.0,3419,2713.0,,995,926.0,24.7,2,estresada,propagada,-67,,marchita
maceta-sim,818,1,sim-1.0,1790420400,17.8,61.0,969,909.0,28.0,3419,2713.0,,996,923.0,25.0,2,estresada,propagada,-78,,marchita
maceta-sim,819,1,sim-1.0,1790420700,17.7,62.0,1038,964.0,29.0,3420,2714.0,,989,919.0,25.1,3,marchita,manual,-70,,marchita
maceta-sim,820,1,sim-1.0,1790421000,18.5,62.0,969,909.0,28.0,3423,2716.0,,1008,934.0,24.8,3,marchita,propagada,-71,,marchita
maceta-sim,821,1,sim-1.0,1790421300,18.5,60.0,1078,996.0,30.0,3411,2708.0,,1001,929.0,25.3,3,marchita,propagada,-72,,marchita
maceta-sim,822,1,sim-1.0,1790421600,18.4,60.0,1099,1013.0,31.0,3423,2716.0,,1012,937.0,24.8,3,marchita,propagada,-77,,marchita
maceta-sim,823,1,sim-1.0,1790421900,18.3,60.0,1168,1068.0,32.0,3439,2727.0,,998,925.0,25.5,3,marchita,propagada,-67,,marchita
maceta-sim,824,1,sim-1.0,1790422200,18.8,58.0,1278,1156.0,35.0,3414,2710.0,,1010,937.0,25.2,3,marchita,propagada,-73,,marchita
maceta-sim,825,1,sim-1.0,1790422500,18.6,61.0,1298,1172.0,36.0,3444,2731.0,,1010,936.0,25.2,3,marchita,propagada,-74,,marchita
maceta-sim,826,1,sim-1.0,1790422800,18.9,57.0,1362,1223.0,37.0,3434,2724.0,,1013,938.0,25.3,3,marchita,propagada,-73,,marchita
maceta-sim,827,1,sim-1.0,1790423100,18.5,61.0,1488,1324.0,40.0,3437,2726.0,,1001,929.0,25.3,3,marchita,propagada,-66,,marchita
maceta-sim,828,1,sim-1.0,1790423400,19.0,57.0,1499,1333.0,40.0,3427,2719.0,,1008,935.0,25.3,3,marchita,propagada,-70,,marchita
maceta-sim,829,1,sim-1.0,1790423700,18.9,58.0,1528,1356.0,41.0,3459,2741.0,,1011,936.0,24.7,3,marchita,propagada,-72,,marchita
maceta-sim,830,1,sim-1.0,1790424000,18.8,58.0,1590,1406.0,43.0,3440,2728.0,,1004,933.0,25.0,3,marchita,propagada,-70,,marchita
maceta-sim,831,1,sim-1.0,1790424300,18.8,55.0,1494,1329.0,40.0,3420,2714.0,,1016,942.0,24.9,3,marchita,propagada,-76,,marchita
maceta-sim,832,1,sim-1.0,1790424600,18.8,59.0,1630,1438.0,44.0,3441,2729.0,,1015,939.0,25.2,3,marchita,propagada,-74,,marchita
maceta-sim,833,1,sim-1.0,1790424900,19.1,56.0,1498,1332.0,40.0,3441,2729.0,,1014,940.0,25.2,3,marchita,propagada,-76,,marchita
maceta-sim,834,1,sim-1.0,1790425200,19.2,54.0,1553,1376.0,42.0,3423,2716.0,,1018,944.0,25.2,3,marchita,propagada,-72,,marchita
maceta-sim,835,1,sim-1.0,1790425500,19.5,57.0,1661,1463.0,44.0,3431,2722.0,,1017,944.0,25.4,3,marchita,propagada,-71,,marchita
maceta-sim,836,1,sim-1.0,1790425800,19.2,57.0,1721,1512.0,46.0,3450,2735.0,,1012,939.0,25.9,3,marchita,propagada,-68,,marchita
maceta-sim,837,1,sim-1.0,1790426100,19.5,58.0,1766,1547.0,47.0,3450,2735.0,,1025,950.0,25.4,3,marchita,propagada,-75,,marchita
maceta-sim,838,1,sim-1.0,1790426400,19.4,57.0,1666,1467.0,44.0,3441,2729.0,,1010,936.0,25.2,3,marchita,propagada,-65,,marchita
maceta-sim,839,1,sim-1.0,1790426700,19.6,57.0,2054,1755.0,53.0,3440,2728.0,,1023,947.0,25.4,3,marchita,propagada,-79,,marchita
maceta-sim,840,1,sim-1.0,1790427000,19.9,54.0,2109,1792.0,54.0,4095,3124.0,,1024,950.0,25.6,3,marchita,propagada,-68,suelo_saturado,marchita
maceta-sim,841,1,sim-1.0,1790427060,20.0,55.0,1731,1520.0,46.0,4095,3124.0,,1028,953.0,25.7,3,marchita,propagada,-67,suelo_saturado,marchita
maceta-sim,842,1,sim-1.0,1790427120,19.9,55.0,2024,1735.0,53.0,4095,3124.0,,1027,953.0,25.3,3,marchita,propagada,-73,suelo_saturado,marchita
maceta-sim,843,1,sim-1.0,1790427180,19.8,56.0,2042,1747.0,53.0,2947,2383.0,,1019,945.0,25.7,3,marchita,propagada,-73,,marchita
maceta-sim,844,1,sim-1.0,1790427240,19.5,58.0,1987,1710.0,52.0,2914,2360.0,,1019,947.0,25.3,3,marchita,propagada,-68,,marchita
maceta-sim,845,1,sim-1.0,1790427300,19.8,55.0,2153,1821.0,55.0,2853,2317.0,,1020,943.0,25.5,3,marchita,propagada,-68,,marchita
maceta-sim,846,1,sim-1.0,1790427360,19.8,54.0,1983,1707.0,52.0,2794,2276.0,,1025,950.0,25.5,3,marchita,propagada,-70,,marchita
maceta-sim,847,1,sim-1.0,1790427420,20.3,52.0,1760,1542.0,47.0,2764,2255.0,,1033,960.0,25.6,3,marchita,propagada,-76,,marchita
maceta-sim,848,1,sim-1.0,,20.2,54.0,1916,1662.0,50.0,2723,2226.0,,1030,955.0,25.7,3,marchita,propagada,-72,hora_sin_sincronizar,marchita
maceta-sim,849,1,sim-1.0,1790427540,19.8,54.0,1803,1575.0,48.0,2680,2196.0,,1022,947.0,25.8,3,marchita,propagada,-77,,marchita
maceta-sim,850,1,sim-1.0,1790427600,20.0,54.0,2126,1803.0,55.0,2641,2169.0,,1022,950.0,25.5,3,marchita,propagada,-74,,marchita
maceta-sim,851,1,sim-1.0,1790427660,20.3,54.0,2114,1795.0,54.0,2607,2145.0,,1024,949.0,25.7,3,marchita,propagada,-76,,marchita
maceta-sim,852,1,sim-1.0,1790427720,20.2,55.0,1795,1569.0,48.0,2566,2116.0,,1021,950.0,25.3,3,marchita,propagada,-70,,marchita
maceta-sim,853,1,sim-1.0,1790427780,20.3,55.0,2205,1856.0,56.0,2520,2084.0,,1023,952.0,25.4,3,marchita,propagada,-69,,marchita
maceta-sim,854,1,sim-1.0,1790427840,19.7,57.0,1885,1638.0,50.0,2489,2062.0,,1015,943.0,25.3,3,marchita,propagada,-68,,marchita
maceta-sim,855,1,sim-1.0,1790427900,20.2,57.0,2081,1773.0,54.0,2459,2041.0,,1030,955.0,25.7,3,marchita,propagada,-67,,estresada
maceta-sim,856,1,sim-1.0,1790427960,19.6,57.0,2200,1853.0,56.0,2436,2025.0,,1011,938.0,25.2,3,marchita,propagada,-72,,estresada
maceta-sim,857,1,sim-1.0,1790428020,20.1,55.0,2039,1745.0,53.0,2386,1990.0,,1032,957.0,25.9,3,marchita,manual,-78,,estresada
maceta-sim,858,1,sim-1.0,1790428080,19.7,55.0,2014,1728.0,52.0,2378,1984.0,,1019,947.0,25.5,3,marchita,propagada,-70,,estresada
maceta-sim,859,1,sim-1.0,1790428140,20.0,53.0,1954,1688.0,51.0,2340,1956.0,,1023,951.0,25.1,3,marchita,propagada,-69,,estresada
maceta-sim,860,1,sim-1.0,1790428200,19.8,55.0,2094,1782.0,54.0,2331,1950.0,,1025,950.0,25.3,3,marchita,propagada,-74,,estresada
maceta-sim,861,1,sim-1.0,1790428260,19.3,57.0,1929,1671.0,51.0,2313,1937.0,,1018,943.0,25.2,3,marchita,propagada,-78,,estresada
maceta-sim,862,1,sim-1.0,1790428320,19.6,52.0,2182,1841.0,56.0,2274,1908.0,,1018,946.0,25.6,3,marchita,propagada,-66,,estresada
maceta-sim,863,1,sim-1.0,1790428380,20.5,54.0,2011,1726.0,52.0,2249,1890.0,,1038,961.0,25.9,3,marchita,propagada,-73,,estresada
maceta-sim,864,1,sim-1.0,1790428440,20.3,55.0,2123,1801.0,55.0,2234,1879.0,,1028,953.0,25.5,3,marchita,propagada,-71,,estresada
maceta-sim,865,1,sim-1.0,1790428500,20.6,51.0,2088,1778.0,54.0,2217,1867.0,,1031,957.0,25.7,3,marchita,propagada,-67,,estresada
maceta-sim,866,1,sim-1.0,1790428560,20.4,55.0,2090,1779.0,54.0,2198,1853.0,,1032,955.0,25.0,3,marchita,propagada,-69,,estresada
maceta-sim,867,1,sim-1.0,1790428620,20.1,57.0,2357,1958.0,59.0,2199,1854.0,,1029,957.0,25.4,3,marchita,propagada,-74,,estresada
maceta-sim,868,1,sim-1.0,1790428680,20.1,55.0,2029,1738.0,53.0,2146,1815.0,,1032,958.0,25.5,3,marchita,propagada,-74,,estresada
maceta-sim,869,1,sim-1.0,1790428740,20.4,53.0,2172,1834.0,56.0,2146,1815.0,,1028,954.0,25.4,3,marchita,propagada,-74,,estresada
maceta-sim,870,1,sim-1.0,1790428800,19.8,56.0,2245,1883.0,57.0,2131,1804.0,,1022,950.0,25.4,3,marchita,propagada,-70,,estresada
maceta-sim,871,1,sim-1.0,1790428860,20.2,56.0,2212,1861.0,56.0,2120,1796.0,,1029,954.0,25.6,3,marchita,propagada,-73,,estresada
maceta-sim,872,1,sim-1.0,1790428920,20.6,51.0,1980,1705.0,52.0,2099,1781.0,,1031,957.0,25.4,3,marchita,propagada,-75,,estresada
maceta-sim,873,1,sim-1.0,1790428980,20.0,52.0,2354,1956.0,59.0,2088,1773.0,,1028,952.0,25.5,3,marchita,propagada,-65,,estresada
maceta-sim,874,1,sim-1.0,1790429040,19.6,54.0,2021,1733.0,53.0,2081,1768.0,,1023,949.0,25.1,3,marchita,propagada,-74,,estresada
maceta-sim,875,1,sim-1.0,1790429100,20.3,56.0,2230,1873.0,57.0,2057,1750.0,,1031,957.0,25.7,3,marchita,propagada,-70,,estresada
maceta-sim,876,1,sim-1.0,1790429160,20.5,56.0,2352,1955.0,59.0,2061,1753.0,,1028,956.0,25.7,3,marchita,propagada,-74,,estresada
maceta-sim,877,1,sim-1.0,1790429220,20.1,54.0,2431,2008.0,61.0,2037,1736.0,,1025,951.0,25.3,3,marchita,propagada,-75,,estresada
maceta-sim,878,1,sim-1.0,1790429280,20.0,56.0,2145,1816.0,55.0,2029,1730.0,,1029,954.0,25.5,3,marchita,propagada,-70,,estresada
maceta-sim,879,1,sim-1.0,1790429340,20.4,56.0,2023,1734.0,53.0,2006,1713.0,,1036,958.0,25.7,3,marchita,propagada,-72,,estresada
maceta-sim,880,1,sim-1.0,1790429400,20.1,53.0,2241,1880.0,57.0,1998,1707.0,,1026,952.0,25.4,3,marchita,propagada,-70,,estresada
maceta-sim,881,1,sim-1.0,1790429460,19.8,55.0,2467,2032.0,62.0,2009,1715.0,,1025,950.0,25.2,3,marchita,propagada,-66,,estresada
maceta-sim,882,1,sim-1.0,1790429520,20.5,52.0,2393,1982.0,60.0,1987,1699.0,,1024,951.0,25.5,3,marchita,propagada,-70,,estresada
maceta-sim,883,1,sim-1.0,1790429580,20.2,54.0,2041,1746.0,53.0,1960,1680.0,,1033,956.0,25.4,3,marchita,propagada,-63,,estresada
maceta-sim,884,1,sim-1.0,1790429640,20.0,55.0,2062,1760.0,53.0,1956,1677.0,,1026,952.0,25.4,3,marchita,propagada,-73,,estresada
maceta-sim,885,1,sim-1.0,1790429700,20.5,56.0,2232,1874.0,57.0,1956,1677.0,,1034,958.0,26.0,3,marchita,propagada,-80,,estresada
maceta-sim,886,1,sim-1.0,1790429760,19.9,56.0,2197,1851.0,56.0,1954,1675.0,,1022,948.0,25.2,3,marchita,propagada,-62,,estresada
maceta-sim,887,1,sim-1.0,1790429820,20.3,53.0,2439,2013.0,61.0,1937,1663.0,,1025,953.0,25.5,3,marchita,propagada,-69,,estresada
maceta-sim,888,1,sim-1.0,1790429880,20.2,54.0,2439,2013.0,61.0,1927,1656.0,,1025,952.0,25.4,3,marchita,propagada,-74,,estresada
maceta-sim,889,1,sim-1.0,1790429940,20.3,53.0,2291,1914.0,58.0,1926,1655.0,,1028,956.0,25.9,3,marchita,propagada,-79,,estresada
maceta-sim,890,1,sim-1.0,1790430000,20.0,55.0,2084,1775.0,54.0,1914,1646.0,,1029,954.0,25.6,3,marchita,propagada,-74,,estresada
maceta-sim,891,1,sim-1.0,1790430060,21.0,55.0,2455,2024.0,61.0,1908,1642.0,,1040,964.0,25.6,3,marchita,propagada,-75,,estresada
maceta-sim,892,1,sim-1.0,1790430120,20.9,53.0,2521,2068.0,63.0,1901,1637.0,,1040,964.0,25.8,3,marchita,propagada,-79,,estresada
maceta-sim,893,1,sim-1.0,1790430180,20.8,53.0,2361,1961.0,59.0,1908,1642.0,,1039,962.0,26.0,3,marchita,propagada,-74,,estresada
maceta-sim,894,1,sim-1.0,1790430240,19.8,58.0,2549,2087.0,63.0,1890,1629.0,,1018,944.0,25.6,3,marchita,propagada,-73,,estresada
maceta-sim,895,1,sim-1.0,1790430300,20.2,53.0,2258,1892.0,57.0,1900,1636.0,,1027,953.0,25.8,3,marchita,propagada,-68,,estresada
maceta-sim,896,1,sim-1.0,1790430360,20.2,57.0,2394,1983.0,60.0,1881,1622.0,,1021,946.0,25.3,3,marchita,propagada,-67,,estresada
maceta-sim,897,1,sim-1.0,1790430420,21.2,51.0,2458,2026.0,61.0,1879,1621.0,,1044,967.0,25.6,3,marchita,propagada,-72,,estresada
maceta-sim,898,1,sim-1.0,1790430480,20.1,55.0,2519,2067.0,63.0,1871,1615.0,,1022,948.0,25.5,3,marchita,propagada,-69,,estresada
maceta-sim,899,1,sim-1.0,1790430540,20.0,53.0,2273,1902.0,58.0,1878,1620.0,,1028,953.0,25.5,3,marchita,propagada,-71,,estresada
maceta-sim,900,1,sim-1.0,1790430600,20.3,54.0,2369,1966.0,60.0,1864,1610.0,,1027,952.0,25.8,3,marchita,propagada,-75,,estresada
maceta-sim,901,1,sim-1.0,1790430660,20.7,51.0,2372,1968.0,60.0,1878,1620.0,,1032,958.0,25.3,3,marchita,propagada,-73,,estresada
maceta-sim,902,1,sim-1.0,1790430720,20.1,53.0,2372,1968.0,60.0,1875,1618.0,,1028,952.0,25.6,3,marchita,propagada,-70,,estresada
maceta-sim,903,1,sim-1.0,1790430780,,,2308,1925.0,58.0,1853,1602.0,,1032,958.0,25.6,3,marchita,propagada,-71,dht_sin_respuesta,estresada
maceta-sim,904,1,sim-1.0,1790430840,20.3,56.0,2226,1870.0,57.0,1845,1596.0,,1031,957.0,25.7,3,marchita,propagada,-74,,estresada
maceta-sim,905,1,sim-1.0,1790430900,20.4,53.0,2455,2024.0,61.0,1853,1602.0,,1032,956.0,25.2,3,marchita,propagada,-71,,estresada
maceta-sim,906,1,sim-1.0,1790430960,20.4,52.0,2530,2074.0,63.0,1860,1607.0,,1028,954.0,25.6,3,marchita,propagada,-74,,estresada
maceta-sim,907,1,sim-1.0,1790431020,20.9,55.0,2196,1850.0,56.0,1841,1593.0,,1043,966.0,25.6,3,marchita,propagada,-71,,estresada
maceta-sim,908,1,sim-1.0,1790431080,21.1,52.0,2533,2076.0,63.0,1852,1601.0,,1040,967.0,25.9,3,marchita,propagada,-73,,estresada
maceta-sim,909,1,sim-1.0,1790431140,20.1,54.0,2154,1822.0,55.0,1851,1600.0,,1033,956.0,25.4,3,marchita,propagada,-73,,estresada
maceta-sim,910,1,sim-1.0,1790431200,20.7,52.0,2258,1892.0,57.0,1844,1595.0,,1030,954.0,25.5,3,marchita,propagada,-75,,estresada
maceta-sim,911,1,sim-1.0,1790431260,20.9,51.0,2331,1941.0,59.0,1826,1582.0,,1039,962.0,25.8,3,marchita,propagada,-69,,estresada
maceta-sim,912,1,sim-1.0,1790431320,20.6,54.0,2287,1911.0,58.0,1827,1583.0,,1031,956.0,25.2,3,marchita,propagada,-67,,estresada
maceta-sim,913,1,sim-1.0,1790431380,20.5,53.0,2645,2151.0,65.0,1838,1591.0,,1028,955.0,25.8,3,marchita,propagada,-67,,estresada
maceta-sim,914,1,sim-1.0,1790431440,20.3,56.0,2501,2055.0,62.0,1837,1590.0,,1025,950.0,25.5,3,marchita,propagada,-74,,estresada
maceta-sim,915,1,sim-1.0,1790431500,21.0,51.0,2337,1945.0,59.0,1827,1583.0,,1040,966.0,26.3,3,marchita,propagada,-67,,estresada
maceta-sim,916,1,sim-1.0,1790431560,20.6,53.0,2185,1843.0,56.0,1822,1579.0,,1031,958.0,25.7,3,marchita,propagada,-74,,estresada
maceta-sim,917,1,sim-1.0,1790431620,20.1,54.0,2704,2191.0,66.0,1848,1598.0,,1028,952.0,25.8,3,marchita,propagada,-74,,estresada
maceta-sim,918,1,sim-1.0,1790431680,21.4,53.0,2431,2008.0,61.0,1819,1577.0,,1045,971.0,25.6,3,marchita,propagada,-66,,estresada
maceta-sim,919,1,sim-1.0,1790431740,20.9,52.0,2639,2147.0,65.0,1837,1590.0,,1038,962.0,26.2,3,marchita,propagada,-72,,estresada
maceta-sim,920,1,sim-1.0,1790431800,20.3,56.0,2595,2118.0,64.0,1812,1572.0,,1032,956.0,25.9,3,marchita,propagada,-72,,estresada
maceta-sim,921,1,sim-1.0,1790431860,21.0,55.0,2217,1864.0,56.0,1804,1566.0,,1033,961.0,25.6,3,marchita,propagada,-75,,estresada
maceta-sim,922,1,sim-1.0,1790431920,20.8,56.0,2685,2178.0,66.0,1808,1569.0,,1037,959.0,25.7,3,marchita,propagada,-71,,estresada
maceta-sim,923,1,sim-1.0,1790431980,21.4,52.0,2208,1858.0,56.0,1816,1575.0,,1045,969.0,26.3,3,marchita,propagada,-68,,estresada
maceta-sim,924,1,sim-1.0,1790432040,21.5,50.0,2266,1897.0,57.0,1815,1574.0,,1046,972.0,25.8,3,marchita,propagada,-70,,estresada
maceta-sim,925,1,sim-1.0,1790432100,21.4,51.0,2555,2091.0,63.0,1811,1571.0,,1044,968.0,26.1,3,marchita,propagada,-67,,estresada
maceta-sim,926,1,sim-1.0,1790432160,20.8,54.0,2768,2234.0,68.0,1816,1575.0,,1033,959.0,26.0,3,marchita,propagada,-72,,estresada
maceta-sim,927,1,sim-1.0,1790432220,21.1,53.0,2328,1939.0,59.0,1826,1582.0,,1033,958.0,26.1,3,marchita,propagada,-75,,estresada
maceta-sim,928,1,sim-1.0,1790432280,20.9,50.0,2627,2139.0,65.0,1808,1569.0,,1038,962.0,25.8,3,marchita,propagada,-78,,estresada
maceta-sim,929,1,sim-1.0,1790432340,21.2,53.0,2442,2015.0,61.0,1804,1566.0,,1047,970.0,25.8,3,marchita,propagada,-73,,estresada
maceta-sim,930,1,sim-1.0,1790432400,21.0,54.0,2582,2109.0,64.0,1811,1571.0,,1039,963.0,25.3,3,marchita,propagada,-67,,estresada
maceta-sim,931,1,sim-1.0,1790432460,21.0,50.0,2814,2265.0,69.0,1827,1583.0,,1043,968.0,25.6,3,marchita,propagada,-75,,estresada
maceta-sim,932,1,sim-1.0,1790432520,20.7,53.0,2695,2185.0,66.0,1837,1590.0,,1039,963.0,25.6,3,marchita,propagada,-68,,estresada
maceta-sim,933,1,sim-1.0,1790432580,21.0,53.0,2738,2214.0,67.0,1791,1557.0,,1041,966.0,25.7,3,marchita,propagada,-73,,estresada
maceta-sim,934,1,sim-1.0,1790432640,21.1,53.0,2440,2014.0,61.0,1807,1568.0,,1045,970.0,25.8,3,marchita,propagada,-72,,estresada
maceta-sim,935,1,sim-1.0,1790432700,20.8,52.0,2421,2001.0,61.0,1812,1572.0,,1036,958.0,25.9,2,estresada,manual,-72,,estresada
maceta-sim,936,1,sim-1.0,1790432760,21.8,52.0,2519,2067.0,63.0,1815,1574.0,,1048,974.0,26.1,2,estresada,propagada,-68,,estresada
maceta-sim,937,1,sim-1.0,1790432820,21.0,50.0,2604,2124.0,64.0,1815,1574.0,,1044,968.0,25.5,2,estresada,propagada,-71,,estresada
maceta-sim,938,1,sim-1.0,1790432880,21.2,51.0,2795,2252.0,68.0,1820,1578.0,,1039,962.0,25.8,2,estresada,propagada,-66,,estresada
maceta-sim,939,1,sim-1.0,1790432940,20.7,52.0,2370,1967.0,60.0,1805,1567.0,,1040,965.0,25.7,2,estresada,propagada,-79,,estresada
maceta-sim,940,1,sim-1.0,1790433000,21.2,51.0,2358,1959.0,59.0,1804,1566.0,,1048,971.0,25.6,2,estresada,propagada,-72,,estresada
maceta-sim,941,1,sim-1.0,1790433060,21.3,51.0,2452,2022.0,61.0,1808,1569.0,,1044,968.0,25.5,2,estresada,propagada,-82,,estresada
maceta-sim,942,1,sim-1.0,1790433120,21.0,56.0,2643,2150.0,65.0,1809,1570.0,,1039,964.0,25.8,2,estresada,propagada,-69,,estresada
maceta-sim,943,1,sim-1.0,1790433180,20.6,52.0,2405,1990.0,60.0,1809,1570.0,,1034,957.0,25.5,2,estresada,propagada,-70,,estresada
maceta-sim,944,1,sim-1.0,1790433240,21.5,50.0,2363,1962.0,59.0,1808,1569.0,,1050,973.0,25.8,2,estresada,propagada,-68,,estresada
maceta-sim,945,1,sim-1.0,1790433300,21.2,53.0,2852,2290.0,69.0,1798,1562.0,,1043,968.0,25.9,2,estresada,propagada,-66,,estresada
maceta-sim,946,1,sim-1.0,1790433360,21.3,52.0,2890,2316.0,70.0,1824,1581.0,,1038,965.0,25.6,2,estresada,propagada,-69,,estresada
maceta-sim,947,1,sim-1.0,1790433420,20.8,50.0,2727,2206.0,67.0,1811,1571.0,,1034,959.0,26.0,2,estresada,propagada,-73,,estresada
maceta-sim,948,1,sim-1.0,1790433480,21.2,51.0,2825,2272.0,69.0,1808,1569.0,,1048,973.0,25.5,2,estresada,propagada,-71,,estresada
maceta-sim,949,1,sim-1.0,1790433540,21.4,50.0,2828,2274.0,69.0,1813,1573.0,,1051,976.0,25.7,2,estresada,propagada,-77,,estresada
maceta-sim,950,1,sim-1.0,1790433600,21.2,51.0,2750,2222.0,67.0,1802,1565.0,,1041,967.0,25.6,2,estresada,propagada,-74,,estresada
maceta-sim,951,1,sim-1.0,1790433660,21.2,52.0,2795,2252.0,68.0,1805,1567.0,,1041,966.0,26.1,2,estresada,propagada,-79,,estresada
maceta-sim,952,1,sim-1.0,1790433720,21.1,50.0,2645,2151.0,65.0,1823,1580.0,,1033,961.0,25.6,2,estresada,propagada,-75,,estresada
maceta-sim,953,1,sim-1.0,1790433780,21.0,52.0,2630,2141.0,65.0,1807,1568.0,,1039,962.0,25.7,2,estresada,propagada,-72,,estresada
maceta-sim,954,1,sim-1.0,1790433840,21.1,53.0,2642,2149.0,65.0,1823,1580.0,,1048,969.0,25.4,2,estresada,propagada,-73,,estresada
maceta-sim,955,1,sim-1.0,1790433900,21.3,50.0,2437,2012.0,61.0,1794,1559.0,,1043,968.0,25.5,2,estresada,propagada,-67,,estresada
maceta-sim,956,1,sim-1.0,1790433960,21.5,51.0,2695,2185.0,66.0,1794,1559.0,,1048,970.0,26.1,2,estresada,propagada,-78,,estresada
maceta-sim,957,1,sim-1.0,1790434020,21.5,50.0,2546,2085.0,63.0,1800,1563.0,,1045,969.0,25.8,2,estresada,propagada,-69,,estresada
maceta-sim,958,1,sim-1.0,1790434080,21.6,49.0,2734,2211.0,67.0,1809,1570.0,,1046,970.0,26.4,2,estresada,propagada,-73,,estresada
maceta-sim,959,1,sim-1.0,1790434140,21.4,51.0,2573,2103.0,64.0,1813,1573.0,,1045,971.0,26.1,2,estresada,propagada,-73,,estresada
maceta-sim,960,1,sim-1.0,1790434200,21.9,49.0,2788,2247.0,68.0,1809,1570.0,,1045,969.0,25.9,2,estresada,propagada,-70,,estresada
maceta-sim,961,1,sim-1.0,1790434260,21.1,52.0,2850,2289.0,69.0,1796,1560.0,,1034,961.0,25.8,2,estresada,propagada,-74,,estresada
maceta-sim,962,1,sim-1.0,1790434320,21.4,53.0,2734,2211.0,67.0,1816,1575.0,,1047,969.0,25.5,2,estresada,propagada,-77,,estresada
maceta-sim,963,1,sim-1.0,1790434380,21.9,50.0,2516,2065.0,63.0,1805,1567.0,,1055,978.0,25.7,2,estresada,propagada,-67,,estresada
maceta-sim,964,1,sim-1.0,1790434440,21.4,54.0,2439,2013.0,61.0,1816,1575.0,,1040,964.0,25.7,2,estresada,propagada,-72,,estresada
maceta-sim,965,1,sim-1.0,1790434500,21.5,52.0,2633,2143.0,65.0,1809,1570.0,,1042,964.0,26.1,2,estresada,propagada,-74,,estresada
maceta-sim,966,1,sim-1.0,1790434560,21.7,53.0,2639,2147.0,65.0,1815,1574.0,,1054,976.0,25.8,2,estresada,propagada,-72,,estresada
maceta-sim,967,1,sim-1.0,1790434620,21.6,50.0,2700,2188.0,66.0,1824,1581.0,,1052,975.0,26.1,2,estresada,propagada,-72,,estresada
maceta-sim,968,1,sim-1.0,1790434680,21.5,52.0,2504,2057.0,62.0,1811,1571.0,,1044,969.0,25.7,2,estresada,propagada,-74,,estresada
maceta-sim,969,1,sim-1.0,1790434740,21.7,50.0,2898,2321.0,70.0,1835,1589.0,,1045,970.0,26.2,2,estresada,propagada,-78,,estresada
maceta-sim,970,1,sim-1.0,1790434800,21.5,52.0,2457,2025.0,61.0,1813,1573.0,,1046,971.0,26.1,2,estresada,propagada,-71,,estresada
maceta-sim,971,1,sim-1.0,1790434860,21.7,49.0,2652,2156.0,65.0,1826,1582.0,,1045,969.0,25.8,2,estresada,propagada,-77,,estresada
maceta-sim,972,1,sim-1.0,1790434920,22.0,47.0,2554,2090.0,63.0,1826,1582.0,,1051,975.0,25.7,2,estresada,propagada,-75,,estresada
maceta-sim,973,1,sim-1.0,1790434980,21.5,52.0,2740,2215.0,67.0,1827,1583.0,,1050,974.0,25.8,2,estresada,propagada,-73,,estresada
maceta-sim,974,1,sim-1.0,1790435040,21.1,52.0,2977,2374.0,72.0,1823,1580.0,,1037,962.0,26.2,2,estresada,propagada,-71,,estresada
maceta-sim,975,1,sim-1.0,1790435100,21.5,51.0,2932,2344.0,71.0,1824,1581.0,,1041,969.0,25.9,2,estresada,propagada,-71,,estresada
maceta-sim,976,1,sim-1.0,1790435160,22.1,49.0,2434,2010.0,61.0,1813,1573.0,,1059,982.0,26.3,2,estresada,propagada,-75,,estresada
maceta-sim,977,1,sim-1.0,1790435220,21.4,51.0,2410,1994.0,60.0,1816,1575.0,,1042,969.0,25.8,2,estresada,propagada,-77,,estresada
maceta-sim,978,1,sim-1.0,1790435280,21.9,49.0,2680,2175.0,66.0,1816,1575.0,,1045,969.0,26.1,2,estresada,propagada,-71,,estresada
maceta-sim,979,1,sim-1.0,1790435340,21.9,50.0,2497,2052.0,62.0,1823,1580.0,,1051,976.0,26.1,2,estresada,propagada,-70,,estresada
maceta-sim,980,1,sim-1.0,1790435400,21.2,53.0,2624,2137.0,65.0,1815,1574.0,,1045,968.0,25.9,2,estresada,propagada,-76,,estresada
maceta-sim,981,1,sim-1.0,1790435460,21.3,51.0,2780,2242.0,68.0,1840,1592.0,,1050,971.0,25.9,2,estresada,propagada,-70,,estresada
maceta-sim,982,1,sim-1.0,1790435520,21.3,51.0,2521,2068.0,63.0,1819,1577.0,,1044,969.0,25.7,2,estresada,propagada,-79,,estresada
maceta-sim,983,1,sim-1.0,1790435580,21.4,49.0,2697,2186.0,66.0,1823,1580.0,,1041,966.0,25.7,2,estresada,propagada,-67,,estresada
maceta-sim,984,1,sim-1.0,1790435640,21.4,52.0,2729,2208.0,67.0,1830,1585.0,,1041,967.0,26.2,2,estresada,propagada,-71,,estresada
maceta-sim,985,1,sim-1.0,1790435700,21.3,50.0,2752,2223.0,67.0,1805,1567.0,,1042,967.0,25.9,2,estresada,propagada,-66,,estresada
maceta-sim,986,1,sim-1.0,1790435760,21.9,52.0,2871,2303.0,70.0,1816,1575.0,,1055,977.0,25.9,2,estresada,propagada,-76,,estresada
maceta-sim,987,1,sim-1.0,1790435820,22.0,51.0,2914,2332.0,71.0,1827,1583.0,,1052,974.0,25.8,2,estresada,propagada,-69,,estresada
maceta-sim,988,1,sim-1.0,1790435880,21.9,53.0,2443,2016.0,61.0,1833,1587.0,,1053,974.0,26.2,2,estresada,propagada,-68,,estresada
maceta-sim,989,1,sim-1.0,1790435940,21.7,49.0,2987,2381.0,72.0,1823,1580.0,,1045,971.0,26.2,2,estresada,propagada,-66,,estresada
maceta-sim,990,1,sim-1.0,1790436000,21.6,50.0,3007,2394.0,73.0,1818,1576.0,,1046,969.0,25.9,2,estresada,propagada,-69,,estresada
maceta-sim,991,1,sim-1.0,1790436060,21.7,51.0,3032,2411.0,73.0,1798,1562.0,,1050,974.0,25.9,2,estresada,propagada,-76,,estresada
maceta-sim,992,1,sim-1.0,1790436120,21.8,49.0,3031,2410.0,73.0,1840,1592.0,,1046,970.0,26.0,2,estresada,propagada,-71,,estresada
maceta-sim,993,1,sim-1.0,1790436180,21.9,50.0,2598,2120.0,64.0,1829,1584.0,,1056,978.0,25.9,2,estresada,propagada,-71,,estresada
maceta-sim,994,1,sim-1.0,1790436240,21.9,49.0,2664,2164.0,66.0,1840,1592.0,,1051,974.0,26.2,2,estresada,propagada,-72,,estresada
maceta-sim,995,1,sim-1.0,1790436300,21.5,51.0,2636,2145.0,65.0,1831,1586.0,,1037,963.0,26.2,2,estresada,propagada,-77,,estresada
maceta-sim,996,1,sim-1.0,1790436360,21.9,50.0,2971,2370.0,72.0,1824,1581.0,,1049,974.0,26.1,2,estresada,propagada,-72,,estresada
maceta-sim,997,1,sim-1.0,1790436420,21.7,54.0,2560,2094.0,63.0,1826,1582.0,,1044,969.0,25.8,2,estresada,propagada,-72,,estresada
maceta-sim,998,1,sim-1.0,1790436480,21.6,51.0,3037,2414.0,73.0,1830,1585.0,,1042,966.0,25.8,2,estresada,propagada,-64,,estresada
maceta-sim,999,1,sim-1.0,1790436540,22.4,48.0,2549,2087.0,63.0,1823,1580.0,,1050,976.0,26.3,2,estresada,propagada,-73,,estresada
maceta-sim,1000,1,sim-1.0,1790436600,22.2,50.0,2959,2362.0,72.0,1831,1586.0,,1056,981.0,26.1,2,estresada,propagada,-71,,estresada
maceta-sim,1001,1,sim-1.0,1790436660,22.3,49.0,2674,2171.0,66.0,1849,1599.0,,1050,976.0,26.0,2,estresada,propagada,-65,,estresada
maceta-sim,1002,1,sim-1.0,1790436720,22.5,48.0,2964,2365.0,72.0,1833,1587.0,,1057,982.0,26.0,2,estresada,propagada,-72,,estresada
maceta-sim,1003,1,sim-1.0,1790436780,21.9,51.0,2670,2168.0,66.0,1834,1588.0,,1052,976.0,25.9,2,estresada,propagada,-75,,estresada
maceta-sim,1004,1,sim-1.0,1790436840,22.4,50.0,2956,2360.0,72.0,1842,1594.0,,1058,982.0,26.4,2,estresada,propagada,-76,,estresada
maceta-sim,1005,1,sim-1.0,1790436900,21.9,50.0,2937,2347.0,71.0,1840,1592.0,,1053,978.0,25.7,2,estresada,propagada,-70,,estresada
maceta-sim,1006,1,sim-1.0,1790436960,22.2,51.0,2987,2381.0,72.0,1838,1591.0,,1053,977.0,26.6,2,estresada,propagada,-76,,estresada
maceta-sim,1007,1,sim-1.0,1790437020,21.8,50.0,2560,2094.0,63.0,1844,1595.0,,1046,970.0,26.1,2,estresada,propagada,-73,,estresada
maceta-sim,1008,1,sim-1.0,1790437080,22.1,49.0,2914,2332.0,71.0,1837,1590.0,,1048,973.0,26.1,2,estresada,propagada,-71,,estresada
maceta-sim,1009,1,sim-1.0,1790437140,22.2,50.0,2913,2331.0,71.0,1853,1602.0,,1051,974.0,26.4,2,estresada,propagada,-75,,estresada
maceta-sim,1010,1,sim-1.0,1790437200,22.1,50.0,3029,2409.0,73.0,1837,1590.0,,1048,974.0,26.0,2,estresada,propagada,-79,,estresada
maceta-sim,1011,1,sim-1.0,1790437260,22.4,48.0,2582,2109.0,64.0,1838,1591.0,,1052,974.0,26.2,2,estresada,manual,-77,,saludable
maceta-sim,1012,1,sim-1.0,1790437320,22.1,49.0,2840,2282.0,69.0,1849,1599.0,,1056,979.0,26.0,2,estresada,propagada,-76,,saludable
maceta-sim,1013,1,sim-1.0,1790437380,21.9,50.0,3049,2422.0,73.0,1844,1595.0,,1048,973.0,25.8,2,estresada,propagada,-71,,saludable
maceta-sim,1014,1,sim-1.0,1790437440,22.2,49.0,2758,2227.0,67.0,1846,1597.0,,1056,978.0,26.4,2,estresada,propagada,-70,,saludable
maceta-sim,1015,1,sim-1.0,1790437500,22.7,52.0,2704,2191.0,66.0,1833,1587.0,,1060,983.0,25.9,2,estresada,propagada,-71,,saludable
maceta-sim,1016,1,sim-1.0,1790437560,22.0,50.0,2567,2099.0,64.0,1845,1596.0,,1050,973.0,25.9,2,estresada,propagada,-70,,saludable
maceta-sim,1017,1,sim-1.0,1790437620,22.0,50.0,3028,2408.0,73.0,1835,1589.0,,1048,973.0,26.0,2,estresada,propagada,-67,,saludable
maceta-sim,1018,1,sim-1.0,1790437680,22.2,50.0,2786,2246.0,68.0,1853,1602.0,,1058,982.0,26.2,2,estresada,propagada,-74,,saludable
maceta-sim,1019,1,sim-1.0,1790437740,22.4,46.0,2539,2080.0,63.0,1855,1603.0,,1059,979.0,26.1,2,estresada,propagada,-68,,saludable
maceta-sim,1020,1,sim-1.0,1790437800,22.2,48.0,3002,2391.0,72.0,1860,1607.0,,1050,973.0,25.9,2,estresada,propagada,-77,,saludable
maceta-sim,1021,1,sim-1.0,1790437860,22.4,52.0,3074,2439.0,74.0,1852,1601.0,,1052,978.0,26.5,2,estresada,propagada,-73,,saludable
maceta-sim,1022,1,sim-1.0,1790437920,22.1,49.0,2932,2344.0,71.0,1846,1597.0,,1053,977.0,26.1,2,estresada,propagada,-69,,saludable
maceta-sim,1023,1,sim-1.0,1790437980,22.2,51.0,3050,2423.0,73.0,1851,1600.0,,1059,981.0,26.0,2,estresada,propagada,-74,,saludable
maceta-sim,1024,1,sim-1.0,1790438040,22.2,50.0,2914,2332.0,71.0,1859,1606.0,,1046,970.0,26.3,2,estresada,propagada,-70,,saludable
maceta-sim,1025,1,sim-1.0,1790438100,22.3,47.0,3040,2416.0,73.0,1855,1603.0,,1050,976.0,26.1,2,estresada,propagada,-72,,saludable
maceta-sim,1026,1,sim-1.0,1790438160,22.1,49.0,2630,2141.0,65.0,1866,1611.0,,1052,975.0,26.1,2,estresada,propagada,-66,,saludable
maceta-sim,1027,1,sim-1.0,1790438220,22.6,49.0,3026,2407.0,73.0,1851,1600.0,,1060,984.0,26.0,2,estresada,propagada,-78,,saludable
maceta-sim,1028,1,sim-1.0,1790438280,22.7,50.0,2668,2167.0,66.0,1856,1604.0,,1061,984.0,26.1,2,estresada,propagada,-73,,saludable
maceta-sim,1029,1,sim-1.0,1790438340,22.2,51.0,3007,2394.0,73.0,1835,1589.0,,1062,984.0,25.7,2,estresada,propagada,-70,,saludable
maceta-sim,1030,1,sim-1.0,1790438400,22.4,47.0,2652,2156.0,65.0,1864,1610.0,,1058,983.0,26.0,2,estresada,propagada,-69,,saludable
maceta-sim,1031,1,sim-1.0,1790438460,21.6,53.0,2570,2101.0,64.0,1864,1610.0,,1048,972.0,25.8,2,estresada,propagada,-71,,saludable
maceta-sim,1032,1,sim-1.0,1790438520,22.5,49.0,2495,2051.0,62.0,1862,1608.0,,1058,981.0,26.2,2,estresada,propagada,-74,,saludable
maceta-sim,1033,1,sim-1.0,1790438580,22.4,49.0,3032,2411.0,73.0,1851,1600.0,,1056,980.0,26.0,2,estresada,propagada,-75,,saludable
maceta-sim,1034,1,sim-1.0,1790438640,22.0,48.0,2591,2115.0,64.0,1864,1610.0,,1050,976.0,26.0,2,estresada,propagada,-68,,saludable
maceta-sim,1035,1,sim-1.0,1790438700,22.2,50.0,2624,2137.0,65.0,1853,1602.0,,1055,979.0,25.8,2,estresada,propagada,-70,,saludable
maceta-sim,1036,1,sim-1.0,1790438760,21.9,49.0,3051,2424.0,73.0,1842,1594.0,,1054,979.0,26.1,2,estresada,propagada,-72,,saludable
maceta-sim,1037,1,sim-1.0,1790438820,22.2,51.0,2677,2173.0,66.0,1868,1613.0,,1051,974.0,26.3,2,estresada,propagada,-72,,saludable
maceta-sim,1038,1,sim-1.0,1790438880,22.5,47.0,2971,2370.0,72.0,1870,1614.0,,1054,975.0,26.1,2,estresada,propagada,-70,,saludable
maceta-sim,1039,1,sim-1.0,1790438940,21.9,50.0,2838,2281.0,69.0,1863,1609.0,,1053,977.0,25.7,2,estresada,propagada,-73,,saludable
maceta-sim,1040,1,sim-1.0,1790439000,21.8,50.0,2472,2035.0,62.0,1849,1599.0,,1053,976.0,26.0,2,estresada,propagada,-74,,saludable
maceta-sim,1041,1,sim-1.0,1790439060,22.6,52.0,3075,2440.0,74.0,1859,1606.0,,1059,980.0,26.3,2,estresada,propagada,-68,,saludable
maceta-sim,1042,1,sim-1.0,1790439120,22.0,51.0,2521,2068.0,63.0,1868,1613.0,,1057,980.0,25.8,2,estresada,propagada,-69,,saludable
maceta-sim,1043,1,sim-1.0,1790439180,22.4,51.0,2524,2070.0,63.0,1885,1625.0,,1058,982.0,26.0,2,estresada,propagada,-75,,saludable
maceta-sim,1044,1,sim-1.0,1790439240,22.8,47.0,3072,2438.0,74.0,1864,1610.0,,1060,987.0,26.0,2,estresada,propagada,-68,,saludable
maceta-sim,1045,1,sim-1.0,1790439300,23.1,48.0,3017,2401.0,73.0,1881,1622.0,,1067,990.0,26.5,2,estresada,propagada,-70,,saludable
maceta-sim,1046,1,sim-1.0,1790439360,22.4,51.0,3049,2422.0,73.0,1875,1618.0,,1058,981.0,25.9,2,estresada,propagada,-69,,saludable
maceta-sim,1047,1,sim-1.0,1790439420,22.6,47.0,2911,2330.0,71.0,1848,1598.0,,1057,981.0,26.3,2,estresada,propagada,-76,,saludable
maceta-sim,1048,1,sim-1.0,1790439480,22.4,49.0,2940,2349.0,71.0,1852,1601.0,,1060,982.0,26.2,2,estresada,propagada,-67,,saludable
maceta-sim,1049,1,sim-1.0,1790439540,22.3,46.0,2969,2369.0,72.0,1868,1613.0,,1052,975.0,26.0,2,estresada,propagada,-78,,saludable
maceta-sim,1050,1,sim-1.0,1790439600,22.2,51.0,2959,2362.0,72.0,1863,1609.0,,1054,975.0,25.9,2,estresada,propagada,-64,,saludable
maceta-sim,1051,1,sim-1.0,1790439660,22.5,51.0,2461,2028.0,61.0,1871,1615.0,,1056,980.0,26.1,2,estresada,propagada,-76,,saludable
maceta-sim,1052,1,sim-1.0,1790439720,22.4,46.0,3014,2399.0,73.0,1864,1610.0,,1058,982.0,26.2,2,estresada,propagada,-77,,saludable
maceta-sim,1053,1,sim-1.0,1790439780,22.1,52.0,2837,2280.0,69.0,1874,1617.0,,1059,981.0,26.0,2,estresada,propagada,-69,,saludable
maceta-sim,1054,1,sim-1.0,1790439840,22.6,46.0,2555,2091.0,63.0,1866,1611.0,,1055,979.0,26.2,2,estresada,propagada,-71,,saludable
maceta-sim,1055,1,sim-1.0,1790439900,22.1,49.0,2652,2156.0,65.0,1860,1607.0,,1052,976.0,25.9,2,estresada,propagada,-76,,saludable
maceta-sim,1056,1,sim-1.0,1790439960,22.1,53.0,2548,2086.0,63.0,1885,1625.0,,1055,978.0,26.1,2,estresada,propagada,-73,,saludable
maceta-sim,1057,1,sim-1.0,1790440020,22.2,49.0,3016,2400.0,73.0,1860,1607.0,,1057,981.0,26.1,2,estresada,propagada,-65,,saludable
maceta-sim,1058,1,sim-1.0,1790440080,22.5,46.0,2888,2314.0,70.0,1874,1617.0,,1065,984.0,26.1,2,estresada,propagada,-76,,saludable
maceta-sim,1059,1,sim-1.0,1790440140,22.5,46.0,2849,2288.0,69.0,1874,1617.0,,1058,981.0,26.2,2,estresada,propagada,-69,,saludable
maceta-sim,1060,1,sim-1.0,1790440200,22.0,50.0,2452,2022.0,61.0,1868,1613.0,,1047,971.0,25.9,2,estresada,propagada,-70,,saludable
maceta-sim,1061,1,sim-1.0,1790440260,22.7,51.0,2792,2250.0,68.0,1881,1622.0,,1058,981.0,26.4,2,estresada,propagada,-81,,saludable
maceta-sim,1062,1,sim-1.0,1790440320,22.4,52.0,2537,2079.0,63.0,1885,1625.0,,1064,987.0,26.1,2,estresada,propagada,-68,,saludable
maceta-sim,1063,1,sim-1.0,1790440380,,,2576,2105.0,64.0,1892,1630.0,,1048,972.0,25.8,2,estresada,propagada,-76,dht_sin_respuesta,saludable
maceta-sim,1064,1,sim-1.0,1790440440,22.7,47.0,2586,2112.0,64.0,1871,1615.0,,1062,985.0,26.1,2,estresada,propagada,-77,,saludable
maceta-sim,1065,1,sim-1.0,1790440500,22.2,49.0,2785,2245.0,68.0,1885,1625.0,,1054,980.0,26.3,2,estresada,propagada,-75,,saludable
maceta-sim,1066,1,sim-1.0,1790440560,22.3,50.0,2659,2161.0,65.0,1893,1631.0,,1049,975.0,26.2,2,estresada,propagada,-71,,saludable
maceta-sim,1067,1,sim-1.0,1790440620,22.9,46.0,2829,2275.0,69.0,1897,1634.0,,1061,985.0,26.4,2,estresada,propagada,-72,,saludable
maceta-sim,1068,1,sim-1.0,1790440680,22.7,48.0,2986,2380.0,72.0,1888,1627.0,,1060,985.0,26.1,2,estresada,propagada,-70,,saludable
maceta-sim,1069,1,sim-1.0,1790440740,22.5,51.0,2838,2281.0,69.0,1870,1614.0,,1055,979.0,26.1,2,estresada,propagada,-78,,saludable
maceta-sim,1070,1,sim-1.0,1790440800,22.8,47.0,3028,2408.0,73.0,1889,1628.0,,1060,986.0,26.3,1,saludable,manual,-72,,saludable
maceta-sim,1071,1,sim-1.0,1790440860,22.4,50.0,2798,2254.0,68.0,1896,1633.0,,1052,977.0,26.3,1,saludable,propagada,-69,,saludable
maceta-sim,1072,1,sim-1.0,1790440920,22.8,47.0,2853,2291.0,69.0,1900,1636.0,,1058,983.0,26.2,1,saludable,propagada,-71,,saludable
maceta-sim,1073,1,sim-1.0,1790440980,23.1,47.0,2910,2329.0,71.0,1896,1633.0,,1064,988.0,26.0,1,saludable,propagada,-76,,saludable
maceta-sim,1074,1,sim-1.0,1790441040,23.0,47.0,2782,2243.0,68.0,1874,1617.0,,1067,989.0,26.4,1,saludable,propagada,-71,,saludable
maceta-sim,1075,1,sim-1.0,1790441100,,,2557,2092.0,63.0,1873,1616.0,,1061,981.0,26.0,1,saludable,propagada,-70,dht_sin_respuesta,saludable
maceta-sim,1076,1,sim-1.0,1790441160,22.7,48.0,2710,2195.0,67.0,1885,1625.0,,1065,988.0,26.1,1,saludable,propagada,-67,,saludable
maceta-sim,1077,1,sim-1.0,1790441220,22.9,49.0,2534,2077.0,63.0,1877,1619.0,,1065,987.0,26.4,1,saludable,propagada,-68,,saludable
maceta-sim,1078,1,sim-1.0,1790441280,22.9,47.0,2914,2332.0,71.0,1888,1627.0,,1064,987.0,26.5,1,saludable,propagada,-75,,saludable
maceta-sim,1079,1,sim-1.0,1790441340,23.5,49.0,2558,2093.0,63.0,1897,1634.0,,1072,992.0,26.7,1,saludable,propagada,-68,,saludable
maceta-sim,1080,1,sim-1.0,1790441400,22.6,47.0,2689,2181.0,66.0,1885,1625.0,,1057,980.0,26.6,1,saludable,propagada,-73,,saludable
maceta-sim,1081,1,sim-1.0,1790441460,23.1,46.0,2732,2210.0,67.0,1889,1628.0,,1065,988.0,26.7,1,saludable,propagada,-70,,saludable
maceta-sim,1082,1,sim-1.0,1790441520,22.8,48.0,2637,2146.0,65.0,1890,1629.0,,1063,986.0,26.2,1,saludable,propagada,-74,,saludable
maceta-sim,1083,1,sim-1.0,1790441580,22.8,49.0,2583,2110.0,64.0,1910,1643.0,,1068,991.0,25.7,1,saludable,propagada,-68,,saludable
maceta-sim,1084,1,sim-1.0,1790441640,22.6,47.0,2804,2258.0,68.0,1901,1637.0,,1059,983.0,26.1,1,saludable,propagada,-74,,saludable
maceta-sim,1085,1,sim-1.0,1790441700,22.5,50.0,2442,2015.0,61.0,1900,1636.0,,1059,982.0,26.2,1,saludable,propagada,-71,,saludable
maceta-sim,1086,1,sim-1.0,1790441760,23.3,47.0,2969,2369.0,72.0,1915,1647.0,,1068,990.0,26.1,1,saludable,propagada,-65,,saludable
maceta-sim,1087,1,sim-1.0,1790441820,22.1,49.0,2646,2152.0,65.0,1916,1648.0,,1056,978.0,26.2,1,saludable,propagada,-79,,saludable
maceta-sim,1088,1,sim-1.0,1790441880,23.0,50.0,2968,2368.0,72.0,1896,1633.0,,1060,984.0,26.3,1,saludable,propagada,-75,,saludable
maceta-sim,1089,1,sim-1.0,1790441940,22.9,47.0,2649,2154.0,65.0,1882,1623.0,,1062,985.0,26.2,1,saludable,propagada,-74,,saludable
maceta-sim,1090,1,sim-1.0,1790442000,22.9,49.0,2911,2330.0,71.0,1901,1637.0,,1061,985.0,26.0,1,saludable,propagada,-65,,saludable
maceta-sim,1091,1,sim-1.0,1790442060,23.0,47.0,2486,2045.0,62.0,1894,1632.0,,1062,985.0,26.4,1,saludable,propagada,-73,,saludable
maceta-sim,1092,1,sim-1.0,1790442120,22.7,48.0,2527,2072.0,63.0,1889,1628.0,,1065,988.0,26.4,1,saludable,propagada,-70,,saludable
maceta-sim,1093,1,sim-1.0,1790442180,22.7,47.0,2485,2044.0,62.0,1888,1627.0,,1067,988.0,25.9,1,saludable,propagada,-74,,saludable
maceta-sim,1094,1,sim-1.0,1790442240,23.1,49.0,2823,2271.0,69.0,1899,1635.0,,1062,986.0,26.0,1,saludable,propagada,-76,,saludable
maceta-sim,1095,1,sim-1.0,1790442300,22.9,46.0,2837,2280.0,69.0,1916,1648.0,,1064,986.0,26.5,1,saludable,propagada,-82,,saludable
maceta-sim,1096,1,sim-1.0,1790442360,23.0,47.0,2750,2222.0,67.0,1912,1645.0,,1068,990.0,26.3,1,saludable,propagada,-73,,saludable
maceta-sim,1097,1,sim-1.0,1790442420,22.8,49.0,2917,2334.0,71.0,1900,1636.0,,1055,980.0,26.4,1,saludable,propagada,-74,,saludable
maceta-sim,1098,1,sim-1.0,1790442480,23.0,48.0,2926,2340.0,71.0,1899,1635.0,,1069,992.0,26.3,1,saludable,propagada,-72,,saludable
maceta-sim,1099,1,sim-1.0,1790442540,22.5,48.0,2454,2023.0,61.0,1889,1628.0,,1056,981.0,26.2,1,saludable,manual,-76,,saludable
maceta-sim,1100,1,sim-1.0,1790442600,23.4,48.0,2734,2211.0,67.0,1905,1640.0,,1075,995.0,26.5,1,saludable,propagada,-69,,saludable
maceta-sim,1101,1,sim-1.0,1790442660,22.7,49.0,2354,1956.0,59.0,1915,1647.0,,1056,978.0,26.2,1,saludable,propagada,-75,,saludable
maceta-sim,1102,1,sim-1.0,1790442720,23.0,51.0,2801,2256.0,68.0,1910,1643.0,,1069,990.0,26.6,1,saludable,propagada,-71,,saludable
maceta-sim,1103,1,sim-1.0,1790442780,23.0,45.0,2546,2085.0,63.0,1915,1647.0,,1067,990.0,26.1,1,saludable,propagada,-73,,saludable
maceta-sim,1104,1,sim-1.0,1790442840,23.0,50.0,2811,2263.0,69.0,1905,1640.0,,1067,989.0,26.1,1,saludable,propagada,-74,,saludable
maceta-sim,1105,1,sim-1.0,1790442900,22.8,48.0,2829,2275.0,69.0,1904,1639.0,,1060,984.0,26.1,1,saludable,propagada,-70,,saludable
maceta-sim,1106,1,sim-1.0,1790442960,23.0,49.0,2424,2003.0,61.0,1912,1645.0,,1067,986.0,26.4,1,saludable,propagada,-77,,saludable
maceta-sim,1107,1,sim-1.0,1790443020,22.7,52.0,2625,2138.0,65.0,1903,1638.0,,1057,982.0,25.8,1,saludable,propagada,-77,,saludable
maceta-sim,1108,1,sim-1.0,1790443080,23.2,50.0,2655,2158.0,65.0,1927,1656.0,,1068,990.0,26.4,1,saludable,propagada,-72,,saludable
maceta-sim,1109,1,sim-1.0,1790443140,23.1,45.0,2489,2047.0,62.0,1900,1636.0,,1066,989.0,26.4,1,saludable,propagada,-76,,saludable
maceta-sim,1110,1,sim-1.0,1790443200,22.9,48.0,2659,2161.0,65.0,1923,1653.0,,1056,981.0,26.2,1,saludable,propagada,-71,,saludable
maceta-sim,1111,1,sim-1.0,1790443260,22.7,48.0,2826,2273.0,69.0,1914,1646.0,,1064,985.0,26.2,1,saludable,propagada,-73,,saludable
maceta-sim,1112,1,sim-1.0,1790443320,23.3,49.0,2713,2197.0,67.0,1919,1650.0,,1065,990.0,26.8,1,saludable,propagada,-69,,saludable
maceta-sim,1113,1,sim-1.0,1790443380,23.3,49.0,2497,2052.0,62.0,1914,1646.0,,1068,990.0,26.2,1,saludable,propagada,-72,,saludable
maceta-sim,1114,1,sim-1.0,1790443440,23.1,45.0,2776,2239.0,68.0,1912,1645.0,,1059,984.0,26.3,1,saludable,propagada,-68,,saludable
maceta-sim,1115,1,sim-1.0,1790443500,23.2,48.0,2407,1992.0,60.0,1912,1645.0,,1065,986.0,26.3,1,saludable,propagada,-71,,saludable
maceta-sim,1116,1,sim-1.0,1790443560,23.2,45.0,2873,2304.0,70.0,1919,1650.0,,1071,993.0,26.5,1,saludable,propagada,-75,,saludable
maceta-sim,1117,1,sim-1.0,1790443620,22.9,48.0,2566,2098.0,64.0,1926,1655.0,,1064,986.0,26.2,1,saludable,propagada,-73,,saludable
maceta-sim,1118,1,sim-1.0,1790443680,22.9,46.0,2586,2112.0,64.0,1910,1643.0,,1060,986.0,26.3,1,saludable,propagada,-69,,saludable
maceta-sim,1119,1,sim-1.0,1790445300,22.7,49.0,2555,2091.0,63.0,1938,1664.0,,1052,977.0,26.2,1,saludable,manual,-72,,saludable
maceta-sim,1120,1,sim-1.0,1790445360,22.9,46.0,2495,2051.0,62.0,1947,1670.0,,1055,980.0,26.3,1,saludable,propagada,-73,,saludable
maceta-sim,1121,1,sim-1.0,1790445420,22.9,48.0,2636,2145.0,65.0,1927,1656.0,,1066,987.0,26.5,1,saludable,propagada,-66,,saludable
maceta-sim,1122,1,sim-1.0,1790445480,22.6,47.0,2576,2105.0,64.0,1937,1663.0,,1051,977.0,26.0,1,saludable,propagada,-79,,saludable
maceta-sim,1123,1,sim-1.0,1790445540,22.9,45.0,2615,2131.0,65.0,1936,1662.0,,1062,985.0,26.2,1,saludable,propagada,-67,,saludable
maceta-sim,1124,1,sim-1.0,1790445600,22.9,49.0,2306,1924.0,58.0,1933,1660.0,,1061,984.0,26.4,1,saludable,propagada,-68,,saludable
maceta-sim,1125,1,sim-1.0,1790445660,22.9,48.0,2309,1926.0,58.0,1959,1679.0,,1060,983.0,26.2,1,saludable,propagada,-72,,saludable
maceta-sim,1126,1,sim-1.0,1790445720,23.3,47.0,2554,2090.0,63.0,1951,1673.0,,1069,991.0,26.3,1,saludable,propagada,-68,,saludable
maceta-sim,1127,1,sim-1.0,1790445780,22.9,50.0,2211,1860.0,56.0,1952,1674.0,,1065,989.0,26.1,1,saludable,propagada,-72,,saludable
maceta-sim,1128,1,sim-1.0,1790445840,23.2,47.0,2406,1991.0,60.0,1944,1668.0,,1063,989.0,26.1,1,saludable,propagada,-75,,saludable
maceta-sim,1129,1,sim-1.0,1790445900,23.0,48.0,2308,1925.0,58.0,1940,1665.0,,1057,983.0,26.2,1,saludable,propagada,-70,,saludable
maceta-sim,1130,1,sim-1.0,1790445960,22.9,49.0,2212,1861.0,56.0,1940,1665.0,,1066,987.0,26.4,1,saludable,propagada,-70,,saludable
maceta-sim,1131,1,sim-1.0,1790446020,23.5,45.0,2612,2129.0,65.0,1955,1676.0,,1064,988.0,26.1,1,saludable,propagada,-71,,saludable
maceta-sim,1132,1,sim-1.0,1790446080,23.4,46.0,2437,2012.0,61.0,1947,1670.0,,1068,992.0,26.3,1,saludable,propagada,-69,,saludable
maceta-sim,1133,1,sim-1.0,1790446140,23.3,48.0,2315,1930.0,58.0,1952,1674.0,,1075,996.0,26.5,1,saludable,propagada,-73,,saludable
maceta-sim,1134,1,sim-1.0,1790446200,22.8,51.0,2182,1841.0,56.0,1940,1665.0,,1062,985.0,26.5,1,saludable,propagada,-77,,saludable
maceta-sim,1135,1,sim-1.0,1790446260,23.2,47.0,2269,1899.0,58.0,1966,1684.0,,1069,992.0,26.1,1,saludable,propagada,-65,,saludable
maceta-sim,1136,1,sim-1.0,1790446320,23.3,46.0,2078,1771.0,54.0,1965,1683.0,,1064,986.0,26.8,1,saludable,propagada,-75,,saludable
maceta-sim,1137,1,sim-1.0,1790446380,23.0,48.0,2431,2008.0,61.0,1954,1675.0,,1062,985.0,26.4,1,saludable,propagada,-68,,saludable
maceta-sim,1138,1,sim-1.0,1790446440,22.8,50.0,2276,1904.0,58.0,1959,1679.0,,1054,980.0,26.2,1,saludable,propagada,-77,,saludable
maceta-sim,1139,1,sim-1.0,1790446500,22.5,47.0,2148,1818.0,55.0,1947,1670.0,,1054,977.0,26.0,1,saludable,propagada,-68,,saludable
maceta-sim,1140,1,sim-1.0,1790446560,23.6,46.0,2235,1876.0,57.0,1951,1673.0,,1075,998.0,26.4,1,saludable,propagada,-71,,saludable
maceta-sim,1141,1,sim-1.0,1790446620,23.6,49.0,2348,1952.0,59.0,1945,1669.0,,1074,997.0,26.6,1,saludable,propagada,-76,,saludable
maceta-sim,1142,1,sim-1.0,1790446680,23.1,50.0,2294,1916.0,58.0,1967,1685.0,,1063,987.0,26.4,1,saludable,propagada,-74,,saludable
maceta-sim,1143,1,sim-1.0,1790446740,23.7,47.0,2085,1776.0,54.0,1971,1688.0,,1072,993.0,26.3,1,saludable,propagada,-74,,saludable
maceta-sim,1144,1,sim-1.0,1790446800,23.5,44.0,2056,1756.0,53.0,1982,1696.0,,1066,993.0,26.7,1,saludable,propagada,-77,,saludable
maceta-sim,1145,1,sim-1.0,1790446860,22.6,51.0,2387,1978.0,60.0,1952,1674.0,,1057,981.0,25.9,1,saludable,propagada,-66,,saludable
maceta-sim,1146,1,sim-1.0,1790446920,23.0,51.0,2091,1780.0,54.0,1958,1678.0,,1063,986.0,26.3,1,saludable,propagada,-71,,saludable
maceta-sim,1147,1,sim-1.0,1790446980,23.1,48.0,2129,1805.0,55.0,1965,1683.0,,1064,988.0,27.0,1,saludable,propagada,-73,,saludable
maceta-sim,1148,1,sim-1.0,1790447040,22.9,49.0,2328,1939.0,59.0,1959,1679.0,,1057,980.0,25.7,1,saludable,propagada,-69,,saludable
maceta-sim,1149,1,sim-1.0,1790447100,22.9,49.0,2279,1906.0,58.0,1960,1680.0,,1065,989.0,26.1,1,saludable,propagada,-74,,saludable
maceta-sim,1150,1,sim-1.0,1790447160,23.7,44.0,2403,1989.0,60.0,1969,1686.0,,1082,1001.0,26.2,1,saludable,propagada,-74,,saludable
maceta-sim,1151,1,sim-1.0,1790447220,22.7,48.0,2424,2003.0,61.0,1956,1677.0,,1066,989.0,25.6,1,saludable,propagada,-79,,saludable
maceta-sim,1152,1,sim-1.0,1790447280,23.3,49.0,2269,1899.0,58.0,1965,1683.0,,1076,996.0,26.8,1,saludable,propagada,-79,,saludable
maceta-sim,1153,1,sim-1.0,1790447340,23.6,45.0,2387,1978.0,60.0,1974,1690.0,,1067,990.0,26.5,1,saludable,propagada,-74,,saludable
maceta-sim,1154,1,sim-1.0,1790447400,23.1,51.0,2148,1818.0,55.0,1989,1701.0,,1069,990.0,26.7,1,saludable,propagada,-69,,saludable
maceta-sim,1155,1,sim-1.0,1790447460,23.2,47.0,2308,1925.0,58.0,1966,1684.0,,1067,991.0,26.6,1,saludable,propagada,-64,,saludable
maceta-sim,1156,1,sim-1.0,1790447520,23.1,46.0,1980,1705.0,52.0,1988,1700.0,,1066,990.0,26.4,1,saludable,propagada,-77,,saludable
maceta-sim,1157,1,sim-1.0,1790447580,23.0,46.0,2053,1754.0,53.0,1976,1691.0,,1065,989.0,26.2,1,saludable,propagada,-74,,saludable
maceta-sim,1158,1,sim-1.0,1790447640,23.1,48.0,2302,1921.0,58.0,1982,1696.0,,1068,991.0,26.2,1,saludable,propagada,-74,,saludable
maceta-sim,1159,1,sim-1.0,1790447700,22.5,47.0,2060,1759.0,53.0,1970,1687.0,,1055,979.0,26.4,1,saludable,manual,-77,,saludable
maceta-sim,1160,1,sim-1.0,1790447760,22.7,49.0,2257,1891.0,57.0,1973,1689.0,,1064,987.0,25.9,1,saludable,propagada,-69,,saludable
maceta-sim,1161,1,sim-1.0,1790447820,22.7,47.0,2263,1895.0,57.0,1963,1682.0,,1054,979.0,26.1,1,saludable,propagada,-66,,saludable
maceta-sim,1162,1,sim-1.0,1790447880,22.6,49.0,1930,1672.0,51.0,1973,1689.0,,1060,985.0,26.1,1,saludable,propagada,-67,,saludable
maceta-sim,1163,1,sim-1.0,1790447940,23.2,48.0,2363,1962.0,59.0,1966,1684.0,,1069,991.0,26.7,1,saludable,propagada,-76,,saludable
maceta-sim,1164,1,sim-1.0,1790448000,22.8,49.0,1992,1713.0,52.0,1978,1693.0,,1062,984.0,26.4,1,saludable,propagada,-69,,saludable
maceta-sim,1165,1,sim-1.0,1790448060,23.2,49.0,2151,1820.0,55.0,1974,1690.0,,1068,989.0,26.5,1,saludable,propagada,-67,,saludable
maceta-sim,1166,1,sim-1.0,1790448120,22.9,50.0,2211,1860.0,56.0,1984,1697.0,,1069,991.0,26.3,1,saludable,propagada,-77,,saludable
maceta-sim,1167,1,sim-1.0,1790448180,23.2,45.0,2191,1847.0,56.0,1976,1691.0,,1068,989.0,26.5,1,saludable,propagada,-75,,saludable
maceta-sim,1168,1,sim-1.0,1790448240,23.1,45.0,2273,1902.0,58.0,1981,1695.0,,1062,988.0,26.3,1,saludable,propagada,-79,,saludable
maceta-sim,1169,1,sim-1.0,1790448300,23.3,45.0,1996,1716.0,52.0,1974,1690.0,,1068,994.0,26.5,1,saludable,propagada,-73,,saludable
maceta-sim,1170,1,sim-1.0,1790448360,22.7,50.0,2349,1953.0,59.0,1973,1689.0,,1058,980.0,26.0,1,saludable,propagada,-71,,saludable
maceta-sim,1171,1,sim-1.0,1790448420,23.4,46.0,1927,1670.0,51.0,1989,1701.0,,1069,990.0,26.5,1,saludable,propagada,-70,,saludable
maceta-sim,1172,1,sim-1.0,1790448480,23.3,48.0,1956,1689.0,51.0,1988,1700.0,,1071,991.0,26.2,1,saludable,propagada,-69,,saludable
maceta-sim,1173,1,sim-1.0,1790448540,23.1,47.0,2294,1916.0,58.0,1991,1702.0,,1064,987.0,26.3,1,saludable,propagada,-73,,saludable
maceta-sim,1174,1,sim-1.0,1790448600,22.8,45.0,2078,1771.0,54.0,1989,1701.0,,1060,982.0,26.5,1,saludable,propagada,-72,,saludable
maceta-sim,1175,1,sim-1.0,1790448900,23.5,46.0,1987,1710.0,52.0,1980,1694.0,,1074,996.0,26.8,1,saludable,propagada,-68,,saludable
maceta-sim,1176,1,sim-1.0,1790449200,23.1,47.0,1930,1672.0,51.0,1998,1707.0,,1060,983.0,26.4,1,saludable,propagada,-76,,saludable
maceta-sim,1177,1,sim-1.0,1790449500,23.3,46.0,2005,1722.0,52.0,1987,1699.0,,1068,990.0,26.2,1,saludable,propagada,-71,,saludable
maceta-sim,1178,1,sim-1.0,1790449800,23.0,46.0,1740,1527.0,46.0,2003,1711.0,,1065,984.0,26.1,1,saludable,propagada,-67,,saludable
maceta-sim,1179,1,sim-1.0,1790450100,22.7,48.0,1999,1718.0,52.0,2007,1714.0,,1062,985.0,26.4,1,saludable,propagada,-73,,saludable
maceta-sim,1180,1,sim-1.0,1790450400,23.6,46.0,1687,1484.0,45.0,1998,1707.0,,1067,991.0,26.7,1,saludable,propagada,-71,,saludable
maceta-sim,1181,1,sim-1.0,1790450700,23.1,48.0,1863,1621.0,49.0,2017,1721.0,,1070,994.0,26.3,1,saludable,propagada,-76,,saludable
maceta-sim,1182,1,sim-1.0,1790451000,23.3,45.0,1896,1646.0,50.0,2011,1717.0,,1067,992.0,26.5,1,saludable,propagada,-76,,saludable
maceta-sim,1183,1,sim-1.0,1790451300,23.7,47.0,1809,1580.0,48.0,2013,1718.0,,1070,994.0,26.4,1,saludable,propagada,-70,,saludable
maceta-sim,1184,1,sim-1.0,1790451600,23.0,49.0,1675,1474.0,45.0,2029,1730.0,,1063,985.0,26.5,1,saludable,propagada,-70,,saludable
maceta-sim,1185,1,sim-1.0,1790451900,22.8,47.0,1654,1457.0,44.0,2010,1716.0,,1061,986.0,26.2,1,saludable,propagada,-69,,saludable
maceta-sim,1186,1,sim-1.0,1790452200,23.0,49.0,1490,1326.0,40.0,2026,1728.0,,1063,985.0,26.4,1,saludable,propagada,-78,,saludable
maceta-sim,1187,1,sim-1.0,1790452500,23.5,47.0,1479,1317.0,40.0,2037,1736.0,,1069,992.0,26.5,1,saludable,propagada,-76,,saludable
maceta-sim,1188,1,sim-1.0,1790452800,22.8,47.0,1483,1320.0,40.0,2032,1732.0,,1064,987.0,26.4,1,saludable,propagada,-67,,saludable
maceta-sim,1189,1,sim-1.0,1790453100,22.4,51.0,1586,1403.0,43.0,2035,1734.0,,1056,980.0,26.4,1,saludable,propagada,-73,,saludable
maceta-sim,1190,1,sim-1.0,1790453400,23.5,47.0,1345,1210.0,37.0,2041,1739.0,,1067,991.0,26.5,1,saludable,propagada,-69,,saludable
maceta-sim,1191,1,sim-1.0,1790453700,23.0,46.0,1422,1271.0,39.0,2040,1738.0,,1067,989.0,25.7,1,saludable,propagada,-68,,saludable
maceta-sim,1192,1,sim-1.0,1790454000,22.8,50.0,1440,1286.0,39.0,2048,1744.0,,1064,986.0,26.2,1,saludable,propagada,-73,,saludable
maceta-sim,1193,1,sim-1.0,1790454300,23.1,48.0,1247,1131.0,34.0,2051,1746.0,,1067,989.0,26.0,1,saludable,propagada,-71,,saludable
maceta-sim,1194,1,sim-1.0,1790454600,23.0,48.0,1271,1150.0,35.0,2055,1749.0,,1062,985.0,26.5,1,saludable,propagada,-73,,saludable
maceta-sim,1195,1,sim-1.0,1790454900,23.0,47.0,1164,1065.0,32.0,2050,1745.0,,1059,982.0,26.5,1,saludable,propagada,-75,,saludable
maceta-sim,1196,1,sim-1.0,1790455200,23.4,47.0,1184,1081.0,33.0,2054,1748.0,,1071,993.0,26.3,1,saludable,propagada,-75,,saludable
maceta-sim,1197,1,sim-1.0,1790455500,22.3,49.0,1009,941.0,29.0,2074,1763.0,,1055,979.0,26.1,1,saludable,propagada,-66,,saludable
maceta-sim,1198,1,sim-1.0,1790455800,23.0,46.0,1102,1015.0,31.0,2077,1765.0,,1071,994.0,26.2,1,saludable,propagada,-70,,saludable
maceta-sim,1199,1,sim-1.0,1790456100,23.3,49.0,953,896.0,27.0,2077,1765.0,,1066,989.0,26.4,1,saludable,propagada,-67,,saludable
maceta-sim,1200,1,sim-1.0,1790456400,22.8,48.0,945,890.0,27.0,2059,1752.0,,1063,987.0,26.1,1,saludable,propagada,-75,,saludable
maceta-sim,1201,1,sim-1.0,1790456700,22.9,48.0,930,878.0,27.0,2079,1766.0,,1063,986.0,26.3,1,saludable,propagada,-75,,saludable
maceta-sim,1202,1,sim-1.0,1790457000,22.5,47.0,782,760.0,23.0,2077,1765.0,,1052,974.0,26.2,1,saludable,propagada,-70,,saludable
maceta-sim,1203,1,sim-1.0,1790457300,22.7,46.0,718,709.0,21.0,2074,1763.0,,1062,984.0,26.0,1,saludable,propagada,-75,,saludable
maceta-sim,1204,1,sim-1.0,1790457600,23.2,45.0,720,711.0,22.0,2076,1764.0,,1069,995.0,26.2,1,saludable,propagada,-70,,saludable
maceta-sim,1205,1,sim-1.0,1790457900,22.3,49.0,693,689.0,21.0,2092,1776.0,,1051,976.0,26.1,1,saludable,propagada,-70,,saludable
maceta-sim,1206,1,sim-1.0,1790458200,23.0,46.0,671,672.0,20.0,2106,1786.0,,1065,987.0,26.3,1,saludable,propagada,-71,,saludable
maceta-sim,1207,1,sim-1.0,1790458500,22.1,50.0,634,642.0,19.0,2098,1780.0,,1056,980.0,26.2,1,saludable,propagada,-71,,saludable
maceta-sim,1208,1,sim-1.0,1790458800,22.2,48.0,553,578.0,18.0,2088,1773.0,,1057,981.0,26.0,1,saludable,propagada,-74,,saludable
maceta-sim,1209,1,sim-1.0,1790459100,22.5,47.0,507,541.0,16.0,2113,1791.0,,1059,982.0,26.2,1,saludable,propagada,-71,,saludable
maceta-sim,1210,1,sim-1.0,1790459400,22.6,49.0,430,480.0,15.0,2113,1791.0,,1059,985.0,26.2,1,saludable,propagada,-73,,saludable
maceta-sim,1211,1,sim-1.0,1790459700,22.4,49.0,407,462.0,14.0,2105,1785.0,,1058,981.0,26.0,1,saludable,manual,-67,,saludable
maceta-sim,1212,1,sim-1.0,1790460000,22.1,50.0,323,395.0,12.0,2099,1781.0,,1057,980.0,26.0,1,saludable,propagada,-71,,saludable
maceta-sim,1213,1,sim-1.0,1790460300,22.5,47.0,264,348.0,11.0,2127,1801.0,,1063,987.0,26.4,1,saludable,propagada,-75,,saludable
maceta-sim,1214,1,sim-1.0,1790460600,22.3,48.0,234,324.0,10.0,2121,1797.0,,1052,976.0,26.0,1,saludable,propagada,-73,,saludable
maceta-sim,1215,1,sim-1.0,1790460900,21.9,47.0,160,265.0,8.0,2107,1787.0,,1051,974.0,26.0,1,saludable,propagada,-73,,saludable
maceta-sim,1216,1,sim-1.0,1790461200,21.9,48.0,112,227.0,7.0,2135,1807.0,,1055,977.0,25.6,1,saludable,propagada,-67,,saludable
maceta-sim,1217,1,sim-1.0,1790461500,21.9,50.0,60,185.0,6.0,2128,1802.0,,1049,973.0,25.9,1,saludable,propagada,-69,,saludable
maceta-sim,1218,1,sim-1.0,1790461800,21.9,51.0,11,146.0,4.0,2129,1803.0,,1045,971.0,25.9,1,saludable,propagada,-71,,saludable
maceta-sim,1219,1,sim-1.0,1790462100,22.2,48.0,9,145.0,4.0,2136,1808.0,,1053,978.0,26.4,1,saludable,propagada,-69,,saludable
maceta-sim,1220,1,sim-1.0,1790462400,21.9,52.0,12,147.0,4.0,2125,1800.0,,1048,970.0,25.8,1,saludable,propagada,-69,,saludable
maceta-sim,1221,1,sim-1.0,1790462700,21.7,49.0,8,144.0,4.0,2129,1803.0,,1043,969.0,26.2,1,saludable,propagada,-70,,saludable
maceta-sim,1222,1,sim-1.0,1790463000,21.7,51.0,12,147.0,4.0,2139,1810.0,,1048,972.0,26.4,1,saludable,propagada,-67,,saludable
maceta-sim,1223,1,sim-1.0,1790463300,22.3,48.0,8,144.0,4.0,2147,1816.0,,1053,978.0,26.3,1,saludable,propagada,-76,,saludable
maceta-sim,1224,1,sim-1.0,1790463600,21.6,50.0,1283,1160.0,35.0,2150,1818.0,,1046,971.0,26.2,1,saludable,propagada,-74,,saludable
maceta-sim,1225,1,sim-1.0,1790463900,21.6,51.0,1209,1101.0,33.0,2136,1808.0,,1042,966.0,25.7,1,saludable,propagada,-76,,saludable
maceta-sim,1226,1,sim-1.0,1790464200,21.3,52.0,1241,1126.0,34.0,2154,1821.0,,1044,968.0,25.8,1,saludable,propagada,-71,,saludable
maceta-sim,1227,1,sim-1.0,1790464500,21.2,52.0,1243,1128.0,34.0,2151,1819.0,,1044,967.0,25.7,1,saludable,propagada,-72,,saludable
maceta-sim,1228,1,sim-1.0,1790464800,21.0,52.0,1277,1155.0,35.0,2166,1830.0,,1035,962.0,26.2,1,saludable,propagada,-67,,saludable
maceta-sim,1229,1,sim-1.0,1790465100,21.5,50.0,1139,1045.0,32.0,2153,1820.0,,1046,972.0,26.0,1,saludable,propagada,-73,,saludable
maceta-sim,1230,1,sim-1.0,1790465400,21.5,48.0,1256,1138.0,34.0,2168,1831.0,,1047,971.0,26.1,1,saludable,propagada,-74,,saludable
maceta-sim,1231,1,sim-1.0,1790465700,20.9,53.0,1184,1081.0,33.0,2165,1829.0,,1034,959.0,25.8,1,saludable,propagada,-68,,saludable
maceta-sim,1232,1,sim-1.0,1790466000,20.6,53.0,1238,1124.0,34.0,2179,1839.0,,1030,956.0,25.7,1,saludable,propagada,-72,,saludable
maceta-sim,1233,1,sim-1.0,1790466300,21.3,52.0,1241,1126.0,34.0,2157,1823.0,,1036,961.0,25.9,1,saludable,propagada,-68,,saludable
maceta-sim,1234,1,sim-1.0,1790466600,20.7,55.0,1222,1111.0,34.0,2176,1837.0,,1033,959.0,25.5,1,saludable,propagada,-78,,saludable
maceta-sim,1235,1,sim-1.0,1790466900,20.6,52.0,1238,1124.0,34.0,2182,1841.0,,1029,953.0,25.7,1,saludable,propagada,-72,,saludable
maceta-sim,1236,1,sim-1.0,1790467200,20.7,49.0,1164,1065.0,32.0,2171,1833.0,,1042,963.0,25.9,1,saludable,propagada,-72,,saludable
maceta-sim,1237,1,sim-1.0,1790467500,20.1,56.0,1199,1093.0,33.0,2175,1836.0,,1027,955.0,25.4,1,saludable,propagada,-73,,saludable
maceta-sim,1238,1,sim-1.0,1790467800,20.7,52.0,1254,1137.0,34.0,2183,1842.0,,1034,958.0,25.8,1,saludable,propagada,-67,,saludable
maceta-sim,1239,1,sim-1.0,1790468100,20.5,58.0,1163,1064.0,32.0,2201,1855.0,,1035,962.0,25.5,1,saludable,propagada,-75,,saludable
maceta-sim,1240,1,sim-1.0,1790468400,20.5,55.0,1194,1089.0,33.0,2179,1839.0,,1022,950.0,25.8,1,saludable,propagada,-74,,saludable
maceta-sim,1241,1,sim-1.0,1790468700,20.4,52.0,1248,1132.0,34.0,2188,1846.0,,1033,957.0,25.7,1,saludable,propagada,-69,,saludable
maceta-sim,1242,1,sim-1.0,1790469000,19.9,53.0,1227,1115.0,34.0,2197,1852.0,,1021,947.0,25.7,1,saludable,propagada,-69,,saludable
maceta-sim,1243,1,sim-1.0,1790469300,20.5,54.0,1204,1097.0,33.0,2201,1855.0,,1029,956.0,25.7,1,saludable,propagada,-67,,saludable
maceta-sim,1244,1,sim-1.0,1790469600,19.3,57.0,1279,1157.0,35.0,2209,1861.0,,1019,946.0,25.4,1,saludable,propagada,-76,,saludable
maceta-sim,1245,1,sim-1.0,1790469900,20.2,53.0,1238,1124.0,34.0,2215,1865.0,,1027,952.0,25.4,1,saludable,propagada,-73,,saludable
maceta-sim,1246,1,sim-1.0,1790470200,20.3,52.0,1124,1033.0,31.0,2194,1850.0,,1032,956.0,25.5,1,saludable,propagada,-69,,saludable
maceta-sim,1247,1,sim-1.0,1790470500,19.8,54.0,1112,1023.0,31.0,2213,1864.0,,1018,946.0,25.6,1,saludable,propagada,-69,,saludable
maceta-sim,1248,1,sim-1.0,1790470800,19.1,57.0,1212,1103.0,33.0,2213,1864.0,,1011,938.0,25.5,1,saludable,propagada,-73,,saludable
maceta-sim,1249,1,sim-1.0,1790471100,19.5,56.0,1216,1106.0,34.0,2216,1866.0,,1022,949.0,25.4,1,saludable,propagada,-70,,saludable
maceta-sim,1250,1,sim-1.0,1790471400,19.6,57.0,1222,1111.0,34.0,2205,1858.0,,1025,950.0,25.1,1,saludable,propagada,-70,,saludable
maceta-sim,1251,1,sim-1.0,1790471700,20.0,55.0,1281,1158.0,35.0,2193,1849.0,,1026,951.0,25.4,1,saludable,propagada,-69,,saludable
maceta-sim,1252,1,sim-1.0,1790472000,19.1,60.0,1241,1126.0,34.0,2219,1868.0,,1004,932.0,25.7,1,saludable,propagada,-73,,saludable
maceta-sim,1253,1,sim-1.0,1790472300,19.6,54.0,1224,1113.0,34.0,2215,1865.0,,1024,949.0,25.1,1,saludable,propagada,-74,,saludable
maceta-sim,1254,1,sim-1.0,1790472600,19.6,56.0,1238,1124.0,34.0,2221,1870.0,,1025,949.0,25.5,1,saludable,propagada,-75,,saludable
maceta-sim,1255,1,sim-1.0,1790472900,19.5,57.0,1287,1163.0,35.0,2248,1889.0,,1020,945.0,25.3,1,saludable,propagada,-66,,saludable
maceta-sim,1256,1,sim-1.0,1790473200,19.2,58.0,1207,1099.0,33.0,2215,1865.0,,1020,945.0,25.6,1,saludable,propagada,-74,,saludable
maceta-sim,1257,1,sim-1.0,1790473500,19.2,58.0,1289,1165.0,35.0,2215,1865.0,,1016,943.0,25.4,1,saludable,propagada,-72,,saludable
maceta-sim,1258,1,sim-1.0,1790473800,19.0,57.0,1196,1090.0,33.0,2230,1876.0,,1006,935.0,25.3,1,saludable,propagada,-71,,saludable
maceta-sim,1259,1,sim-1.0,1790474100,19.4,58.0,1176,1074.0,33.0,2241,1884.0,,1017,945.0,25.5,1,saludable,propagada,-67,,saludable
maceta-sim,1260,1,sim-1.0,1790474400,19.2,56.0,1222,1111.0,34.0,2237,1881.0,,1007,933.0,25.3,1,saludable,propagada,-73,,saludable
maceta-sim,1261,1,sim-1.0,1790474700,18.6,60.0,1189,1085.0,33.0,2231,1877.0,,1004,934.0,25.3,1,saludable,propagada,-73,,saludable
maceta-sim,1262,1,sim-1.0,1790475000,18.9,57.0,1271,1150.0,35.0,2234,1879.0,,1015,941.0,25.5,1,saludable,propagada,-71,,saludable
maceta-sim,1263,1,sim-1.0,1790475300,18.9,57.0,1187,1083.0,33.0,2234,1879.0,,1008,937.0,25.4,1,saludable,propagada,-70,,saludable
maceta-sim,1264,1,sim-1.0,1790475600,18.5,60.0,1172,1071.0,32.0,2239,1883.0,,1011,935.0,25.1,1,saludable,propagada,-69,,saludable
maceta-sim,1265,1,sim-1.0,1790475900,18.8,57.0,1233,1120.0,34.0,2259,1897.0,,1010,936.0,25.1,1,saludable,propagada,-71,,saludable
maceta-sim,1266,1,sim-1.0,1790476200,18.7,59.0,8,144.0,4.0,2239,1883.0,,1008,936.0,25.1,1,saludable,propagada,-78,,saludable
maceta-sim,1267,1,sim-1.0,1790476500,,,11,146.0,4.0,2242,1885.0,,1007,934.0,25.2,1,saludable,propagada,-70,dht_sin_respuesta,saludable
maceta-sim,1268,1,sim-1.0,1790476800,18.6,56.0,12,147.0,4.0,2243,1886.0,,998,928.0,25.0,1,saludable,propagada,-74,,saludable
maceta-sim,1269,1,sim-1.0,1790477100,18.5,57.0,8,144.0,4.0,2257,1896.0,,1010,939.0,25.5,1,saludable,propagada,-68,,saludable
maceta-sim,1270,1,sim-1.0,1790477400,18.1,59.0,8,144.0,4.0,2237,1881.0,,1002,929.0,25.0,1,saludable,propagada,-73,,saludable
maceta-sim,1271,1,sim-1.0,1790477700,18.1,60.0,8,144.0,4.0,2254,1894.0,,1001,927.0,25.1,1,saludable,propagada,-70,,saludable
maceta-sim,1272,1,sim-1.0,1790478000,14.7,84.0,9,145.0,4.0,2257,1896.0,,952,883.0,24.0,1,saludable,propagada,-75,,saludable
maceta-sim,1273,1,sim-1.0,1790478300,14.7,83.0,11,146.0,4.0,2252,1892.0,,958,889.0,24.0,1,saludable,propagada,-74,,saludable
maceta-sim,1274,1,sim-1.0,1790478600,15.0,81.0,9,145.0,4.0,2260,1898.0,,962,892.0,24.2,1,saludable,propagada,-65,,saludable
maceta-sim,1275,1,sim-1.0,1790478900,14.1,85.0,12,147.0,4.0,2254,1894.0,,951,882.0,24.1,1,saludable,propagada,-75,,saludable
maceta-sim,1276,1,sim-1.0,1790479200,14.6,84.0,12,147.0,4.0,2264,1901.0,,956,888.0,24.3,1,saludable,propagada,-78,,saludable
maceta-sim,1277,1,sim-1.0,1790479500,14.7,83.0,12,147.0,4.0,2271,1906.0,,956,885.0,24.2,1,saludable,propagada,-72,,saludable
maceta-sim,1278,1,sim-1.0,1790479800,14.5,83.0,11,146.0,4.0,2261,1899.0,,952,886.0,23.9,1,saludable,propagada,-75,,saludable
maceta-sim,1279,1,sim-1.0,1790480100,15.1,83.0,9,145.0,4.0,2278,1911.0,,968,898.0,24.6,1,saludable,propagada,-72,,saludable
maceta-sim,1280,1,sim-1.0,1790480400,14.6,82.0,11,146.0,4.0,2274,1908.0,,951,884.0,24.3,1,saludable,propagada,-73,,saludable
maceta-sim,1281,1,sim-1.0,1790480700,14.9,81.0,9,145.0,4.0,2268,1904.0,,958,888.0,24.5,1,saludable,propagada,-70,,saludable
maceta-sim,1282,1,sim-1.0,1790481000,14.5,84.0,12,147.0,4.0,2285,1916.0,,954,885.0,23.9,1,saludable,propagada,-78,,saludable
maceta-sim,1283,1,sim-1.0,1790481300,14.6,84.0,12,147.0,4.0,2285,1916.0,,959,890.0,24.4,1,saludable,propagada,-75,,saludable
maceta-sim,1284,1,sim-1.0,1790481600,14.5,79.0,8,144.0,4.0,2271,1906.0,,955,888.0,24.3,1,saludable,propagada,-78,,saludable
maceta-sim,1285,1,sim-1.0,1790481900,14.3,83.0,9,145.0,4.0,2275,1909.0,,955,884.0,24.3,1,saludable,propagada,-69,,saludable
maceta-sim,1286,1,sim-1.0,1790482200,14.2,84.0,11,146.0,4.0,2283,1915.0,,953,882.0,24.2,1,saludable,propagada,-68,,saludable
maceta-sim,1287,1,sim-1.0,1790482500,14.2,83.0,12,147.0,4.0,2294,1923.0,,952,881.0,24.0,1,saludable,propagada,-75,,saludable
maceta-sim,1288,1,sim-1.0,1790482800,14.6,84.0,9,145.0,4.0,2287,1918.0,,949,882.0,24.0,1,saludable,propagada,-68,,saludable
maceta-sim,1289,1,sim-1.0,1790483100,14.4,83.0,9,145.0,4.0,2276,1910.0,,955,885.0,24.2,1,saludable,propagada,-78,,saludable
maceta-sim,1290,1,sim-1.0,1790483400,14.5,85.0,8,144.0,4.0,2280,1913.0,,956,888.0,24.2,1,saludable,propagada,-69,,saludable
maceta-sim,1291,1,sim-1.0,1790483700,14.1,84.0,12,147.0,4.0,2283,1915.0,,952,880.0,24.4,1,saludable,propagada,-79,,saludable
maceta-sim,1292,1,sim-1.0,1790484000,14.1,86.0,11,146.0,4.0,2293,1922.0,,952,883.0,23.8,1,saludable,propagada,-68,,saludable
maceta-sim,1293,1,sim-1.0,1790484300,13.9,83.0,8,144.0,4.0,2274,1908.0,,945,877.0,24.0,1,saludable,propagada,-74,,saludable
maceta-sim,1294,1,sim-1.0,1790484600,14.0,83.0,11,146.0,4.0,2293,1922.0,,949,881.0,23.9,1,saludable,propagada,-72,,saludable
maceta-sim,1295,1,sim-1.0,1790484900,14.2,85.0,12,147.0,4.0,2297,1925.0,,948,879.0,24.1,1,saludable,propagada,-72,,saludable
maceta-sim,1296,1,sim-1.0,1790485200,14.5,85.0,11,146.0,4.0,2300,1927.0,,959,889.0,23.8,1,saludable,propagada,-72,,saludable
maceta-sim,1297,1,sim-1.0,1790485500,14.2,85.0,11,146.0,4.0,2301,1928.0,,957,888.0,24.3,1,saludable,propagada,-69,,saludable
maceta-sim,1298,1,sim-1.0,1790485800,14.6,82.0,12,147.0,4.0,2296,1924.0,,950,883.0,24.1,1,saludable,propagada,-74,,saludable
maceta-sim,1299,1,sim-1.0,1790486100,14.1,84.0,8,144.0,4.0,2319,1941.0,,948,880.0,24.3,1,saludable,propagada,-75,,saludable
maceta-sim,1300,1,sim-1.0,1790486400,13.6,85.0,8,144.0,4.0,2309,1934.0,,944,877.0,24.0,1,saludable,propagada,-76,,saludable
maceta-sim,1301,1,sim-1.0,1790486700,14.0,83.0,12,147.0,4.0,2300,1927.0,,949,879.0,24.0,1,saludable,propagada,-66,,saludable
maceta-sim,1302,1,sim-1.0,1790487000,13.9,85.0,11,146.0,4.0,2296,1924.0,,946,879.0,23.7,1,saludable,propagada,-74,,saludable
maceta-sim,1303,1,sim-1.0,1790487300,13.5,86.0,9,145.0,4.0,2304,1930.0,,943,876.0,24.0,1,saludable,propagada,-68,,saludable
maceta-sim,1304,1,sim-1.0,1790487600,13.9,83.0,9,145.0,4.0,2291,1921.0,,945,877.0,23.8,1,saludable,propagada,-74,,saludable
maceta-sim,1305,1,sim-1.0,1790487900,13.7,87.0,12,147.0,4.0,2313,1937.0,,945,875.0,23.8,1,saludable,propagada,-69,,saludable
maceta-sim,1306,1,sim-1.0,1790488200,13.5,86.0,11,146.0,4.0,2296,1924.0,,942,875.0,24.2,1,saludable,propagada,-72,,saludable
maceta-sim,1307,1,sim-1.0,1790488500,13.9,86.0,11,146.0,4.0,2318,1940.0,,946,878.0,24.0,1,saludable,propagada,-70,,saludable
maceta-sim,1308,1,sim-1.0,1790488800,13.1,88.0,8,144.0,4.0,2318,1940.0,,933,869.0,23.4,1,saludable,propagada,-77,,saludable
maceta-sim,1309,1,sim-1.0,1790489100,13.4,89.0,8,144.0,4.0,2300,1927.0,,941,872.0,24.0,1,saludable,propagada,-73,,saludable
maceta-sim,1310,1,sim-1.0,1790489400,13.6,88.0,11,146.0,4.0,2312,1936.0,,941,873.0,24.0,1,saludable,propagada,-72,,saludable
maceta-sim,1311,1,sim-1.0,1790489700,13.9,87.0,12,147.0,4.0,2318,1940.0,,942,874.0,23.8,1,saludable,propagada,-69,,saludable
maceta-sim,1312,1,sim-1.0,1790490000,12.9,85.0,11,146.0,4.0,2313,1937.0,,936,869.0,23.6,1,saludable,propagada,-71,,saludable
maceta-sim,1313,1,sim-1.0,1790490300,13.9,83.0,9,145.0,4.0,2319,1941.0,,945,878.0,23.6,1,saludable,propagada,-64,,saludable
maceta-sim,1314,1,sim-1.0,1790490600,13.9,86.0,9,145.0,4.0,2330,1949.0,,951,880.0,24.1,1,saludable,propagada,-71,,saludable
maceta-sim,1315,1,sim-1.0,1790490900,13.6,88.0,8,144.0,4.0,2312,1936.0,,940,873.0,24.1,1,saludable,propagada,-69,,saludable
maceta-sim,1316,1,sim-1.0,1790491200,13.3,87.0,11,146.0,4.0,2318,1940.0,,945,875.0,24.0,1,saludable,propagada,-65,,saludable
maceta-sim,1317,1,sim-1.0,1790491500,13.7,87.0,11,146.0,4.0,2334,1952.0,,941,873.0,24.4,1,saludable,propagada,-65,,saludable
maceta-sim,1318,1,sim-1.0,1790491800,13.7,83.0,12,147.0,4.0,2327,1947.0,,947,879.0,23.8,1,saludable,propagada,-78,,saludable
maceta-sim,1319,1,sim-1.0,1790492100,13.8,85.0,9,145.0,4.0,2322,1943.0,,947,879.0,23.8,1,saludable,propagada,-72,,saludable
maceta-sim,1320,1,sim-1.0,1790492400,13.5,86.0,8,144.0,4.0,2337,1954.0,,943,874.0,23.7,1,saludable,propagada,-73,,saludable
maceta-sim,1321,1,sim-1.0,1790492700,13.4,87.0,11,146.0,4.0,2329,1948.0,,932,866.0,23.8,1,saludable,propagada,-72,,saludable
maceta-sim,1322,1,sim-1.0,1790493000,13.4,89.0,8,144.0,4.0,2331,1950.0,,939,872.0,23.9,1,saludable,propagada,-77,,saludable
maceta-sim,1323,1,sim-1.0,1790493300,13.7,86.0,9,145.0,4.0,2316,1939.0,,945,875.0,24.0,1,saludable,propagada,-72,,saludable
maceta-sim,1324,1,sim-1.0,1790493600,13.8,85.0,8,144.0,4.0,2341,1957.0,,947,878.0,24.2,1,saludable,propagada,-70,,saludable
maceta-sim,1325,1,sim-1.0,1790493900,13.4,90.0,11,146.0,4.0,2337,1954.0,,936,870.0,23.9,1,saludable,propagada,-74,,saludable
maceta-sim,1326,1,sim-1.0,1790494200,13.6,88.0,8,144.0,4.0,2345,1960.0,,938,874.0,24.1,1,saludable,propagada,-72,,saludable
maceta-sim,1327,1,sim-1.0,1790494500,13.1,88.0,8,144.0,4.0,2331,1950.0,,926,861.0,24.1,1,saludable,propagada,-71,,saludable
maceta-sim,1328,1,sim-1.0,1790494800,13.2,87.0,11,146.0,4.0,2352,1965.0,,941,872.0,23.7,1,saludable,propagada,-78,,saludable
maceta-sim,1329,1,sim-1.0,1790495100,13.8,84.0,9,145.0,4.0,2344,1959.0,,943,873.0,23.8,1,saludable,propagada,-72,,saludable
maceta-sim,1330,1,sim-1.0,1790495400,13.5,86.0,12,147.0,4.0,2331,1950.0,,940,873.0,23.8,1,saludable,propagada,-66,,saludable
maceta-sim,1331,1,sim-1.0,1790495700,13.5,84.0,8,144.0,4.0,2348,1962.0,,944,877.0,23.8,1,saludable,propagada,-70,,saludable
maceta-sim,1332,1,sim-1.0,1790496000,13.7,87.0,12,147.0,4.0,2346,1961.0,,946,880.0,24.0,1,saludable,propagada,-76,,saludable
maceta-sim,1333,1,sim-1.0,1790496300,13.8,85.0,8,144.0,4.0,2338,1955.0,,944,874.0,24.1,1,saludable,propagada,-69,,saludable
maceta-sim,1334,1,sim-1.0,1790496600,14.3,83.0,12,147.0,4.0,2349,1963.0,,958,889.0,23.8,1,saludable,propagada,-73,,saludable
maceta-sim,1335,1,sim-1.0,1790496900,13.9,86.0,12,147.0,4.0,2341,1957.0,,948,880.0,24.0,1,saludable,propagada,-69,,saludable
maceta-sim,1336,1,sim-1.0,1790497200,13.8,87.0,9,145.0,4.0,2351,1964.0,,946,879.0,23.6,1,saludable,propagada,-74,,saludable
maceta-sim,1337,1,sim-1.0,1790497500,13.9,85.0,12,147.0,4.0,2352,1965.0,,949,879.0,23.9,1,saludable,propagada,-69,,saludable
maceta-sim,1338,1,sim-1.0,1790497800,13.9,85.0,12,147.0,4.0,2356,1968.0,,948,879.0,24.1,1,saludable,propagada,-75,,saludable
maceta-sim,1339,1,sim-1.0,1790498100,14.2,84.0,8,144.0,4.0,2367,1976.0,,951,881.0,24.0,1,saludable,propagada,-70,,saludable
maceta-sim,1340,1,sim-1.0,1790498400,13.6,85.0,11,146.0,4.0,2345,1960.0,,940,873.0,23.8,1,saludable,propagada,-74,,saludable
maceta-sim,1341,1,sim-1.0,1790498700,13.7,85.0,12,147.0,4.0,2345,1960.0,,949,879.0,23.5,1,saludable,propagada,-75,,saludable
maceta-sim,1342,1,sim-1.0,1790499000,13.9,85.0,11,146.0,4.0,2356,1968.0,,943,875.0,24.0,1,saludable,propagada,-74,,saludable
maceta-sim,1343,1,sim-1.0,1790499300,14.1,83.0,9,145.0,4.0,2352,1965.0,,953,883.0,23.9,1,saludable,propagada,-71,,saludable
maceta-sim,1344,1,sim-1.0,1790499600,13.3,90.0,11,146.0,4.0,2370,1978.0,,939,870.0,24.1,1,saludable,propagada,-76,,saludable
maceta-sim,1345,1,sim-1.0,1790499900,13.9,84.0,8,144.0,4.0,2362,1972.0,,948,879.0,23.9,1,saludable,propagada,-73,,saludable
maceta-sim,1346,1,sim-1.0,1790500200,14.0,87.0,12,147.0,4.0,2371,1979.0,,955,885.0,24.0,1,saludable,propagada,-71,,saludable
maceta-sim,1347,1,sim-1.0,1790500500,14.3,84.0,11,146.0,4.0,2371,1979.0,,950,881.0,23.8,1,saludable,propagada,-72,,saludable
maceta-sim,1348,1,sim-1.0,1790500800,14.5,85.0,11,146.0,4.0,2362,1972.0,,950,881.0,24.2,1,saludable,propagada,-67,,saludable
maceta-sim,1349,1,sim-1.0,1790501100,14.4,82.0,9,145.0,4.0,2356,1968.0,,950,883.0,23.9,1,saludable,propagada,-72,,saludable
maceta-sim,1350,1,sim-1.0,1790501400,14.0,84.0,12,147.0,4.0,2363,1973.0,,942,873.0,23.7,1,saludable,propagada,-68,,saludable
maceta-sim,1351,1,sim-1.0,1790501700,14.2,82.0,49,177.0,5.0,2382,1987.0,,955,888.0,23.8,1,saludable,propagada,-70,,saludable
maceta-sim,1352,1,sim-1.0,1790502000,14.5,83.0,88,208.0,6.0,2367,1976.0,,954,885.0,24.3,1,saludable,propagada,-65,,saludable
maceta-sim,1353,1,sim-1.0,1790502300,14.4,84.0,117,231.0,7.0,2366,1975.0,,956,886.0,24.4,1,saludable,propagada,-73,,saludable
maceta-sim,1354,1,sim-1.0,1790502600,14.3,87.0,152,259.0,8.0,2353,1966.0,,952,884.0,23.7,1,saludable,propagada,-65,,saludable
maceta-sim,1355,1,sim-1.0,1790502900,14.5,81.0,183,283.0,9.0,2377,1983.0,,958,888.0,23.8,1,saludable,propagada,-66,,saludable
maceta-sim,1356,1,sim-1.0,1790503200,14.3,89.0,252,338.0,10.0,2366,1975.0,,952,880.0,24.4,1,saludable,propagada,-72,,saludable
maceta-sim,1357,1,sim-1.0,1790503500,14.1,85.0,278,359.0,11.0,2379,1985.0,,949,882.0,24.0,1,saludable,propagada,-73,,saludable
maceta-sim,1358,1,sim-1.0,1790503800,14.7,85.0,283,363.0,11.0,2396,1997.0,,956,887.0,24.1,1,saludable,propagada,-68,,saludable
maceta-sim,1359,1,sim-1.0,1790504100,14.4,82.0,309,384.0,12.0,2371,1979.0,,952,883.0,24.5,1,saludable,propagada,-72,,saludable
maceta-sim,1360,1,sim-1.0,1790504400,14.9,82.0,390,448.0,14.0,2390,1993.0,,962,893.0,24.3,1,saludable,propagada,-69,,saludable
maceta-sim,1361,1,sim-1.0,1790504700,14.7,83.0,445,492.0,15.0,2384,1988.0,,957,888.0,23.7,1,saludable,propagada,-74,,saludable
maceta-sim,1362,1,sim-1.0,1790505000,14.9,82.0,420,472.0,14.0,2384,1988.0,,959,889.0,24.0,1,saludable,propagada,-68,,saludable
maceta-sim,1363,1,sim-1.0,1790505300,14.8,83.0,453,498.0,15.0,2381,1986.0,,959,889.0,24.2,1,saludable,propagada,-78,,saludable
maceta-sim,1364,1,sim-1.0,1790505600,14.8,82.0,541,568.0,17.0,2388,1991.0,,959,889.0,24.4,1,saludable,propagada,-74,,saludable
maceta-sim,1365,1,sim-1.0,1790505900,15.1,84.0,514,547.0,17.0,2386,1990.0,,958,889.0,24.6,1,saludable,propagada,-69,,saludable
maceta-sim,1366,1,sim-1.0,1790506200,15.2,84.0,636,644.0,20.0,2378,1984.0,,963,894.0,24.2,1,saludable,propagada,-70,,saludable
maceta-sim,1367,1,sim-1.0,1790506500,15.4,84.0,686,684.0,21.0,2407,2005.0,,973,899.0,24.4,1,saludable,propagada,-75,,saludable
maceta-sim,1368,1,sim-1.0,1790506800,,,662,665.0,20.0,2400,2000.0,,962,893.0,24.2,1,saludable,propagada,-69,dht_sin_respuesta,saludable
maceta-sim,1369,1,sim-1.0,1790507100,14.8,85.0,680,679.0,21.0,2400,2000.0,,956,888.0,24.2,1,saludable,propagada,-74,,saludable
maceta-sim,1370,1,sim-1.0,1790507400,15.7,80.0,783,761.0,23.0,2395,1996.0,,971,900.0,24.5,1,saludable,propagada,-74,,saludable
maceta-sim,1371,1,sim-1.0,1790507700,15.4,83.0,726,716.0,22.0,2403,2002.0,,964,897.0,24.4,1,saludable,propagada,-75,,saludable
maceta-sim,1372,1,sim-1.0,1790508000,15.4,82.0,843,809.0,25.0,2413,2009.0,,964,896.0,24.3,1,saludable,propagada,-73,,saludable
maceta-sim,1373,1,sim-1.0,1790508300,15.9,84.0,852,816.0,25.0,2403,2002.0,,971,899.0,24.5,1,saludable,propagada,-74,,saludable
maceta-sim,1374,1,sim-1.0,1790508600,15.5,80.0,943,888.0,27.0,2374,1981.0,,964,895.0,24.1,1,saludable,propagada,-77,,saludable
maceta-sim,1375,1,sim-1.0,1790508900,15.3,81.0,818,789.0,24.0,2406,2004.0,,971,900.0,24.1,1,saludable,propagada,-72,,saludable
maceta-sim,1376,1,sim-1.0,1790509200,14.8,81.0,872,832.0,25.0,2406,2004.0,,961,891.0,24.1,1,saludable,propagada,-75,,saludable
maceta-sim,1377,1,sim-1.0,1790509500,15.5,80.0,985,922.0,28.0,2430,2021.0,,966,896.0,24.3,1,saludable,propagada,-76,,saludable
maceta-sim,1378,1,sim-1.0,1790509800,14.9,80.0,922,872.0,26.0,2429,2020.0,,959,889.0,24.2,1,saludable,propagada,-67,,saludable
maceta-sim,1379,1,sim-1.0,1790510100,15.4,83.0,953,896.0,27.0,2433,2023.0,,965,896.0,24.5,1,saludable,propagada,-75,,saludable
maceta-sim,1380,1,sim-1.0,1790510400,15.9,82.0,1059,981.0,30.0,2406,2004.0,,968,900.0,24.3,1,saludable,propagada,-69,,saludable
maceta-sim,1381,1,sim-1.0,1790510700,16.0,82.0,1131,1038.0,31.0,2414,2010.0,,975,903.0,24.2,1,saludable,propagada,-70,,saludable
maceta-sim,1382,1,sim-1.0,1790511000,15.2,82.0,1064,985.0,30.0,2409,2006.0,,964,894.0,24.3,1,saludable,propagada,-73,,saludable
maceta-sim,1383,1,sim-1.0,1790511300,16.0,83.0,1214,1105.0,33.0,2429,2020.0,,974,903.0,24.7,1,saludable,propagada,-72,,saludable
maceta-sim,1384,1,sim-1.0,1790511600,16.3,80.0,1206,1098.0,33.0,2406,2004.0,,981,910.0,24.5,1,saludable,propagada,-75,,saludable
maceta-sim,1385,1,sim-1.0,1790511900,15.3,83.0,1097,1011.0,31.0,2406,2004.0,,964,893.0,24.1,1,saludable,propagada,-73,,saludable
maceta-sim,1386,1,sim-1.0,1790512200,15.9,77.0,1234,1121.0,34.0,2429,2020.0,,975,905.0,24.8,1,saludable,propagada,-74,,saludable
maceta-sim,1387,1,sim-1.0,1790512500,15.7,80.0,1139,1045.0,32.0,2436,2025.0,,973,901.0,24.3,1,saludable,propagada,-73,,saludable
maceta-sim,1388,1,sim-1.0,1790512800,16.2,81.0,1319,1189.0,36.0,2430,2021.0,,977,907.0,24.5,1,saludable,propagada,-68,,saludable
maceta-sim,1389,1,sim-1.0,1790513100,16.5,78.0,1372,1231.0,37.0,2423,2016.0,,976,908.0,24.2,1,saludable,propagada,-74,,saludable
maceta-sim,1390,1,sim-1.0,1790513400,16.4,79.0,1388,1244.0,38.0,2447,2033.0,,981,911.0,24.5,1,saludable,propagada,-68,,saludable
maceta-sim,1391,1,sim-1.0,1790513700,16.6,78.0,1379,1237.0,37.0,2419,2013.0,,979,911.0,24.9,1,saludable,propagada,-72,,saludable
maceta-sim,1392,1,sim-1.0,1790514000,16.4,77.0,1457,1299.0,39.0,2431,2022.0,,982,912.0,25.2,1,saludable,propagada,-71,,saludable
maceta-sim,1393,1,sim-1.0,1790514300,16.2,81.0,1333,1200.0,36.0,2440,2028.0,,980,907.0,24.6,1,saludable,propagada,-73,,saludable
maceta-sim,1394,1,sim-1.0,1790514600,16.2,79.0,1531,1359.0,41.0,2426,2018.0,,975,905.0,24.8,1,saludable,propagada,-72,,saludable
maceta-sim,1395,1,sim-1.0,1790514900,16.4,78.0,1383,1240.0,38.0,2440,2028.0,,980,910.0,24.4,1,saludable,propagada,-66,,saludable
maceta-sim,1396,1,sim-1.0,1790515200,16.2,81.0,1585,1402.0,42.0,2436,2025.0,,974,903.0,24.9,1,saludable,propagada,-74,,saludable
maceta-sim,1397,1,sim-1.0,1790515500,16.8,77.0,1600,1414.0,43.0,2429,2020.0,,977,909.0,24.9,1,saludable,propagada,-72,,saludable
maceta-sim,1398,1,sim-1.0,1790515800,17.2,78.0,1564,1385.0,42.0,2444,2031.0,,990,920.0,25.3,1,saludable,propagada,-72,,saludable
maceta-sim,1399,1,sim-1.0,1790516100,16.5,81.0,1688,1485.0,45.0,2437,2026.0,,983,910.0,25.1,1,saludable,propagada,-74,,saludable
maceta-sim,1400,1,sim-1.0,1790516400,17.3,80.0,1665,1466.0,44.0,2474,2052.0,,988,916.0,24.6,1,saludable,propagada,-76,,saludable
maceta-sim,1401,1,sim-1.0,1790516700,16.7,78.0,1654,1457.0,44.0,2451,2036.0,,983,911.0,24.7,1,saludable,manual,-72,,saludable
maceta-sim,1402,1,sim-1.0,1790517000,17.0,80.0,1551,1375.0,42.0,2449,2034.0,,985,915.0,25.0,1,saludable,propagada,-70,,saludable
maceta-sim,1403,1,sim-1.0,1790517300,16.9,77.0,1766,1547.0,47.0,2463,2044.0,,980,910.0,24.7,1,saludable,propagada,-75,,saludable
maceta-sim,1404,1,sim-1.0,1790517600,17.2,75.0,1649,1453.0,44.0,2457,2040.0,,994,924.0,24.8,1,saludable,propagada,-69,,saludable
maceta-sim,1405,1,sim-1.0,1790517900,17.1,77.0,1556,1379.0,42.0,2454,2038.0,,989,921.0,25.0,1,saludable,propagada,-76,,saludable
maceta-sim,1406,1,sim-1.0,1790518200,16.8,77.0,1611,1423.0,43.0,2459,2041.0,,982,909.0,25.0,1,saludable,propagada,-73,,saludable
maceta-sim,1407,1,sim-1.0,1790518500,17.1,78.0,1625,1434.0,43.0,2469,2048.0,,992,919.0,24.9,1,saludable,propagada,-76,,saludable
maceta-sim,1408,1,sim-1.0,1790518800,16.8,78.0,1787,1563.0,47.0,2463,2044.0,,982,911.0,24.7,1,saludable,propagada,-70,,saludable
maceta-sim,1409,1,sim-1.0,1790519100,16.6,81.0,1851,1612.0,49.0,2474,2052.0,,982,912.0,24.3,1,saludable,propagada,-68,,saludable
maceta-sim,1410,1,sim-1.0,1790519400,17.8,77.0,1894,1645.0,50.0,2493,2065.0,,995,925.0,25.0,1,saludable,propagada,-69,,saludable
maceta-sim,1411,1,sim-1.0,1790519700,17.2,77.0,1838,1602.0,49.0,2473,2051.0,,991,918.0,25.0,1,saludable,propagada,-69,,saludable
maceta-sim,1412,1,sim-1.0,1790520000,17.3,78.0,1689,1486.0,45.0,2469,2048.0,,988,915.0,25.0,1,saludable,propagada,-70,,saludable
maceta-sim,1413,1,sim-1.0,1790520300,17.3,78.0,1674,1473.0,45.0,2459,2041.0,,988,915.0,25.1,1,saludable,propagada,-71,,saludable
maceta-sim,1414,1,sim-1.0,1790520600,17.6,76.0,1730,1519.0,46.0,2486,2060.0,,996,923.0,24.6,1,saludable,propagada,-77,,saludable
maceta-sim,1415,1,sim-1.0,1790520900,17.2,78.0,1854,1614.0,49.0,2481,2057.0,,991,916.0,24.6,1,saludable,propagada,-67,,saludable
maceta-sim,1416,1,sim-1.0,1790521200,16.7,81.0,1731,1520.0,46.0,2487,2061.0,,983,914.0,24.6,1,saludable,propagada,-72,,saludable
maceta-sim,1417,1,sim-1.0,1790521500,18.3,77.0,1927,1670.0,51.0,2484,2059.0,,1002,931.0,25.2,1,saludable,propagada,-66,,saludable
maceta-sim,1418,1,sim-1.0,1790521800,18.1,75.0,1727,1517.0,46.0,2479,2055.0,,1004,929.0,25.3,1,saludable,propagada,-68,,saludable
maceta-sim,1419,1,sim-1.0,1790522100,18.4,72.0,1971,1699.0,51.0,2487,2061.0,,1002,928.0,25.3,1,saludable,propagada,-68,,saludable
maceta-sim,1420,1,sim-1.0,1790522400,18.2,73.0,1837,1601.0,49.0,2513,2079.0,,1000,928.0,24.9,1,saludable,propagada,-72,,saludable
maceta-sim,1421,1,sim-1.0,1790522700,18.0,74.0,1748,1533.0,46.0,2500,2070.0,,995,922.0,25.0,1,saludable,propagada,-70,,saludable
maceta-sim,1422,1,sim-1.0,1790523000,17.7,78.0,1893,1644.0,50.0,2504,2073.0,,992,920.0,25.0,1,saludable,propagada,-68,,saludable
maceta-sim,1423,1,sim-1.0,1790523300,18.1,74.0,1727,1517.0,46.0,2473,2051.0,,999,927.0,25.0,1,saludable,propagada,-75,,saludable
maceta-sim,1424,1,sim-1.0,1790523600,17.8,77.0,1819,1587.0,48.0,2509,2076.0,,1000,928.0,24.7,1,saludable,propagada,-69,,saludable
maceta-sim,1425,1,sim-1.0,1790523900,18.1,77.0,1885,1638.0,50.0,2489,2062.0,,999,926.0,25.1,1,saludable,propagada,-82,,saludable
maceta-sim,1426,1,sim-1.0,1790524200,17.8,75.0,1965,1695.0,51.0,2519,2083.0,,992,920.0,25.3,1,saludable,propagada,-77,,saludable
maceta-sim,1427,1,sim-1.0,1790524500,18.4,76.0,1760,1542.0,47.0,2503,2072.0,,1005,932.0,25.0,1,saludable,propagada,-76,,saludable
maceta-sim,1428,1,sim-1.0,1790524800,18.3,74.0,1841,1604.0,49.0,2509,2076.0,,1001,928.0,25.2,1,saludable,propagada,-75,,saludable
maceta-sim,1429,1,sim-1.0,1790525100,18.7,76.0,1853,1613.0,49.0,2491,2064.0,,1008,936.0,25.3,1,saludable,propagada,-70,,saludable
maceta-sim,1430,1,sim-1.0,1790525400,18.0,77.0,2053,1754.0,53.0,2524,2087.0,,993,919.0,25.3,1,saludable,propagada,-68,,saludable
maceta-sim,1431,1,sim-1.0,1790525700,17.9,75.0,1717,1509.0,46.0,2514,2080.0,,996,925.0,25.0,1,saludable,propagada,-76,,saludable
maceta-sim,1432,1,sim-1.0,1790526000,18.6,74.0,1799,1572.0,48.0,2504,2073.0,,1006,934.0,25.3,1,saludable,propagada,-69,,saludable
maceta-sim,1433,1,sim-1.0,1790526300,18.3,74.0,1984,1708.0,52.0,2511,2078.0,,1005,932.0,24.8,1,saludable,propagada,-65,,saludable
maceta-sim,1434,1,sim-1.0,1790526600,18.8,76.0,1926,1669.0,51.0,2519,2083.0,,1009,933.0,24.9,1,saludable,propagada,-73,,saludable
maceta-sim,1435,1,sim-1.0,1790526900,18.5,76.0,2023,1734.0,53.0,2527,2089.0,,1001,930.0,25.3,1,saludable,propagada,-70,,saludable
maceta-sim,1436,1,sim-1.0,1790527200,18.5,75.0,1751,1535.0,47.0,2520,2084.0,,1011,938.0,25.2,1,saludable,propagada,-69,,saludable
maceta-sim,1437,1,sim-1.0,1790527500,18.3,75.0,1751,1535.0,47.0,2521,2085.0,,999,926.0,25.4,1,saludable,propagada,-69,,saludable
maceta-sim,1438,1,sim-1.0,1790527800,18.5,74.0,1854,1614.0,49.0,2534,2094.0,,1009,938.0,25.3,1,saludable,propagada,-71,,saludable
maceta-sim,1439,1,sim-1.0,1790528100,18.1,74.0,1735,1523.0,46.0,2527,2089.0,,998,927.0,25.0,1,saludable,propagada,-67,,saludable
maceta-sim,1440,1,sim-1.0,1790528400,18.4,78.0,1649,1453.0,44.0,2533,2093.0,,1005,933.0,24.9,1,saludable,propagada,-70,,saludable
maceta-sim,1441,1,sim-1.0,1790528700,18.8,74.0,1719,1511.0,46.0,2537,2096.0,,1007,935.0,25.4,1,saludable,propagada,-70,,saludable
maceta-sim,1442,1,sim-1.0,1790529000,19.2,74.0,1948,1684.0,51.0,2541,2099.0,,1016,942.0,25.1,1,saludable,propagada,-69,,saludable
maceta-sim,1443,1,sim-1.0,1790529300,19.3,71.0,1665,1466.0,44.0,2536,2095.0,,1017,943.0,25.2,1,saludable,propagada,-71,,saludable
maceta-sim,1444,1,sim-1.0,1790529600,19.1,71.0,1777,1555.0,47.0,2571,2120.0,,1011,937.0,25.2,1,saludable,propagada,-69,,saludable
maceta-sim,1445,1,sim-1.0,1790529900,18.6,74.0,1677,1476.0,45.0,2547,2103.0,,1005,934.0,25.0,1,saludable,propagada,-71,,saludable
maceta-sim,1446,1,sim-1.0,1790530200,19.2,75.0,1638,1444.0,44.0,2559,2111.0,,1010,937.0,25.3,1,saludable,propagada,-69,,saludable
maceta-sim,1447,1,sim-1.0,1790532600,18.3,75.0,1608,1420.0,43.0,2554,2108.0,,998,927.0,25.0,1,saludable,propagada,-71,,saludable
maceta-sim,1448,1,sim-1.0,1790532900,19.1,73.0,1455,1298.0,39.0,2583,2128.0,,1013,940.0,25.2,1,saludable,propagada,-72,,saludable
maceta-sim,1449,1,sim-1.0,1790533200,19.1,71.0,1575,1394.0,42.0,2589,2132.0,,1012,940.0,25.5,1,saludable,propagada,-73,,saludable
maceta-sim,1450,1,sim-1.0,1790533500,18.9,74.0,1595,1410.0,43.0,2573,2121.0,,1013,939.0,25.2,1,saludable,propagada,-68,,saludable
maceta-sim,1451,1,sim-1.0,1790533800,18.8,75.0,1407,1259.0,38.0,2573,2121.0,,1006,934.0,25.6,1,saludable,propagada,-71,,saludable
maceta-sim,1452,1,sim-1.0,1790534100,19.1,74.0,1373,1232.0,37.0,2597,2138.0,,1012,939.0,25.3,1,saludable,propagada,-76,,saludable
maceta-sim,1453,1,sim-1.0,1790534400,18.8,74.0,1378,1236.0,37.0,2589,2132.0,,1011,938.0,25.3,1,saludable,propagada,-68,,saludable
maceta-sim,1454,1,sim-1.0,1790534700,18.8,73.0,1458,1300.0,39.0,2567,2117.0,,1012,940.0,24.7,1,saludable,propagada,-77,,saludable
maceta-sim,1455,1,sim-1.0,1790535000,18.7,75.0,1342,1207.0,37.0,2594,2136.0,,1008,934.0,25.2,1,saludable,propagada,-66,,saludable
maceta-sim,1456,1,sim-1.0,1790535300,18.9,73.0,1402,1255.0,38.0,2579,2125.0,,1013,939.0,25.1,1,saludable,propagada,-79,,saludable
maceta-sim,1457,1,sim-1.0,1790535600,18.7,75.0,1488,1324.0,40.0,2587,2131.0,,1006,933.0,25.0,1,saludable,propagada,-73,,saludable
maceta-sim,1458,1,sim-1.0,1790535900,19.2,73.0,1344,1209.0,37.0,2586,2130.0,,1009,937.0,25.4,1,saludable,propagada,-72,,saludable
maceta-sim,1459,1,sim-1.0,1790536200,18.7,76.0,1217,1107.0,34.0,2604,2143.0,,1010,936.0,25.6,1,saludable,propagada,-76,,saludable
maceta-sim,1460,1,sim-1.0,1790536500,19.0,74.0,1420,1270.0,38.0,2580,2126.0,,1015,940.0,25.6,1,saludable,propagada,-70,,saludable
maceta-sim,1461,1,sim-1.0,1790536800,18.6,73.0,1181,1078.0,33.0,2600,2140.0,,1006,934.0,25.1,1,saludable,propagada,-77,,saludable
maceta-sim,1462,1,sim-1.0,1790537100,18.8,75.0,1288,1164.0,35.0,2600,2140.0,,1004,932.0,24.9,1,saludable,propagada,-66,,saludable
maceta-sim,1463,1,sim-1.0,1790537400,19.1,72.0,1132,1039.0,31.0,2593,2135.0,,1012,939.0,25.6,1,saludable,propagada,-81,,saludable
maceta-sim,1464,1,sim-1.0,1790537700,19.0,73.0,1272,1151.0,35.0,2590,2133.0,,1022,945.0,25.3,1,saludable,propagada,-73,,saludable
maceta-sim,1465,1,sim-1.0,1790538000,18.9,73.0,1058,980.0,30.0,2604,2143.0,,1010,936.0,25.4,1,saludable,propagada,-71,,saludable
maceta-sim,1466,1,sim-1.0,1790538300,19.1,71.0,1072,991.0,30.0,2609,2146.0,,1013,940.0,25.2,1,saludable,propagada,-75,,saludable
maceta-sim,1467,1,sim-1.0,1790538600,,,1027,955.0,29.0,2583,2128.0,,1021,949.0,25.4,1,saludable,propagada,-74,dht_sin_respuesta,saludable
maceta-sim,1468,1,sim-1.0,1790538900,19.0,75.0,1109,1021.0,31.0,2607,2145.0,,1014,941.0,25.1,1,saludable,propagada,-70,,saludable
maceta-sim,1469,1,sim-1.0,1790539200,19.1,73.0,1117,1027.0,31.0,2616,2151.0,,1012,939.0,25.6,1,saludable,propagada,-71,,estresada
maceta-sim,1470,1,sim-1.0,1790539500,18.8,72.0,1027,955.0,29.0,2613,2149.0,,1012,938.0,25.0,1,saludable,propagada,-73,,estresada
maceta-sim,1471,1,sim-1.0,1790539800,18.8,74.0,905,858.0,26.0,2596,2137.0,,1006,935.0,25.6,1,saludable,propagada,-74,,estresada
maceta-sim,1472,1,sim-1.0,1790540100,18.9,75.0,1054,977.0,30.0,2616,2151.0,,1007,935.0,25.6,1,saludable,propagada,-74,,estresada
maceta-sim,1473,1,sim-1.0,1790540400,18.9,72.0,943,888.0,27.0,2629,2160.0,,1004,931.0,25.5,1,saludable,propagada,-75,,estresada
maceta-sim,1474,1,sim-1.0,1790540700,18.7,76.0,910,862.0,26.0,2626,2158.0,,1010,938.0,25.8,1,saludable,propagada,-72,,estresada
maceta-sim,1475,1,sim-1.0,1790541000,18.9,74.0,855,818.0,25.0,2621,2155.0,,1006,934.0,25.3,1,saludable,propagada,-71,,estresada
maceta-sim,1476,1,sim-1.0,1790541300,18.7,73.0,802,776.0,24.0,2613,2149.0,,1013,938.0,25.2,1,saludable,propagada,-75,,estresada
maceta-sim,1477,1,sim-1.0,1790541600,18.9,70.0,797,772.0,23.0,2644,2171.0,,1017,943.0,25.3,1,saludable,propagada,-72,,estresada
maceta-sim,1478,1,sim-1.0,1790541900,18.5,73.0,828,797.0,24.0,2633,2163.0,,1009,937.0,25.1,1,saludable,propagada,-75,,estresada
maceta-sim,1479,1,sim-1.0,1790542200,18.7,75.0,696,692.0,21.0,2623,2156.0,,1011,934.0,24.9,1,saludable,propagada,-73,,estresada
maceta-sim,1480,1,sim-1.0,1790542500,18.4,78.0,685,683.0,21.0,2624,2157.0,,1003,930.0,24.8,1,saludable,propagada,-73,,estresada
maceta-sim,1481,1,sim-1.0,1790542800,18.7,73.0,642,649.0,20.0,2621,2155.0,,1001,930.0,25.3,1,saludable,propagada,-69,,estresada
maceta-sim,1482,1,sim-1.0,1790543100,18.4,77.0,636,644.0,20.0,2636,2165.0,,1002,930.0,25.2,1,saludable,propagada,-75,,estresada
maceta-sim,1483,1,sim-1.0,1790543400,18.2,73.0,561,584.0,18.0,2633,2163.0,,1011,938.0,25.2,1,saludable,propagada,-73,,estresada
maceta-sim,1484,1,sim-1.0,1790543700,18.5,74.0,610,623.0,19.0,2657,2180.0,,1006,933.0,25.5,1,saludable,propagada,-76,,estresada
maceta-sim,1485,1,sim-1.0,1790544000,18.8,76.0,553,578.0,18.0,2654,2178.0,,1010,936.0,24.9,1,saludable,propagada,-77,,estresada
maceta-sim,1486,1,sim-1.0,1790544300,19.3,72.0,475,516.0,16.0,2647,2173.0,,1018,943.0,25.3,1,saludable,propagada,-69,,estresada
maceta-sim,1487,1,sim-1.0,1790544600,18.4,75.0,461,505.0,15.0,2653,2177.0,,1006,933.0,25.1,1,saludable,propagada,-73,,estresada
maceta-sim,1488,1,sim-1.0,1790544900,18.1,76.0,435,484.0,15.0,2650,2175.0,,1001,927.0,25.1,1,saludable,propagada,-73,,estresada
maceta-sim,1489,1,sim-1.0,1790545200,18.8,76.0,361,425.0,13.0,2659,2181.0,,1001,931.0,25.1,1,saludable,propagada,-72,,estresada
maceta-sim,1490,1,sim-1.0,1790545500,18.0,74.0,357,422.0,13.0,2656,2179.0,,992,921.0,25.1,1,saludable,propagada,-65,,estresada
maceta-sim,1491,1,sim-1.0,1790545800,18.4,74.0,303,379.0,11.0,2649,2174.0,,1009,936.0,24.9,1,saludable,propagada,-75,,estresada
maceta-sim,1492,1,sim-1.0,1790546100,18.3,73.0,288,367.0,11.0,2663,2184.0,,997,927.0,24.9,1,saludable,propagada,-72,,estresada
maceta-sim,1493,1,sim-1.0,1790546400,18.1,74.0,225,317.0,10.0,2654,2178.0,,999,928.0,25.3,1,saludable,propagada,-74,,estresada
maceta-sim,1494,1,sim-1.0,1790546700,18.1,75.0,214,308.0,9.0,2651,2176.0,,999,927.0,25.4,1,saludable,propagada,-75,,estresada
maceta-sim,1495,1,sim-1.0,1790547000,18.4,74.0,171,274.0,8.0,2666,2186.0,,1004,932.0,24.8,1,saludable,propagada,-71,,estresada
maceta-sim,1496,1,sim-1.0,1790547300,18.3,75.0,115,229.0,7.0,2670,2189.0,,1000,926.0,25.5,1,saludable,propagada,-68,,estresada
maceta-sim,1497,1,sim-1.0,1790547600,17.8,77.0,78,200.0,6.0,2657,2180.0,,995,922.0,24.8,1,saludable,propagada,-77,,estresada
maceta-sim,1498,1,sim-1.0,1790547900,17.5,74.0,46,174.0,5.0,2681,2197.0,,995,922.0,24.8,1,saludable,propagada,-76,,estresada
maceta-sim,1499,1,sim-1.0,1790548200,18.1,73.0,11,146.0,4.0,2663,2184.0,,997,926.0,25.1,1,saludable,propagada,-66,,estresada
maceta-sim,1500,1,sim-1.0,1790548500,18.5,76.0,9,145.0,4.0,2686,2200.0,,1002,931.0,25.2,1,saludable,propagada,-72,,estresada
maceta-sim,1501,1,sim-1.0,1790548800,17.9,75.0,9,145.0,4.0,2656,2179.0,,995,924.0,25.1,1,saludable,propagada,-73,,estresada
maceta-sim,1502,1,sim-1.0,1790549100,17.6,77.0,11,146.0,4.0,2674,2192.0,,989,917.0,25.2,1,saludable,propagada,-67,,estresada
maceta-sim,1503,1,sim-1.0,1790549400,18.1,75.0,8,144.0,4.0,2679,2195.0,,998,926.0,24.8,1,saludable,propagada,-71,,estresada
maceta-sim,1504,1,sim-1.0,1790549700,17.8,78.0,11,146.0,4.0,2677,2194.0,,996,925.0,25.0,1,saludable,propagada,-69,,estresada
maceta-sim,1505,1,sim-1.0,1790550000,18.0,74.0,9,145.0,4.0,2669,2188.0,,999,927.0,25.3,1,saludable,propagada,-70,,estresada
maceta-sim,1506,1,sim-1.0,1790550300,17.7,75.0,12,147.0,4.0,2681,2197.0,,999,926.0,24.4,1,saludable,propagada,-67,,estresada
maceta-sim,1507,1,sim-1.0,1790550600,17.1,78.0,9,145.0,4.0,2680,2196.0,,983,913.0,24.8,1,saludable,propagada,-69,,estresada
maceta-sim,1508,1,sim-1.0,1790550900,17.5,76.0,12,147.0,4.0,2676,2193.0,,984,916.0,25.1,1,saludable,propagada,-69,,estresada
maceta-sim,1509,1,sim-1.0,1790551200,17.5,76.0,8,144.0,4.0,2679,2195.0,,983,914.0,24.6,1,saludable,propagada,-68,,estresada
maceta-sim,1510,1,sim-1.0,1790551500,17.6,77.0,11,146.0,4.0,2664,2185.0,,999,924.0,25.0,1,saludable,propagada,-72,,estresada
maceta-sim,1511,1,sim-1.0,1790551800,17.5,77.0,9,145.0,4.0,2667,2187.0,,987,915.0,24.9,1,saludable,propagada,-74,,estresada
maceta-sim,1512,1,sim-1.0,1790552100,17.1,77.0,9,145.0,4.0,2683,2198.0,,986,914.0,25.0,1,saludable,propagada,-70,,estresada
maceta-sim,1513,1,sim-1.0,1790552400,17.2,79.0,9,145.0,4.0,2680,2196.0,,986,916.0,25.0,1,saludable,propagada,-62,,estresada
maceta-sim,1514,1,sim-1.0,1790552700,17.0,76.0,8,144.0,4.0,2670,2189.0,,986,914.0,24.9,1,saludable,propagada,-72,,estresada
maceta-sim,1515,1,sim-1.0,1790553000,16.9,76.0,8,144.0,4.0,2671,2190.0,,989,918.0,25.1,1,saludable,propagada,-72,,estresada
maceta-sim,1516,1,sim-1.0,1790553300,17.1,80.0,9,145.0,4.0,2700,2210.0,,987,912.0,25.1,1,saludable,propagada,-74,,estresada
maceta-sim,1517,1,sim-1.0,1790553600,16.6,78.0,12,147.0,4.0,2676,2193.0,,977,905.0,24.8,1,saludable,propagada,-71,,estresada
maceta-sim,1518,1,sim-1.0,1790553900,16.8,80.0,12,147.0,4.0,2700,2210.0,,980,907.0,24.5,1,saludable,propagada,-72,,estresada
maceta-sim,1519,1,sim-1.0,1790554200,16.8,80.0,9,145.0,4.0,2681,2197.0,,988,916.0,24.9,1,saludable,propagada,-72,,estresada
maceta-sim,1520,1,sim-1.0,1790554500,16.6,80.0,12,147.0,4.0,2691,2204.0,,980,909.0,24.9,1,saludable,propagada,-71,,estresada
maceta-sim,1521,1,sim-1.0,1790554800,17.1,78.0,11,146.0,4.0,2697,2208.0,,990,917.0,24.6,1,saludable,propagada,-75,,estresada
maceta-sim,1522,1,sim-1.0,1790555100,16.8,78.0,11,146.0,4.0,2701,2211.0,,979,908.0,25.0,1,saludable,propagada,-79,,estresada
maceta-sim,1523,1,sim-1.0,1790555400,16.7,81.0,11,146.0,4.0,2720,2224.0,,977,908.0,24.8,1,saludable,propagada,-70,,estresada
maceta-sim,1524,1,sim-1.0,1790555700,16.8,78.0,12,147.0,4.0,2707,2215.0,,983,910.0,24.5,1,saludable,propagada,-67,,estresada
maceta-sim,1525,1,sim-1.0,1790556000,16.6,80.0,11,146.0,4.0,2697,2208.0,,980,907.0,24.6,1,saludable,propagada,-76,,estresada
maceta-sim,1526,1,sim-1.0,1790556300,15.9,79.0,11,146.0,4.0,2726,2228.0,,977,908.0,24.7,1,saludable,propagada,-70,,estresada
maceta-sim,1527,1,sim-1.0,1790556600,16.3,79.0,8,144.0,4.0,2707,2215.0,,980,908.0,24.8,1,saludable,propagada,-73,,estresada
maceta-sim,1528,1,sim-1.0,1790556900,16.4,78.0,9,145.0,4.0,2713,2219.0,,977,908.0,24.7,1,saludable,propagada,-75,,estresada
maceta-sim,1529,1,sim-1.0,1790557200,16.1,80.0,12,147.0,4.0,2709,2216.0,,979,906.0,24.5,1,saludable,propagada,-73,,estresada
maceta-sim,1530,1,sim-1.0,1790557500,16.5,79.0,9,145.0,4.0,2711,2218.0,,983,911.0,24.8,1,saludable,propagada,-67,,estresada
maceta-sim,1531,1,sim-1.0,1790557800,16.0,81.0,8,144.0,4.0,2711,2218.0,,977,906.0,24.5,1,saludable,propagada,-71,,estresada
maceta-sim,1532,1,sim-1.0,1790558100,16.1,81.0,11,146.0,4.0,2691,2204.0,,975,906.0,24.8,1,saludable,propagada,-72,,estresada
maceta-sim,1533,1,sim-1.0,1790558400,16.3,77.0,9,145.0,4.0,2717,2222.0,,973,904.0,24.7,1,saludable,propagada,-69,,estresada
maceta-sim,1534,1,sim-1.0,1790558700,15.8,83.0,9,145.0,4.0,2701,2211.0,,971,900.0,24.2,1,saludable,propagada,-76,,estresada
maceta-sim,1535,1,sim-1.0,1790559000,15.7,82.0,11,146.0,4.0,2724,2227.0,,972,900.0,24.0,1,saludable,propagada,-71,,estresada
maceta-sim,1536,1,sim-1.0,1790559300,16.1,79.0,8,144.0,4.0,2710,2217.0,,976,906.0,24.5,1,saludable,propagada,-67,,estresada
maceta-sim,1537,1,sim-1.0,1790559600,16.4,77.0,8,144.0,4.0,2714,2220.0,,976,905.0,24.8,1,saludable,propagada,-80,,estresada
maceta-sim,1538,1,sim-1.0,1790559900,15.9,82.0,12,147.0,4.0,2723,2226.0,,972,902.0,24.7,1,saludable,propagada,-79,,estresada
maceta-sim,1539,1,sim-1.0,1790560200,15.6,85.0,11,146.0,4.0,2713,2219.0,,969,899.0,24.6,1,saludable,propagada,-74,,estresada
maceta-sim,1540,1,sim-1.0,1790560500,16.1,80.0,12,147.0,4.0,2719,2223.0,,973,902.0,24.8,1,saludable,propagada,-68,,estresada
maceta-sim,1541,1,sim-1.0,1790560800,15.3,82.0,9,145.0,4.0,2701,2211.0,,963,893.0,24.3,1,saludable,propagada,-77,,estresada
maceta-sim,1542,1,sim-1.0,1790561100,15.7,79.0,12,147.0,4.0,2726,2228.0,,961,892.0,24.1,1,saludable,propagada,-73,,estresada
maceta-sim,1543,1,sim-1.0,1790561400,15.7,79.0,8,144.0,4.0,2729,2230.0,,971,899.0,24.8,1,saludable,propagada,-71,,estresada
maceta-sim,1544,1,sim-1.0,1790561700,15.3,81.0,11,146.0,4.0,2726,2228.0,,963,894.0,24.3,1,saludable,manual,-73,,estresada
maceta-sim,1545,1,sim-1.0,1790562000,15.5,81.0,9,145.0,4.0,2727,2229.0,,968,898.0,24.5,1,saludable,propagada,-76,,estresada
maceta-sim,1546,1,sim-1.0,1790562300,15.4,82.0,8,144.0,4.0,2740,2238.0,,970,898.0,24.4,1,saludable,propagada,-66,,estresada
maceta-sim,1547,1,sim-1.0,1790562600,14.8,86.0,9,145.0,4.0,2734,2234.0,,958,888.0,24.5,1,saludable,propagada,-77,,estresada
maceta-sim,1548,1,sim-1.0,1790562900,15.2,82.0,12,147.0,4.0,2720,2224.0,,965,895.0,24.2,1,saludable,propagada,-65,,estresada
maceta-sim,1549,1,sim-1.0,1790563200,15.2,81.0,12,147.0,4.0,2727,2229.0,,964,896.0,24.6,1,saludable,propagada,-72,,estresada
maceta-sim,1550,1,sim-1.0,1790563500,15.5,82.0,12,147.0,4.0,2736,2235.0,,965,896.0,24.5,1,saludable,propagada,-74,,estresada
maceta-sim,1551,1,sim-1.0,1790563800,15.0,82.0,9,145.0,4.0,2733,2233.0,,961,892.0,24.2,1,saludable,propagada,-72,,estresada
maceta-sim,1552,1,sim-1.0,1790564100,15.1,81.0,12,147.0,4.0,2729,2230.0,,961,891.0,24.7,1,saludable,propagada,-73,,estresada
maceta-sim,1553,1,sim-1.0,1790564400,13.7,84.0,9,145.0,4.0,2733,2233.0,,942,874.0,23.8,1,saludable,propagada,-79,,estresada
maceta-sim,1554,1,sim-1.0,1790564700,13.6,86.0,8,144.0,4.0,2734,2234.0,,941,872.0,23.9,1,saludable,propagada,-70,,estresada
maceta-sim,1555,1,sim-1.0,1790565000,14.3,81.0,9,145.0,4.0,2753,2247.0,,953,883.0,23.9,1,saludable,propagada,-74,,estresada
maceta-sim,1556,1,sim-1.0,1790565300,14.0,88.0,11,146.0,4.0,2759,2251.0,,942,875.0,24.1,1,saludable,propagada,-67,,estresada
maceta-sim,1557,1,sim-1.0,1790565600,13.8,87.0,9,145.0,4.0,2751,2246.0,,939,873.0,24.0,1,saludable,propagada,-66,,estresada
maceta-sim,1558,1,sim-1.0,1790565900,14.2,87.0,8,144.0,4.0,2739,2237.0,,957,885.0,24.0,1,saludable,propagada,-66,,estresada
maceta-sim,1559,1,sim-1.0,1790566200,13.7,87.0,8,144.0,4.0,2747,2243.0,,947,878.0,23.7,1,saludable,propagada,-68,,estresada
maceta-sim,1560,1,sim-1.0,1790566500,13.0,88.0,11,146.0,4.0,2749,2244.0,,941,871.0,23.9,1,saludable,propagada,-74,,estresada
maceta-sim,1561,1,sim-1.0,1790566800,12.8,87.0,11,146.0,4.0,2733,2233.0,,932,863.0,23.6,1,saludable,propagada,-75,,estresada
maceta-sim,1562,1,sim-1.0,1790567100,13.0,88.0,12,147.0,4.0,2757,2250.0,,937,870.0,23.5,1,saludable,propagada,-75,,estresada
maceta-sim,1563,1,sim-1.0,1790567400,12.9,89.0,11,146.0,4.0,2754,2248.0,,928,863.0,23.6,1,saludable,propagada,-67,,estresada
maceta-sim,1564,1,sim-1.0,1790567700,13.4,86.0,8,144.0,4.0,2740,2238.0,,939,871.0,23.8,1,saludable,propagada,-72,,estresada
maceta-sim,1565,1,sim-1.0,1790568000,13.0,87.0,9,145.0,4.0,2746,2242.0,,934,868.0,23.5,1,saludable,propagada,-69,,estresada
maceta-sim,1566,1,sim-1.0,1790568300,13.4,85.0,9,145.0,4.0,2749,2244.0,,938,870.0,23.6,1,saludable,propagada,-64,,estresada
maceta-sim,1567,1,sim-1.0,1790568600,13.1,83.0,8,144.0,4.0,2760,2252.0,,933,867.0,24.0,1,saludable,propagada,-70,,estresada
maceta-sim,1568,1,sim-1.0,1790568900,12.8,87.0,12,147.0,4.0,2747,2243.0,,926,862.0,23.8,1,saludable,propagada,-67,,estresada
maceta-sim,1569,1,sim-1.0,1790569200,12.4,87.0,8,144.0,4.0,2750,2245.0,,927,857.0,23.4,1,saludable,propagada,-74,,estresada
maceta-sim,1570,1,sim-1.0,1790569500,12.8,87.0,11,146.0,4.0,2746,2242.0,,927,863.0,23.8,1,saludable,propagada,-70,,estresada
maceta-sim,1571,1,sim-1.0,1790569800,13.4,89.0,9,145.0,4.0,2760,2252.0,,940,870.0,23.5,1,saludable,propagada,-73,,estresada
maceta-sim,1572,1,sim-1.0,1790570100,13.5,85.0,12,147.0,4.0,2750,2245.0,,931,865.0,23.9,1,saludable,propagada,-76,,estresada
maceta-sim,1573,1,sim-1.0,1790570400,12.8,89.0,9,145.0,4.0,2759,2251.0,,934,866.0,23.8,1,saludable,propagada,-67,,estresada
maceta-sim,1574,1,sim-1.0,1790570700,12.7,89.0,11,146.0,4.0,2747,2243.0,,924,858.0,23.6,1,saludable,propagada,-69,,estresada
maceta-sim,1575,1,sim-1.0,1790571000,12.9,87.0,8,144.0,4.0,2776,2263.0,,928,864.0,23.6,1,saludable,propagada,-74,,estresada
maceta-sim,1576,1,sim-1.0,1790571300,13.2,90.0,8,144.0,4.0,2751,2246.0,,937,868.0,23.7,1,saludable,propagada,-73,,estresada
maceta-sim,1577,1,sim-1.0,1790571600,12.5,90.0,8,144.0,4.0,2753,2247.0,,927,860.0,23.5,1,saludable,propagada,-75,,estresada
maceta-sim,1578,1,sim-1.0,1790571900,12.5,90.0,11,146.0,4.0,2756,2249.0,,930,862.0,23.9,1,saludable,propagada,-71,,estresada
maceta-sim,1579,1,sim-1.0,1790572200,12.8,89.0,12,147.0,4.0,2779,2265.0,,925,858.0,23.8,1,saludable,propagada,-68,,estresada
maceta-sim,1580,1,sim-1.0,1790572500,12.9,86.0,8,144.0,4.0,2767,2257.0,,938,870.0,23.7,1,saludable,propagada,-75,,estresada
maceta-sim,1581,1,sim-1.0,1790572800,13.0,87.0,12,147.0,4.0,2773,2261.0,,934,869.0,23.3,1,saludable,propagada,-73,,estresada
maceta-sim,1582,1,sim-1.0,1790573100,13.2,87.0,8,144.0,4.0,2780,2266.0,,941,872.0,23.7,1,saludable,propagada,-71,,estresada
maceta-sim,1583,1,sim-1.0,1790573400,12.6,86.0,8,144.0,4.0,2766,2256.0,,932,865.0,23.6,1,saludable,propagada,-65,,estresada
maceta-sim,1584,1,sim-1.0,1790573700,12.7,88.0,12,147.0,4.0,2747,2243.0,,930,861.0,23.9,1,saludable,propagada,-76,,estresada
maceta-sim,1585,1,sim-1.0,1790574000,12.4,89.0,12,147.0,4.0,2767,2257.0,,925,857.0,23.2,1,saludable,propagada,-76,,estresada
maceta-sim,1586,1,sim-1.0,1790574300,12.1,91.0,12,147.0,4.0,2786,2270.0,,921,855.0,23.8,1,saludable,propagada,-75,,estresada
maceta-sim,1587,1,sim-1.0,1790574600,11.9,89.0,11,146.0,4.0,2756,2249.0,,920,854.0,23.6,1,saludable,propagada,-72,,estresada
maceta-sim,1588,1,sim-1.0,1790574900,12.2,88.0,9,145.0,4.0,2780,2266.0,,922,856.0,23.7,1,saludable,propagada,-67,,estresada
maceta-sim,1589,1,sim-1.0,1790575200,13.3,88.0,11,146.0,4.0,2774,2262.0,,943,874.0,23.7,1,saludable,propagada,-73,,estresada
maceta-sim,1590,1,sim-1.0,1790575500,12.8,88.0,12,147.0,4.0,2764,2255.0,,930,862.0,24.1,1,saludable,propagada,-69,,estresada
maceta-sim,1591,1,sim-1.0,1790575800,12.4,87.0,11,146.0,4.0,2770,2259.0,,926,857.0,23.8,1,saludable,propagada,-69,,estresada
maceta-sim,1592,1,sim-1.0,1790576100,12.2,90.0,8,144.0,4.0,2786,2270.0,,917,851.0,23.2,1,saludable,propagada,-67,,estresada
maceta-sim,1593,1,sim-1.0,1790576400,12.4,91.0,11,146.0,4.0,2764,2255.0,,924,858.0,24.0,1,saludable,propagada,-73,,estresada
maceta-sim,1594,1,sim-1.0,1790576700,12.7,89.0,12,147.0,4.0,2761,2253.0,,939,868.0,23.7,1,saludable,propagada,-75,,estresada
maceta-sim,1595,1,sim-1.0,1790577000,12.1,91.0,9,145.0,4.0,2770,2259.0,,923,856.0,23.6,1,saludable,propagada,-78,,estresada
maceta-sim,1596,1,sim-1.0,1790577300,11.9,89.0,8,144.0,4.0,2774,2262.0,,913,850.0,23.6,1,saludable,propagada,-69,,estresada
maceta-sim,1597,1,sim-1.0,1790577600,12.5,88.0,12,147.0,4.0,2764,2255.0,,929,861.0,23.5,1,saludable,propagada,-74,,estresada
maceta-sim,1598,1,sim-1.0,1790577900,12.4,88.0,11,146.0,4.0,2793,2275.0,,925,857.0,23.3,1,saludable,propagada,-73,,estresada
maceta-sim,1599,1,sim-1.0,1790578200,12.3,92.0,12,147.0,4.0,2776,2263.0,,932,863.0,23.7,1,saludable,propagada,-66,,estresada
maceta-sim,1600,1,sim-1.0,1790578500,12.6,88.0,12,147.0,4.0,2776,2263.0,,932,863.0,23.6,1,saludable,propagada,-74,,estresada
maceta-sim,1601,1,sim-1.0,1790578800,12.2,89.0,11,146.0,4.0,2786,2270.0,,922,858.0,23.4,1,saludable,propagada,-68,,estresada
maceta-sim,1602,1,sim-1.0,1790579100,12.5,90.0,8,144.0,4.0,2774,2262.0,,930,863.0,23.8,1,saludable,propagada,-69,,estresada
maceta-sim,1603,1,sim-1.0,1790579400,12.1,91.0,11,146.0,4.0,2790,2273.0,,917,853.0,23.8,1,saludable,propagada,-73,,estresada
maceta-sim,1604,1,sim-1.0,1790579700,12.5,89.0,8,144.0,4.0,2777,2264.0,,934,867.0,23.3,1,saludable,propagada,-67,,estresada
maceta-sim,1605,1,sim-1.0,1790580000,12.2,90.0,12,147.0,4.0,2779,2265.0,,928,859.0,23.6,1,saludable,propagada,-72,,estresada
maceta-sim,1606,1,sim-1.0,1790580300,12.5,86.0,8,144.0,4.0,2780,2266.0,,925,858.0,23.2,1,saludable,propagada,-71,,estresada
maceta-sim,1607,1,sim-1.0,1790580600,12.2,87.0,9,145.0,4.0,2796,2277.0,,930,863.0,23.7,1,saludable,propagada,-72,,estresada
maceta-sim,1608,1,sim-1.0,1790580900,12.3,88.0,11,146.0,4.0,2771,2260.0,,923,855.0,23.9,1,saludable,propagada,-74,,estresada
maceta-sim,1609,1,sim-1.0,1790581200,12.5,91.0,12,147.0,4.0,2800,2280.0,,930,864.0,23.8,1,saludable,propagada,-73,,estresada
maceta-sim,1610,1,sim-1.0,1790581500,12.6,85.0,12,147.0,4.0,2779,2265.0,,928,862.0,24.0,1,saludable,propagada,-69,,estresada
maceta-sim,1611,1,sim-1.0,1790581800,12.6,86.0,11,146.0,4.0,2799,2279.0,,931,863.0,23.5,1,saludable,propagada,-77,,estresada
maceta-sim,1612,1,sim-1.0,1790582100,12.3,89.0,8,144.0,4.0,2801,2281.0,,924,857.0,23.6,1,saludable,propagada,-65,,estresada
maceta-sim,1613,1,sim-1.0,1790582400,12.6,86.0,11,146.0,4.0,2790,2273.0,,930,864.0,23.8,1,saludable,propagada,-71,,estresada
maceta-sim,1614,1,sim-1.0,1790582700,11.9,92.0,12,147.0,4.0,2806,2284.0,,922,855.0,23.4,1,saludable,propagada,-78,,estresada
maceta-sim,1615,1,sim-1.0,1790583000,12.4,89.0,12,147.0,4.0,2794,2276.0,,925,856.0,23.8,1,saludable,propagada,-78,,estresada
maceta-sim,1616,1,sim-1.0,1790583300,12.1,91.0,11,146.0,4.0,2789,2272.0,,927,858.0,23.6,1,saludable,propagada,-73,,estresada
maceta-sim,1617,1,sim-1.0,1790583600,12.6,90.0,9,145.0,4.0,2791,2274.0,,931,864.0,23.7,1,saludable,propagada,-73,,estresada
maceta-sim,1618,1,sim-1.0,1790583900,12.8,91.0,8,144.0,4.0,2790,2273.0,,934,868.0,23.6,1,saludable,propagada,-76,,estresada
maceta-sim,1619,1,sim-1.0,1790584200,12.7,88.0,12,147.0,4.0,2793,2275.0,,926,860.0,23.7,1,saludable,propagada,-76,,estresada
maceta-sim,1620,1,sim-1.0,1790584500,12.8,89.0,12,147.0,4.0,2799,2279.0,,928,861.0,23.9,1,saludable,propagada,-69,,estresada
maceta-sim,1621,1,sim-1.0,1790584800,12.9,86.0,8,144.0,4.0,2796,2277.0,,936,868.0,23.8,1,saludable,propagada,-67,,estresada
maceta-sim,1622,1,sim-1.0,1790585100,12.9,87.0,12,147.0,4.0,2786,2270.0,,934,867.0,23.6,1,saludable,propagada,-66,,estresada
maceta-sim,1623,1,sim-1.0,1790585400,12.8,86.0,12,147.0,4.0,2809,2286.0,,936,865.0,23.7,1,saludable,propagada,-72,,estresada
maceta-sim,1624,1,sim-1.0,1790585700,12.6,90.0,12,147.0,4.0,2789,2272.0,,928,860.0,23.5,1,saludable,propagada,-78,,estresada
maceta-sim,1625,1,sim-1.0,1790586000,13.1,85.0,8,144.0,4.0,2809,2286.0,,936,868.0,23.7,1,saludable,propagada,-75,,estresada
maceta-sim,1626,1,sim-1.0,1790586300,12.6,87.0,12,147.0,4.0,2796,2277.0,,931,862.0,23.6,1,saludable,propagada,-67,,estresada
maceta-sim,1627,1,sim-1.0,1790586600,13.1,89.0,8,144.0,4.0,2790,2273.0,,934,866.0,24.1,1,saludable,propagada,-68,,estresada
maceta-sim,1628,1,sim-1.0,1790586900,13.3,84.0,8,144.0,4.0,2817,2292.0,,940,870.0,23.8,1,saludable,propagada,-73,,estresada
maceta-sim,1629,1,sim-1.0,1790587200,13.2,88.0,12,147.0,4.0,2809,2286.0,,942,875.0,24.0,1,saludable,propagada,-73,,estresada
maceta-sim,1630,1,sim-1.0,1790587500,13.2,87.0,8,144.0,4.0,2791,2274.0,,937,869.0,24.1,1,saludable,propagada,-75,,estresada
maceta-sim,1631,1,sim-1.0,1790587800,12.8,88.0,9,145.0,4.0,2791,2274.0,,936,869.0,23.7,1,saludable,propagada,-77,,estresada
maceta-sim,1632,1,sim-1.0,1790588100,12.8,89.0,58,184.0,6.0,2796,2277.0,,933,864.0,23.8,1,saludable,propagada,-73,,estresada
maceta-sim,1633,1,sim-1.0,1790588400,13.1,85.0,93,212.0,6.0,2829,2300.0,,936,868.0,23.4,1,saludable,propagada,-74,,estresada
maceta-sim,1634,1,sim-1.0,1790588700,13.0,87.0,141,250.0,8.0,2806,2284.0,,936,867.0,23.8,1,saludable,propagada,-69,,estresada
maceta-sim,1635,1,sim-1.0,1790589000,12.9,89.0,191,290.0,9.0,2814,2290.0,,939,870.0,23.9,1,saludable,propagada,-79,,estresada
maceta-sim,1636,1,sim-1.0,1790589300,13.1,89.0,235,325.0,10.0,2823,2296.0,,939,872.0,24.2,1,saludable,propagada,-71,,estresada
maceta-sim,1637,1,sim-1.0,1790589600,13.3,89.0,252,338.0,10.0,2830,2301.0,,938,869.0,23.9,1,saludable,propagada,-68,,estresada
maceta-sim,1638,1,sim-1.0,1790589900,12.9,87.0,294,372.0,11.0,2797,2278.0,,931,867.0,24.1,1,saludable,propagada,-70,,estresada
maceta-sim,1639,1,sim-1.0,1790590200,14.0,82.0,343,411.0,12.0,2816,2291.0,,946,876.0,24.1,1,saludable,propagada,-69,,estresada
maceta-sim,1640,1,sim-1.0,1790590500,13.2,87.0,385,444.0,13.0,2817,2292.0,,938,869.0,23.6,1,saludable,propagada,-72,,estresada
maceta-sim,1641,1,sim-1.0,1790590800,13.2,86.0,414,467.0,14.0,2837,2306.0,,936,869.0,23.6,1,saludable,propagada,-66,,estresada
maceta-sim,1642,1,sim-1.0,1790591100,13.7,84.0,484,523.0,16.0,2817,2292.0,,948,880.0,23.9,1,saludable,propagada,-67,,estresada
maceta-sim,1643,1,sim-1.0,1790591400,13.4,85.0,524,555.0,17.0,2823,2296.0,,944,876.0,23.6,1,saludable,propagada,-80,,estresada
maceta-sim,1644,1,sim-1.0,1790591700,13.9,83.0,600,615.0,19.0,2819,2293.0,,946,877.0,24.1,1,saludable,propagada,-77,,estresada
maceta-sim,1645,1,sim-1.0,1790592000,12.8,87.0,581,600.0,18.0,2831,2302.0,,932,862.0,23.9,1,saludable,propagada,-73,,estresada
maceta-sim,1646,1,sim-1.0,1790592300,13.8,87.0,671,672.0,20.0,2800,2280.0,,946,880.0,23.8,1,saludable,propagada,-73,,estresada
maceta-sim,1647,1,sim-1.0,1790592600,14.0,84.0,630,639.0,19.0,2799,2279.0,,955,882.0,24.0,1,saludable,propagada,-73,,estresada
maceta-sim,1648,1,sim-1.0,1790592900,13.5,88.0,734,722.0,22.0,2827,2299.0,,939,870.0,24.0,1,saludable,propagada,-68,,estresada
maceta-sim,1649,1,sim-1.0,1790593200,14.7,82.0,749,734.0,22.0,2829,2300.0,,958,888.0,24.2,1,saludable,propagada,-66,,estresada
maceta-sim,1650,1,sim-1.0,1790593500,14.1,86.0,749,734.0,22.0,2807,2285.0,,950,881.0,24.2,1,saludable,propagada,-74,,estresada
maceta-sim,1651,1,sim-1.0,1790593800,13.5,86.0,912,864.0,26.0,2824,2297.0,,946,877.0,23.8,1,saludable,propagada,-69,,estresada
maceta-sim,1652,1,sim-1.0,1790594100,13.9,84.0,970,910.0,28.0,2836,2305.0,,944,875.0,24.0,1,saludable,propagada,-70,,estresada
maceta-sim,1653,1,sim-1.0,1790594400,14.3,84.0,951,895.0,27.0,2817,2292.0,,956,884.0,24.4,1,saludable,propagada,-70,,estresada
maceta-sim,1654,1,sim-1.0,1790594700,13.9,87.0,998,932.0,28.0,2834,2304.0,,942,874.0,23.6,1,saludable,propagada,-75,,estresada
maceta-sim,1655,1,sim-1.0,1790595000,13.9,87.0,975,914.0,28.0,2836,2305.0,,942,876.0,24.1,1,saludable,propagada,-75,,estresada
maceta-sim,1656,1,sim-1.0,1790595300,14.4,84.0,973,912.0,28.0,2827,2299.0,,956,887.0,23.9,1,saludable,propagada,-76,,estresada
maceta-sim,1657,1,sim-1.0,1790595600,14.3,83.0,998,932.0,28.0,2829,2300.0,,948,882.0,24.1,1,saludable,propagada,-69,,estresada
maceta-sim,1658,1,sim-1.0,1790595900,14.3,87.0,1081,998.0,30.0,2839,2307.0,,943,878.0,24.3,1,saludable,propagada,-71,,estresada
maceta-sim,1659,1,sim-1.0,1790596200,14.7,81.0,1106,1018.0,31.0,2826,2298.0,,955,886.0,23.9,1,saludable,propagada,-69,,estresada
maceta-sim,1660,1,sim-1.0,1790596500,14.6,86.0,1163,1064.0,32.0,2830,2301.0,,961,891.0,23.7,1,saludable,propagada,-70,,estresada
maceta-sim,1661,1,sim-1.0,1790596800,14.7,83.0,1122,1031.0,31.0,2849,2314.0,,955,885.0,24.4,1,saludable,propagada,-73,,estresada
maceta-sim,1662,1,sim-1.0,1790597100,14.4,86.0,1236,1122.0,34.0,2834,2304.0,,952,880.0,24.3,1,saludable,propagada,-72,,estresada
maceta-sim,1663,1,sim-1.0,1790597400,14.8,84.0,1283,1160.0,35.0,2854,2318.0,,955,885.0,24.2,1,saludable,propagada,-73,,estresada
maceta-sim,1664,1,sim-1.0,1790597700,14.9,81.0,1385,1242.0,38.0,2836,2305.0,,959,889.0,24.3,1,saludable,propagada,-72,,estresada
maceta-sim,1665,1,sim-1.0,1790598000,15.2,84.0,1459,1301.0,39.0,2834,2304.0,,958,890.0,24.4,1,saludable,propagada,-65,,estresada
maceta-sim,1666,1,sim-1.0,1790598300,15.1,79.0,1367,1227.0,37.0,2851,2316.0,,959,891.0,24.4,1,saludable,propagada,-70,,estresada
maceta-sim,1667,1,sim-1.0,1790598600,15.1,81.0,1506,1339.0,41.0,2830,2301.0,,961,891.0,24.3,1,saludable,propagada,-71,,estresada
maceta-sim,1668,1,sim-1.0,1790598900,14.8,83.0,1489,1325.0,40.0,2841,2309.0,,950,884.0,23.9,1,saludable,propagada,-72,,estresada
maceta-sim,1669,1,sim-1.0,1790599200,15.3,81.0,1600,1414.0,43.0,2826,2298.0,,971,900.0,24.1,1,saludable,propagada,-72,,estresada
maceta-sim,1670,1,sim-1.0,1790599500,15.1,85.0,1530,1358.0,41.0,2859,2321.0,,967,897.0,24.2,1,saludable,propagada,-77,,estresada
maceta-sim,1671,1,sim-1.0,1790599800,15.7,78.0,1591,1407.0,43.0,2853,2317.0,,973,900.0,24.5,1,saludable,propagada,-71,,estresada
maceta-sim,1672,1,sim-1.0,1790600100,15.0,81.0,1710,1504.0,46.0,2840,2308.0,,970,897.0,23.8,1,saludable,propagada,-73,,estresada
maceta-sim,1673,1,sim-1.0,1790600400,15.1,84.0,1488,1324.0,40.0,2866,2326.0,,960,892.0,24.3,1,saludable,propagada,-73,,estresada
maceta-sim,1674,1,sim-1.0,1790600700,15.3,81.0,1787,1563.0,47.0,2864,2325.0,,968,898.0,24.5,1,saludable,propagada,-72,,estresada
maceta-sim,1675,1,sim-1.0,1790601000,15.1,83.0,1843,1606.0,49.0,2846,2312.0,,961,892.0,24.3,1,saludable,propagada,-74,,estresada
maceta-sim,1676,1,sim-1.0,1790601300,15.5,83.0,1603,1416.0,43.0,2873,2331.0,,968,897.0,24.4,1,saludable,propagada,-67,,estresada
maceta-sim,1677,1,sim-1.0,1790601600,15.6,80.0,1789,1564.0,47.0,2847,2313.0,,966,895.0,24.5,1,saludable,propagada,-74,,estresada
maceta-sim,1678,1,sim-1.0,1790601900,15.6,83.0,1666,1467.0,44.0,2864,2325.0,,971,898.0,24.6,2,estresada,manual,-73,,estresada
maceta-sim,1679,1,sim-1.0,1790602200,16.0,78.0,1643,1448.0,44.0,2861,2323.0,,975,903.0,24.3,2,estresada,propagada,-70,,estresada
maceta-sim,1680,1,sim-1.0,1790602500,16.2,82.0,1924,1668.0,51.0,2847,2313.0,,978,907.0,24.9,2,estresada,propagada,-76,,estresada
maceta-sim,1681,1,sim-1.0,1790602800,15.6,82.0,1742,1528.0,46.0,2869,2328.0,,971,900.0,24.4,2,estresada,propagada,-81,,estresada
maceta-sim,1682,1,sim-1.0,1790603100,16.3,82.0,1715,1508.0,46.0,2869,2328.0,,974,903.0,24.8,2,estresada,propagada,-68,,estresada
maceta-sim,1683,1,sim-1.0,1790603400,16.2,82.0,2078,1771.0,54.0,2844,2311.0,,972,902.0,24.5,2,estresada,propagada,-76,,estresada
maceta-sim,1684,1,sim-1.0,1790603700,16.2,81.0,1959,1691.0,51.0,2859,2321.0,,978,906.0,24.5,2,estresada,propagada,-72,,estresada
maceta-sim,1685,1,sim-1.0,1790604000,16.2,78.0,1990,1712.0,52.0,2860,2322.0,,979,908.0,24.5,2,estresada,propagada,-69,,estresada
maceta-sim,1686,1,sim-1.0,1790604300,16.0,82.0,1890,1642.0,50.0,2860,2322.0,,976,908.0,24.5,2,estresada,propagada,-70,,estresada
maceta-sim,1687,1,sim-1.0,1790604600,16.6,81.0,2075,1769.0,54.0,2870,2329.0,,982,910.0,24.7,2,estresada,propagada,-73,,estresada
maceta-sim,1688,1,sim-1.0,1790604900,16.3,81.0,2001,1719.0,52.0,2867,2327.0,,979,908.0,24.7,2,estresada,propagada,-73,,estresada
maceta-sim,1689,1,sim-1.0,1790605200,16.7,80.0,2106,1790.0,54.0,2867,2327.0,,979,911.0,24.4,2,estresada,propagada,-71,,estresada
maceta-sim,1690,1,sim-1.0,1790605500,16.7,78.0,2130,1806.0,55.0,2884,2339.0,,990,919.0,24.8,2,estresada,propagada,-80,,estresada
maceta-sim,1691,1,sim-1.0,1790605800,16.5,77.0,2278,1905.0,58.0,2870,2329.0,,974,904.0,25.2,2,estresada,propagada,-71,,estresada
maceta-sim,1692,1,sim-1.0,1790606100,15.9,78.0,2032,1740.0,53.0,2876,2333.0,,969,901.0,24.3,2,estresada,propagada,-72,,estresada
maceta-sim,1693,1,sim-1.0,1790606400,16.6,80.0,2053,1754.0,53.0,2871,2330.0,,980,909.0,24.7,2,estresada,propagada,-71,,estresada
maceta-sim,1694,1,sim-1.0,1790606700,16.8,78.0,1894,1645.0,50.0,2883,2338.0,,988,916.0,24.5,2,estresada,propagada,-70,,estresada
maceta-sim,1695,1,sim-1.0,1790607000,16.2,82.0,2345,1950.0,59.0,2887,2341.0,,972,904.0,24.3,2,estresada,propagada,-66,,estresada
maceta-sim,1696,1,sim-1.0,1790607300,16.9,80.0,2261,1894.0,57.0,2887,2341.0,,990,919.0,24.8,2,estresada,propagada,-66,,estresada
maceta-sim,1697,1,sim-1.0,1790607600,17.4,77.0,1903,1652.0,50.0,2890,2343.0,,992,921.0,25.1,2,estresada,propagada,-76,,estresada
maceta-sim,1698,1,sim-1.0,1790607900,17.2,79.0,1918,1663.0,50.0,2884,2339.0,,992,920.0,24.8,2,estresada,propagada,-76,,estresada
maceta-sim,1699,1,sim-1.0,1790608200,16.6,79.0,2175,1836.0,56.0,2887,2341.0,,976,905.0,25.0,2,estresada,propagada,-75,,estresada
maceta-sim,1700,1,sim-1.0,1790608500,16.3,79.0,1938,1677.0,51.0,2880,2336.0,,979,907.0,24.7,2,estresada,propagada,-67,,estresada
maceta-sim,1701,1,sim-1.0,1790608800,17.3,75.0,2355,1957.0,59.0,2896,2347.0,,989,917.0,24.6,2,estresada,propagada,-67,,estresada
maceta-sim,1702,1,sim-1.0,1790609100,16.6,77.0,2436,2011.0,61.0,2874,2332.0,,982,909.0,24.7,2,estresada,propagada,-68,,estresada
maceta-sim,1703,1,sim-1.0,1790609400,16.9,79.0,2090,1779.0,54.0,2889,2342.0,,982,913.0,24.6,2,estresada,propagada,-74,,estresada
maceta-sim,1704,1,sim-1.0,1790609700,17.3,76.0,2167,1831.0,55.0,2897,2348.0,,988,915.0,24.5,2,estresada,propagada,-73,,estresada
maceta-sim,1705,1,sim-1.0,1790610000,17.1,78.0,2205,1856.0,56.0,2913,2359.0,,983,914.0,25.0,2,estresada,propagada,-70,,estresada
maceta-sim,1706,1,sim-1.0,1790610300,17.5,75.0,2378,1972.0,60.0,2884,2339.0,,994,921.0,24.8,2,estresada,propagada,-77,,estresada
maceta-sim,1707,1,sim-1.0,1790610600,17.2,75.0,2372,1968.0,60.0,2899,2349.0,,989,917.0,24.8,2,estresada,propagada,-71,,estresada
maceta-sim,1708,1,sim-1.0,1790610900,17.4,78.0,2014,1728.0,52.0,2909,2356.0,,1001,927.0,24.4,2,estresada,propagada,-73,,estresada
maceta-sim,1709,1,sim-1.0,1790611200,17.2,74.0,2266,1897.0,57.0,2880,2336.0,,996,923.0,24.7,2,estresada,propagada,-71,,estresada
maceta-sim,1710,1,sim-1.0,1790611500,17.5,78.0,2315,1930.0,58.0,2906,2354.0,,998,925.0,24.6,2,estresada,propagada,-70,,estresada
maceta-sim,1711,1,sim-1.0,1790611800,17.4,79.0,2166,1830.0,55.0,2913,2359.0,,997,927.0,24.9,2,estresada,propagada,-72,,estresada
maceta-sim,1712,1,sim-1.0,1790612100,17.7,74.0,2099,1785.0,54.0,2893,2345.0,,1000,927.0,25.0,2,estresada,propagada,-74,,estresada
maceta-sim,1713,1,sim-1.0,1790612400,18.0,76.0,2144,1815.0,55.0,2909,2356.0,,999,928.0,24.9,2,estresada,propagada,-71,,estresada
maceta-sim,1714,1,sim-1.0,1790612700,17.8,78.0,1975,1702.0,52.0,2921,2365.0,,1000,924.0,24.8,2,estresada,propagada,-74,,estresada
maceta-sim,1715,1,sim-1.0,1790613000,17.5,77.0,2015,1729.0,52.0,2903,2352.0,,996,924.0,24.6,2,estresada,propagada,-76,,estresada
maceta-sim,1716,1,sim-1.0,1790613300,18.2,74.0,2358,1959.0,59.0,2900,2350.0,,1003,929.0,25.2,2,estresada,propagada,-74,,estresada
maceta-sim,1717,1,sim-1.0,1790613600,17.6,78.0,2388,1979.0,60.0,2920,2364.0,,999,926.0,25.0,2,estresada,propagada,-76,,estresada
maceta-sim,1718,1,sim-1.0,1790613900,17.8,77.0,2400,1987.0,60.0,2923,2366.0,,1005,930.0,24.9,2,estresada,propagada,-73,,estresada
maceta-sim,1719,1,sim-1.0,1790614200,17.9,76.0,2179,1839.0,56.0,2914,2360.0,,998,924.0,24.9,2,estresada,propagada,-70,,estresada
maceta-sim,1720,1,sim-1.0,1790614500,18.1,75.0,2153,1821.0,55.0,2897,2348.0,,1000,927.0,25.2,2,estresada,propagada,-77,,estresada
maceta-sim,1721,1,sim-1.0,1790614800,18.0,77.0,2038,1744.0,53.0,2909,2356.0,,1000,928.0,25.3,2,estresada,propagada,-70,,estresada
maceta-sim,1722,1,sim-1.0,1790615100,18.0,77.0,2312,1928.0,58.0,2924,2367.0,,996,926.0,25.2,2,estresada,propagada,-71,,estresada
maceta-sim,1723,1,sim-1.0,1790615400,18.5,72.0,2185,1843.0,56.0,2924,2367.0,,1012,939.0,25.3,2,estresada,propagada,-74,,estresada
maceta-sim,1724,1,sim-1.0,1790615700,17.8,78.0,2172,1834.0,56.0,2929,2370.0,,995,923.0,25.1,2,estresada,propagada,-71,,estresada
maceta-sim,1725,1,sim-1.0,1790616000,17.9,76.0,2003,1721.0,52.0,2919,2363.0,,997,924.0,25.1,2,estresada,propagada,-73,,estresada
maceta-sim,1726,1,sim-1.0,1790616300,18.4,75.0,1849,1610.0,49.0,2920,2364.0,,1002,929.0,24.8,2,estresada,propagada,-64,,estresada
maceta-sim,1727,1,sim-1.0,1790616600,18.1,77.0,2150,1819.0,55.0,2927,2369.0,,1002,930.0,25.2,2,estresada,propagada,-69,,estresada
maceta-sim,1728,1,sim-1.0,1790616900,17.9,76.0,2187,1844.0,56.0,2929,2370.0,,997,929.0,25.1,2,estresada,propagada,-69,,estresada
maceta-sim,1729,1,sim-1.0,1790617200,17.8,74.0,2203,1855.0,56.0,2924,2367.0,,1001,927.0,24.7,2,estresada,propagada,-71,,estresada
maceta-sim,1730,1,sim-1.0,1790617500,18.3,79.0,1871,1627.0,49.0,2926,2368.0,,1000,926.0,25.3,2,estresada,propagada,-73,,estresada
maceta-sim,1731,1,sim-1.0,1790617800,18.1,76.0,2188,1845.0,56.0,2934,2374.0,,1001,927.0,25.2,2,estresada,propagada,-70,,estresada
maceta-sim,1732,1,sim-1.0,1790618100,17.7,77.0,1775,1554.0,47.0,2911,2358.0,,997,923.0,24.7,2,estresada,propagada,-76,,estresada
maceta-sim,1733,1,sim-1.0,1790618400,17.8,81.0,2136,1810.0,55.0,2949,2384.0,,992,920.0,24.9,2,estresada,propagada,-70,,estresada
maceta-sim,1734,1,sim-1.0,1790618700,18.1,77.0,1745,1531.0,46.0,2939,2377.0,,1001,927.0,25.2,2,estresada,propagada,-77,,estresada
maceta-sim,1735,1,sim-1.0,1790619000,18.4,75.0,2020,1732.0,52.0,2934,2374.0,,1002,929.0,25.0,2,estresada,propagada,-75,,estresada
maceta-sim,1736,1,sim-1.0,1790619300,18.2,75.0,1719,1511.0,46.0,2926,2368.0,,1000,929.0,25.5,2,estresada,propagada,-75,,estresada
maceta-sim,1737,1,sim-1.0,1790619600,18.5,74.0,1922,1666.0,50.0,2950,2385.0,,1001,930.0,25.1,2,estresada,propagada,-71,,estresada
maceta-sim,1738,1,sim-1.0,1790619900,18.0,76.0,1885,1638.0,50.0,2943,2380.0,,1002,929.0,25.1,2,estresada,propagada,-70,,estresada
maceta-sim,1739,1,sim-1.0,1790620200,18.4,76.0,1932,1673.0,51.0,2947,2383.0,,1004,931.0,24.8,2,estresada,propagada,-70,,estresada
maceta-sim,1740,1,sim-1.0,1790620500,18.1,74.0,1913,1659.0,50.0,2937,2376.0,,999,927.0,24.9,2,estresada,propagada,-71,,estresada
maceta-sim,1741,1,sim-1.0,1790620800,18.4,77.0,1619,1429.0,43.0,2956,2389.0,,1000,927.0,25.2,2,estresada,propagada,-69,,estresada
maceta-sim,1742,1,sim-1.0,1790621100,18.8,72.0,1743,1529.0,46.0,2946,2382.0,,1003,933.0,25.2,2,estresada,propagada,-67,,estresada
maceta-sim,1743,1,sim-1.0,1790621400,18.9,76.0,1709,1503.0,46.0,2944,2381.0,,1009,937.0,25.3,2,estresada,propagada,-71,,estresada
maceta-sim,1744,1,sim-1.0,1790621700,18.1,74.0,1631,1439.0,44.0,2959,2391.0,,997,925.0,25.2,2,estresada,propagada,-74,,estresada
maceta-sim,1745,1,sim-1.0,1790622000,18.1,72.0,1555,1378.0,42.0,2950,2385.0,,1000,929.0,25.4,2,estresada,propagada,-70,,estresada
maceta-sim,1746,1,sim-1.0,1790622300,18.3,74.0,1692,1489.0,45.0,2956,2389.0,,1000,928.0,25.0,2,estresada,propagada,-68,,estresada
maceta-sim,1747,1,sim-1.0,1790622600,18.3,74.0,1658,1460.0,44.0,2966,2396.0,,998,924.0,25.3,2,estresada,propagada,-71,,estresada
maceta-sim,1748,1,sim-1.0,1790622900,18.1,76.0,1390,1246.0,38.0,2957,2390.0,,1002,931.0,24.9,2,estresada,propagada,-66,,estresada
maceta-sim,1749,1,sim-1.0,1790623200,18.1,75.0,1568,1388.0,42.0,2973,2401.0,,994,925.0,25.0,2,estresada,propagada,-69,,estresada
maceta-sim,1750,1,sim-1.0,1790623500,18.1,77.0,1467,1307.0,40.0,2961,2393.0,,1004,931.0,25.2,2,estresada,propagada,-68,,estresada
maceta-sim,1751,1,sim-1.0,1790623800,18.0,75.0,1453,1296.0,39.0,2961,2393.0,,997,923.0,24.9,2,estresada,propagada,-72,,estresada
maceta-sim,1752,1,sim-1.0,1790624100,18.4,73.0,1287,1163.0,35.0,2961,2393.0,,997,926.0,24.9,2,estresada,propagada,-74,,estresada
maceta-sim,1753,1,sim-1.0,1790624400,18.0,73.0,1368,1228.0,37.0,2949,2384.0,,1002,930.0,24.9,2,estresada,propagada,-68,,estresada
maceta-sim,1754,1,sim-1.0,1790624700,18.3,78.0,1377,1235.0,37.0,2964,2395.0,,1003,930.0,24.9,2,estresada,propagada,-76,,estresada
maceta-sim,1755,1,sim-1.0,1790625000,18.6,71.0,1343,1208.0,37.0,2956,2389.0,,1004,933.0,25.1,2,estresada,propagada,-71,,estresada
maceta-sim,1756,1,sim-1.0,1790625300,18.1,73.0,1241,1126.0,34.0,2963,2394.0,,1012,937.0,24.9,2,estresada,propagada,-75,,estresada
maceta-sim,1757,1,sim-1.0,1790625600,18.4,75.0,1232,1119.0,34.0,2983,2408.0,,1003,931.0,25.0,2,estresada,propagada,-72,,estresada
maceta-sim,1758,1,sim-1.0,1790625900,17.9,76.0,1309,1181.0,36.0,2966,2396.0,,1002,930.0,24.9,2,estresada,propagada,-69,,estresada
maceta-sim,1759,1,sim-1.0,1790626200,18.3,75.0,1081,998.0,30.0,2964,2395.0,,1012,938.0,25.0,2,estresada,propagada,-74,,estresada
maceta-sim,1760,1,sim-1.0,1790626500,18.3,77.0,1052,975.0,30.0,2971,2400.0,,1003,932.0,25.0,2,estresada,propagada,-70,,estresada
maceta-sim,1761,1,sim-1.0,1790626800,18.1,76.0,1142,1047.0,32.0,2947,2383.0,,1001,930.0,25.4,2,estresada,manual,-67,,estresada
maceta-sim,1762,1,sim-1.0,1790627100,18.4,75.0,1020,950.0,29.0,2963,2394.0,,1009,937.0,24.8,2,estresada,propagada,-67,,estresada
maceta-sim,1763,1,sim-1.0,1790627400,18.5,73.0,950,894.0,27.0,2980,2406.0,,1001,930.0,25.4,2,estresada,propagada,-72,,estresada
maceta-sim,1764,1,sim-1.0,1790627700,18.1,73.0,1054,977.0,30.0,2976,2403.0,,1006,932.0,24.8,2,estresada,propagada,-73,,estresada
maceta-sim,1765,1,sim-1.0,1790628000,18.1,79.0,922,872.0,26.0,2969,2398.0,,1005,929.0,25.2,2,estresada,propagada,-73,,estresada
maceta-sim,1766,1,sim-1.0,1790628300,17.0,78.0,836,803.0,24.0,2959,2391.0,,989,919.0,24.7,2,estresada,propagada,-70,,estresada
maceta-sim,1767,1,sim-1.0,1790628600,18.0,77.0,816,787.0,24.0,2960,2392.0,,1003,929.0,25.1,2,estresada,propagada,-69,,estresada
maceta-sim,1768,1,sim-1.0,1790628900,17.3,77.0,892,848.0,26.0,2970,2399.0,,991,921.0,24.6,2,estresada,propagada,-71,,estresada
maceta-sim,1769,1,sim-1.0,1790629200,17.7,77.0,752,736.0,22.0,2983,2408.0,,1001,928.0,24.9,2,estresada,propagada,-70,,estresada
maceta-sim,1770,1,sim-1.0,1790629500,17.6,75.0,806,779.0,24.0,2977,2404.0,,1004,929.0,25.0,2,estresada,propagada,-78,,estresada
maceta-sim,1771,1,sim-1.0,1790629800,17.7,74.0,683,681.0,21.0,2980,2406.0,,1002,927.0,24.8,2,estresada,propagada,-74,,estresada
maceta-sim,1772,1,sim-1.0,1790630100,18.1,73.0,625,635.0,19.0,2984,2409.0,,1001,928.0,25.0,2,estresada,propagada,-71,,estresada
maceta-sim,1773,1,sim-1.0,1790630400,17.7,78.0,630,639.0,19.0,2997,2418.0,,992,921.0,25.1,2,estresada,propagada,-70,,estresada
maceta-sim,1774,1,sim-1.0,1790630700,17.6,75.0,518,550.0,17.0,2996,2417.0,,990,919.0,25.0,2,estresada,propagada,-80,,estresada
maceta-sim,1775,1,sim-1.0,1790631000,17.9,77.0,563,586.0,18.0,2987,2411.0,,997,926.0,24.9,2,estresada,propagada,-73,,estresada
maceta-sim,1776,1,sim-1.0,1790631300,18.3,77.0,518,550.0,17.0,2990,2413.0,,1001,930.0,25.1,2,estresada,propagada,-69,,estresada
maceta-sim,1777,1,sim-1.0,1790631600,17.8,74.0,473,514.0,16.0,2976,2403.0,,1000,927.0,24.9,2,estresada,propagada,-67,,estresada
maceta-sim,1778,1,sim-1.0,1790631900,17.8,75.0,390,448.0,14.0,2990,2413.0,,993,920.0,24.7,2,estresada,propagada,-74,,estresada
maceta-sim,1779,1,sim-1.0,1790632200,17.6,75.0,353,419.0,13.0,2984,2409.0,,990,919.0,24.9,2,estresada,propagada,-71,,estresada
maceta-sim,1780,1,sim-1.0,1790632500,17.6,79.0,309,384.0,12.0,2986,2410.0,,995,920.0,25.1,2,estresada,propagada,-74,,estresada
maceta-sim,1781,1,sim-1.0,1790632800,17.3,77.0,249,336.0,10.0,2989,2412.0,,989,917.0,25.1,2,estresada,propagada,-68,,estresada
maceta-sim,1782,1,sim-1.0,1790633100,17.7,77.0,219,312.0,9.0,3017,2432.0,,993,921.0,25.2,2,estresada,manual,-70,,estresada
maceta-sim,1783,1,sim-1.0,1790633400,17.1,77.0,170,273.0,8.0,2986,2410.0,,986,915.0,24.7,2,estresada,propagada,-70,,estresada
maceta-sim,1784,1,sim-1.0,1790633700,17.3,80.0,136,246.0,7.0,2993,2415.0,,990,919.0,24.6,2,estresada,propagada,-64,,estresada
maceta-sim,1785,1,sim-1.0,1790634000,17.4,78.0,102,219.0,7.0,2989,2412.0,,988,918.0,24.7,2,estresada,propagada,-75,,estresada
maceta-sim,1786,1,sim-1.0,1790634300,17.2,76.0,57,183.0,6.0,3011,2428.0,,984,914.0,25.0,2,estresada,propagada,-77,,estresada
maceta-sim,1787,1,sim-1.0,1790634600,17.4,77.0,9,145.0,4.0,3003,2422.0,,995,921.0,24.5,2,estresada,propagada,-76,,estresada
maceta-sim,1788,1,sim-1.0,1790634900,16.9,76.0,9,145.0,4.0,3009,2426.0,,988,915.0,24.9,2,estresada,propagada,-71,,estresada
maceta-sim,1789,1,sim-1.0,1790635200,17.3,80.0,9,145.0,4.0,3000,2420.0,,998,925.0,24.5,2,estresada,propagada,-74,,estresada
maceta-sim,1790,1,sim-1.0,1790635500,16.5,78.0,11,146.0,4.0,3010,2427.0,,980,911.0,24.7,2,estresada,propagada,-71,,estresada
maceta-sim,1791,1,sim-1.0,1790635800,17.2,79.0,9,145.0,4.0,3006,2424.0,,987,917.0,25.1,2,estresada,propagada,-61,,estresada
maceta-sim,1792,1,sim-1.0,1790636100,16.4,79.0,12,147.0,4.0,3010,2427.0,,982,912.0,24.5,2,estresada,propagada,-71,,estresada
maceta-sim,1793,1,sim-1.0,1790636400,16.9,78.0,9,145.0,4.0,3014,2430.0,,978,908.0,24.8,2,estresada,propagada,-78,,estresada
maceta-sim,1794,1,sim-1.0,1790636700,16.4,81.0,9,145.0,4.0,3017,2432.0,,979,909.0,24.3,2,estresada,propagada,-70,,estresada
maceta-sim,1795,1,sim-1.0,1790637000,16.4,83.0,9,145.0,4.0,2999,2419.0,,981,910.0,24.7,2,estresada,propagada,-70,,estresada
maceta-sim,1796,1,sim-1.0,1790637300,16.1,78.0,9,145.0,4.0,3017,2432.0,,978,907.0,24.3,2,estresada,propagada,-75,,estresada
maceta-sim,1797,1,sim-1.0,1790637600,16.6,77.0,12,147.0,4.0,3024,2437.0,,980,909.0,24.5,2,estresada,propagada,-65,,estresada
maceta-sim,1798,1,sim-1.0,1790637900,16.7,80.0,11,146.0,4.0,3007,2425.0,,985,914.0,24.7,2,estresada,propagada,-74,,estresada
maceta-sim,1799,1,sim-1.0,1790638200,16.4,77.0,9,145.0,4.0,3009,2426.0,,980,910.0,24.9,2,estresada,propagada,-74,,estresada
maceta-sim,1800,1,sim-1.0,1790638500,16.8,77.0,12,147.0,4.0,3027,2439.0,,979,908.0,24.8,2,estresada,propagada,-70,,estresada
maceta-sim,1801,1,sim-1.0,1790638800,16.7,79.0,8,144.0,4.0,3020,2434.0,,986,911.0,24.3,2,estresada,propagada,-66,,estresada
maceta-sim,1802,1,sim-1.0,1790639100,16.5,79.0,11,146.0,4.0,3019,2433.0,,983,912.0,24.6,2,estresada,propagada,-71,,estresada
maceta-sim,1803,1,sim-1.0,1790639400,16.3,80.0,8,144.0,4.0,3047,2453.0,,981,911.0,24.5,2,estresada,propagada,-67,,estresada
maceta-sim,1804,1,sim-1.0,1790639700,15.8,80.0,8,144.0,4.0,3019,2433.0,,972,902.0,24.4,2,estresada,propagada,-70,,estresada
maceta-sim,1805,1,sim-1.0,1790640000,15.8,81.0,11,146.0,4.0,3019,2433.0,,966,896.0,24.7,2,estresada,propagada,-62,,estresada
maceta-sim,1806,1,sim-1.0,1790640300,16.2,79.0,12,147.0,4.0,3003,2422.0,,981,907.0,24.9,2,estresada,propagada,-69,,estresada
maceta-sim,1807,1,sim-1.0,1790640600,16.2,81.0,8,144.0,4.0,3039,2447.0,,976,907.0,24.3,2,estresada,propagada,-70,,estresada
maceta-sim,1808,1,sim-1.0,1790640900,15.8,82.0,9,145.0,4.0,3007,2425.0,,973,903.0,24.2,2,estresada,propagada,-72,,estresada
maceta-sim,1809,1,sim-1.0,1790641200,15.3,83.0,11,146.0,4.0,3024,2437.0,,962,893.0,24.4,2,estresada,propagada,-70,,estresada
maceta-sim,1810,1,sim-1.0,1790641500,15.7,80.0,8,144.0,4.0,3036,2445.0,,968,898.0,24.4,2,estresada,propagada,-70,,estresada
maceta-sim,1811,1,sim-1.0,1790641800,15.9,81.0,9,145.0,4.0,3019,2433.0,,968,899.0,24.4,2,estresada,propagada,-76,,estresada
maceta-sim,1812,1,sim-1.0,1790642100,15.7,82.0,9,145.0,4.0,3017,2432.0,,968,895.0,24.6,2,estresada,propagada,-70,,estresada
maceta-sim,1813,1,sim-1.0,1790642400,15.5,81.0,11,146.0,4.0,3013,2429.0,,969,898.0,24.4,2,estresada,propagada,-74,,estresada
maceta-sim,1814,1,sim-1.0,1790642700,15.7,80.0,9,145.0,4.0,3033,2443.0,,968,898.0,24.6,2,estresada,propagada,-71,,estresada
maceta-sim,1815,1,sim-1.0,1790643000,16.2,81.0,11,146.0,4.0,3026,2438.0,,975,906.0,24.8,2,estresada,propagada,-67,,estresada
maceta-sim,1816,1,sim-1.0,1790643300,15.0,84.0,9,145.0,4.0,3034,2444.0,,960,891.0,24.0,2,estresada,propagada,-70,,estresada
maceta-sim,1817,1,sim-1.0,1790643600,15.5,79.0,8,144.0,4.0,3023,2436.0,,962,892.0,24.3,2,estresada,propagada,-67,,estresada
maceta-sim,1818,1,sim-1.0,1790643900,15.3,81.0,12,147.0,4.0,3049,2454.0,,971,899.0,24.4,2,estresada,propagada,-74,,estresada
maceta-sim,1819,1,sim-1.0,1790644200,14.7,84.0,8,144.0,4.0,3053,2457.0,,955,885.0,24.0,2,estresada,propagada,-70,,estresada
maceta-sim,1820,1,sim-1.0,1790644500,15.5,82.0,9,145.0,4.0,3044,2451.0,,964,896.0,24.3,2,estresada,propagada,-71,,estresada
maceta-sim,1821,1,sim-1.0,1790644800,15.3,82.0,8,144.0,4.0,3014,2430.0,,963,894.0,24.0,2,estresada,propagada,-71,,estresada
maceta-sim,1822,1,sim-1.0,1790645100,15.7,82.0,12,147.0,4.0,3037,2446.0,,969,897.0,24.9,2,estresada,propagada,-68,,estresada
maceta-sim,1823,1,sim-1.0,1790645400,14.8,83.0,9,145.0,4.0,3047,2453.0,,962,892.0,24.3,2,estresada,propagada,-76,,estresada
maceta-sim,1824,1,sim-1.0,1790645700,14.9,85.0,8,144.0,4.0,3046,2452.0,,950,884.0,24.3,2,estresada,propagada,-74,,estresada
maceta-sim,1825,1,sim-1.0,1790646000,15.0,81.0,12,147.0,4.0,3040,2448.0,,964,895.0,24.4,2,estresada,propagada,-74,,estresada
maceta-sim,1826,1,sim-1.0,1790646300,14.1,85.0,9,145.0,4.0,3037,2446.0,,950,880.0,23.7,2,estresada,propagada,-68,,estresada
maceta-sim,1827,1,sim-1.0,1790646600,14.8,83.0,11,146.0,4.0,3051,2456.0,,954,887.0,24.2,2,estresada,propagada,-70,,estresada
maceta-sim,1828,1,sim-1.0,1790646900,14.3,84.0,11,146.0,4.0,3049,2454.0,,957,887.0,23.7,2,estresada,propagada,-66,,estresada
maceta-sim,1829,1,sim-1.0,1790647200,15.2,84.0,8,144.0,4.0,3059,2461.0,,963,892.0,24.2,2,estresada,propagada,-69,,estresada
maceta-sim,1830,1,sim-1.0,1790647500,14.6,83.0,12,147.0,4.0,3039,2447.0,,954,884.0,24.3,2,estresada,propagada,-68,,estresada
maceta-sim,1831,1,sim-1.0,1790647800,14.6,84.0,9,145.0,4.0,3044,2451.0,,952,884.0,23.9,2,estresada,propagada,-73,,estresada
maceta-sim,1832,1,sim-1.0,1790648100,14.2,82.0,8,144.0,4.0,3050,2455.0,,955,885.0,23.9,2,estresada,propagada,-76,,estresada
maceta-sim,1833,1,sim-1.0,1790648400,13.8,85.0,12,147.0,4.0,3036,2445.0,,945,878.0,24.1,2,estresada,propagada,-69,,estresada
maceta-sim,1834,1,sim-1.0,1790648700,13.5,86.0,8,144.0,4.0,3049,2454.0,,940,870.0,23.7,2,estresada,propagada,-71,,estresada
maceta-sim,1835,1,sim-1.0,1790649000,14.3,83.0,12,147.0,4.0,3059,2461.0,,949,880.0,24.3,2,estresada,propagada,-76,,estresada
maceta-sim,1836,1,sim-1.0,1790649300,13.9,85.0,12,147.0,4.0,3050,2455.0,,947,879.0,23.9,2,estresada,propagada,-77,,estresada
maceta-sim,1837,1,sim-1.0,1790649600,13.6,88.0,9,145.0,4.0,3056,2459.0,,943,875.0,23.9,2,estresada,propagada,-74,,estresada
maceta-sim,1838,1,sim-1.0,1790649900,14.5,84.0,9,145.0,4.0,3059,2461.0,,949,880.0,24.2,2,estresada,propagada,-71,,estresada
maceta-sim,1839,1,sim-1.0,1790650200,13.6,84.0,12,147.0,4.0,3067,2467.0,,945,877.0,23.6,2,estresada,propagada,-76,,estresada
maceta-sim,1840,1,sim-1.0,1790650500,13.8,87.0,8,144.0,4.0,3044,2451.0,,944,876.0,23.9,2,estresada,propagada,-78,,estresada
maceta-sim,1841,1,sim-1.0,1790650800,15.8,65.0,8,144.0,4.0,3064,2465.0,,972,901.0,24.7,2,estresada,propagada,-75,,estresada
maceta-sim,1842,1,sim-1.0,1790651100,15.6,68.0,11,146.0,4.0,3050,2455.0,,970,899.0,24.0,2,estresada,propagada,-71,,estresada
maceta-sim,1843,1,sim-1.0,1790651400,15.0,65.0,11,146.0,4.0,3051,2456.0,,961,891.0,24.0,2,estresada,propagada,-69,,estresada
maceta-sim,1844,1,sim-1.0,1790651700,15.6,64.0,11,146.0,4.0,3043,2450.0,,968,898.0,24.2,2,estresada,propagada,-74,,estresada
maceta-sim,1845,1,sim-1.0,1790652000,15.2,68.0,8,144.0,4.0,3054,2458.0,,962,894.0,24.3,2,estresada,propagada,-76,,estresada
maceta-sim,1846,1,sim-1.0,1790652300,15.1,66.0,12,147.0,4.0,3049,2454.0,,954,886.0,24.5,2,estresada,propagada,-71,,estresada
maceta-sim,1847,1,sim-1.0,1790652600,15.8,67.0,9,145.0,4.0,3056,2459.0,,974,901.0,24.5,2,estresada,propagada,-65,,estresada
maceta-sim,1848,1,sim-1.0,1790652900,15.0,68.0,8,144.0,4.0,3066,2466.0,,963,892.0,24.4,2,estresada,propagada,-73,,estresada
maceta-sim,1849,1,sim-1.0,1790653200,15.3,67.0,11,146.0,4.0,3063,2464.0,,966,895.0,24.2,2,estresada,propagada,-75,,estresada
maceta-sim,1850,1,sim-1.0,1790653500,14.9,67.0,11,146.0,4.0,3076,2473.0,,960,892.0,24.3,2,estresada,propagada,-73,,estresada
maceta-sim,1851,1,sim-1.0,1790653800,14.8,67.0,11,146.0,4.0,3066,2466.0,,963,894.0,24.2,2,estresada,propagada,-68,,estresada
maceta-sim,1852,1,sim-1.0,1790654100,14.6,68.0,12,147.0,4.0,3080,2476.0,,954,886.0,24.2,2,estresada,propagada,-68,,estresada
maceta-sim,1853,1,sim-1.0,1790654400,14.8,67.0,8,144.0,4.0,3084,2479.0,,957,888.0,24.3,2,estresada,propagada,-73,,estresada
maceta-sim,1854,1,sim-1.0,1790654700,14.4,68.0,11,146.0,4.0,3067,2467.0,,954,887.0,24.0,2,estresada,propagada,-72,,estresada
maceta-sim,1855,1,sim-1.0,1790655000,15.0,67.0,12,147.0,4.0,3069,2468.0,,956,888.0,24.3,2,estresada,propagada,-72,,estresada
maceta-sim,1856,1,sim-1.0,1790655300,14.8,67.0,9,145.0,4.0,3064,2465.0,,958,887.0,24.4,2,estresada,propagada,-71,,estresada
maceta-sim,1857,1,sim-1.0,1790655600,14.6,71.0,9,145.0,4.0,3076,2473.0,,956,886.0,24.0,2,estresada,propagada,-72,,estresada
maceta-sim,1858,1,sim-1.0,1790655900,14.9,66.0,12,147.0,4.0,3077,2474.0,,963,894.0,24.6,2,estresada,propagada,-73,,estresada
maceta-sim,1859,1,sim-1.0,1790656200,14.5,69.0,11,146.0,4.0,3059,2461.0,,955,887.0,24.5,2,estresada,propagada,-76,,estresada
maceta-sim,1860,1,sim-1.0,1790656500,14.3,67.0,8,144.0,4.0,3069,2468.0,,961,889.0,24.1,2,estresada,propagada,-83,,estresada
maceta-sim,1861,1,sim-1.0,1790656800,14.5,69.0,9,145.0,4.0,3077,2474.0,,948,885.0,24.2,2,estresada,propagada,-71,,estresada
maceta-sim,1862,1,sim-1.0,1790657100,14.3,69.0,9,145.0,4.0,3077,2474.0,,951,882.0,23.9,2,estresada,propagada,-72,,estresada
maceta-sim,1863,1,sim-1.0,1790657400,14.2,69.0,11,146.0,4.0,3070,2469.0,,944,879.0,24.0,2,estresada,propagada,-73,,estresada
maceta-sim,1864,1,sim-1.0,1790657700,14.2,67.0,9,145.0,4.0,3070,2469.0,,950,883.0,24.4,2,estresada,propagada,-74,,estresada
maceta-sim,1865,1,sim-1.0,1790658000,14.4,70.0,8,144.0,4.0,3083,2478.0,,954,886.0,24.0,2,estresada,propagada,-70,,estresada
maceta-sim,1866,1,sim-1.0,1790658300,13.7,68.0,9,145.0,4.0,3069,2468.0,,938,873.0,24.0,2,estresada,propagada,-74,,estresada
maceta-sim,1867,1,sim-1.0,1790658600,14.2,70.0,12,147.0,4.0,3077,2474.0,,955,886.0,24.4,2,estresada,propagada,-68,,estresada
maceta-sim,1868,1,sim-1.0,1790658900,13.9,67.0,11,146.0,4.0,3071,2470.0,,945,878.0,23.9,2,estresada,propagada,-74,,estresada
maceta-sim,1869,1,sim-1.0,1790659200,13.7,68.0,9,145.0,4.0,3083,2478.0,,937,872.0,23.9,2,estresada,propagada,-68,,estresada
maceta-sim,1870,1,sim-1.0,1790659500,13.8,71.0,8,144.0,4.0,3061,2463.0,,947,878.0,24.1,2,estresada,propagada,-73,,estresada
maceta-sim,1871,1,sim-1.0,1790659800,14.1,67.0,12,147.0,4.0,3084,2479.0,,953,882.0,23.8,2,estresada,propagada,-70,,estresada
maceta-sim,1872,1,sim-1.0,1790660100,14.0,69.0,8,144.0,4.0,3071,2470.0,,945,875.0,23.8,2,estresada,propagada,-78,,estresada
maceta-sim,1873,1,sim-1.0,1790660400,13.8,69.0,12,147.0,4.0,3081,2477.0,,946,876.0,23.7,2,estresada,propagada,-69,,estresada
maceta-sim,1874,1,sim-1.0,1790660700,13.5,72.0,12,147.0,4.0,3089,2482.0,,941,872.0,23.6,2,estresada,propagada,-66,,estresada
maceta-sim,1875,1,sim-1.0,1790661000,13.5,70.0,9,145.0,4.0,3073,2471.0,,942,875.0,23.9,2,estresada,propagada,-74,,estresada
maceta-sim,1876,1,sim-1.0,1790661300,14.1,64.0,9,145.0,4.0,3071,2470.0,,951,882.0,24.4,2,estresada,propagada,-73,,estresada
maceta-sim,1877,1,sim-1.0,1790661600,13.8,68.0,9,145.0,4.0,3086,2480.0,,943,877.0,24.5,2,estresada,propagada,-63,,estresada
maceta-sim,1878,1,sim-1.0,1790661900,13.9,66.0,11,146.0,4.0,3084,2479.0,,955,886.0,24.3,2,estresada,propagada,-70,,estresada
maceta-sim,1879,1,sim-1.0,1790662200,14.4,68.0,9,145.0,4.0,3074,2472.0,,955,885.0,24.0,2,estresada,propagada,-74,,estresada
maceta-sim,1880,1,sim-1.0,1790662500,13.6,72.0,9,145.0,4.0,3090,2483.0,,943,875.0,24.0,2,estresada,propagada,-75,,estresada
maceta-sim,1881,1,sim-1.0,1790662800,13.6,69.0,11,146.0,4.0,3074,2472.0,,941,875.0,24.2,2,estresada,propagada,-72,,estresada
maceta-sim,1882,1,sim-1.0,1790663100,13.5,71.0,11,146.0,4.0,3073,2471.0,,937,871.0,23.5,2,estresada,propagada,-72,,estresada
maceta-sim,1883,1,sim-1.0,1790663400,13.8,70.0,12,147.0,4.0,3091,2484.0,,944,876.0,23.9,2,estresada,propagada,-71,,estresada
maceta-sim,1884,1,sim-1.0,1790663700,13.7,70.0,11,146.0,4.0,3101,2491.0,,941,872.0,23.7,2,estresada,propagada,-69,,estresada
maceta-sim,1885,1,sim-1.0,1790664000,13.6,70.0,9,145.0,4.0,3079,2475.0,,937,870.0,23.9,2,estresada,propagada,-70,,estresada
maceta-sim,1886,1,sim-1.0,1790664300,13.5,72.0,9,145.0,4.0,3101,2491.0,,942,873.0,23.8,2,estresada,propagada,-74,,estresada
maceta-sim,1887,1,sim-1.0,1790664600,13.9,70.0,9,145.0,4.0,3094,2486.0,,948,879.0,24.0,2,estresada,propagada,-74,,estresada
maceta-sim,1888,1,sim-1.0,1790664900,13.3,74.0,11,146.0,4.0,3104,2493.0,,942,872.0,24.0,2,estresada,propagada,-69,,estresada
maceta-sim,1889,1,sim-1.0,1790665200,13.2,70.0,11,146.0,4.0,3089,2482.0,,937,867.0,23.9,2,estresada,propagada,-74,,estresada
maceta-sim,1890,1,sim-1.0,1790665500,13.5,72.0,11,146.0,4.0,3104,2493.0,,941,872.0,23.8,2,estresada,propagada,-71,,estresada
maceta-sim,1891,1,sim-1.0,1790665800,13.8,70.0,11,146.0,4.0,3096,2487.0,,944,877.0,24.1,2,estresada,propagada,-73,,estresada
maceta-sim,1892,1,sim-1.0,1790666100,13.6,70.0,9,145.0,4.0,3094,2486.0,,941,872.0,23.8,2,estresada,propagada,-66,,estresada
maceta-sim,1893,1,sim-1.0,1790666400,13.4,70.0,9,145.0,4.0,3081,2477.0,,935,867.0,23.9,2,estresada,propagada,-74,,estresada
maceta-sim,1894,1,sim-1.0,1790666700,13.5,68.0,9,145.0,4.0,3089,2482.0,,937,869.0,23.9,2,estresada,propagada,-68,,estresada
maceta-sim,1895,1,sim-1.0,1790667000,14.1,65.0,9,145.0,4.0,3097,2488.0,,954,885.0,23.9,2,estresada,propagada,-72,,estresada
maceta-sim,1896,1,sim-1.0,1790667300,13.4,71.0,11,146.0,4.0,3081,2477.0,,946,877.0,24.0,2,estresada,propagada,-68,,estresada
maceta-sim,1897,1,sim-1.0,1790667600,13.3,72.0,9,145.0,4.0,3099,2489.0,,938,870.0,23.7,2,estresada,propagada,-73,,estresada
maceta-sim,1898,1,sim-1.0,1790667900,,,9,145.0,4.0,3106,2494.0,,944,878.0,24.1,2,estresada,propagada,-67,dht_sin_respuesta,estresada
maceta-sim,1899,1,sim-1.0,1790668200,13.8,69.0,11,146.0,4.0,3093,2485.0,,947,880.0,23.8,2,estresada,propagada,-74,,estresada
maceta-sim,1900,1,sim-1.0,1790668500,13.3,72.0,12,147.0,4.0,3086,2480.0,,939,872.0,23.8,2,estresada,propagada,-68,,estresada
maceta-sim,1901,1,sim-1.0,1790668800,14.0,69.0,11,146.0,4.0,3099,2489.0,,947,882.0,24.0,2,estresada,propagada,-71,,estresada
maceta-sim,1902,1,sim-1.0,1790675100,14.4,66.0,244,332.0,10.0,3114,2500.0,,951,883.0,24.3,2,estresada,propagada,-75,,estresada
maceta-sim,1903,1,sim-1.0,1790675400,15.0,67.0,312,386.0,12.0,3110,2497.0,,962,894.0,24.4,2,estresada,propagada,-72,,estresada
maceta-sim,1904,1,sim-1.0,1790675700,14.7,68.0,402,458.0,14.0,3120,2504.0,,960,890.0,24.4,2,estresada,propagada,-68,,estresada
maceta-sim,1905,1,sim-1.0,1790676000,14.7,68.0,425,476.0,14.0,3114,2500.0,,956,888.0,24.3,2,estresada,propagada,-74,,estresada
maceta-sim,1906,1,sim-1.0,1790676300,14.5,69.0,470,512.0,16.0,3093,2485.0,,952,886.0,23.9,2,estresada,propagada,-70,,estresada
maceta-sim,1907,1,sim-1.0,1790676600,14.8,66.0,631,640.0,19.0,3113,2499.0,,956,886.0,24.5,2,estresada,propagada,-73,,estresada
maceta-sim,1908,1,sim-1.0,1790676900,15.3,67.0,714,706.0,21.0,3094,2486.0,,964,894.0,24.5,2,estresada,propagada,-78,,estresada
maceta-sim,1909,1,sim-1.0,1790677200,15.5,64.0,680,679.0,21.0,3123,2506.0,,966,895.0,24.4,2,estresada,propagada,-71,,estresada
maceta-sim,1910,1,sim-1.0,1790677500,15.2,69.0,750,735.0,22.0,3133,2513.0,,964,894.0,24.2,2,estresada,propagada,-71,,estresada
maceta-sim,1911,1,sim-1.0,1790677800,15.2,65.0,895,850.0,26.0,3113,2499.0,,966,896.0,24.1,2,estresada,propagada,-70,,estresada
maceta-sim,1912,1,sim-1.0,1790678100,15.2,69.0,968,908.0,28.0,3116,2501.0,,959,890.0,24.0,2,estresada,propagada,-69,,estresada
maceta-sim,1913,1,sim-1.0,1790678400,15.7,66.0,924,873.0,26.0,3136,2515.0,,970,901.0,24.7,2,estresada,propagada,-70,,estresada
maceta-sim,1914,1,sim-1.0,1790678700,15.0,65.0,1181,1078.0,33.0,3134,2514.0,,957,888.0,24.4,2,estresada,propagada,-72,,estresada
maceta-sim,1915,1,sim-1.0,1790679000,15.2,66.0,1191,1086.0,33.0,3131,2512.0,,964,894.0,24.1,2,estresada,propagada,-82,,estresada
maceta-sim,1916,1,sim-1.0,1790679300,15.5,66.0,1206,1098.0,33.0,3129,2510.0,,971,898.0,24.6,2,estresada,propagada,-73,,estresada
maceta-sim,1917,1,sim-1.0,1790679600,15.1,67.0,1383,1240.0,38.0,3130,2511.0,,964,895.0,24.2,2,estresada,propagada,-73,,estresada
maceta-sim,1918,1,sim-1.0,1790679900,15.4,67.0,1463,1304.0,40.0,3127,2509.0,,972,902.0,24.9,2,estresada,propagada,-74,,estresada
maceta-sim,1919,1,sim-1.0,1790680200,15.7,67.0,1424,1273.0,39.0,3121,2505.0,,972,903.0,24.5,2,estresada,propagada,-70,,estresada
maceta-sim,1920,1,sim-1.0,1790680500,16.2,63.0,1493,1328.0,40.0,3124,2507.0,,977,905.0,24.9,2,estresada,propagada,-69,,estresada
maceta-sim,1921,1,sim-1.0,1790680800,15.7,68.0,1524,1353.0,41.0,3136,2515.0,,961,895.0,24.5,2,estresada,propagada,-72,,estresada
maceta-sim,1922,1,sim-1.0,1790681100,16.4,66.0,1450,1294.0,39.0,3120,2504.0,,977,906.0,24.8,2,estresada,propagada,-73,,estresada
maceta-sim,1923,1,sim-1.0,1790681400,16.0,63.0,1744,1530.0,46.0,3131,2512.0,,978,906.0,24.2,2,estresada,propagada,-70,,estresada
maceta-sim,1924,1,sim-1.0,1790681700,16.5,60.0,1821,1589.0,48.0,3131,2512.0,,979,907.0,24.6,2,estresada,propagada,-74,,estresada
maceta-sim,1925,1,sim-1.0,1790682000,16.6,63.0,1907,1655.0,50.0,3123,2506.0,,982,912.0,24.3,2,estresada,propagada,-73,,estresada
maceta-sim,1926,1,sim-1.0,1790682300,16.1,64.0,1768,1548.0,47.0,3140,2518.0,,977,903.0,24.5,2,estresada,propagada,-71,,estresada
maceta-sim,1927,1,sim-1.0,1790682600,16.3,64.0,1807,1578.0,48.0,3141,2519.0,,973,901.0,24.5,2,estresada,propagada,-77,,estresada
maceta-sim,1928,1,sim-1.0,1790682900,16.7,61.0,1851,1612.0,49.0,3129,2510.0,,978,908.0,24.6,2,estresada,propagada,-78,,estresada
maceta-sim,1929,1,sim-1.0,1790683200,16.2,63.0,1860,1619.0,49.0,3136,2515.0,,973,903.0,24.7,2,estresada,propagada,-75,,estresada
maceta-sim,1930,1,sim-1.0,1790683500,16.4,64.0,2124,1802.0,55.0,3127,2509.0,,974,905.0,24.7,2,estresada,propagada,-72,,estresada
maceta-sim,1931,1,sim-1.0,1790683800,16.6,60.0,2439,2013.0,61.0,3146,2522.0,,984,912.0,24.6,2,estresada,propagada,-67,,estresada
maceta-sim,1932,1,sim-1.0,1790684100,17.4,63.0,2132,1807.0,55.0,3131,2512.0,,990,919.0,24.8,2,estresada,propagada,-79,,estresada
maceta-sim,1933,1,sim-1.0,1790684400,17.5,59.0,2340,1947.0,59.0,3146,2522.0,,994,923.0,24.8,2,estresada,propagada,-72,,estresada
maceta-sim,1934,1,sim-1.0,1790684700,17.3,61.0,2378,1972.0,60.0,3140,2518.0,,991,920.0,24.7,2,estresada,propagada,-69,,estresada
maceta-sim,1935,1,sim-1.0,1790685000,17.3,63.0,2261,1894.0,57.0,3129,2510.0,,990,917.0,24.8,2,estresada,propagada,-69,,estresada
maceta-sim,1936,1,sim-1.0,1790685300,17.7,59.0,2568,2100.0,64.0,3146,2522.0,,1000,923.0,24.9,2,estresada,propagada,-76,,estresada
maceta-sim,1937,1,sim-1.0,1790685600,17.1,62.0,2691,2182.0,66.0,3153,2527.0,,989,917.0,24.7,2,estresada,propagada,-69,,estresada
maceta-sim,1938,1,sim-1.0,1790685900,17.9,60.0,2671,2169.0,66.0,3153,2527.0,,994,923.0,25.1,2,estresada,propagada,-65,,estresada
maceta-sim,1939,1,sim-1.0,1790686200,17.5,57.0,2938,2348.0,71.0,3159,2531.0,,997,923.0,25.0,2,estresada,propagada,-72,,estresada
maceta-sim,1940,1,sim-1.0,1790686500,17.9,61.0,2899,2322.0,70.0,3143,2520.0,,1003,929.0,25.0,2,estresada,propagada,-69,,estresada
maceta-sim,1941,1,sim-1.0,1790686800,18.1,58.0,2650,2155.0,65.0,3140,2518.0,,999,927.0,25.1,2,estresada,propagada,-75,,estresada
maceta-sim,1942,1,sim-1.0,1790687100,17.6,62.0,3022,2404.0,73.0,3141,2519.0,,994,921.0,24.8,2,estresada,propagada,-69,,estresada
maceta-sim,1943,1,sim-1.0,1790687400,17.6,62.0,2653,2157.0,65.0,3149,2524.0,,996,924.0,24.6,2,estresada,propagada,-62,,estresada
maceta-sim,1944,1,sim-1.0,1790687700,18.4,62.0,2823,2271.0,69.0,3144,2521.0,,1004,931.0,25.3,2,estresada,propagada,-68,,estresada
maceta-sim,1945,1,sim-1.0,1790688000,18.4,59.0,3378,2643.0,80.0,3167,2537.0,,1003,931.0,25.3,2,estresada,propagada,-71,,estresada
maceta-sim,1946,1,sim-1.0,1790688300,17.9,62.0,3375,2641.0,80.0,3139,2517.0,,1001,929.0,24.9,2,estresada,propagada,-73,,estresada
maceta-sim,1947,1,sim-1.0,1790688600,18.4,61.0,3454,2694.0,82.0,3153,2527.0,,998,928.0,25.1,2,estresada,propagada,-66,,estresada
maceta-sim,1948,1,sim-1.0,1790688900,18.0,62.0,3037,2414.0,73.0,3159,2531.0,,998,925.0,25.1,2,estresada,propagada,-69,,estresada
maceta-sim,1949,1,sim-1.0,1790689200,18.9,57.0,2975,2373.0,72.0,3157,2530.0,,1016,941.0,24.9,2,estresada,propagada,-73,,estresada
maceta-sim,1950,1,sim-1.0,1790689500,18.8,59.0,3426,2675.0,81.0,3163,2534.0,,1004,931.0,25.1,2,estresada,propagada,-70,,estresada
maceta-sim,1951,1,sim-1.0,1790689800,18.5,60.0,3333,2613.0,79.0,3147,2523.0,,1007,933.0,25.3,2,estresada,propagada,-68,,estresada
maceta-sim,1952,1,sim-1.0,1790690100,19.0,56.0,3393,2653.0,80.0,3161,2533.0,,1014,941.0,24.5,2,estresada,propagada,-73,,estresada
maceta-sim,1953,1,sim-1.0,1790690400,18.9,58.0,3318,2603.0,79.0,3160,2532.0,,1012,939.0,25.4,2,estresada,propagada,-75,,estresada
maceta-sim,1954,1,sim-1.0,1790690700,18.7,58.0,3639,2818.0,85.0,3167,2537.0,,1010,936.0,24.8,2,estresada,propagada,-71,,estresada
maceta-sim,1955,1,sim-1.0,1790691000,,,3420,2671.0,81.0,3167,2537.0,,1009,938.0,25.2,2,estresada,propagada,-75,dht_sin_respuesta,estresada
maceta-sim,1956,1,sim-1.0,1790691300,19.0,55.0,3256,2561.0,78.0,3167,2537.0,,1012,939.0,25.4,2,estresada,propagada,-70,,estresada
maceta-sim,1957,1,sim-1.0,1790691600,19.1,59.0,3212,2532.0,77.0,3159,2531.0,,1014,940.0,25.3,2,estresada,propagada,-74,,estresada
maceta-sim,1958,1,sim-1.0,1790691900,19.7,58.0,3760,2899.0,88.0,3181,2547.0,,1019,943.0,25.3,2,estresada,propagada,-77,,estresada
maceta-sim,1959,1,sim-1.0,1790692200,19.4,55.0,3852,2961.0,90.0,3186,2550.0,,1018,945.0,25.2,2,estresada,propagada,-71,,estresada
maceta-sim,1960,1,sim-1.0,1790692500,19.5,56.0,3867,2971.0,90.0,3177,2544.0,,1016,943.0,25.1,2,estresada,propagada,-69,,estresada
maceta-sim,1961,1,sim-1.0,1790692800,19.7,56.0,3985,3050.0,92.0,3174,2542.0,,1022,948.0,25.5,2,estresada,propagada,-74,,estresada
maceta-sim,1962,1,sim-1.0,1790693100,19.4,55.0,4095,3124.0,95.0,3161,2533.0,,1016,943.0,25.2,2,estresada,propagada,-77,luz_saturada,estresada
maceta-sim,1963,1,sim-1.0,1790693400,19.8,54.0,3369,2637.0,80.0,3166,2536.0,,1026,952.0,25.6,2,estresada,propagada,-70,,estresada
maceta-sim,1964,1,sim-1.0,1790693700,20.0,53.0,3368,2636.0,80.0,3170,2539.0,,1028,953.0,25.4,2,estresada,propagada,-73,,estresada
maceta-sim,1965,1,sim-1.0,1790694000,20.0,56.0,3552,2760.0,84.0,3176,2543.0,,1023,950.0,25.4,2,estresada,propagada,-68,,estresada
maceta-sim,1966,1,sim-1.0,1790694300,20.1,57.0,4095,3124.0,95.0,3176,2543.0,,1028,953.0,25.2,2,estresada,propagada,-72,luz_saturada,estresada
maceta-sim,1967,1,sim-1.0,1790694600,,,4062,3102.0,94.0,3184,2549.0,,1026,951.0,25.4,2,estresada,propagada,-68,dht_sin_respuesta|luz_saturada,estresada
maceta-sim,1968,1,sim-1.0,1790694900,20.4,54.0,3715,2869.0,87.0,3171,2540.0,,1033,957.0,25.8,2,estresada,propagada,-78,,estresada
maceta-sim,1969,1,sim-1.0,1790695200,20.4,56.0,4058,3099.0,94.0,3190,2553.0,,1026,952.0,25.3,2,estresada,propagada,-70,,estresada
maceta-sim,1970,1,sim-1.0,1790695500,20.6,53.0,4095,3124.0,95.0,3196,2557.0,,1034,959.0,25.7,2,estresada,propagada,-78,luz_saturada,estresada
maceta-sim,1971,1,sim-1.0,1790695800,19.6,53.0,4095,3124.0,95.0,3184,2549.0,,1018,943.0,25.3,2,estresada,propagada,-74,luz_saturada,estresada
maceta-sim,1972,1,sim-1.0,1790696100,20.6,55.0,4095,3124.0,95.0,3176,2543.0,,1037,964.0,25.4,2,estresada,propagada,-73,luz_saturada,estresada
maceta-sim,1973,1,sim-1.0,1790696400,20.5,52.0,3982,3048.0,92.0,3179,2545.0,,1036,961.0,25.2,2,estresada,propagada,-66,,estresada
maceta-sim,1974,1,sim-1.0,1790696700,21.1,50.0,3672,2840.0,86.0,3181,2547.0,,1038,961.0,25.8,2,estresada,propagada,-65,,estresada
maceta-sim,1975,1,sim-1.0,1790697000,20.5,52.0,3792,2921.0,89.0,3189,2552.0,,1031,956.0,25.9,2,estresada,propagada,-65,,estresada
maceta-sim,1976,1,sim-1.0,1790697300,21.2,52.0,4095,3124.0,95.0,3200,2560.0,,1036,962.0,25.6,2,estresada,propagada,-72,luz_saturada,estresada
maceta-sim,1977,1,sim-1.0,1790697600,21.0,52.0,3903,2995.0,91.0,3197,2558.0,,1032,960.0,25.3,2,estresada,propagada,-66,,estresada
maceta-sim,1978,1,sim-1.0,1790697900,20.6,55.0,4073,3109.0,94.0,3187,2551.0,,1031,957.0,26.1,2,estresada,propagada,-66,luz_saturada,estresada
maceta-sim,1979,1,sim-1.0,1790698200,20.5,57.0,3761,2900.0,88.0,3206,2564.0,,1039,964.0,25.4,2,estresada,propagada,-66,,estresada
maceta-sim,1980,1,sim-1.0,1790698500,21.2,53.0,3594,2788.0,84.0,3183,2548.0,,1034,959.0,25.5,2,estresada,propagada,-74,,estresada
maceta-sim,1981,1,sim-1.0,1790698800,21.0,54.0,3813,2935.0,89.0,3173,2541.0,,1029,957.0,26.1,2,estresada,propagada,-72,,estresada
maceta-sim,1982,1,sim-1.0,1790699100,20.9,52.0,3770,2906.0,88.0,3204,2563.0,,1039,963.0,25.8,2,estresada,propagada,-71,,estresada
maceta-sim,1983,1,sim-1.0,1790699400,20.7,55.0,3743,2888.0,88.0,3203,2562.0,,1031,957.0,26.0,2,estresada,propagada,-72,,estresada
maceta-sim,1984,1,sim-1.0,1790699700,21.0,50.0,4095,3124.0,95.0,3201,2561.0,,1036,961.0,25.8,2,estresada,propagada,-68,luz_saturada,estresada
maceta-sim,1985,1,sim-1.0,1790700000,21.3,50.0,4095,3124.0,95.0,3194,2556.0,,1044,969.0,26.2,2,estresada,propagada,-71,luz_saturada,estresada
maceta-sim,1986,1,sim-1.0,1790700300,20.8,52.0,3493,2720.0,82.0,3190,2553.0,,1031,957.0,25.5,2,estresada,propagada,-71,,estresada
maceta-sim,1987,1,sim-1.0,1790700600,21.7,50.0,3882,2981.0,90.0,3183,2548.0,,1044,970.0,25.8,2,estresada,propagada,-76,,estresada
maceta-sim,1988,1,sim-1.0,1790700900,21.3,54.0,4064,3103.0,94.0,3207,2565.0,,1039,965.0,25.8,2,estresada,propagada,-78,luz_saturada,estresada
maceta-sim,1989,1,sim-1.0,1790701200,21.8,49.0,3499,2724.0,83.0,3193,2555.0,,1046,971.0,26.2,2,estresada,propagada,-75,,estresada
maceta-sim,1990,1,sim-1.0,1790701500,21.8,50.0,3491,2719.0,82.0,3183,2548.0,,1045,971.0,25.8,2,estresada,propagada,-70,,estresada
maceta-sim,1991,1,sim-1.0,1790701800,21.4,49.0,3365,2634.0,80.0,3203,2562.0,,1042,966.0,25.8,2,estresada,propagada,-70,,estresada
maceta-sim,1992,1,sim-1.0,1790702100,21.7,52.0,3937,3018.0,91.0,3210,2567.0,,1047,972.0,25.9,2,estresada,propagada,-74,,estresada
maceta-sim,1993,1,sim-1.0,1790702400,21.1,52.0,3918,3005.0,91.0,3204,2563.0,,1037,963.0,26.0,2,estresada,propagada,-71,,estresada
maceta-sim,1994,1,sim-1.0,1790702700,21.4,50.0,3672,2840.0,86.0,3214,2570.0,,1049,972.0,25.8,2,estresada,propagada,-73,,estresada
maceta-sim,1995,1,sim-1.0,1790703000,21.5,51.0,3701,2860.0,87.0,3209,2566.0,,1044,969.0,25.4,2,estresada,propagada,-67,,estresada
maceta-sim,1996,1,sim-1.0,1790703300,21.9,51.0,3621,2806.0,85.0,3183,2548.0,,1047,972.0,26.1,2,estresada,propagada,-68,,estresada
maceta-sim,1997,1,sim-1.0,1790703600,21.9,52.0,3192,2518.0,76.0,3216,2571.0,,1045,970.0,26.1,2,estresada,propagada,-72,,estresada
maceta-sim,1998,1,sim-1.0,1790703900,22.0,50.0,3372,2639.0,80.0,3206,2564.0,,1057,982.0,26.3,2,estresada,propagada,-71,,estresada
maceta-sim,1999,1,sim-1.0,1790704200,22.1,51.0,3281,2578.0,78.0,3213,2569.0,,1055,977.0,26.3,2,estresada,propagada,-72,,estresada
maceta-sim,2000,1,sim-1.0,1790704500,21.7,48.0,3509,2731.0,83.0,3219,2573.0,,1044,969.0,25.9,2,estresada,propagada,-76,,estresada
maceta-sim,2001,1,sim-1.0,1790704800,21.6,51.0,3159,2496.0,76.0,3231,2582.0,,1050,973.0,26.1,2,estresada,propagada,-73,,estresada
maceta-sim,2002,1,sim-1.0,1790705100,21.5,52.0,3576,2776.0,84.0,3213,2569.0,,1049,970.0,25.8,2,estresada,propagada,-73,,estresada
maceta-sim,2003,1,sim-1.0,1790705400,21.6,53.0,3512,2733.0,83.0,3217,2572.0,,1046,970.0,26.0,2,estresada,propagada,-67,,estresada
maceta-sim,2004,1,sim-1.0,1790705700,22.4,50.0,3450,2691.0,82.0,3234,2584.0,,1052,978.0,25.8,2,estresada,propagada,-74,,estresada
maceta-sim,2005,1,sim-1.0,1790706000,22.1,48.0,3199,2523.0,76.0,3217,2572.0,,1054,979.0,25.9,2,estresada,propagada,-77,,estresada
maceta-sim,2006,1,sim-1.0,1790706300,21.1,53.0,3439,2684.0,81.0,3243,2590.0,,1042,965.0,25.7,2,estresada,propagada,-65,,estresada
maceta-sim,2007,1,sim-1.0,1790706600,21.8,47.0,3293,2586.0,78.0,3214,2570.0,,1050,975.0,26.3,2,estresada,propagada,-73,,estresada
maceta-sim,2008,1,sim-1.0,1790706900,22.2,48.0,3178,2509.0,76.0,3221,2575.0,,1056,980.0,26.1,2,estresada,propagada,-77,,estresada
maceta-sim,2009,1,sim-1.0,1790707200,21.5,51.0,2989,2382.0,72.0,3224,2577.0,,1042,967.0,25.9,2,estresada,propagada,-69,,estresada
maceta-sim,2010,1,sim-1.0,1790707500,22.1,51.0,3315,2601.0,79.0,3216,2571.0,,1053,977.0,25.8,2,estresada,propagada,-73,,estresada
maceta-sim,2011,1,sim-1.0,1790707800,22.2,48.0,3017,2401.0,73.0,3206,2564.0,,1056,979.0,26.1,2,estresada,propagada,-77,,estresada
maceta-sim,2012,1,sim-1.0,1790708100,22.1,52.0,3028,2408.0,73.0,3240,2588.0,,1055,977.0,26.2,2,estresada,propagada,-74,,estresada
maceta-sim,2013,1,sim-1.0,1790708400,22.3,52.0,2706,2192.0,66.0,3231,2582.0,,1058,980.0,25.7,2,estresada,propagada,-72,,estresada
maceta-sim,2014,1,sim-1.0,1790708700,22.1,52.0,2765,2232.0,68.0,3223,2576.0,,1055,977.0,26.1,2,estresada,propagada,-72,,estresada
maceta-sim,2015,1,sim-1.0,1790709000,22.3,48.0,2522,2069.0,63.0,3240,2588.0,,1059,983.0,26.1,2,estresada,propagada,-71,,estresada
maceta-sim,2016,1,sim-1.0,1790709300,21.9,51.0,2814,2265.0,69.0,3217,2572.0,,1047,972.0,26.0,2,estresada,propagada,-69,,estresada
maceta-sim,2017,1,sim-1.0,1790709600,22.2,49.0,2489,2047.0,62.0,3237,2586.0,,1051,973.0,26.3,2,estresada,propagada,-65,,estresada
maceta-sim,2018,1,sim-1.0,1790709900,21.7,50.0,2248,1885.0,57.0,3229,2580.0,,1053,977.0,26.0,2,estresada,propagada,-78,,estresada
maceta-sim,2019,1,sim-1.0,1790710200,21.9,51.0,2721,2202.0,67.0,3260,2602.0,,1051,976.0,25.8,2,estresada,propagada,-72,,estresada
maceta-sim,2020,1,sim-1.0,1790710500,22.2,51.0,2220,1866.0,57.0,3203,2562.0,,1052,976.0,26.3,2,estresada,propagada,-69,,estresada
maceta-sim,2021,1,sim-1.0,1790710800,22.1,50.0,2598,2120.0,64.0,3239,2587.0,,1048,971.0,26.0,2,estresada,propagada,-67,,estresada
maceta-sim,2022,1,sim-1.0,1790711100,22.0,49.0,2150,1819.0,55.0,3246,2592.0,,1050,975.0,26.2,2,estresada,propagada,-76,,estresada
maceta-sim,2023,1,sim-1.0,1790711400,22.0,49.0,2303,1922.0,58.0,3246,2592.0,,1053,977.0,26.1,2,estresada,propagada,-76,,estresada
maceta-sim,2024,1,sim-1.0,1790711700,22.1,50.0,2169,1832.0,56.0,3247,2593.0,,1052,976.0,25.9,2,estresada,propagada,-68,,estresada
maceta-sim,2025,1,sim-1.0,1790712000,21.7,51.0,1914,1660.0,50.0,3244,2591.0,,1041,966.0,26.0,2,estresada,propagada,-71,,estresada
maceta-sim,2026,1,sim-1.0,1790712300,21.8,47.0,2203,1855.0,56.0,3229,2580.0,,1057,978.0,26.0,2,estresada,propagada,-78,,estresada
maceta-sim,2027,1,sim-1.0,1790712600,22.3,47.0,1916,1662.0,50.0,3230,2581.0,,1053,974.0,26.1,2,estresada,propagada,-70,,estresada
maceta-sim,2028,1,sim-1.0,1790712900,21.7,52.0,1947,1683.0,51.0,3266,2606.0,,1050,975.0,25.9,2,estresada,propagada,-76,,estresada
maceta-sim,2029,1,sim-1.0,1790713200,22.0,53.0,1653,1456.0,44.0,3246,2592.0,,1054,977.0,25.7,2,estresada,propagada,-67,,estresada
maceta-sim,2030,1,sim-1.0,1790713500,21.5,52.0,1581,1399.0,42.0,3237,2586.0,,1044,969.0,25.7,2,estresada,propagada,-74,,estresada
maceta-sim,2031,1,sim-1.0,1790713800,22.3,50.0,1675,1474.0,45.0,3257,2600.0,,1055,978.0,26.1,2,estresada,propagada,-74,,estresada
maceta-sim,2032,1,sim-1.0,1790714100,21.9,51.0,1589,1405.0,43.0,3250,2595.0,,1050,974.0,25.8,2,estresada,propagada,-72,,estresada
maceta-sim,2033,1,sim-1.0,1790714400,22.0,49.0,1438,1284.0,39.0,3249,2594.0,,1049,974.0,26.1,2,estresada,propagada,-78,,estresada
maceta-sim,2034,1,sim-1.0,1790714700,21.6,51.0,1460,1302.0,39.0,3249,2594.0,,1044,968.0,26.0,2,estresada,propagada,-71,,estresada
maceta-sim,2035,1,sim-1.0,1790715000,21.7,49.0,1453,1296.0,39.0,3267,2607.0,,1047,975.0,25.8,2,estresada,propagada,-68,,estresada
maceta-sim,2036,1,sim-1.0,1790715300,21.5,47.0,1239,1125.0,34.0,3267,2607.0,,1046,971.0,25.8,2,estresada,propagada,-75,,estresada
maceta-sim,2037,1,sim-1.0,1790715600,21.6,48.0,1322,1191.0,36.0,3253,2597.0,,1045,972.0,25.8,2,estresada,propagada,-78,,estresada
maceta-sim,2038,1,sim-1.0,1790715900,21.8,48.0,1287,1163.0,35.0,3263,2604.0,,1048,972.0,26.1,2,estresada,propagada,-75,,estresada
maceta-sim,2039,1,sim-1.0,1790716200,21.9,52.0,1112,1023.0,31.0,3257,2600.0,,1049,973.0,26.4,2,estresada,propagada,-76,,estresada
maceta-sim,2040,1,sim-1.0,1790716500,21.3,51.0,1058,980.0,30.0,3259,2601.0,,1043,967.0,25.8,2,estresada,propagada,-70,,estresada
maceta-sim,2041,1,sim-1.0,1790716800,21.6,51.0,929,877.0,27.0,3236,2585.0,,1043,968.0,25.7,2,estresada,propagada,-71,,estresada
maceta-sim,2042,1,sim-1.0,1790717100,21.3,53.0,1004,937.0,28.0,3253,2597.0,,1035,961.0,25.7,2,estresada,propagada,-78,,estresada
maceta-sim,2043,1,sim-1.0,1790717400,21.4,53.0,808,781.0,24.0,3266,2606.0,,1047,972.0,25.8,2,estresada,propagada,-74,,estresada
maceta-sim,2044,1,sim-1.0,1790717700,21.0,52.0,865,826.0,25.0,3261,2603.0,,1042,965.0,26.1,2,estresada,propagada,-73,,estresada
maceta-sim,2045,1,sim-1.0,1790718000,21.2,51.0,774,754.0,23.0,3256,2599.0,,1041,964.0,25.5,2,estresada,propagada,-67,,estresada
maceta-sim,2046,1,sim-1.0,1790718300,20.9,57.0,689,686.0,21.0,3263,2604.0,,1036,962.0,25.7,2,estresada,propagada,-70,,estresada
maceta-sim,2047,1,sim-1.0,1790718600,20.5,53.0,573,594.0,18.0,3270,2609.0,,1031,956.0,25.6,2,estresada,propagada,-68,,estresada
maceta-sim,2048,1,sim-1.0,1790718900,21.3,51.0,475,516.0,16.0,3263,2604.0,,1043,968.0,26.0,2,estresada,propagada,-74,,estresada
maceta-sim,2049,1,sim-1.0,1790719200,21.1,53.0,400,456.0,14.0,3289,2622.0,,1042,966.0,25.7,2,estresada,propagada,-73,,estresada
maceta-sim,2050,1,sim-1.0,1790719500,20.4,53.0,401,457.0,14.0,3267,2607.0,,1031,956.0,25.9,2,estresada,propagada,-72,,estresada
maceta-sim,2051,1,sim-1.0,1790719800,20.3,53.0,286,365.0,11.0,3294,2626.0,,1029,955.0,25.7,2,estresada,propagada,-65,,estresada
maceta-sim,2052,1,sim-1.0,1790720100,20.5,54.0,206,302.0,9.0,3274,2612.0,,1037,960.0,25.6,2,estresada,propagada,-70,,estresada
maceta-sim,2053,1,sim-1.0,1790720400,20.6,53.0,151,258.0,8.0,3261,2603.0,,1035,960.0,25.5,2,estresada,propagada,-66,,estresada
maceta-sim,2054,1,sim-1.0,1790720700,19.9,55.0,83,204.0,6.0,3277,2614.0,,1020,948.0,25.6,2,estresada,propagada,-77,,estresada
maceta-sim,2055,1,sim-1.0,1790721000,20.1,55.0,9,145.0,4.0,3263,2604.0,,1027,953.0,25.5,2,estresada,propagada,-77,,estresada
maceta-sim,2056,1,sim-1.0,1790721300,20.3,55.0,8,144.0,4.0,3283,2618.0,,1032,958.0,25.3,2,estresada,propagada,-69,,estresada
maceta-sim,2057,1,sim-1.0,1790721600,20.0,52.0,12,147.0,4.0,3303,2632.0,,1019,947.0,25.5,2,estresada,propagada,-72,,estresada
maceta-sim,2058,1,sim-1.0,1790721900,20.2,56.0,9,145.0,4.0,3273,2611.0,,1032,958.0,25.6,2,estresada,propagada,-69,,estresada
maceta-sim,2059,1,sim-1.0,1790722200,19.7,56.0,11,146.0,4.0,3277,2614.0,,1023,949.0,25.3,2,estresada,propagada,-75,,estresada
maceta-sim,2060,1,sim-1.0,1790722500,19.7,55.0,12,147.0,4.0,3297,2628.0,,1018,945.0,25.1,2,estresada,propagada,-63,,estresada
maceta-sim,2061,1,sim-1.0,1790722800,19.9,55.0,9,145.0,4.0,3274,2612.0,,1019,947.0,25.5,2,estresada,manual,-69,,estresada
maceta-sim,2062,1,sim-1.0,1790723100,19.8,54.0,9,145.0,4.0,3276,2613.0,,1025,949.0,25.2,2,estresada,propagada,-77,,estresada
maceta-sim,2063,1,sim-1.0,1790723400,19.6,56.0,9,145.0,4.0,3279,2615.0,,1022,946.0,25.6,2,estresada,propagada,-72,,estresada
maceta-sim,2064,1,sim-1.0,1790723700,19.4,53.0,12,147.0,4.0,3289,2622.0,,1012,939.0,25.4,2,estresada,propagada,-70,,estresada
maceta-sim,2065,1,sim-1.0,1790724000,19.4,55.0,11,146.0,4.0,3264,2605.0,,1016,944.0,25.2,2,estresada,propagada,-69,,estresada
maceta-sim,2066,1,sim-1.0,1790724300,19.9,55.0,11,146.0,4.0,3283,2618.0,,1021,947.0,25.3,2,estresada,propagada,-69,,estresada
maceta-sim,2067,1,sim-1.0,1790724600,19.4,56.0,8,144.0,4.0,3289,2622.0,,1020,947.0,25.4,2,estresada,propagada,-71,,estresada
maceta-sim,2068,1,sim-1.0,1790724900,19.6,55.0,12,147.0,4.0,3299,2629.0,,1025,949.0,25.6,2,estresada,propagada,-78,,estresada
maceta-sim,2069,1,sim-1.0,1790725200,19.4,53.0,9,145.0,4.0,3289,2622.0,,1021,949.0,25.6,2,estresada,propagada,-75,,estresada
maceta-sim,2070,1,sim-1.0,1790725500,19.2,55.0,8,144.0,4.0,3287,2621.0,,1013,938.0,25.2,2,estresada,propagada,-69,,estresada
maceta-sim,2071,1,sim-1.0,1790725800,19.1,56.0,9,145.0,4.0,3280,2616.0,,1012,939.0,25.4,2,estresada,propagada,-77,,estresada
maceta-sim,2072,1,sim-1.0,1790726100,19.2,58.0,11,146.0,4.0,3301,2631.0,,1015,940.0,25.3,2,estresada,propagada,-72,,estresada
maceta-sim,2073,1,sim-1.0,1790726400,19.1,58.0,12,147.0,4.0,3293,2625.0,,1014,941.0,25.3,2,estresada,propagada,-71,,estresada
maceta-sim,2074,1,sim-1.0,1790726700,18.9,60.0,12,147.0,4.0,3294,2626.0,,1009,938.0,25.1,2,estresada,propagada,-74,,estresada
maceta-sim,2075,1,sim-1.0,1790727000,18.8,60.0,12,147.0,4.0,3299,2629.0,,1013,938.0,24.9,2,estresada,propagada,-75,,estresada
maceta-sim,2076,1,sim-1.0,1790727300,18.3,60.0,11,146.0,4.0,3306,2634.0,,1001,928.0,25.1,2,estresada,propagada,-72,,estresada
maceta-sim,2077,1,sim-1.0,1790727600,18.7,59.0,11,146.0,4.0,3287,2621.0,,1002,931.0,25.0,2,estresada,propagada,-71,,estresada
maceta-sim,2078,1,sim-1.0,1790727900,18.2,60.0,11,146.0,4.0,3290,2623.0,,999,926.0,25.2,2,estresada,propagada,-70,,estresada
maceta-sim,2079,1,sim-1.0,1790728200,18.8,56.0,9,145.0,4.0,3304,2633.0,,1006,937.0,25.4,2,estresada,propagada,-78,,estresada
maceta-sim,2080,1,sim-1.0,1790728500,18.1,58.0,12,147.0,4.0,3300,2630.0,,998,927.0,24.9,2,estresada,propagada,-73,,estresada
maceta-sim,2081,1,sim-1.0,1790728800,19.2,56.0,12,147.0,4.0,3300,2630.0,,1015,940.0,25.3,2,estresada,propagada,-76,,estresada
maceta-sim,2082,1,sim-1.0,1790729100,18.5,60.0,8,144.0,4.0,3307,2635.0,,1008,934.0,25.1,2,estresada,propagada,-73,,estresada
maceta-sim,2083,1,sim-1.0,1790729400,18.4,59.0,11,146.0,4.0,3307,2635.0,,1000,928.0,25.2,2,estresada,propagada,-78,,estresada
maceta-sim,2084,1,sim-1.0,1790729700,18.1,61.0,12,147.0,4.0,3294,2626.0,,997,929.0,24.5,2,estresada,propagada,-69,,estresada
maceta-sim,2085,1,sim-1.0,1790730000,17.8,57.0,8,144.0,4.0,3306,2634.0,,998,925.0,25.1,2,estresada,propagada,-75,,estresada
maceta-sim,2086,1,sim-1.0,1790730300,17.6,58.0,11,146.0,4.0,3314,2640.0,,995,923.0,25.4,2,estresada,propagada,-72,,estresada
maceta-sim,2087,1,sim-1.0,1790730600,17.4,60.0,9,145.0,4.0,3296,2627.0,,986,916.0,24.6,2,estresada,propagada,-70,,estresada
maceta-sim,2088,1,sim-1.0,1790730900,17.4,60.0,9,145.0,4.0,3303,2632.0,,993,920.0,24.6,2,estresada,propagada,-71,,estresada
maceta-sim,2089,1,sim-1.0,1790731200,18.1,58.0,12,147.0,4.0,3294,2626.0,,993,922.0,24.9,2,estresada,propagada,-65,,estresada
maceta-sim,2090,1,sim-1.0,1790731500,17.5,60.0,9,145.0,4.0,3314,2640.0,,994,921.0,24.7,2,estresada,propagada,-70,,estresada
maceta-sim,2091,1,sim-1.0,1790731800,17.0,60.0,9,145.0,4.0,3314,2640.0,,987,914.0,25.0,2,estresada,propagada,-75,,estresada
maceta-sim,2092,1,sim-1.0,1790732100,17.4,63.0,12,147.0,4.0,3299,2629.0,,989,917.0,24.5,3,marchita,manual,-68,,estresada
maceta-sim,2093,1,sim-1.0,1790732400,16.7,67.0,11,146.0,4.0,3306,2634.0,,986,915.0,24.6,3,marchita,propagada,-70,,estresada
maceta-sim,2094,1,sim-1.0,1790732700,17.0,62.0,11,146.0,4.0,3301,2631.0,,989,917.0,24.6,2,estresada,manual,-66,,estresada
maceta-sim,2095,1,sim-1.0,1790733000,16.8,65.0,12,147.0,4.0,3290,2623.0,,982,912.0,24.5,2,estresada,propagada,-70,,estresada
maceta-sim,2096,1,sim-1.0,1790733300,16.5,63.0,9,145.0,4.0,3316,2641.0,,972,903.0,24.8,2,estresada,propagada,-68,,estresada
maceta-sim,2097,1,sim-1.0,1790733600,16.3,65.0,11,146.0,4.0,3311,2638.0,,979,907.0,24.7,2,estresada,propagada,-71,,estresada
maceta-sim,2098,1,sim-1.0,1790733900,16.9,60.0,11,146.0,4.0,3311,2638.0,,986,917.0,25.0,2,estresada,propagada,-75,,estresada
maceta-sim,2099,1,sim-1.0,1790734200,15.9,64.0,9,145.0,4.0,3307,2635.0,,972,901.0,24.4,2,estresada,propagada,-76,,estresada
maceta-sim,2100,1,sim-1.0,1790734500,16.8,61.0,11,146.0,4.0,3304,2633.0,,985,915.0,24.7,2,estresada,propagada,-77,,estresada
maceta-sim,2101,1,sim-1.0,1790734800,16.3,63.0,11,146.0,4.0,3323,2646.0,,983,912.0,24.8,2,estresada,propagada,-74,,estresada
maceta-sim,2102,1,sim-1.0,1790735100,16.5,63.0,9,145.0,4.0,3320,2644.0,,974,902.0,24.9,2,estresada,propagada,-67,,estresada
maceta-sim,2103,1,sim-1.0,1790735400,15.7,64.0,9,145.0,4.0,3309,2636.0,,970,898.0,24.5,2,estresada,propagada,-69,,estresada
maceta-sim,2104,1,sim-1.0,1790735700,15.5,65.0,9,145.0,4.0,3321,2645.0,,966,896.0,24.4,2,estresada,propagada,-65,,estresada
maceta-sim,2105,1,sim-1.0,1790736000,15.7,64.0,9,145.0,4.0,3316,2641.0,,968,899.0,24.3,2,estresada,propagada,-71,,estresada
maceta-sim,2106,1,sim-1.0,1790736300,15.7,67.0,8,144.0,4.0,3309,2636.0,,968,899.0,24.5,2,estresada,propagada,-77,,estresada
maceta-sim,2107,1,sim-1.0,1790736600,15.5,67.0,12,147.0,4.0,3334,2654.0,,972,898.0,24.8,2,estresada,propagada,-74,,estresada
maceta-sim,2108,1,sim-1.0,1790736900,15.5,65.0,9,145.0,4.0,3321,2645.0,,966,897.0,24.2,2,estresada,propagada,-77,,estresada
maceta-sim,2109,1,sim-1.0,1790737200,17.2,62.0,9,145.0,4.0,3309,2636.0,,991,919.0,25.1,2,estresada,propagada,-71,,estresada
maceta-sim,2110,1,sim-1.0,1790737500,17.7,63.0,11,146.0,4.0,3320,2644.0,,999,928.0,25.1,2,estresada,propagada,-69,,estresada
maceta-sim,2111,1,sim-1.0,1790737800,17.5,60.0,11,146.0,4.0,3314,2640.0,,989,919.0,24.8,2,estresada,propagada,-75,,estresada
maceta-sim,2112,1,sim-1.0,1790738100,17.2,62.0,9,145.0,4.0,3307,2635.0,,984,914.0,24.5,2,estresada,propagada,-67,,estresada
maceta-sim,2113,1,sim-1.0,1790738400,17.1,63.0,11,146.0,4.0,3321,2645.0,,982,910.0,24.7,2,estresada,propagada,-73,,estresada
maceta-sim,2114,1,sim-1.0,1790738700,16.6,62.0,12,147.0,4.0,3297,2628.0,,978,909.0,24.8,2,estresada,propagada,-61,,estresada
maceta-sim,2115,1,sim-1.0,1790739000,17.2,61.0,12,147.0,4.0,3324,2647.0,,994,923.0,24.9,2,estresada,propagada,-68,,estresada
maceta-sim,2116,1,sim-1.0,1790739300,17.4,60.0,12,147.0,4.0,3329,2650.0,,992,921.0,24.9,2,estresada,propagada,-74,,estresada
maceta-sim,2117,1,sim-1.0,1790739600,16.8,62.0,8,144.0,4.0,3354,2668.0,,988,916.0,24.9,2,estresada,propagada,-66,,estresada
maceta-sim,2118,1,sim-1.0,1790739900,16.2,66.0,11,146.0,4.0,3329,2650.0,,978,905.0,24.6,2,estresada,propagada,-77,,estresada
maceta-sim,2119,1,sim-1.0,1790740200,16.9,61.0,11,146.0,4.0,3337,2656.0,,990,916.0,24.6,2,estresada,propagada,-69,,estresada
maceta-sim,2120,1,sim-1.0,1790740500,16.5,64.0,12,147.0,4.0,3319,2643.0,,980,909.0,24.6,2,estresada,propagada,-68,,estresada
maceta-sim,2121,1,sim-1.0,1790740800,16.7,63.0,9,145.0,4.0,3340,2658.0,,985,912.0,24.6,2,estresada,propagada,-68,,estresada
maceta-sim,2122,1,sim-1.0,1790741100,15.8,63.0,11,146.0,4.0,3326,2648.0,,972,902.0,24.8,2,estresada,propagada,-71,,estresada
maceta-sim,2123,1,sim-1.0,1790741400,16.1,63.0,8,144.0,4.0,3319,2643.0,,974,904.0,24.5,2,estresada,propagada,-69,,estresada
maceta-sim,2124,1,sim-1.0,1790741700,16.5,63.0,11,146.0,4.0,3327,2649.0,,974,904.0,24.3,2,estresada,propagada,-70,,estresada
maceta-sim,2125,1,sim-1.0,1790742000,15.9,64.0,8,144.0,4.0,3310,2637.0,,975,903.0,24.4,2,estresada,propagada,-72,,estresada
maceta-sim,2126,1,sim-1.0,1790742300,15.7,68.0,8,144.0,4.0,3311,2638.0,,974,903.0,24.3,2,estresada,propagada,-70,,estresada
maceta-sim,2127,1,sim-1.0,1790742600,16.0,65.0,8,144.0,4.0,3334,2654.0,,971,902.0,24.5,2,estresada,propagada,-66,,estresada
maceta-sim,2128,1,sim-1.0,1790742900,16.0,66.0,9,145.0,4.0,3329,2650.0,,971,901.0,24.5,2,estresada,propagada,-75,,estresada
maceta-sim,2129,1,sim-1.0,1790743200,15.8,65.0,9,145.0,4.0,3327,2649.0,,969,898.0,24.3,2,estresada,propagada,-72,,estresada
maceta-sim,2130,1,sim-1.0,1790743500,15.8,63.0,11,146.0,4.0,3340,2658.0,,971,903.0,24.6,2,estresada,propagada,-74,,estresada
maceta-sim,2131,1,sim-1.0,1790743800,16.0,65.0,9,145.0,4.0,3324,2647.0,,981,908.0,24.7,2,estresada,propagada,-79,,estresada
maceta-sim,2132,1,sim-1.0,1790744100,15.8,65.0,8,144.0,4.0,3343,2660.0,,970,900.0,24.5,2,estresada,propagada,-65,,estresada
maceta-sim,2133,1,sim-1.0,1790744400,16.3,63.0,12,147.0,4.0,3356,2669.0,,978,907.0,24.7,2,estresada,propagada,-71,,estresada
maceta-sim,2134,1,sim-1.0,1790744700,15.3,68.0,12,147.0,4.0,3330,2651.0,,962,893.0,24.6,2,estresada,propagada,-78,,estresada
maceta-sim,2135,1,sim-1.0,1790745000,15.6,66.0,12,147.0,4.0,3336,2655.0,,963,895.0,24.6,2,estresada,propagada,-74,,estresada
maceta-sim,2136,1,sim-1.0,1790745300,15.6,62.0,8,144.0,4.0,3356,2669.0,,972,902.0,24.7,2,estresada,propagada,-75,,estresada
maceta-sim,2137,1,sim-1.0,1790745600,15.6,63.0,12,147.0,4.0,3344,2661.0,,968,897.0,24.3,2,estresada,propagada,-74,,estresada
maceta-sim,2138,1,sim-1.0,1790745900,15.9,67.0,8,144.0,4.0,3330,2651.0,,974,902.0,24.6,2,estresada,propagada,-69,,estresada
maceta-sim,2139,1,sim-1.0,1790746200,15.7,63.0,12,147.0,4.0,3336,2655.0,,968,896.0,24.3,2,estresada,propagada,-77,,estresada
maceta-sim,2140,1,sim-1.0,1790746500,15.5,66.0,12,147.0,4.0,3340,2658.0,,965,896.0,24.2,2,estresada,propagada,-69,,estresada
maceta-sim,2141,1,sim-1.0,1790746800,15.3,65.0,9,145.0,4.0,3343,2660.0,,970,901.0,24.3,2,estresada,propagada,-76,,estresada
maceta-sim,2142,1,sim-1.0,1790747100,15.3,66.0,9,145.0,4.0,3351,2666.0,,968,895.0,24.7,2,estresada,propagada,-72,,estresada
maceta-sim,2143,1,sim-1.0,1790747400,15.5,65.0,11,146.0,4.0,3327,2649.0,,961,892.0,24.8,2,estresada,propagada,-77,,estresada
maceta-sim,2144,1,sim-1.0,1790747700,15.6,65.0,11,146.0,4.0,3337,2656.0,,968,899.0,24.3,2,estresada,propagada,-70,,estresada
maceta-sim,2145,1,sim-1.0,1790748000,15.1,68.0,9,145.0,4.0,3060,2462.0,,967,897.0,24.6,2,estresada,propagada,-67,,estresada
maceta-sim,2146,1,sim-1.0,1790748060,15.7,64.0,9,145.0,4.0,3033,2443.0,,965,897.0,24.5,2,estresada,propagada,-75,,estresada
maceta-sim,2147,1,sim-1.0,1790748120,15.2,66.0,8,144.0,4.0,2960,2392.0,,969,899.0,24.6,2,estresada,propagada,-72,,estresada
maceta-sim,2148,1,sim-1.0,1790748180,15.3,67.0,12,147.0,4.0,2944,2381.0,,957,888.0,24.3,2,estresada,propagada,-72,,estresada
maceta-sim,2149,1,sim-1.0,1790748240,15.2,65.0,11,146.0,4.0,2884,2339.0,,959,889.0,24.4,2,estresada,propagada,-75,,estresada
maceta-sim,2150,1,sim-1.0,1790748300,15.5,66.0,9,145.0,4.0,2869,2328.0,,971,900.0,24.7,2,estresada,propagada,-68,,estresada
maceta-sim,2151,1,sim-1.0,1790748360,15.3,64.0,12,147.0,4.0,2814,2290.0,,971,900.0,24.6,2,estresada,propagada,-69,,estresada
maceta-sim,2152,1,sim-1.0,1790748420,15.0,66.0,12,147.0,4.0,2784,2269.0,,956,888.0,24.0,2,estresada,propagada,-73,,estresada
maceta-sim,2153,1,sim-1.0,1790748480,15.2,69.0,9,145.0,4.0,2747,2243.0,,966,895.0,24.3,2,estresada,propagada,-71,,estresada
maceta-sim,2154,1,sim-1.0,1790748540,14.9,67.0,12,147.0,4.0,2707,2215.0,,959,888.0,24.2,2,estresada,propagada,-68,,estresada
maceta-sim,2155,1,sim-1.0,1790748600,15.8,66.0,9,145.0,4.0,2676,2193.0,,965,897.0,24.3,2,estresada,propagada,-74,,estresada
maceta-sim,2156,1,sim-1.0,1790748660,15.7,66.0,12,147.0,4.0,2659,2181.0,,969,899.0,24.3,2,estresada,propagada,-71,,estresada
maceta-sim,2157,1,sim-1.0,1790748720,15.9,65.0,12,147.0,4.0,2619,2153.0,,971,903.0,24.7,2,estresada,propagada,-72,,estresada
maceta-sim,2158,1,sim-1.0,1790748780,15.7,64.0,12,147.0,4.0,2599,2139.0,,968,899.0,24.3,2,estresada,propagada,-72,,estresada
maceta-sim,2159,1,sim-1.0,1790748840,15.4,66.0,11,146.0,4.0,2554,2108.0,,964,893.0,24.2,2,estresada,propagada,-71,,estresada
maceta-sim,2160,1,sim-1.0,1790748900,15.7,68.0,9,145.0,4.0,2551,2106.0,,969,899.0,24.4,2,estresada,manual,-68,,estresada
maceta-sim,2161,1,sim-1.0,1790748960,15.3,69.0,8,144.0,4.0,2531,2092.0,,965,895.0,24.3,2,estresada,propagada,-69,,estresada
maceta-sim,2162,1,sim-1.0,1790749020,14.8,68.0,12,147.0,4.0,2474,2052.0,,962,889.0,24.2,2,estresada,propagada,-69,,estresada
maceta-sim,2163,1,sim-1.0,1790749080,15.2,64.0,8,144.0,4.0,2463,2044.0,,963,893.0,24.5,2,estresada,propagada,-81,,estresada
maceta-sim,2164,1,sim-1.0,1790749140,15.1,67.0,8,144.0,4.0,2426,2018.0,,961,893.0,24.2,2,estresada,propagada,-69,,estresada
maceta-sim,2165,1,sim-1.0,1790749200,14.8,65.0,8,144.0,4.0,2407,2005.0,,962,893.0,24.4,2,estresada,propagada,-74,,estresada
maceta-sim,2166,1,sim-1.0,1790749260,15.2,67.0,9,145.0,4.0,2410,2007.0,,968,898.0,24.4,2,estresada,propagada,-75,,estresada
maceta-sim,2167,1,sim-1.0,1790749320,15.0,69.0,8,144.0,4.0,2374,1981.0,,969,897.0,24.3,2,estresada,propagada,-69,,estresada
maceta-sim,2168,1,sim-1.0,1790749380,15.2,66.0,12,147.0,4.0,2353,1966.0,,963,896.0,24.0,2,estresada,propagada,-74,,estresada
maceta-sim,2169,1,sim-1.0,1790749440,15.4,65.0,11,146.0,4.0,2353,1966.0,,967,898.0,24.7,2,estresada,propagada,-69,,estresada
maceta-sim,2170,1,sim-1.0,1790749500,14.8,66.0,12,147.0,4.0,2322,1943.0,,952,884.0,24.2,2,estresada,propagada,-77,,estresada
maceta-sim,2171,1,sim-1.0,1790749560,15.7,64.0,8,144.0,4.0,2309,1934.0,,964,895.0,24.4,2,estresada,propagada,-68,,estresada
maceta-sim,2172,1,sim-1.0,1790749620,15.6,66.0,8,144.0,4.0,2300,1927.0,,966,893.0,24.7,2,estresada,propagada,-71,,estresada
maceta-sim,2173,1,sim-1.0,1790749680,15.5,64.0,9,145.0,4.0,2286,1917.0,,960,893.0,24.6,2,estresada,propagada,-75,,estresada
maceta-sim,2174,1,sim-1.0,1790749740,15.8,64.0,9,145.0,4.0,2278,1911.0,,973,902.0,24.2,2,estresada,propagada,-71,,estresada
maceta-sim,2175,1,sim-1.0,1790749800,15.2,64.0,8,144.0,4.0,2249,1890.0,,965,893.0,24.4,2,estresada,propagada,-76,,estresada
maceta-sim,2176,1,sim-1.0,1790749860,14.8,65.0,8,144.0,4.0,2253,1893.0,,963,893.0,24.4,2,estresada,propagada,-67,,estresada
maceta-sim,2177,1,sim-1.0,1790749920,15.3,69.0,9,145.0,4.0,2235,1880.0,,966,895.0,24.3,2,estresada,propagada,-68,,estresada
maceta-sim,2178,1,sim-1.0,1790749980,15.7,66.0,11,146.0,4.0,2231,1877.0,,969,900.0,24.3,2,estresada,propagada,-71,,estresada
maceta-sim,2179,1,sim-1.0,1790750040,15.3,67.0,12,147.0,4.0,2219,1868.0,,959,889.0,24.5,2,estresada,propagada,-73,,estresada
maceta-sim,2180,1,sim-1.0,1790750100,15.5,64.0,12,147.0,4.0,2198,1853.0,,969,899.0,24.5,2,estresada,propagada,-72,,estresada
maceta-sim,2181,1,sim-1.0,1790750160,15.2,62.0,8,144.0,4.0,2182,1841.0,,966,896.0,24.4,2,estresada,propagada,-71,,estresada
maceta-sim,2182,1,sim-1.0,1790750220,15.7,66.0,8,144.0,4.0,2175,1836.0,,968,898.0,24.5,2,estresada,propagada,-77,,estresada
maceta-sim,2183,1,sim-1.0,1790750280,15.7,67.0,12,147.0,4.0,2169,1832.0,,969,900.0,24.5,2,estresada,propagada,-72,,estresada
maceta-sim,2184,1,sim-1.0,1790750340,15.8,65.0,9,145.0,4.0,2140,1811.0,,975,903.0,24.7,2,estresada,propagada,-71,,estresada
maceta-sim,2185,1,sim-1.0,1790750400,15.5,64.0,9,145.0,4.0,2169,1832.0,,970,901.0,24.3,2,estresada,propagada,-70,,estresada
maceta-sim,2186,1,sim-1.0,1790750460,15.8,63.0,9,145.0,4.0,2135,1807.0,,972,901.0,24.6,2,estresada,propagada,-71,,estresada
maceta-sim,2187,1,sim-1.0,1790750520,15.4,67.0,8,144.0,4.0,2128,1802.0,,973,900.0,24.2,2,estresada,propagada,-76,,estresada
maceta-sim,2188,1,sim-1.0,1790750580,15.7,65.0,11,146.0,4.0,2127,1801.0,,973,903.0,24.4,2,estresada,propagada,-79,,estresada
maceta-sim,2189,1,sim-1.0,1790750640,15.6,64.0,8,144.0,4.0,2123,1798.0,,966,898.0,24.2,2,estresada,propagada,-70,,estresada
maceta-sim,2190,1,sim-1.0,1790750700,15.3,68.0,8,144.0,4.0,2124,1799.0,,969,898.0,24.6,2,estresada,propagada,-71,,estresada
maceta-sim,2191,1,sim-1.0,1790750760,15.9,64.0,9,145.0,4.0,2114,1792.0,,965,896.0,24.5,2,estresada,propagada,-76,,estresada
maceta-sim,2192,1,sim-1.0,1790750820,15.2,64.0,12,147.0,4.0,2084,1770.0,,961,893.0,24.6,2,estresada,propagada,-70,,estresada
maceta-sim,2193,1,sim-1.0,1790750880,,,9,145.0,4.0,2094,1777.0,,957,888.0,24.1,2,estresada,propagada,-73,dht_sin_respuesta,estresada
maceta-sim,2194,1,sim-1.0,1790750940,15.5,64.0,12,147.0,4.0,2096,1779.0,,971,902.0,24.6,2,estresada,propagada,-66,,estresada
maceta-sim,2195,1,sim-1.0,1790751000,15.4,69.0,12,147.0,4.0,2077,1765.0,,971,899.0,24.3,2,estresada,propagada,-70,,estresada
maceta-sim,2196,1,sim-1.0,1790751060,15.1,67.0,11,146.0,4.0,2079,1766.0,,961,894.0,24.6,2,estresada,propagada,-65,,estresada
maceta-sim,2197,1,sim-1.0,1790751120,15.4,67.0,12,147.0,4.0,2051,1746.0,,964,894.0,24.1,2,estresada,propagada,-69,,estresada
maceta-sim,2198,1,sim-1.0,1790751180,15.1,66.0,9,145.0,4.0,2062,1754.0,,967,896.0,24.3,2,estresada,propagada,-67,,estresada
maceta-sim,2199,1,sim-1.0,1790751240,15.6,65.0,12,147.0,4.0,2066,1757.0,,971,900.0,24.7,2,estresada,propagada,-72,,estresada
maceta-sim,2200,1,sim-1.0,1790751300,15.2,68.0,9,145.0,4.0,2057,1750.0,,960,891.0,24.6,2,estresada,propagada,-73,,estresada
maceta-sim,2201,1,sim-1.0,1790751360,15.2,67.0,8,144.0,4.0,2041,1739.0,,960,889.0,24.4,2,estresada,propagada,-70,,estresada
maceta-sim,2202,1,sim-1.0,1790751420,15.4,66.0,8,144.0,4.0,2043,1740.0,,973,903.0,24.4,2,estresada,propagada,-70,,estresada
maceta-sim,2203,1,sim-1.0,1790751480,15.0,68.0,12,147.0,4.0,2052,1747.0,,957,889.0,24.8,2,estresada,propagada,-68,,estresada
maceta-sim,2204,1,sim-1.0,1790751540,15.6,63.0,12,147.0,4.0,2047,1743.0,,969,899.0,24.4,2,estresada,propagada,-75,,estresada
maceta-sim,2205,1,sim-1.0,1790751600,15.4,64.0,12,147.0,4.0,2030,1731.0,,971,901.0,24.3,2,estresada,propagada,-74,,estresada
maceta-sim,2206,1,sim-1.0,1790751660,15.4,66.0,11,146.0,4.0,2015,1720.0,,959,892.0,24.7,2,estresada,propagada,-76,,estresada
maceta-sim,2207,1,sim-1.0,1790751720,15.9,65.0,9,145.0,4.0,2026,1728.0,,978,906.0,24.7,2,estresada,propagada,-65,,estresada
maceta-sim,2208,1,sim-1.0,1790751780,14.9,68.0,8,144.0,4.0,2028,1729.0,,958,888.0,24.5,2,estresada,propagada,-70,,estresada
maceta-sim,2209,1,sim-1.0,1790751840,14.8,70.0,8,144.0,4.0,2022,1725.0,,958,889.0,24.3,2,estresada,propagada,-72,,estresada
maceta-sim,2210,1,sim-1.0,1790751900,15.2,63.0,9,145.0,4.0,2043,1740.0,,961,893.0,24.3,2,estresada,propagada,-66,,estresada
maceta-sim,2211,1,sim-1.0,1790751960,14.9,66.0,12,147.0,4.0,2020,1723.0,,955,885.0,24.2,2,estresada,propagada,-72,,estresada
maceta-sim,2212,1,sim-1.0,1790752020,15.3,65.0,11,146.0,4.0,2011,1717.0,,957,888.0,24.6,2,estresada,propagada,-72,,estresada
maceta-sim,2213,1,sim-1.0,1790752080,15.8,65.0,8,144.0,4.0,2028,1729.0,,962,894.0,24.4,2,estresada,propagada,-71,,estresada
maceta-sim,2214,1,sim-1.0,1790752140,15.5,64.0,9,145.0,4.0,2010,1716.0,,970,899.0,24.2,2,estresada,propagada,-80,,estresada
maceta-sim,2215,1,sim-1.0,1790752200,15.4,66.0,11,146.0,4.0,2033,1733.0,,964,894.0,24.5,2,estresada,propagada,-70,,estresada
maceta-sim,2216,1,sim-1.0,1790752260,15.5,66.0,9,145.0,4.0,1996,1706.0,,969,899.0,24.3,2,estresada,propagada,-77,,estresada
maceta-sim,2217,1,sim-1.0,1790752320,15.2,67.0,12,147.0,4.0,2007,1714.0,,967,896.0,24.2,2,estresada,propagada,-72,,estresada
maceta-sim,2218,1,sim-1.0,1790752380,15.5,65.0,9,145.0,4.0,1999,1708.0,,967,899.0,24.3,2,estresada,propagada,-72,,estresada
maceta-sim,2219,1,sim-1.0,1790752440,15.2,66.0,11,146.0,4.0,2013,1718.0,,958,890.0,24.4,2,estresada,propagada,-70,,estresada
maceta-sim,2220,1,sim-1.0,1790752500,15.1,66.0,11,146.0,4.0,2009,1715.0,,961,892.0,24.3,2,estresada,propagada,-71,,estresada
maceta-sim,2221,1,sim-1.0,1790752560,14.8,66.0,12,147.0,4.0,2014,1719.0,,957,887.0,24.6,2,estresada,propagada,-73,,estresada
maceta-sim,2222,1,sim-1.0,1790752620,15.8,64.0,8,144.0,4.0,2000,1709.0,,975,904.0,24.4,2,estresada,propagada,-73,,estresada
maceta-sim,2223,1,sim-1.0,1790752680,15.0,66.0,11,146.0,4.0,1999,1708.0,,957,890.0,24.2,2,estresada,propagada,-71,,estresada
maceta-sim,2224,1,sim-1.0,1790752740,15.5,64.0,11,146.0,4.0,1982,1696.0,,962,895.0,24.3,2,estresada,propagada,-74,,estresada
maceta-sim,2225,1,sim-1.0,1790752800,15.4,68.0,11,146.0,4.0,1984,1697.0,,971,899.0,24.7,2,estresada,propagada,-71,,estresada
maceta-sim,2226,1,sim-1.0,1790752860,16.1,62.0,8,144.0,4.0,2006,1713.0,,976,903.0,24.3,2,estresada,propagada,-76,,estresada
maceta-sim,2227,1,sim-1.0,1790752920,15.1,64.0,8,144.0,4.0,1976,1691.0,,961,892.0,24.7,2,estresada,propagada,-72,,estresada
maceta-sim,2228,1,sim-1.0,1790752980,15.3,65.0,9,145.0,4.0,1980,1694.0,,966,895.0,24.3,2,estresada,propagada,-69,,estresada
maceta-sim,2229,1,sim-1.0,1790753040,15.4,67.0,12,147.0,4.0,1996,1706.0,,962,891.0,24.6,2,estresada,propagada,-72,,estresada
maceta-sim,2230,1,sim-1.0,1790753100,16.0,65.0,12,147.0,4.0,1998,1707.0,,971,900.0,24.7,2,estresada,propagada,-75,,estresada
maceta-sim,2231,1,sim-1.0,1790753160,15.9,63.0,9,145.0,4.0,1976,1691.0,,971,902.0,24.4,2,estresada,propagada,-68,,estresada
maceta-sim,2232,1,sim-1.0,1790753220,14.6,67.0,12,147.0,4.0,1981,1695.0,,949,882.0,24.3,2,estresada,propagada,-69,,estresada
maceta-sim,2233,1,sim-1.0,1790753280,15.3,65.0,12,147.0,4.0,1976,1691.0,,968,899.0,24.2,2,estresada,propagada,-82,,estresada
maceta-sim,2234,1,sim-1.0,1790753340,15.7,68.0,11,146.0,4.0,1976,1691.0,,967,897.0,24.4,2,estresada,propagada,-73,,estresada
maceta-sim,2235,1,sim-1.0,1790753400,15.7,65.0,11,146.0,4.0,1984,1697.0,,970,900.0,24.3,2,estresada,manual,-70,,estresada
maceta-sim,2236,1,sim-1.0,1790753460,15.0,62.0,8,144.0,4.0,1978,1693.0,,962,890.0,24.1,2,estresada,propagada,-70,,estresada
maceta-sim,2237,1,sim-1.0,1790753520,15.9,65.0,12,147.0,4.0,1963,1682.0,,968,898.0,24.6,2,estresada,propagada,-70,,estresada
maceta-sim,2238,1,sim-1.0,1790753580,16.0,65.0,9,145.0,4.0,1984,1697.0,,974,902.0,24.1,2,estresada,propagada,-75,,estresada
maceta-sim,2239,1,sim-1.0,1790753640,15.3,69.0,8,144.0,4.0,1980,1694.0,,963,894.0,24.3,2,estresada,propagada,-67,,estresada
maceta-sim,2240,1,sim-1.0,1790753700,15.7,66.0,11,146.0,4.0,1973,1689.0,,969,899.0,24.4,2,estresada,propagada,-74,,estresada
maceta-sim,2241,1,sim-1.0,1790753760,15.5,65.0,9,145.0,4.0,1992,1703.0,,961,894.0,24.9,2,estresada,propagada,-68,,estresada
maceta-sim,2242,1,sim-1.0,1790753820,15.5,65.0,9,145.0,4.0,1981,1695.0,,968,899.0,24.6,2,estresada,propagada,-71,,estresada
maceta-sim,2243,1,sim-1.0,1790753880,15.7,67.0,12,147.0,4.0,1980,1694.0,,968,898.0,24.6,2,estresada,propagada,-72,,estresada
maceta-sim,2244,1,sim-1.0,1790753940,15.3,67.0,12,147.0,4.0,1973,1689.0,,955,889.0,24.0,2,estresada,propagada,-73,,estresada
maceta-sim,2245,1,sim-1.0,1790754000,15.3,69.0,8,144.0,4.0,1988,1700.0,,961,888.0,24.2,2,estresada,propagada,-73,,estresada
maceta-sim,2246,1,sim-1.0,1790754060,15.0,66.0,9,145.0,4.0,1978,1693.0,,965,894.0,24.5,2,estresada,propagada,-71,,estresada
maceta-sim,2247,1,sim-1.0,1790754120,15.0,66.0,12,147.0,4.0,1988,1700.0,,962,893.0,24.4,2,estresada,propagada,-67,,estresada
maceta-sim,2248,1,sim-1.0,1790754180,16.0,63.0,9,145.0,4.0,1989,1701.0,,979,909.0,24.6,2,estresada,propagada,-74,,estresada
maceta-sim,2249,1,sim-1.0,1790754240,15.3,67.0,12,147.0,4.0,1999,1708.0,,970,900.0,23.9,2,estresada,propagada,-75,,estresada
maceta-sim,2250,1,sim-1.0,1790754300,15.5,64.0,11,146.0,4.0,1982,1696.0,,967,896.0,24.4,2,estresada,propagada,-75,,estresada
maceta-sim,2251,1,sim-1.0,1790754360,15.6,66.0,12,147.0,4.0,1971,1688.0,,971,900.0,24.4,2,estresada,propagada,-71,,estresada
maceta-sim,2252,1,sim-1.0,1790754420,15.3,67.0,9,145.0,4.0,1985,1698.0,,970,900.0,24.2,2,estresada,propagada,-74,,estresada
maceta-sim,2253,1,sim-1.0,1790754480,14.9,65.0,12,147.0,4.0,1977,1692.0,,965,895.0,24.3,2,estresada,propagada,-79,,estresada
maceta-sim,2254,1,sim-1.0,1790754540,15.1,67.0,12,147.0,4.0,1967,1685.0,,962,891.0,24.3,2,estresada,propagada,-74,,estresada
maceta-sim,2255,1,sim-1.0,1790754600,15.6,65.0,11,146.0,4.0,1976,1691.0,,974,902.0,24.5,2,estresada,propagada,-75,,estresada
maceta-sim,2256,1,sim-1.0,1790754660,15.7,63.0,9,145.0,4.0,1965,1683.0,,963,895.0,24.1,2,estresada,propagada,-71,,estresada
maceta-sim,2257,1,sim-1.0,1790754720,15.7,65.0,11,146.0,4.0,1976,1691.0,,964,896.0,24.7,2,estresada,propagada,-68,,estresada
maceta-sim,2258,1,sim-1.0,1790754780,,,11,146.0,4.0,1976,1691.0,,980,909.0,24.5,2,estresada,propagada,-72,dht_sin_respuesta,estresada
maceta-sim,2259,1,sim-1.0,1790754840,15.0,66.0,8,144.0,4.0,1981,1695.0,,958,890.0,24.4,2,estresada,propagada,-67,,estresada
maceta-sim,2260,1,sim-1.0,1790754900,15.9,67.0,9,145.0,4.0,1969,1686.0,,974,905.0,24.6,2,estresada,propagada,-68,,estresada
maceta-sim,2261,1,sim-1.0,1790754960,15.1,68.0,9,145.0,4.0,1978,1693.0,,964,893.0,24.2,2,estresada,propagada,-68,,estresada
maceta-sim,2262,1,sim-1.0,1790755020,15.7,64.0,12,147.0,4.0,1965,1683.0,,971,900.0,24.3,2,estresada,propagada,-70,,estresada
maceta-sim,2263,1,sim-1.0,1790755080,15.7,65.0,11,146.0,4.0,1982,1696.0,,971,899.0,24.4,2,estresada,propagada,-73,,estresada
maceta-sim,2264,1,sim-1.0,1790755140,14.7,67.0,8,144.0,4.0,1969,1686.0,,956,885.0,24.4,2,estresada,propagada,-71,,estresada
maceta-sim,2265,1,sim-1.0,1790755200,15.8,65.0,8,144.0,4.0,1981,1695.0,,971,901.0,24.5,2,estresada,propagada,-66,,estresada
maceta-sim,2266,1,sim-1.0,1790755260,14.7,68.0,9,145.0,4.0,1966,1684.0,,956,888.0,24.4,2,estresada,propagada,-75,,estresada
maceta-sim,2267,1,sim-1.0,1790755320,15.5,68.0,12,147.0,4.0,1984,1697.0,,969,898.0,24.4,2,estresada,propagada,-62,,estresada
maceta-sim,2268,1,sim-1.0,1790755380,15.3,66.0,12,147.0,4.0,1982,1696.0,,960,892.0,24.4,2,estresada,propagada,-80,,estresada
maceta-sim,2269,1,sim-1.0,1790755440,16.0,63.0,12,147.0,4.0,1982,1696.0,,973,902.0,24.7,2,estresada,propagada,-74,,estresada
maceta-sim,2270,1,sim-1.0,1790755500,15.5,65.0,9,145.0,4.0,1987,1699.0,,964,895.0,24.0,2,estresada,propagada,-67,,estresada
maceta-sim,2271,1,sim-1.0,1790755560,15.7,65.0,11,146.0,4.0,1947,1670.0,,966,898.0,24.6,2,estresada,propagada,-76,,estresada
maceta-sim,2272,1,sim-1.0,1790755620,15.5,63.0,11,146.0,4.0,1973,1689.0,,969,897.0,24.5,2,estresada,propagada,-76,,estresada
maceta-sim,2273,1,sim-1.0,1790755680,15.1,67.0,12,147.0,4.0,1982,1696.0,,965,892.0,24.7,2,estresada,propagada,-74,,estresada
maceta-sim,2274,1,sim-1.0,1790755740,15.1,65.0,8,144.0,4.0,1963,1682.0,,961,892.0,24.1,2,estresada,propagada,-68,,estresada
maceta-sim,2275,1,sim-1.0,1790755800,15.3,64.0,9,145.0,4.0,1966,1684.0,,962,893.0,24.5,2,estresada,propagada,-79,,estresada
maceta-sim,2276,1,sim-1.0,1790755860,15.9,64.0,11,146.0,4.0,1981,1695.0,,976,906.0,24.5,2,estresada,propagada,-70,,estresada
maceta-sim,2277,1,sim-1.0,1790755920,15.2,65.0,8,144.0,4.0,1999,1708.0,,960,894.0,24.7,2,estresada,propagada,-73,,estresada
maceta-sim,2278,1,sim-1.0,1790755980,15.3,68.0,12,147.0,4.0,1967,1685.0,,959,890.0,24.2,2,estresada,propagada,-80,,estresada
maceta-sim,2279,1,sim-1.0,1790756040,15.8,66.0,9,145.0,4.0,1976,1691.0,,967,897.0,24.6,2,estresada,propagada,-72,,estresada
maceta-sim,2280,1,sim-1.0,1790756100,15.7,67.0,11,146.0,4.0,1976,1691.0,,976,905.0,24.7,2,estresada,manual,-70,,estresada
maceta-sim,2281,1,sim-1.0,1790756160,15.5,68.0,11,146.0,4.0,1998,1707.0,,968,898.0,24.2,2,estresada,propagada,-69,,estresada
maceta-sim,2282,1,sim-1.0,1790756220,15.4,65.0,8,144.0,4.0,1988,1700.0,,967,895.0,24.2,2,estresada,propagada,-67,,estresada
maceta-sim,2283,1,sim-1.0,1790756280,15.6,66.0,11,146.0,4.0,1980,1694.0,,967,897.0,24.5,2,estresada,propagada,-75,,estresada
maceta-sim,2284,1,sim-1.0,1790756340,15.2,67.0,11,146.0,4.0,1970,1687.0,,958,889.0,24.3,2,estresada,propagada,-77,,estresada
maceta-sim,2285,1,sim-1.0,1790756400,15.7,67.0,9,145.0,4.0,1976,1691.0,,964,895.0,24.4,2,estresada,propagada,-69,,estresada
maceta-sim,2286,1,sim-1.0,1790756460,15.3,66.0,12,147.0,4.0,1980,1694.0,,968,898.0,24.3,2,estresada,propagada,-68,,estresada
maceta-sim,2287,1,sim-1.0,1790756520,15.7,65.0,8,144.0,4.0,1976,1691.0,,973,902.0,24.0,2,estresada,propagada,-72,,estresada
maceta-sim,2288,1,sim-1.0,1790756580,15.8,65.0,9,145.0,4.0,1982,1696.0,,968,899.0,24.8,2,estresada,propagada,-73,,estresada
maceta-sim,2289,1,sim-1.0,1790756640,16.3,67.0,12,147.0,4.0,1989,1701.0,,978,907.0,24.9,2,estresada,propagada,-71,,estresada
maceta-sim,2290,1,sim-1.0,1790756700,15.3,67.0,11,146.0,4.0,1976,1691.0,,967,898.0,24.0,2,estresada,propagada,-71,,estresada
maceta-sim,2291,1,sim-1.0,1790756760,15.7,67.0,9,145.0,4.0,1987,1699.0,,968,899.0,24.6,2,estresada,propagada,-63,,estresada
maceta-sim,2292,1,sim-1.0,1790756820,15.9,64.0,11,146.0,4.0,1980,1694.0,,970,901.0,24.6,2,estresada,propagada,-71,,estresada
maceta-sim,2293,1,sim-1.0,1790756880,16.0,64.0,12,147.0,4.0,1981,1695.0,,971,901.0,24.7,2,estresada,propagada,-74,,estresada
maceta-sim,2294,1,sim-1.0,1790756940,15.8,64.0,8,144.0,4.0,1981,1695.0,,969,898.0,24.4,2,estresada,propagada,-71,,estresada
maceta-sim,2295,1,sim-1.0,1790757000,15.6,67.0,11,146.0,4.0,1977,1692.0,,972,901.0,24.6,2,estresada,propagada,-69,,estresada
maceta-sim,2296,1,sim-1.0,1790757060,16.0,63.0,12,147.0,4.0,1985,1698.0,,974,901.0,24.8,2,estresada,propagada,-78,,estresada
maceta-sim,2297,2,sim-1.0,,15.4,64.0,9,145.0,4.0,1984,1697.0,,967,899.0,24.5,2,estresada,propagada,-74,hora_sin_sincronizar,estresada
maceta-sim,2298,2,sim-1.0,1790757180,15.6,64.0,9,145.0,4.0,1971,1688.0,,967,896.0,24.4,2,estresada,propagada,-76,,estresada
maceta-sim,2299,2,sim-1.0,1790757240,15.8,66.0,11,146.0,4.0,1982,1696.0,,976,903.0,24.2,2,estresada,propagada,-70,,estresada
maceta-sim,2300,2,sim-1.0,1790757300,14.9,67.0,12,147.0,4.0,1989,1701.0,,958,887.0,24.5,2,estresada,propagada,-74,,estresada
maceta-sim,2301,2,sim-1.0,1790757360,15.4,66.0,11,146.0,4.0,1998,1707.0,,971,898.0,24.3,2,estresada,propagada,-69,,estresada
maceta-sim,2302,2,sim-1.0,1790757420,15.7,64.0,12,147.0,4.0,1976,1691.0,,968,897.0,24.6,2,estresada,propagada,-72,,estresada
maceta-sim,2303,2,sim-1.0,1790757480,15.6,65.0,9,145.0,4.0,1993,1704.0,,966,896.0,24.7,2,estresada,propagada,-79,,estresada
maceta-sim,2304,2,sim-1.0,1790757540,15.8,66.0,12,147.0,4.0,1988,1700.0,,972,901.0,24.5,2,estresada,propagada,-71,,estresada
maceta-sim,2305,2,sim-1.0,1790757600,16.0,66.0,9,145.0,4.0,1993,1704.0,,970,900.0,24.3,2,estresada,propagada,-69,,estresada
maceta-sim,2306,2,sim-1.0,1790757660,15.7,63.0,8,144.0,4.0,1970,1687.0,,969,898.0,24.3,2,estresada,propagada,-70,,estresada
maceta-sim,2307,2,sim-1.0,1790757720,15.4,67.0,9,145.0,4.0,2000,1709.0,,959,892.0,24.4,2,estresada,propagada,-73,,estresada
maceta-sim,2308,2,sim-1.0,1790757780,15.7,64.0,12,147.0,4.0,1971,1688.0,,974,903.0,24.1,2,estresada,propagada,-72,,estresada
maceta-sim,2309,2,sim-1.0,1790757840,15.6,64.0,11,146.0,4.0,1988,1700.0,,965,897.0,24.4,2,estresada,propagada,-71,,estresada
maceta-sim,2310,2,sim-1.0,1790757900,16.2,62.0,9,145.0,4.0,1995,1705.0,,982,910.0,24.6,2,estresada,propagada,-75,,estresada
maceta-sim,2311,2,sim-1.0,1790757960,16.3,63.0,8,144.0,4.0,1985,1698.0,,978,908.0,24.5,2,estresada,propagada,-73,,estresada
maceta-sim,2312,2,sim-1.0,1790758020,16.0,64.0,9,145.0,4.0,1987,1699.0,,972,903.0,24.8,2,estresada,propagada,-70,,estresada
maceta-sim,2313,2,sim-1.0,1790758080,15.5,67.0,12,147.0,4.0,1991,1702.0,,969,899.0,24.5,2,estresada,propagada,-66,,estresada
maceta-sim,2314,2,sim-1.0,1790758140,16.2,68.0,11,146.0,4.0,1993,1704.0,,976,906.0,24.3,2,estresada,propagada,-70,,estresada
maceta-sim,2315,2,sim-1.0,1790758200,15.2,64.0,12,147.0,4.0,1985,1698.0,,969,897.0,24.0,2,estresada,propagada,-71,,estresada
maceta-sim,2316,2,sim-1.0,1790758260,15.2,69.0,8,144.0,4.0,1991,1702.0,,963,894.0,24.5,2,estresada,propagada,-68,,estresada
maceta-sim,2317,2,sim-1.0,1790758320,15.8,64.0,9,145.0,4.0,1980,1694.0,,965,895.0,24.8,2,estresada,propagada,-74,,estresada
maceta-sim,2318,2,sim-1.0,1790758380,16.1,62.0,8,144.0,4.0,2004,1712.0,,973,904.0,24.3,2,estresada,propagada,-72,,estresada
maceta-sim,2319,2,sim-1.0,1790758440,15.7,65.0,12,147.0,4.0,1996,1706.0,,970,900.0,24.6,2,estresada,propagada,-79,,estresada
maceta-sim,2320,2,sim-1.0,1790758500,15.8,66.0,9,145.0,4.0,1987,1699.0,,969,899.0,24.8,2,estresada,propagada,-74,,estresada
maceta-sim,2321,2,sim-1.0,1790758560,15.6,65.0,12,147.0,4.0,1987,1699.0,,970,900.0,24.4,2,estresada,propagada,-80,,estresada
maceta-sim,2322,2,sim-1.0,1790758620,15.9,65.0,11,146.0,4.0,1973,1689.0,,966,896.0,24.4,2,estresada,propagada,-73,,estresada
maceta-sim,2323,2,sim-1.0,1790758680,16.0,65.0,12,147.0,4.0,1996,1706.0,,973,900.0,24.7,2,estresada,propagada,-74,,estresada
maceta-sim,2324,2,sim-1.0,1790758740,15.8,64.0,9,145.0,4.0,1981,1695.0,,965,897.0,24.3,2,estresada,propagada,-69,,estresada
maceta-sim,2325,2,sim-1.0,1790758800,15.9,63.0,11,146.0,4.0,1998,1707.0,,973,903.0,24.8,2,estresada,propagada,-75,,estresada
maceta-sim,2326,2,sim-1.0,1790758860,16.0,63.0,12,147.0,4.0,2006,1713.0,,969,899.0,24.5,2,estresada,propagada,-71,,estresada
maceta-sim,2327,2,sim-1.0,1790758920,15.8,66.0,8,144.0,4.0,1992,1703.0,,969,898.0,24.3,2,estresada,propagada,-73,,estresada
maceta-sim,2328,2,sim-1.0,1790758980,16.4,62.0,12,147.0,4.0,2011,1717.0,,974,904.0,24.6,2,estresada,propagada,-64,,estresada
maceta-sim,2329,2,sim-1.0,1790759040,16.4,63.0,11,146.0,4.0,2010,1716.0,,979,907.0,24.5,2,estresada,propagada,-73,,estresada
maceta-sim,2330,2,sim-1.0,1790759100,16.0,66.0,11,146.0,4.0,1993,1704.0,,972,899.0,24.7,2,estresada,propagada,-66,,estresada
maceta-sim,2331,2,sim-1.0,1790759160,16.2,65.0,11,146.0,4.0,1996,1706.0,,974,904.0,24.3,2,estresada,propagada,-69,,estresada
maceta-sim,2332,2,sim-1.0,1790759220,15.8,67.0,11,146.0,4.0,2000,1709.0,,971,899.0,24.3,2,estresada,propagada,-73,,estresada
maceta-sim,2333,2,sim-1.0,1790759280,15.7,64.0,12,147.0,4.0,2009,1715.0,,972,903.0,24.5,2,estresada,propagada,-72,,estresada
maceta-sim,2334,2,sim-1.0,1790759340,16.2,62.0,9,145.0,4.0,1995,1705.0,,975,906.0,24.6,2,estresada,propagada,-73,,estresada
maceta-sim,2335,2,sim-1.0,1790759400,15.9,63.0,11,146.0,4.0,2002,1710.0,,977,905.0,24.5,2,estresada,propagada,-68,,estresada
maceta-sim,2336,2,sim-1.0,1790759460,16.0,62.0,12,147.0,4.0,2007,1714.0,,973,902.0,24.6,2,estresada,propagada,-78,,saludable
maceta-sim,2337,2,sim-1.0,1790759520,16.5,65.0,9,145.0,4.0,2002,1710.0,,980,909.0,24.8,2,estresada,propagada,-70,,saludable
maceta-sim,2338,2,sim-1.0,1790759580,15.7,65.0,8,144.0,4.0,1981,1695.0,,978,909.0,24.7,2,estresada,propagada,-72,,saludable
maceta-sim,2339,2,sim-1.0,1790759640,16.3,63.0,9,145.0,4.0,2006,1713.0,,972,901.0,24.8,2,estresada,propagada,-72,,saludable
maceta-sim,2340,2,sim-1.0,1790759700,16.5,62.0,11,146.0,4.0,1999,1708.0,,984,914.0,24.9,2,estresada,propagada,-70,,saludable
maceta-sim,2341,2,sim-1.0,1790759760,15.5,66.0,12,147.0,4.0,2002,1710.0,,967,895.0,24.5,2,estresada,propagada,-78,,saludable
maceta-sim,2342,2,sim-1.0,1790759820,16.1,68.0,12,147.0,4.0,2004,1712.0,,976,905.0,24.6,2,estresada,propagada,-64,,saludable
maceta-sim,2343,2,sim-1.0,1790759880,15.5,67.0,12,147.0,4.0,1988,1700.0,,966,895.0,24.3,2,estresada,propagada,-75,,saludable
maceta-sim,2344,2,sim-1.0,1790759940,16.1,64.0,9,145.0,4.0,2018,1722.0,,970,901.0,24.6,2,estresada,propagada,-75,,saludable
maceta-sim,2345,2,sim-1.0,1790760000,16.4,61.0,12,147.0,4.0,2002,1710.0,,980,909.0,25.1,2,estresada,propagada,-74,,saludable
maceta-sim,2346,2,sim-1.0,1790760060,15.8,62.0,12,147.0,4.0,2002,1710.0,,977,905.0,24.4,2,estresada,propagada,-74,,saludable
maceta-sim,2347,2,sim-1.0,1790760120,16.1,64.0,11,146.0,4.0,1978,1693.0,,969,901.0,24.6,2,estresada,propagada,-73,,saludable
maceta-sim,2348,2,sim-1.0,1790760180,16.0,64.0,8,144.0,4.0,2000,1709.0,,970,901.0,24.8,2,estresada,propagada,-77,,saludable
maceta-sim,2349,2,sim-1.0,1790760240,16.1,65.0,8,144.0,4.0,2003,1711.0,,980,909.0,24.3,2,estresada,manual,-69,,saludable
maceta-sim,2350,2,sim-1.0,1790760300,15.6,67.0,11,146.0,4.0,2002,1710.0,,967,899.0,24.1,2,estresada,propagada,-70,,saludable
maceta-sim,2351,2,sim-1.0,1790760360,16.7,61.0,8,144.0,4.0,2011,1717.0,,981,911.0,25.3,2,estresada,propagada,-72,,saludable
maceta-sim,2352,2,sim-1.0,1790760420,15.9,65.0,8,144.0,4.0,2004,1712.0,,972,900.0,24.9,2,estresada,propagada,-71,,saludable
maceta-sim,2353,2,sim-1.0,1790760480,16.0,66.0,12,147.0,4.0,1998,1707.0,,970,900.0,24.5,2,estresada,propagada,-71,,saludable
maceta-sim,2354,2,sim-1.0,1790760540,16.4,65.0,11,146.0,4.0,2011,1717.0,,976,907.0,24.7,2,estresada,propagada,-73,,saludable
maceta-sim,2355,2,sim-1.0,1790760600,16.1,64.0,8,144.0,4.0,2007,1714.0,,980,908.0,24.5,2,estresada,propagada,-71,,saludable
maceta-sim,2356,2,sim-1.0,1790760660,15.7,64.0,8,144.0,4.0,2015,1720.0,,972,900.0,24.8,2,estresada,propagada,-70,,saludable
maceta-sim,2357,2,sim-1.0,1790760720,16.3,64.0,8,144.0,4.0,2000,1709.0,,976,906.0,24.6,2,estresada,propagada,-73,,saludable
maceta-sim,2358,2,sim-1.0,1790760780,16.5,60.0,48,176.0,5.0,2006,1713.0,,986,914.0,24.8,2,estresada,propagada,-72,,saludable
maceta-sim,2359,2,sim-1.0,1790760840,15.6,64.0,68,192.0,6.0,2003,1711.0,,967,896.0,24.5,2,estresada,propagada,-70,,saludable
maceta-sim,2360,2,sim-1.0,1790760900,16.2,61.0,76,198.0,6.0,2017,1721.0,,980,907.0,24.4,2,estresada,propagada,-71,,saludable
maceta-sim,2361,2,sim-1.0,1790760960,16.0,64.0,87,207.0,6.0,2003,1711.0,,970,900.0,24.2,2,estresada,propagada,-64,,saludable
maceta-sim,2362,2,sim-1.0,1790761020,16.6,66.0,98,216.0,7.0,2017,1721.0,,987,915.0,24.8,2,estresada,propagada,-70,,saludable
maceta-sim,2363,2,sim-1.0,1790761080,16.6,64.0,109,224.0,7.0,2018,1722.0,,982,911.0,24.7,2,estresada,propagada,-72,,saludable
maceta-sim,2364,2,sim-1.0,1790761140,16.5,63.0,126,238.0,7.0,2024,1726.0,,987,915.0,24.6,2,estresada,propagada,-78,,saludable
maceta-sim,2365,2,sim-1.0,1790761200,16.3,65.0,129,240.0,7.0,2002,1710.0,,981,910.0,24.3,2,estresada,propagada,-72,,saludable
maceta-sim,2366,2,sim-1.0,1790761260,17.1,61.0,149,256.0,8.0,2000,1709.0,,984,914.0,24.7,2,estresada,propagada,-65,,saludable
maceta-sim,2367,2,sim-1.0,1790761320,16.5,63.0,166,270.0,8.0,2028,1729.0,,983,912.0,24.7,2,estresada,propagada,-71,,saludable
maceta-sim,2368,2,sim-1.0,1790761380,16.5,64.0,185,285.0,9.0,2024,1726.0,,984,912.0,24.9,2,estresada,propagada,-66,,saludable
maceta-sim,2369,2,sim-1.0,1790761440,16.0,65.0,210,305.0,9.0,2033,1733.0,,978,907.0,24.2,2,estresada,propagada,-68,,saludable
maceta-sim,2370,2,sim-1.0,1790761500,16.2,65.0,199,296.0,9.0,2015,1720.0,,976,905.0,24.5,2,estresada,propagada,-68,,saludable
maceta-sim,2371,2,sim-1.0,1790761560,16.2,63.0,205,301.0,9.0,2026,1728.0,,980,906.0,24.6,2,estresada,propagada,-76,,saludable
maceta-sim,2372,2,sim-1.0,1790761620,16.0,66.0,230,321.0,10.0,2015,1720.0,,974,903.0,24.7,2,estresada,propagada,-67,,saludable
maceta-sim,2373,2,sim-1.0,1790761680,16.0,64.0,252,338.0,10.0,2015,1720.0,,974,903.0,24.4,2,estresada,propagada,-70,,saludable
maceta-sim,2374,2,sim-1.0,1790761740,16.7,62.0,257,342.0,10.0,2024,1726.0,,991,918.0,24.6,2,estresada,propagada,-78,,saludable
maceta-sim,2375,2,sim-1.0,1790761800,16.0,62.0,267,350.0,11.0,1995,1705.0,,973,903.0,24.5,2,estresada,propagada,-77,,saludable
maceta-sim,2376,2,sim-1.0,1790761860,16.9,63.0,298,375.0,11.0,2018,1722.0,,983,912.0,25.1,2,estresada,propagada,-75,,saludable
maceta-sim,2377,2,sim-1.0,1790761920,15.7,65.0,301,377.0,11.0,2011,1717.0,,961,891.0,24.2,2,estresada,propagada,-69,,saludable
maceta-sim,2378,2,sim-1.0,1790761980,16.5,62.0,293,371.0,11.0,2006,1713.0,,979,910.0,24.8,2,estresada,propagada,-72,,saludable
maceta-sim,2379,2,sim-1.0,1790762040,16.7,63.0,328,399.0,12.0,2004,1712.0,,984,915.0,24.9,2,estresada,propagada,-72,,saludable
maceta-sim,2380,2,sim-1.0,1790762100,17.0,61.0,362,426.0,13.0,2029,1730.0,,984,914.0,24.9,2,estresada,propagada,-73,,saludable
maceta-sim,2381,2,sim-1.0,1790762160,16.1,64.0,358,423.0,13.0,2015,1720.0,,971,898.0,24.6,2,estresada,propagada,-73,,saludable
maceta-sim,2382,2,sim-1.0,1790762220,16.5,62.0,371,433.0,13.0,2015,1720.0,,981,907.0,24.6,2,estresada,propagada,-71,,saludable
maceta-sim,2383,2,sim-1.0,1790762280,16.6,63.0,347,414.0,13.0,2020,1723.0,,982,912.0,25.0,2,estresada,propagada,-80,,saludable
maceta-sim,2384,2,sim-1.0,1790762340,17.0,61.0,353,419.0,13.0,2004,1712.0,,983,911.0,25.2,2,estresada,propagada,-73,,saludable
maceta-sim,2385,2,sim-1.0,1790762400,16.3,67.0,433,482.0,15.0,2022,1725.0,,974,907.0,24.5,2,estresada,propagada,-71,,saludable
maceta-sim,2386,2,sim-1.0,1790762460,16.8,62.0,451,497.0,15.0,2018,1722.0,,988,916.0,24.8,2,estresada,propagada,-78,,saludable
maceta-sim,2387,2,sim-1.0,1790762520,16.4,64.0,394,451.0,14.0,2021,1724.0,,979,907.0,24.7,2,estresada,propagada,-71,,saludable
maceta-sim,2388,2,sim-1.0,1790762580,16.1,64.0,409,463.0,14.0,2015,1720.0,,977,905.0,24.2,2,estresada,propagada,-66,,saludable
maceta-sim,2389,2,sim-1.0,1790762640,16.6,63.0,485,524.0,16.0,2017,1721.0,,971,903.0,24.6,2,estresada,propagada,-71,,saludable
maceta-sim,2390,2,sim-1.0,1790762700,16.4,62.0,463,506.0,15.0,2017,1721.0,,976,907.0,24.7,2,estresada,propagada,-74,,saludable
maceta-sim,2391,2,sim-1.0,1790762760,16.3,63.0,518,550.0,17.0,2010,1716.0,,974,904.0,24.5,2,estresada,propagada,-77,,saludable
maceta-sim,2392,2,sim-1.0,1790762820,16.5,64.0,487,525.0,16.0,2021,1724.0,,976,906.0,24.6,2,estresada,propagada,-76,,saludable
maceta-sim,2393,2,sim-1.0,1790762880,,,539,567.0,17.0,2004,1712.0,,983,911.0,24.6,2,estresada,propagada,-71,dht_sin_respuesta,saludable
maceta-sim,2394,2,sim-1.0,1790762940,16.7,61.0,564,587.0,18.0,2021,1724.0,,979,910.0,24.6,2,estresada,propagada,-72,,saludable
maceta-sim,2395,2,sim-1.0,1790763000,16.5,62.0,585,603.0,18.0,2022,1725.0,,986,914.0,24.3,2,estresada,propagada,-75,,saludable
maceta-sim,2396,2,sim-1.0,1790763060,16.6,61.0,520,552.0,17.0,2029,1730.0,,981,910.0,24.7,2,estresada,propagada,-72,,saludable
maceta-sim,2397,2,sim-1.0,1790763120,16.2,66.0,564,587.0,18.0,2020,1723.0,,982,913.0,24.7,2,estresada,propagada,-81,,saludable
maceta-sim,2398,2,sim-1.0,1790763180,17.1,63.0,618,630.0,19.0,2036,1735.0,,987,913.0,24.8,2,estresada,propagada,-72,,saludable
maceta-sim,2399,2,sim-1.0,1790763240,16.2,64.0,546,572.0,17.0,2030,1731.0,,977,907.0,24.7,2,estresada,propagada,-73,,saludable
maceta-sim,2400,2,sim-1.0,1790763300,15.9,64.0,645,651.0,20.0,2017,1721.0,,968,897.0,24.4,2,estresada,propagada,-75,,saludable
maceta-sim,2401,2,sim-1.0,1790763360,16.6,62.0,602,617.0,19.0,2011,1717.0,,983,911.0,25.0,2,estresada,propagada,-75,,saludable
maceta-sim,2402,2,sim-1.0,1790763420,17.0,61.0,683,681.0,21.0,2032,1732.0,,986,914.0,24.7,2,estresada,propagada,-62,,saludable
maceta-sim,2403,2,sim-1.0,1790763480,17.0,61.0,699,694.0,21.0,2043,1740.0,,981,912.0,24.6,2,estresada,propagada,-72,,saludable
maceta-sim,2404,2,sim-1.0,1790763540,16.8,63.0,602,617.0,19.0,2021,1724.0,,990,917.0,24.6,2,estresada,propagada,-72,,saludable
maceta-sim,2405,2,sim-1.0,1790763600,16.4,65.0,667,669.0,20.0,2018,1722.0,,978,907.0,24.3,2,estresada,propagada,-75,,saludable
maceta-sim,2406,2,sim-1.0,1790763660,17.2,62.0,740,727.0,22.0,2043,1740.0,,992,920.0,25.0,2,estresada,propagada,-74,,saludable
maceta-sim,2407,2,sim-1.0,1790763720,16.1,64.0,698,693.0,21.0,2032,1732.0,,976,906.0,24.7,2,estresada,propagada,-72,,saludable
maceta-sim,2408,2,sim-1.0,1790763780,16.5,61.0,710,703.0,21.0,2026,1728.0,,981,908.0,24.6,2,estresada,propagada,-74,,saludable
maceta-sim,2409,2,sim-1.0,1790763840,16.7,61.0,737,724.0,22.0,2036,1735.0,,983,909.0,24.9,2,estresada,propagada,-70,,saludable
maceta-sim,2410,2,sim-1.0,1790763900,16.5,64.0,721,712.0,22.0,2024,1726.0,,977,910.0,24.6,2,estresada,propagada,-78,,saludable
maceta-sim,2411,2,sim-1.0,1790763960,16.7,61.0,807,780.0,24.0,2025,1727.0,,984,914.0,24.8,2,estresada,propagada,-68,,saludable
maceta-sim,2412,2,sim-1.0,1790764020,17.0,60.0,821,791.0,24.0,2026,1728.0,,988,916.0,24.6,2,estresada,propagada,-72,,saludable
maceta-sim,2413,2,sim-1.0,1790764080,16.5,64.0,744,730.0,22.0,2036,1735.0,,980,908.0,24.7,2,estresada,propagada,-73,,saludable
maceta-sim,2414,2,sim-1.0,1790764140,16.9,63.0,818,789.0,24.0,2025,1727.0,,985,914.0,24.5,2,estresada,propagada,-68,,saludable
maceta-sim,2415,2,sim-1.0,1790764200,16.7,67.0,775,755.0,23.0,2029,1730.0,,977,908.0,24.9,2,estresada,propagada,-63,,saludable
maceta-sim,2416,2,sim-1.0,1790764260,16.5,60.0,866,827.0,25.0,2044,1741.0,,983,912.0,25.0,2,estresada,propagada,-75,,saludable
maceta-sim,2417,2,sim-1.0,1790764320,17.4,64.0,872,832.0,25.0,2036,1735.0,,989,919.0,24.7,2,estresada,propagada,-72,,saludable
maceta-sim,2418,2,sim-1.0,1790764380,16.7,60.0,863,825.0,25.0,2041,1739.0,,987,917.0,24.9,2,estresada,propagada,-76,,saludable
maceta-sim,2419,2,sim-1.0,1790764440,16.7,64.0,793,769.0,23.0,2041,1739.0,,985,912.0,24.9,1,saludable,manual,-73,,saludable
maceta-sim,2420,2,sim-1.0,1790764500,16.4,65.0,910,862.0,26.0,2037,1736.0,,980,911.0,25.0,1,saludable,propagada,-71,,saludable
maceta-sim,2421,2,sim-1.0,1790764560,17.2,63.0,865,826.0,25.0,2029,1730.0,,987,916.0,24.6,1,saludable,propagada,-67,,saludable
maceta-sim,2422,2,sim-1.0,1790764620,16.7,61.0,958,900.0,27.0,2028,1729.0,,981,911.0,24.6,1,saludable,propagada,-74,,saludable
maceta-sim,2423,2,sim-1.0,1790764680,17.0,64.0,822,792.0,24.0,2032,1732.0,,988,916.0,24.6,1,saludable,propagada,-72,,saludable
maceta-sim,2424,2,sim-1.0,1790764740,17.1,58.0,943,888.0,27.0,2020,1723.0,,987,917.0,24.8,1,saludable,propagada,-72,,saludable
maceta-sim,2425,2,sim-1.0,1790764800,17.4,62.0,829,798.0,24.0,2040,1738.0,,997,924.0,24.5,1,saludable,propagada,-70,,saludable
maceta-sim,2426,2,sim-1.0,1790764860,16.9,63.0,907,860.0,26.0,2032,1732.0,,986,916.0,24.6,1,saludable,propagada,-69,,saludable
maceta-sim,2427,2,sim-1.0,1790764920,17.1,63.0,858,821.0,25.0,2035,1734.0,,985,915.0,24.8,1,saludable,propagada,-62,,saludable
maceta-sim,2428,2,sim-1.0,1790764980,17.0,63.0,862,824.0,25.0,2039,1737.0,,983,913.0,24.6,1,saludable,propagada,-72,,saludable
maceta-sim,2429,2,sim-1.0,1790765040,17.1,63.0,902,856.0,26.0,2044,1741.0,,982,910.0,24.8,1,saludable,propagada,-71,,saludable
maceta-sim,2430,2,sim-1.0,1790765100,17.3,62.0,1057,979.0,30.0,2028,1729.0,,994,919.0,25.3,1,saludable,propagada,-75,,saludable
maceta-sim,2431,2,sim-1.0,1790765160,17.6,61.0,905,858.0,26.0,2044,1741.0,,993,920.0,24.7,1,saludable,propagada,-77,,saludable
maceta-sim,2432,2,sim-1.0,1790765220,17.2,62.0,909,861.0,26.0,2044,1741.0,,983,914.0,24.9,1,saludable,propagada,-72,,saludable
maceta-sim,2433,2,sim-1.0,1790765280,17.4,61.0,1041,966.0,29.0,2033,1733.0,,989,920.0,25.0,1,saludable,propagada,-72,,saludable
maceta-sim,2434,2,sim-1.0,1790765340,17.1,61.0,1118,1028.0,31.0,2039,1737.0,,993,923.0,24.7,1,saludable,propagada,-68,,saludable
maceta-sim,2435,2,sim-1.0,1790765400,17.3,64.0,998,932.0,28.0,2026,1728.0,,992,920.0,24.6,1,saludable,propagada,-75,,saludable
maceta-sim,2436,2,sim-1.0,1790765460,17.2,61.0,1129,1037.0,31.0,2040,1738.0,,990,917.0,24.8,1,saludable,propagada,-78,,saludable
maceta-sim,2437,2,sim-1.0,1790765520,16.9,61.0,1132,1039.0,31.0,2036,1735.0,,990,916.0,24.7,1,saludable,propagada,-66,,saludable
maceta-sim,2438,2,sim-1.0,1790765580,17.5,61.0,1154,1057.0,32.0,2032,1732.0,,991,920.0,24.8,1,saludable,propagada,-73,,saludable
maceta-sim,2439,2,sim-1.0,1790765640,17.1,62.0,1171,1070.0,32.0,2033,1733.0,,986,915.0,24.6,1,saludable,propagada,-72,,saludable
maceta-sim,2440,2,sim-1.0,1790765700,17.5,60.0,1032,959.0,29.0,2058,1751.0,,989,919.0,24.8,1,saludable,propagada,-73,,saludable
maceta-sim,2441,2,sim-1.0,1790765760,17.6,59.0,1108,1020.0,31.0,2036,1735.0,,995,923.0,24.8,1,saludable,propagada,-77,,saludable
maceta-sim,2442,2,sim-1.0,1790765820,17.1,64.0,1106,1018.0,31.0,2039,1737.0,,989,917.0,24.6,1,saludable,propagada,-73,,saludable
maceta-sim,2443,2,sim-1.0,1790765880,17.3,62.0,1083,1000.0,30.0,2035,1734.0,,990,918.0,24.8,1,saludable,propagada,-75,,saludable
maceta-sim,2444,2,sim-1.0,1790765940,17.4,60.0,1253,1136.0,34.0,2046,1742.0,,987,917.0,25.1,1,saludable,propagada,-66,,saludable
maceta-sim,2445,2,sim-1.0,1790766000,17.6,59.0,1134,1041.0,32.0,2036,1735.0,,995,923.0,24.9,1,saludable,propagada,-69,,saludable
maceta-sim,2446,2,sim-1.0,1790766060,16.5,61.0,1294,1169.0,35.0,2055,1749.0,,990,917.0,24.5,1,saludable,propagada,-73,,saludable
maceta-sim,2447,2,sim-1.0,1790766120,17.2,60.0,1248,1132.0,34.0,2050,1745.0,,992,920.0,25.1,1,saludable,propagada,-71,,saludable
maceta-sim,2448,2,sim-1.0,1790766180,17.3,63.0,1307,1179.0,36.0,2026,1728.0,,988,916.0,25.0,1,saludable,propagada,-75,,saludable
maceta-sim,2449,2,sim-1.0,1790766240,17.3,58.0,1147,1051.0,32.0,2047,1743.0,,992,921.0,24.8,1,saludable,propagada,-75,,saludable
maceta-sim,2450,2,sim-1.0,1790766300,17.5,63.0,1337,1203.0,36.0,2037,1736.0,,993,920.0,25.0,1,saludable,propagada,-70,,saludable
maceta-sim,2451,2,sim-1.0,1790766360,17.5,60.0,1192,1087.0,33.0,2051,1746.0,,994,922.0,24.9,1,saludable,propagada,-69,,saludable
maceta-sim,2452,2,sim-1.0,1790766420,17.7,58.0,1362,1223.0,37.0,2026,1728.0,,999,925.0,24.7,1,saludable,propagada,-78,,saludable
maceta-sim,2453,2,sim-1.0,1790766480,17.6,61.0,1329,1197.0,36.0,2043,1740.0,,995,920.0,24.9,1,saludable,propagada,-71,,saludable
maceta-sim,2454,2,sim-1.0,1790766540,17.5,61.0,1315,1186.0,36.0,2043,1740.0,,995,922.0,25.0,1,saludable,propagada,-73,,saludable
maceta-sim,2455,2,sim-1.0,1790766600,17.6,61.0,1410,1262.0,38.0,2043,1740.0,,994,923.0,24.8,1,saludable,propagada,-72,,saludable
maceta-sim,2456,2,sim-1.0,1790766660,17.9,60.0,1394,1249.0,38.0,2066,1757.0,,995,924.0,25.3,1,saludable,propagada,-68,,saludable
maceta-sim,2457,2,sim-1.0,1790766720,17.1,64.0,1393,1248.0,38.0,2044,1741.0,,988,917.0,24.7,1,saludable,propagada,-68,,saludable
maceta-sim,2458,2,sim-1.0,1790766780,17.6,59.0,1442,1287.0,39.0,2057,1750.0,,993,922.0,24.9,1,saludable,propagada,-63,,saludable
maceta-sim,2459,2,sim-1.0,1790766840,17.8,64.0,1272,1151.0,35.0,2055,1749.0,,993,922.0,25.0,1,saludable,propagada,-76,,saludable
maceta-sim,2460,2,sim-1.0,1790766900,17.8,58.0,1289,1165.0,35.0,2059,1752.0,,989,920.0,25.2,1,saludable,propagada,-75,,saludable
maceta-sim,2461,2,sim-1.0,1790766960,17.8,61.0,1399,1253.0,38.0,2032,1732.0,,1000,927.0,25.2,1,saludable,propagada,-76,,saludable
maceta-sim,2462,2,sim-1.0,1790767020,17.3,61.0,1486,1323.0,40.0,2057,1750.0,,987,913.0,24.6,1,saludable,propagada,-71,,saludable
maceta-sim,2463,2,sim-1.0,1790767080,17.4,63.0,1516,1347.0,41.0,2046,1742.0,,991,919.0,25.0,1,saludable,propagada,-73,,saludable
maceta-sim,2464,2,sim-1.0,1790767140,17.7,62.0,1509,1341.0,41.0,2041,1739.0,,998,925.0,25.1,1,saludable,propagada,-72,,saludable
maceta-sim,2465,2,sim-1.0,1790767200,17.5,62.0,1379,1237.0,37.0,2046,1742.0,,990,916.0,24.9,1,saludable,propagada,-72,,saludable
maceta-sim,2466,2,sim-1.0,1790767260,17.7,60.0,1279,1157.0,35.0,2061,1753.0,,1003,930.0,24.7,1,saludable,propagada,-66,,saludable
maceta-sim,2467,2,sim-1.0,1790767320,17.1,62.0,1504,1337.0,41.0,2046,1742.0,,989,918.0,24.8,1,saludable,propagada,-70,,saludable
maceta-sim,2468,2,sim-1.0,1790767380,17.5,59.0,1313,1184.0,36.0,2046,1742.0,,994,922.0,24.6,1,saludable,propagada,-74,,saludable
maceta-sim,2469,2,sim-1.0,1790767440,18.1,59.0,1509,1341.0,41.0,2065,1756.0,,997,926.0,25.2,1,saludable,propagada,-69,,saludable
maceta-sim,2470,2,sim-1.0,1790767500,17.5,59.0,1560,1382.0,42.0,2052,1747.0,,991,920.0,25.1,1,saludable,propagada,-77,,saludable
maceta-sim,2471,2,sim-1.0,1790767560,17.9,63.0,1452,1295.0,39.0,2050,1745.0,,994,922.0,24.8,1,saludable,propagada,-79,,saludable
maceta-sim,2472,2,sim-1.0,1790767620,17.3,63.0,1493,1328.0,40.0,2036,1735.0,,993,921.0,25.1,1,saludable,propagada,-66,,saludable
maceta-sim,2473,2,sim-1.0,1790767680,17.2,61.0,1409,1261.0,38.0,2047,1743.0,,989,920.0,24.6,1,saludable,propagada,-69,,saludable
maceta-sim,2474,2,sim-1.0,1790767740,17.7,60.0,1570,1390.0,42.0,2040,1738.0,,1001,929.0,25.4,1,saludable,propagada,-80,,saludable
maceta-sim,2475,2,sim-1.0,1790767800,17.2,62.0,1643,1448.0,44.0,2055,1749.0,,990,918.0,24.8,1,saludable,propagada,-77,,saludable
maceta-sim,2476,2,sim-1.0,1790767860,17.7,61.0,1472,1311.0,40.0,2054,1748.0,,995,923.0,24.7,1,saludable,propagada,-67,,saludable
maceta-sim,2477,2,sim-1.0,1790767920,17.7,57.0,1398,1252.0,38.0,2048,1744.0,,988,918.0,24.9,1,saludable,propagada,-73,,saludable
maceta-sim,2478,2,sim-1.0,1790767980,18.2,61.0,1594,1409.0,43.0,2063,1755.0,,1004,929.0,25.1,1,saludable,propagada,-71,,saludable
maceta-sim,2479,2,sim-1.0,1790768040,17.8,61.0,1453,1296.0,39.0,2048,1744.0,,990,918.0,24.9,1,saludable,propagada,-75,,saludable
maceta-sim,2480,2,sim-1.0,1790768100,18.1,59.0,1722,1513.0,46.0,2066,1757.0,,1001,929.0,25.1,1,saludable,propagada,-67,,saludable
maceta-sim,2481,2,sim-1.0,1790768160,18.5,61.0,1692,1489.0,45.0,2055,1749.0,,1005,932.0,25.2,1,saludable,propagada,-72,,saludable
maceta-sim,2482,2,sim-1.0,1790768220,18.0,59.0,1493,1328.0,40.0,2077,1765.0,,996,925.0,25.4,1,saludable,propagada,-71,,saludable
maceta-sim,2483,2,sim-1.0,1790768280,17.8,58.0,1551,1375.0,42.0,2055,1749.0,,1002,928.0,25.2,1,saludable,propagada,-75,,saludable
maceta-sim,2484,2,sim-1.0,1790768340,17.9,60.0,1778,1556.0,47.0,2063,1755.0,,1000,927.0,25.0,1,saludable,propagada,-69,,saludable
maceta-sim,2485,2,sim-1.0,1790768400,18.0,59.0,1528,1356.0,41.0,2068,1758.0,,999,926.0,25.3,1,saludable,propagada,-74,,saludable
maceta-sim,2486,2,sim-1.0,1790768460,18.6,60.0,1500,1334.0,40.0,2073,1762.0,,1008,935.0,25.3,1,saludable,propagada,-68,,saludable
maceta-sim,2487,2,sim-1.0,1790768520,17.9,61.0,1576,1395.0,42.0,2055,1749.0,,997,926.0,25.1,1,saludable,propagada,-71,,saludable
maceta-sim,2488,2,sim-1.0,1790768580,17.9,60.0,1610,1422.0,43.0,2059,1752.0,,991,921.0,25.0,1,saludable,propagada,-66,,saludable
maceta-sim,2489,2,sim-1.0,1790768640,18.5,60.0,1519,1349.0,41.0,2072,1761.0,,1003,930.0,25.2,1,saludable,propagada,-74,,saludable
maceta-sim,2490,2,sim-1.0,1790768700,18.0,58.0,1684,1482.0,45.0,2070,1760.0,,1002,928.0,24.9,1,saludable,propagada,-74,,saludable
maceta-sim,2491,2,sim-1.0,1790768760,18.2,56.0,1817,1586.0,48.0,2058,1751.0,,1002,930.0,25.0,1,saludable,propagada,-64,,saludable
maceta-sim,2492,2,sim-1.0,1790768820,17.8,61.0,1636,1443.0,44.0,2062,1754.0,,991,919.0,24.8,1,saludable,propagada,-74,,saludable
maceta-sim,2493,2,sim-1.0,1790768880,18.3,60.0,1699,1495.0,45.0,2068,1758.0,,1012,936.0,25.3,1,saludable,propagada,-72,,saludable
maceta-sim,2494,2,sim-1.0,1790768940,17.8,59.0,1681,1479.0,45.0,2065,1756.0,,992,920.0,24.7,1,saludable,propagada,-75,,saludable
maceta-sim,2495,2,sim-1.0,1790769000,18.1,59.0,1913,1659.0,50.0,2069,1759.0,,1003,931.0,25.0,1,saludable,propagada,-71,,saludable
maceta-sim,2496,2,sim-1.0,1790769060,17.6,62.0,1915,1661.0,50.0,2083,1769.0,,997,925.0,25.0,1,saludable,propagada,-69,,saludable
maceta-sim,2497,2,sim-1.0,1790769120,18.5,57.0,1875,1630.0,49.0,2072,1761.0,,1006,930.0,25.1,2,estresada,manual,-71,,saludable
maceta-sim,2498,2,sim-1.0,1790769180,18.4,60.0,1689,1486.0,45.0,2072,1761.0,,1004,931.0,25.0,2,estresada,propagada,-74,,saludable
maceta-sim,2499,2,sim-1.0,1790769240,18.3,59.0,1963,1694.0,51.0,2058,1751.0,,1002,929.0,25.1,2,estresada,propagada,-74,,saludable
maceta-sim,2500,2,sim-1.0,1790769300,17.9,61.0,1728,1518.0,46.0,2050,1745.0,,996,923.0,24.9,2,estresada,propagada,-65,,saludable
maceta-sim,2501,2,sim-1.0,1790769360,18.6,59.0,1938,1677.0,51.0,2073,1762.0,,1007,936.0,25.3,2,estresada,propagada,-65,,saludable
maceta-sim,2502,2,sim-1.0,1790769420,18.5,58.0,1787,1563.0,47.0,2091,1775.0,,1008,934.0,25.4,2,estresada,propagada,-76,,saludable
maceta-sim,2503,2,sim-1.0,1790769480,18.2,60.0,1871,1627.0,49.0,2066,1757.0,,1002,930.0,25.0,2,estresada,propagada,-67,,saludable
maceta-sim,2504,2,sim-1.0,1790769540,18.5,61.0,1670,1470.0,45.0,2080,1767.0,,1006,934.0,25.3,2,estresada,propagada,-66,,saludable
maceta-sim,2505,2,sim-1.0,1790769600,18.6,56.0,1712,1505.0,46.0,2070,1760.0,,1005,933.0,25.1,2,estresada,propagada,-69,,saludable
maceta-sim,2506,2,sim-1.0,1790769900,18.3,61.0,1883,1636.0,50.0,2073,1762.0,,1002,929.0,25.0,2,estresada,propagada,-64,,saludable
maceta-sim,2507,2,sim-1.0,1790770200,18.3,55.0,1799,1572.0,48.0,2077,1765.0,,1005,932.0,24.6,2,estresada,propagada,-71,,saludable
maceta-sim,2508,2,sim-1.0,1790770500,18.6,59.0,1890,1642.0,50.0,2074,1763.0,,1006,933.0,25.3,1,saludable,manual,-75,,saludable
maceta-sim,2509,2,sim-1.0,1790770800,18.3,57.0,2246,1884.0,57.0,2074,1763.0,,1005,932.0,25.3,1,saludable,propagada,-79,,saludable
maceta-sim,2510,2,sim-1.0,1790771100,18.6,59.0,2288,1912.0,58.0,2066,1757.0,,1010,936.0,25.1,1,saludable,propagada,-71,,saludable
maceta-sim,2511,2,sim-1.0,1790771400,19.0,58.0,2357,1958.0,59.0,2095,1778.0,,1014,941.0,25.6,1,saludable,propagada,-72,,saludable
maceta-sim,2512,2,sim-1.0,1790771700,19.3,57.0,2494,2050.0,62.0,2066,1757.0,,1020,943.0,25.3,1,saludable,propagada,-72,,saludable
maceta-sim,2513,2,sim-1.0,1790772000,18.5,58.0,2463,2029.0,61.0,2090,1774.0,,1010,936.0,25.1,1,saludable,propagada,-72,,saludable
maceta-sim,2514,2,sim-1.0,1790772300,18.8,58.0,2308,1925.0,58.0,2106,1786.0,,1009,938.0,25.3,1,saludable,propagada,-71,,saludable
maceta-sim,2515,2,sim-1.0,1790772600,19.4,58.0,2275,1903.0,58.0,2088,1773.0,,1018,944.0,25.7,1,saludable,propagada,-77,,saludable
maceta-sim,2516,2,sim-1.0,1790772900,19.3,56.0,2470,2034.0,62.0,2107,1787.0,,1022,948.0,25.6,1,saludable,propagada,-68,,saludable
maceta-sim,2517,2,sim-1.0,1790773200,19.1,54.0,2315,1930.0,58.0,2101,1782.0,,1012,939.0,25.1,1,saludable,propagada,-73,,saludable
maceta-sim,2518,2,sim-1.0,1790773500,19.4,55.0,2792,2250.0,68.0,2090,1774.0,,1017,942.0,25.6,1,saludable,propagada,-75,,saludable
maceta-sim,2519,2,sim-1.0,1790773800,18.8,57.0,2882,2310.0,70.0,2102,1783.0,,1004,932.0,25.2,1,saludable,propagada,-75,,saludable
maceta-sim,2520,2,sim-1.0,1790774100,19.9,59.0,2573,2103.0,64.0,2107,1787.0,,1026,952.0,25.5,1,saludable,propagada,-69,,saludable
maceta-sim,2521,2,sim-1.0,1790774400,19.7,56.0,2507,2059.0,62.0,2106,1786.0,,1026,952.0,25.3,1,saludable,propagada,-79,,saludable
maceta-sim,2522,2,sim-1.0,1790774700,19.8,54.0,2791,2249.0,68.0,2124,1799.0,,1030,958.0,25.7,1,saludable,propagada,-74,,saludable
maceta-sim,2523,2,sim-1.0,1790775000,19.8,57.0,2938,2348.0,71.0,2114,1792.0,,1029,952.0,25.6,1,saludable,propagada,-75,,saludable
maceta-sim,2524,2,sim-1.0,1790775300,19.7,56.0,2759,2228.0,68.0,2131,1804.0,,1026,950.0,25.5,1,saludable,propagada,-74,,saludable
maceta-sim,2525,2,sim-1.0,1790775600,19.6,54.0,3220,2537.0,77.0,2114,1792.0,,1019,946.0,25.3,1,saludable,propagada,-69,,saludable
maceta-sim,2526,2,sim-1.0,1790775900,19.8,54.0,2947,2354.0,71.0,2118,1795.0,,1026,951.0,25.6,1,saludable,propagada,-70,,saludable
maceta-sim,2527,2,sim-1.0,1790776200,20.0,56.0,2847,2287.0,69.0,2140,1811.0,,1025,949.0,25.4,1,saludable,propagada,-70,,saludable
maceta-sim,2528,2,sim-1.0,1790776500,19.8,56.0,3336,2615.0,79.0,2146,1815.0,,1023,948.0,25.4,1,saludable,propagada,-66,,saludable
maceta-sim,2529,2,sim-1.0,1790776800,20.2,55.0,3348,2623.0,79.0,2135,1807.0,,1024,948.0,25.7,1,saludable,propagada,-70,,saludable
maceta-sim,2530,2,sim-1.0,1790777100,20.6,53.0,3162,2498.0,76.0,2132,1805.0,,1035,961.0,25.7,1,saludable,propagada,-75,,saludable
maceta-sim,2531,2,sim-1.0,1790777400,20.9,53.0,3451,2692.0,82.0,2124,1799.0,,1028,954.0,25.4,1,saludable,propagada,-66,,saludable
maceta-sim,2532,2,sim-1.0,1790777700,20.8,52.0,3272,2572.0,78.0,2140,1811.0,,1032,957.0,25.6,1,saludable,propagada,-73,,saludable
maceta-sim,2533,2,sim-1.0,1790778000,20.7,53.0,3075,2440.0,74.0,2155,1822.0,,1038,963.0,25.9,1,saludable,propagada,-78,,saludable
maceta-sim,2534,2,sim-1.0,1790778300,20.6,51.0,3596,2789.0,85.0,2161,1826.0,,1030,955.0,25.8,1,saludable,propagada,-73,,saludable
maceta-sim,2535,2,sim-1.0,1790778600,20.7,52.0,3365,2634.0,80.0,2139,1810.0,,1043,966.0,25.5,1,saludable,propagada,-75,,saludable
maceta-sim,2536,2,sim-1.0,1790778900,21.2,50.0,3026,2407.0,73.0,2160,1825.0,,1042,968.0,25.9,1,saludable,propagada,-69,,saludable
maceta-sim,2537,2,sim-1.0,1790779200,21.3,52.0,3241,2551.0,77.0,2147,1816.0,,1044,967.0,25.7,1,saludable,propagada,-78,,saludable
maceta-sim,2538,2,sim-1.0,1790779500,,,3390,2651.0,80.0,2153,1820.0,,1034,961.0,25.5,1,saludable,propagada,-76,dht_sin_respuesta,saludable
maceta-sim,2539,2,sim-1.0,1790779800,21.3,51.0,3314,2600.0,79.0,2158,1824.0,,1038,964.0,26.1,1,saludable,propagada,-71,,saludable
maceta-sim,2540,2,sim-1.0,1790780100,21.7,51.0,3054,2426.0,74.0,2164,1828.0,,1051,975.0,25.9,1,saludable,propagada,-71,,saludable
maceta-sim,2541,2,sim-1.0,1790780400,21.4,49.0,3120,2470.0,75.0,2179,1839.0,,1045,968.0,26.2,1,saludable,propagada,-65,,saludable
maceta-sim,2542,2,sim-1.0,1790780700,21.7,49.0,3165,2500.0,76.0,2157,1823.0,,1046,969.0,25.8,1,saludable,propagada,-69,,saludable
maceta-sim,2543,2,sim-1.0,1790781000,21.3,51.0,3202,2525.0,77.0,2187,1845.0,,1046,970.0,25.7,1,saludable,propagada,-75,,saludable
maceta-sim,2544,2,sim-1.0,1790781300,21.1,49.0,3183,2512.0,76.0,2175,1836.0,,1040,964.0,26.4,1,saludable,propagada,-72,,saludable
maceta-sim,2545,2,sim-1.0,1790781600,21.7,50.0,3599,2791.0,85.0,2179,1839.0,,1044,970.0,25.9,1,saludable,propagada,-74,,saludable
maceta-sim,2546,2,sim-1.0,1790781900,21.4,51.0,3478,2710.0,82.0,2187,1845.0,,1045,968.0,26.1,1,saludable,propagada,-71,,saludable
maceta-sim,2547,2,sim-1.0,1790782200,21.6,51.0,3332,2612.0,79.0,2164,1828.0,,1045,971.0,25.9,1,saludable,propagada,-73,,saludable
maceta-sim,2548,2,sim-1.0,1790782500,21.7,51.0,3542,2753.0,83.0,2186,1844.0,,1049,972.0,25.7,1,saludable,propagada,-74,,saludable
maceta-sim,2549,2,sim-1.0,1790782800,22.2,50.0,3259,2563.0,78.0,2197,1852.0,,1054,978.0,26.0,1,saludable,propagada,-72,,saludable
maceta-sim,2550,2,sim-1.0,1790783100,21.8,50.0,3381,2645.0,80.0,2206,1859.0,,1039,966.0,25.8,1,saludable,propagada,-71,,saludable
maceta-sim,2551,2,sim-1.0,1790783400,22.0,50.0,3782,2914.0,88.0,2202,1856.0,,1052,976.0,26.1,1,saludable,propagada,-74,,saludable
maceta-sim,2552,2,sim-1.0,1790783700,22.8,48.0,3895,2990.0,91.0,2210,1862.0,,1061,983.0,26.5,1,saludable,propagada,-72,,saludable
maceta-sim,2553,2,sim-1.0,1790784000,22.5,48.0,3215,2534.0,77.0,2220,1869.0,,1053,978.0,26.1,1,saludable,propagada,-76,,saludable
maceta-sim,2554,2,sim-1.0,1790784300,22.0,50.0,3360,2631.0,80.0,2212,1863.0,,1049,974.0,26.6,1,saludable,propagada,-78,,saludable
maceta-sim,2555,2,sim-1.0,1790784600,22.4,50.0,3212,2532.0,77.0,2205,1858.0,,1061,982.0,26.4,1,saludable,propagada,-79,,saludable
maceta-sim,2556,2,sim-1.0,1790784900,21.9,50.0,3551,2759.0,84.0,2215,1865.0,,1050,972.0,25.7,1,saludable,propagada,-74,,saludable
maceta-sim,2557,2,sim-1.0,1790785200,22.4,51.0,3721,2873.0,87.0,2235,1880.0,,1047,973.0,26.3,1,saludable,propagada,-70,,saludable
maceta-sim,2558,2,sim-1.0,1790785500,23.0,48.0,3722,2874.0,87.0,2221,1870.0,,1067,989.0,26.3,1,saludable,propagada,-74,,saludable
maceta-sim,2559,2,sim-1.0,1790785800,,,3675,2842.0,86.0,2224,1872.0,,1057,982.0,26.2,1,saludable,propagada,-77,dht_sin_respuesta,saludable
maceta-sim,2560,2,sim-1.0,1790786100,22.4,51.0,3476,2709.0,82.0,2231,1877.0,,1053,976.0,26.4,1,saludable,propagada,-66,,saludable
maceta-sim,2561,2,sim-1.0,1790786400,22.4,48.0,3487,2716.0,82.0,2231,1877.0,,1059,984.0,25.5,1,saludable,propagada,-73,,saludable
maceta-sim,2562,2,sim-1.0,1790786700,22.5,50.0,3388,2650.0,80.0,2227,1874.0,,1056,980.0,26.5,1,saludable,propagada,-70,,saludable
maceta-sim,2563,2,sim-1.0,1790787000,22.8,49.0,3175,2507.0,76.0,2221,1870.0,,1063,985.0,26.2,1,saludable,propagada,-75,,saludable
maceta-sim,2564,2,sim-1.0,1790787300,22.8,48.0,3433,2680.0,81.0,2243,1886.0,,1054,978.0,26.2,1,saludable,propagada,-76,,saludable
maceta-sim,2565,2,sim-1.0,1790787600,23.1,47.0,3259,2563.0,78.0,2237,1881.0,,1061,986.0,26.2,1,saludable,propagada,-72,,saludable
maceta-sim,2566,2,sim-1.0,1790787900,22.1,47.0,3341,2618.0,79.0,2238,1882.0,,1052,978.0,26.1,1,saludable,propagada,-72,,saludable
maceta-sim,2567,2,sim-1.0,1790788200,22.5,50.0,3308,2596.0,79.0,2238,1882.0,,1046,972.0,26.2,1,saludable,propagada,-74,,saludable
maceta-sim,2568,2,sim-1.0,1790788500,22.8,48.0,3627,2810.0,85.0,2243,1886.0,,1063,986.0,26.4,1,saludable,propagada,-77,,saludable
maceta-sim,2569,2,sim-1.0,1790788800,22.8,49.0,3436,2682.0,81.0,2245,1887.0,,1056,982.0,26.4,1,saludable,propagada,-68,,saludable
maceta-sim,2570,2,sim-1.0,1790789100,22.5,50.0,3165,2500.0,76.0,2261,1899.0,,1057,979.0,26.2,1,saludable,propagada,-69,,saludable
maceta-sim,2571,2,sim-1.0,1790789400,23.2,46.0,2959,2362.0,72.0,2242,1885.0,,1063,989.0,26.7,1,saludable,propagada,-71,,saludable
maceta-sim,2572,2,sim-1.0,1790789700,23.0,47.0,3013,2398.0,73.0,2287,1918.0,,1067,988.0,26.2,1,saludable,propagada,-75,,saludable
maceta-sim,2573,2,sim-1.0,1790790000,23.4,47.0,3001,2390.0,72.0,2268,1904.0,,1068,993.0,26.6,1,saludable,propagada,-72,,saludable
maceta-sim,2574,2,sim-1.0,1790790300,23.4,45.0,3314,2600.0,79.0,2268,1904.0,,1072,995.0,26.7,1,saludable,propagada,-69,,saludable
maceta-sim,2575,2,sim-1.0,1790790600,22.8,48.0,2968,2368.0,72.0,2260,1898.0,,1062,985.0,26.2,1,saludable,propagada,-72,,saludable
maceta-sim,2576,2,sim-1.0,1790790900,22.9,45.0,3153,2492.0,76.0,2287,1918.0,,1063,986.0,26.2,1,saludable,propagada,-73,,saludable
maceta-sim,2577,2,sim-1.0,1790791200,,,2868,2301.0,70.0,2296,1924.0,,1064,987.0,26.3,1,saludable,propagada,-78,dht_sin_respuesta,saludable
maceta-sim,2578,2,sim-1.0,1790791500,22.7,47.0,2850,2289.0,69.0,2275,1909.0,,1059,985.0,26.3,1,saludable,propagada,-72,,saludable
maceta-sim,2579,2,sim-1.0,1790791800,23.4,46.0,3183,2512.0,76.0,2285,1916.0,,1067,993.0,26.3,1,saludable,propagada,-72,,saludable
maceta-sim,2580,2,sim-1.0,1790792100,23.1,48.0,2725,2205.0,67.0,2285,1916.0,,1066,990.0,26.2,1,saludable,propagada,-73,,saludable
maceta-sim,2581,2,sim-1.0,1790792400,22.9,48.0,2819,2268.0,69.0,2291,1921.0,,1062,985.0,26.3,1,saludable,propagada,-70,,saludable
maceta-sim,2582,2,sim-1.0,1790792700,23.0,48.0,2710,2195.0,67.0,2302,1929.0,,1066,988.0,26.3,1,saludable,propagada,-71,,saludable
maceta-sim,2583,2,sim-1.0,1790793000,22.8,49.0,2735,2212.0,67.0,2289,1919.0,,1064,986.0,26.4,1,saludable,propagada,-71,,saludable
maceta-sim,2584,2,sim-1.0,1790793300,23.5,45.0,2916,2333.0,71.0,2300,1927.0,,1076,997.0,26.4,1,saludable,propagada,-73,,saludable
maceta-sim,2585,2,sim-1.0,1790793600,23.2,48.0,2458,2026.0,61.0,2294,1923.0,,1068,993.0,26.0,1,saludable,propagada,-76,,saludable
maceta-sim,2586,2,sim-1.0,1790793900,23.0,49.0,2689,2181.0,66.0,2296,1924.0,,1064,987.0,26.0,1,saludable,propagada,-75,,saludable
maceta-sim,2587,2,sim-1.0,1790794200,,,2582,2109.0,64.0,2307,1932.0,,1065,986.0,26.2,1,saludable,propagada,-69,dht_sin_respuesta,saludable
maceta-sim,2588,2,sim-1.0,1790794500,23.1,47.0,2713,2197.0,67.0,2309,1934.0,,1071,992.0,26.5,1,saludable,propagada,-70,,saludable
maceta-sim,2589,2,sim-1.0,1790794800,23.2,46.0,2715,2198.0,67.0,2316,1939.0,,1067,990.0,26.5,1,saludable,propagada,-74,,saludable
maceta-sim,2590,2,sim-1.0,1790795100,23.5,48.0,2349,1953.0,59.0,2297,1925.0,,1072,995.0,26.4,1,saludable,propagada,-71,,saludable
maceta-sim,2591,2,sim-1.0,1790795400,23.3,48.0,2325,1937.0,59.0,2320,1942.0,,1066,990.0,26.6,1,saludable,propagada,-79,,saludable
maceta-sim,2592,2,sim-1.0,1790795700,23.4,48.0,2422,2002.0,61.0,2329,1948.0,,1070,994.0,26.5,1,saludable,propagada,-71,,saludable
maceta-sim,2593,2,sim-1.0,1790796000,23.4,47.0,2376,1971.0,60.0,2313,1937.0,,1064,988.0,26.5,1,saludable,propagada,-76,,saludable
maceta-sim,2594,2,sim-1.0,1790796300,23.2,48.0,2497,2052.0,62.0,2316,1939.0,,1065,989.0,26.4,1,saludable,propagada,-74,,saludable
maceta-sim,2595,2,sim-1.0,1790796600,23.4,47.0,1969,1698.0,51.0,2348,1962.0,,1066,990.0,26.4,1,saludable,propagada,-78,,saludable
maceta-sim,2596,2,sim-1.0,1790796900,23.2,46.0,2027,1737.0,53.0,2330,1949.0,,1063,985.0,26.1,1,saludable,propagada,-67,,saludable
maceta-sim,2597,2,sim-1.0,1790797200,22.9,46.0,1869,1626.0,49.0,2337,1954.0,,1063,985.0,26.2,1,saludable,propagada,-74,,saludable
maceta-sim,2598,2,sim-1.0,1790797500,22.8,49.0,2218,1865.0,57.0,2333,1951.0,,1059,983.0,26.4,1,saludable,propagada,-67,,saludable
maceta-sim,2599,2,sim-1.0,1790797800,23.3,48.0,1830,1596.0,48.0,2318,1940.0,,1072,994.0,26.6,1,saludable,propagada,-75,,saludable
maceta-sim,2600,2,sim-1.0,1790798100,23.1,47.0,1806,1577.0,48.0,2345,1960.0,,1062,986.0,26.3,1,saludable,propagada,-75,,saludable
maceta-sim,2601,2,sim-1.0,1790798400,23.6,44.0,1915,1661.0,50.0,2360,1971.0,,1073,995.0,26.2,1,saludable,propagada,-72,,saludable
maceta-sim,2602,2,sim-1.0,1790798700,23.1,48.0,1808,1579.0,48.0,2360,1971.0,,1063,988.0,26.3,1,saludable,propagada,-68,,saludable
maceta-sim,2603,2,sim-1.0,1790799000,23.1,49.0,1786,1562.0,47.0,2359,1970.0,,1064,986.0,26.5,1,saludable,propagada,-73,,saludable
maceta-sim,2604,2,sim-1.0,1790799300,22.8,47.0,1549,1373.0,42.0,2342,1958.0,,1058,982.0,26.1,1,saludable,propagada,-74,,saludable
maceta-sim,2605,2,sim-1.0,1790799600,23.2,48.0,1670,1470.0,45.0,2346,1961.0,,1068,988.0,26.5,1,saludable,propagada,-69,,saludable
maceta-sim,2606,2,sim-1.0,1790799900,23.1,45.0,1564,1385.0,42.0,2346,1961.0,,1064,987.0,26.1,1,saludable,propagada,-74,,saludable
maceta-sim,2607,2,sim-1.0,1790800200,22.9,47.0,1581,1399.0,42.0,2364,1974.0,,1065,988.0,26.0,1,saludable,propagada,-77,,saludable
maceta-sim,2608,2,sim-1.0,1790800500,22.7,46.0,1509,1341.0,41.0,2367,1976.0,,1068,989.0,26.1,1,saludable,propagada,-81,,saludable
maceta-sim,2609,2,sim-1.0,1790800800,23.3,44.0,1530,1358.0,41.0,2351,1964.0,,1067,990.0,26.4,1,saludable,propagada,-76,,saludable
maceta-sim,2610,2,sim-1.0,1790801100,22.9,49.0,1256,1138.0,34.0,2379,1985.0,,1067,989.0,26.4,1,saludable,propagada,-65,,saludable
maceta-sim,2611,2,sim-1.0,1790801400,23.3,45.0,1329,1197.0,36.0,2379,1985.0,,1066,990.0,26.3,1,saludable,propagada,-68,,saludable
maceta-sim,2612,2,sim-1.0,1790801700,22.8,48.0,1222,1111.0,34.0,2381,1986.0,,1057,983.0,26.1,1,saludable,propagada,-70,,saludable
maceta-sim,2613,2,sim-1.0,1790802000,22.5,49.0,1162,1063.0,32.0,2374,1981.0,,1053,977.0,25.9,1,saludable,propagada,-71,,saludable
maceta-sim,2614,2,sim-1.0,1790802300,22.3,48.0,1033,960.0,29.0,2374,1981.0,,1057,980.0,25.9,1,saludable,manual,-74,,saludable
maceta-sim,2615,2,sim-1.0,1790802600,22.5,50.0,944,889.0,27.0,2374,1981.0,,1056,978.0,26.5,1,saludable,propagada,-71,,saludable
maceta-sim,2616,2,sim-1.0,1790802900,22.8,49.0,965,906.0,27.0,2378,1984.0,,1058,983.0,26.6,1,saludable,propagada,-70,,saludable
maceta-sim,2617,2,sim-1.0,1790803200,22.6,50.0,875,834.0,25.0,2374,1981.0,,1054,978.0,25.9,1,saludable,propagada,-75,,saludable
maceta-sim,2618,2,sim-1.0,1790803500,22.4,49.0,856,819.0,25.0,2416,2011.0,,1060,985.0,26.1,1,saludable,propagada,-70,,saludable
maceta-sim,2619,2,sim-1.0,1790803800,22.1,50.0,804,778.0,24.0,2385,1989.0,,1052,975.0,26.1,1,saludable,propagada,-74,,saludable
maceta-sim,2620,2,sim-1.0,1790804100,22.4,49.0,723,713.0,22.0,2400,2000.0,,1052,976.0,26.1,1,saludable,propagada,-73,,saludable
maceta-sim,2621,2,sim-1.0,1790804400,23.1,47.0,598,614.0,19.0,2399,1999.0,,1062,983.0,26.1,1,saludable,propagada,-74,,saludable
maceta-sim,2622,2,sim-1.0,1790804700,22.2,51.0,581,600.0,18.0,2390,1993.0,,1050,975.0,26.1,1,saludable,propagada,-71,,saludable
maceta-sim,2623,2,sim-1.0,1790805000,21.8,54.0,485,524.0,16.0,2410,2007.0,,1051,976.0,25.9,1,saludable,propagada,-76,,saludable
maceta-sim,2624,2,sim-1.0,1790805300,22.1,47.0,466,509.0,15.0,2413,2009.0,,1052,976.0,26.0,1,saludable,propagada,-70,,saludable
maceta-sim,2625,2,sim-1.0,1790805600,22.3,46.0,399,455.0,14.0,2407,2005.0,,1057,979.0,26.2,1,saludable,propagada,-75,,saludable
maceta-sim,2626,2,sim-1.0,1790805900,21.8,49.0,317,390.0,12.0,2409,2006.0,,1046,970.0,25.9,1,saludable,propagada,-69,,saludable
maceta-sim,2627,2,sim-1.0,1790806200,21.9,51.0,259,344.0,10.0,2407,2005.0,,1051,974.0,25.8,1,saludable,propagada,-78,,saludable
maceta-sim,2628,2,sim-1.0,1790806500,21.7,49.0,206,302.0,9.0,2393,1995.0,,1054,976.0,26.1,1,saludable,propagada,-65,,saludable
maceta-sim,2629,2,sim-1.0,1790806800,21.9,52.0,146,254.0,8.0,2427,2019.0,,1053,976.0,26.1,1,saludable,propagada,-78,,saludable
maceta-sim,2630,2,sim-1.0,1790807100,22.0,52.0,76,198.0,6.0,2433,2023.0,,1053,977.0,25.8,1,saludable,propagada,-72,,saludable
maceta-sim,2631,2,sim-1.0,1790807400,21.6,52.0,12,147.0,4.0,2439,2027.0,,1046,970.0,26.1,1,saludable,propagada,-73,,saludable
maceta-sim,2632,2,sim-1.0,1790807700,22.0,50.0,8,144.0,4.0,2423,2016.0,,1060,981.0,26.1,1,saludable,propagada,-69,,saludable
maceta-sim,2633,2,sim-1.0,1790808000,21.2,52.0,12,147.0,4.0,2423,2016.0,,1041,965.0,25.9,1,saludable,propagada,-72,,saludable
maceta-sim,2634,2,sim-1.0,1790808300,21.9,51.0,12,147.0,4.0,2436,2025.0,,1047,972.0,25.7,1,saludable,propagada,-71,,saludable
maceta-sim,2635,2,sim-1.0,1790808600,21.7,51.0,12,147.0,4.0,2446,2032.0,,1046,970.0,26.0,1,saludable,propagada,-75,,saludable
maceta-sim,2636,2,sim-1.0,1790813100,20.6,52.0,1196,1090.0,33.0,2471,2050.0,,1034,960.0,25.8,1,saludable,manual,-65,,saludable
maceta-sim,2637,2,sim-1.0,1790813400,20.2,55.0,1273,1152.0,35.0,2477,2054.0,,1027,954.0,25.4,1,saludable,propagada,-74,,saludable
maceta-sim,2638,2,sim-1.0,1790813700,20.2,52.0,1168,1068.0,32.0,2453,2037.0,,1023,951.0,25.5,1,saludable,propagada,-66,,saludable
maceta-sim,2639,2,sim-1.0,1790814000,20.1,56.0,1229,1117.0,34.0,2469,2048.0,,1030,958.0,25.5,1,saludable,propagada,-71,,saludable
maceta-sim,2640,2,sim-1.0,1790814300,19.7,56.0,1328,1196.0,36.0,2479,2055.0,,1025,952.0,25.3,1,saludable,propagada,-78,,saludable
maceta-sim,2641,3,sim-1.0,,21.5,52.0,1315,1186.0,36.0,1805,1567.0,,1050,972.0,25.4,1,saludable,propagada,-75,hora_sin_sincronizar,saludable
maceta-sim,2642,3,sim-1.0,1791061500,21.4,54.0,1183,1080.0,33.0,1816,1575.0,,1044,967.0,26.0,1,saludable,propagada,-76,,saludable
maceta-sim,2643,3,sim-1.0,1791061800,21.4,53.0,1078,996.0,30.0,1812,1572.0,,1038,964.0,25.6,1,saludable,propagada,-65,,saludable
maceta-sim,2644,3,sim-1.0,1791062100,21.9,52.0,1089,1005.0,30.0,1816,1575.0,,1052,975.0,26.4,1,saludable,propagada,-75,,saludable
maceta-sim,2645,3,sim-1.0,1791062400,21.5,49.0,1054,977.0,30.0,1797,1561.0,,1045,968.0,25.9,1,saludable,propagada,-72,,saludable
maceta-sim,2646,3,sim-1.0,1791062700,21.5,50.0,1025,954.0,29.0,1813,1573.0,,1046,971.0,26.0,1,saludable,propagada,-78,,saludable
maceta-sim,2647,3,sim-1.0,1791063000,21.4,52.0,926,875.0,27.0,1811,1571.0,,1046,971.0,26.0,1,saludable,propagada,-71,,saludable
maceta-sim,2648,3,sim-1.0,1791063300,21.9,47.0,887,844.0,26.0,1827,1583.0,,1048,972.0,25.9,1,saludable,propagada,-73,,saludable
maceta-sim,2649,3,sim-1.0,1791063600,21.1,53.0,792,768.0,23.0,1816,1575.0,,1045,970.0,25.6,1,saludable,propagada,-70,,saludable
maceta-sim,2650,3,sim-1.0,1791063900,21.1,53.0,718,709.0,21.0,1818,1576.0,,1041,966.0,25.5,1,saludable,propagada,-71,,saludable
maceta-sim,2651,3,sim-1.0,1791064200,20.7,52.0,552,577.0,17.0,1824,1581.0,,1039,964.0,25.6,1,saludable,propagada,-74,,saludable
maceta-sim,2652,3,sim-1.0,1791064500,20.6,54.0,533,562.0,17.0,1830,1585.0,,1031,956.0,25.7,1,saludable,propagada,-71,,saludable
maceta-sim,2653,3,sim-1.0,1791064800,21.0,53.0,485,524.0,16.0,1849,1599.0,,1036,963.0,25.5,1,saludable,propagada,-75,,saludable
maceta-sim,2654,3,sim-1.0,1791065100,20.9,53.0,374,435.0,13.0,1846,1597.0,,1043,966.0,26.0,1,saludable,propagada,-71,,saludable
maceta-sim,2655,3,sim-1.0,1791065400,20.5,55.0,333,403.0,12.0,1851,1600.0,,1034,961.0,25.4,1,saludable,propagada,-72,,saludable
maceta-sim,2656,3,sim-1.0,1791065700,20.1,57.0,250,337.0,10.0,1849,1599.0,,1033,958.0,25.4,1,saludable,propagada,-72,,saludable
maceta-sim,2657,3,sim-1.0,1791066000,20.8,52.0,171,274.0,8.0,1844,1595.0,,1038,965.0,25.6,1,saludable,propagada,-76,,saludable
maceta-sim,2658,3,sim-1.0,1791066300,20.4,56.0,87,207.0,6.0,1852,1601.0,,1035,961.0,25.8,1,saludable,propagada,-72,,saludable
maceta-sim,2659,3,sim-1.0,1791066600,20.3,57.0,12,147.0,4.0,1844,1595.0,,1031,955.0,25.9,1,saludable,manual,-72,,saludable
maceta-sim,2660,3,sim-1.0,1791066900,20.8,54.0,11,146.0,4.0,1860,1607.0,,1033,959.0,25.6,1,saludable,propagada,-75,,saludable
maceta-sim,2661,3,sim-1.0,1791067200,19.8,55.0,9,145.0,4.0,1864,1610.0,,1024,949.0,25.3,1,saludable,propagada,-75,,saludable
maceta-sim,2662,3,sim-1.0,1791067500,19.8,57.0,8,144.0,4.0,1857,1605.0,,1025,949.0,25.2,1,saludable,propagada,-71,,saludable
maceta-sim,2663,3,sim-1.0,1791067800,19.9,55.0,9,145.0,4.0,1860,1607.0,,1028,954.0,25.6,1,saludable,propagada,-69,,saludable
maceta-sim,2664,3,sim-1.0,1791068100,20.3,54.0,8,144.0,4.0,1856,1604.0,,1026,953.0,25.5,1,saludable,propagada,-75,,saludable
maceta-sim,2665,3,sim-1.0,1791068400,20.1,54.0,12,147.0,4.0,1866,1611.0,,1027,951.0,25.8,1,saludable,propagada,-68,,saludable
maceta-sim,2666,3,sim-1.0,1791068700,20.0,52.0,12,147.0,4.0,1878,1620.0,,1030,956.0,25.3,1,saludable,propagada,-73,,saludable
maceta-sim,2667,3,sim-1.0,1791069000,19.4,56.0,11,146.0,4.0,1874,1617.0,,1017,942.0,25.3,1,saludable,propagada,-76,,saludable
maceta-sim,2668,3,sim-1.0,1791069300,19.9,56.0,12,147.0,4.0,1882,1623.0,,1020,950.0,25.2,1,saludable,propagada,-69,,saludable
maceta-sim,2669,3,sim-1.0,1791069600,19.6,55.0,9,145.0,4.0,1884,1624.0,,1020,945.0,25.2,1,saludable,propagada,-75,,saludable
maceta-sim,2670,3,sim-1.0,1791069900,19.0,56.0,8,144.0,4.0,1874,1617.0,,1015,940.0,25.1,1,saludable,propagada,-63,,saludable
maceta-sim,2671,3,sim-1.0,1791070200,19.8,57.0,8,144.0,4.0,1878,1620.0,,1021,948.0,25.6,1,saludable,propagada,-71,,saludable
maceta-sim,2672,3,sim-1.0,1791070500,19.4,56.0,8,144.0,4.0,1881,1622.0,,1014,942.0,25.4,1,saludable,propagada,-73,,saludable
maceta-sim,2673,3,sim-1.0,1791070800,19.0,56.0,11,146.0,4.0,1901,1637.0,,1011,937.0,25.4,1,saludable,propagada,-69,,saludable
maceta-sim,2674,3,sim-1.0,1791071100,19.5,56.0,11,146.0,4.0,1901,1637.0,,1026,953.0,25.4,1,saludable,propagada,-79,,saludable
maceta-sim,2675,3,sim-1.0,1791074100,18.2,59.0,11,146.0,4.0,1911,1644.0,,1005,933.0,25.1,1,saludable,propagada,-71,,saludable
maceta-sim,2676,3,sim-1.0,1791074400,18.6,56.0,11,146.0,4.0,1938,1664.0,,1005,933.0,25.2,1,saludable,propagada,-71,,saludable
maceta-sim,2677,3,sim-1.0,1791074700,18.2,59.0,9,145.0,4.0,1927,1656.0,,1003,930.0,25.1,1,saludable,propagada,-72,,saludable
maceta-sim,2678,3,sim-1.0,1791075000,17.8,59.0,11,146.0,4.0,1925,1654.0,,999,927.0,24.7,1,saludable,propagada,-72,,saludable
maceta-sim,2679,3,sim-1.0,1791075300,17.9,59.0,12,147.0,4.0,1930,1658.0,,997,925.0,24.9,1,saludable,propagada,-76,,saludable
maceta-sim,2680,3,sim-1.0,1791075600,18.1,58.0,9,145.0,4.0,1943,1667.0,,1006,930.0,24.9,1,saludable,propagada,-68,,saludable
maceta-sim,2681,3,sim-1.0,1791075900,17.4,59.0,8,144.0,4.0,1948,1671.0,,991,920.0,24.9,1,saludable,propagada,-69,,saludable
maceta-sim,2682,3,sim-1.0,1791076200,18.0,57.0,12,147.0,4.0,1940,1665.0,,991,922.0,25.3,1,saludable,propagada,-76,,saludable
maceta-sim,2683,3,sim-1.0,1791076500,17.5,60.0,12,147.0,4.0,1944,1668.0,,991,922.0,24.9,1,saludable,propagada,-73,,saludable
maceta-sim,2684,3,sim-1.0,1791076800,17.8,60.0,12,147.0,4.0,1947,1670.0,,1000,926.0,24.9,1,saludable,propagada,-74,,saludable
maceta-sim,2685,3,sim-1.0,1791077100,17.2,63.0,12,147.0,4.0,1945,1669.0,,986,913.0,24.9,1,saludable,propagada,-69,,saludable
maceta-sim,2686,3,sim-1.0,1791077400,17.4,61.0,12,147.0,4.0,1966,1684.0,,994,921.0,24.7,1,saludable,propagada,-68,,saludable
maceta-sim,2687,3,sim-1.0,1791077700,17.3,62.0,9,145.0,4.0,1959,1679.0,,992,919.0,24.8,1,saludable,propagada,-71,,saludable
maceta-sim,2688,3,sim-1.0,1791078000,17.2,63.0,8,144.0,4.0,1948,1671.0,,985,916.0,24.9,1,saludable,propagada,-70,,saludable
maceta-sim,2689,3,sim-1.0,1791078300,16.8,61.0,11,146.0,4.0,1955,1676.0,,976,908.0,24.9,1,saludable,propagada,-74,,saludable
maceta-sim,2690,3,sim-1.0,1791078600,16.7,61.0,9,145.0,4.0,1952,1674.0,,991,919.0,24.3,1,saludable,propagada,-74,,saludable
maceta-sim,2691,3,sim-1.0,1791078900,17.1,60.0,8,144.0,4.0,1958,1678.0,,985,915.0,24.7,1,saludable,propagada,-78,,saludable
maceta-sim,2692,3,sim-1.0,1791079200,16.2,65.0,8,144.0,4.0,1955,1676.0,,975,907.0,24.8,1,saludable,propagada,-71,,saludable
maceta-sim,2693,3,sim-1.0,1791079500,16.2,66.0,8,144.0,4.0,1960,1680.0,,972,900.0,24.4,1,saludable,propagada,-65,,saludable
maceta-sim,2694,3,sim-1.0,1791079800,16.4,63.0,9,145.0,4.0,1960,1680.0,,984,914.0,24.3,1,saludable,propagada,-76,,saludable
maceta-sim,2695,3,sim-1.0,1791080100,16.9,61.0,8,144.0,4.0,1963,1682.0,,989,915.0,24.7,1,saludable,propagada,-71,,saludable
maceta-sim,2696,3,sim-1.0,1791080400,15.9,65.0,8,144.0,4.0,1963,1682.0,,973,904.0,24.3,1,saludable,propagada,-72,,saludable
maceta-sim,2697,3,sim-1.0,1791080700,16.0,62.0,12,147.0,4.0,1962,1681.0,,969,899.0,24.3,1,saludable,propagada,-69,,saludable
maceta-sim,2698,3,sim-1.0,1791081000,15.9,63.0,9,145.0,4.0,1982,1696.0,,967,896.0,24.5,1,saludable,propagada,-69,,saludable
maceta-sim,2699,3,sim-1.0,1791081300,16.3,65.0,8,144.0,4.0,1984,1697.0,,977,906.0,24.7,1,saludable,propagada,-70,,saludable
maceta-sim,2700,3,sim-1.0,1791081600,16.1,65.0,9,145.0,4.0,1971,1688.0,,981,910.0,24.6,1,saludable,propagada,-78,,saludable
maceta-sim,2701,3,sim-1.0,1791081900,15.7,65.0,12,147.0,4.0,1981,1695.0,,962,895.0,24.3,1,saludable,propagada,-66,,saludable
maceta-sim,2702,3,sim-1.0,1791082200,16.0,64.0,9,145.0,4.0,1987,1699.0,,977,906.0,24.6,1,saludable,propagada,-76,,saludable
maceta-sim,2703,3,sim-1.0,1791082500,16.1,67.0,12,147.0,4.0,1984,1697.0,,980,908.0,24.7,1,saludable,propagada,-72,,saludable
maceta-sim,2704,3,sim-1.0,1791082800,17.2,63.0,9,145.0,4.0,1989,1701.0,,986,915.0,24.5,1,saludable,propagada,-71,,saludable
maceta-sim,2705,3,sim-1.0,1791083100,17.2,62.0,9,145.0,4.0,1987,1699.0,,986,916.0,24.7,1,saludable,propagada,-70,,saludable
maceta-sim,2706,3,sim-1.0,1791083400,16.9,62.0,12,147.0,4.0,1999,1708.0,,986,916.0,24.4,1,saludable,propagada,-76,,saludable
maceta-sim,2707,3,sim-1.0,1791083700,16.4,64.0,8,144.0,4.0,2002,1710.0,,981,909.0,24.5,1,saludable,propagada,-69,,saludable
maceta-sim,2708,3,sim-1.0,1791084000,16.8,63.0,11,146.0,4.0,1999,1708.0,,985,913.0,24.7,1,saludable,propagada,-71,,saludable
maceta-sim,2709,3,sim-1.0,1791084300,16.4,62.0,11,146.0,4.0,2007,1714.0,,974,904.0,24.9,1,saludable,propagada,-75,,saludable
maceta-sim,2710,3,sim-1.0,1791084600,17.0,64.0,12,147.0,4.0,1992,1703.0,,989,914.0,24.9,1,saludable,propagada,-78,,saludable
maceta-sim,2711,3,sim-1.0,1791084900,15.6,64.0,11,146.0,4.0,2006,1713.0,,973,902.0,24.8,1,saludable,propagada,-68,,saludable
maceta-sim,2712,3,sim-1.0,1791085200,16.4,65.0,11,146.0,4.0,2006,1713.0,,982,911.0,25.0,1,saludable,propagada,-74,,saludable
maceta-sim,2713,3,sim-1.0,1791085500,16.4,62.0,9,145.0,4.0,1998,1707.0,,976,906.0,24.6,1,saludable,propagada,-75,,saludable
maceta-sim,2714,3,sim-1.0,1791085800,16.2,66.0,12,147.0,4.0,2011,1717.0,,979,907.0,24.8,1,saludable,propagada,-68,,saludable
maceta-sim,2715,3,sim-1.0,1791086100,16.1,62.0,12,147.0,4.0,2010,1716.0,,972,904.0,24.4,1,saludable,propagada,-74,,saludable
maceta-sim,2716,3,sim-1.0,1791086400,16.3,60.0,9,145.0,4.0,2007,1714.0,,980,908.0,25.0,1,saludable,propagada,-78,,saludable
maceta-sim,2717,3,sim-1.0,1791086700,15.8,65.0,8,144.0,4.0,2010,1716.0,,972,902.0,24.4,1,saludable,propagada,-76,,saludable
maceta-sim,2718,3,sim-1.0,1791087000,15.8,65.0,9,145.0,4.0,2020,1723.0,,968,899.0,24.6,1,saludable,propagada,-73,,saludable
maceta-sim,2719,3,sim-1.0,1791087300,15.7,67.0,8,144.0,4.0,2018,1722.0,,967,897.0,24.4,1,saludable,propagada,-71,,saludable
maceta-sim,2720,3,sim-1.0,1791087600,15.4,64.0,9,145.0,4.0,2017,1721.0,,966,897.0,24.1,1,saludable,propagada,-74,,saludable
maceta-sim,2721,3,sim-1.0,1791087900,16.2,62.0,8,144.0,4.0,2020,1723.0,,978,907.0,24.4,1,saludable,propagada,-73,,saludable
maceta-sim,2722,3,sim-1.0,1791088200,15.8,63.0,9,145.0,4.0,2037,1736.0,,965,896.0,24.5,1,saludable,propagada,-68,,saludable
maceta-sim,2723,3,sim-1.0,1791088500,15.4,64.0,9,145.0,4.0,2043,1740.0,,971,900.0,24.4,1,saludable,propagada,-71,,saludable
maceta-sim,2724,3,sim-1.0,1791088800,15.5,66.0,9,145.0,4.0,2037,1736.0,,966,896.0,24.6,1,saludable,propagada,-72,,saludable
maceta-sim,2725,3,sim-1.0,1791089100,15.5,65.0,9,145.0,4.0,2037,1736.0,,968,898.0,24.3,1,saludable,propagada,-79,,saludable
maceta-sim,2726,3,sim-1.0,1791089400,15.1,68.0,11,146.0,4.0,2046,1742.0,,962,894.0,24.6,1,saludable,propagada,-71,,saludable
maceta-sim,2727,3,sim-1.0,1791089700,15.2,66.0,8,144.0,4.0,2026,1728.0,,962,893.0,24.5,1,saludable,propagada,-73,,saludable
maceta-sim,2728,3,sim-1.0,1791090000,16.1,67.0,8,144.0,4.0,2052,1747.0,,982,911.0,24.8,1,saludable,propagada,-76,,saludable
maceta-sim,2729,3,sim-1.0,1791090300,14.7,68.0,8,144.0,4.0,2052,1747.0,,951,885.0,24.2,1,saludable,propagada,-73,,saludable
maceta-sim,2730,3,sim-1.0,1791090600,15.1,67.0,11,146.0,4.0,2051,1746.0,,964,892.0,24.3,1,saludable,propagada,-71,,saludable
maceta-sim,2731,3,sim-1.0,1791090900,14.7,67.0,8,144.0,4.0,2051,1746.0,,960,891.0,24.0,1,saludable,propagada,-70,,saludable
maceta-sim,2732,3,sim-1.0,1791091200,15.7,67.0,9,145.0,4.0,2055,1749.0,,967,899.0,24.7,1,saludable,propagada,-69,,saludable
maceta-sim,2733,3,sim-1.0,1791091500,15.0,67.0,9,145.0,4.0,2033,1733.0,,958,889.0,24.1,1,saludable,propagada,-69,,saludable
maceta-sim,2734,3,sim-1.0,1791091800,15.4,67.0,8,144.0,4.0,2044,1741.0,,965,895.0,24.3,1,saludable,propagada,-74,,saludable
maceta-sim,2735,3,sim-1.0,1791092100,15.0,68.0,12,147.0,4.0,2054,1748.0,,961,892.0,24.5,1,saludable,propagada,-70,,saludable
maceta-sim,2736,3,sim-1.0,1791092400,15.2,65.0,9,145.0,4.0,2052,1747.0,,963,893.0,24.4,1,saludable,propagada,-73,,saludable
maceta-sim,2737,3,sim-1.0,1791092700,,,8,144.0,4.0,2047,1743.0,,966,897.0,24.3,1,saludable,propagada,-74,dht_sin_respuesta,saludable
maceta-sim,2738,3,sim-1.0,1791093000,15.2,67.0,8,144.0,4.0,2047,1743.0,,963,893.0,24.0,1,saludable,propagada,-72,,saludable
maceta-sim,2739,3,sim-1.0,1791093300,15.4,66.0,11,146.0,4.0,2058,1751.0,,968,899.0,24.5,1,saludable,propagada,-74,,saludable
maceta-sim,2740,3,sim-1.0,1791093600,15.2,64.0,12,147.0,4.0,2059,1752.0,,965,896.0,24.5,1,saludable,propagada,-74,,saludable
maceta-sim,2741,3,sim-1.0,1791093900,14.3,68.0,11,146.0,4.0,2057,1750.0,,960,890.0,24.3,1,saludable,propagada,-76,,saludable
maceta-sim,2742,3,sim-1.0,1791094200,14.9,67.0,11,146.0,4.0,2058,1751.0,,961,890.0,24.0,1,saludable,propagada,-79,,saludable
maceta-sim,2743,3,sim-1.0,1791094500,14.4,67.0,12,147.0,4.0,2062,1754.0,,955,886.0,24.0,1,saludable,propagada,-68,,saludable
maceta-sim,2744,3,sim-1.0,1791094800,,,11,146.0,4.0,2062,1754.0,,962,891.0,23.9,1,saludable,propagada,-73,dht_sin_respuesta,saludable
maceta-sim,2745,3,sim-1.0,1791095100,15.0,66.0,8,144.0,4.0,2055,1749.0,,958,889.0,24.5,1,saludable,propagada,-74,,saludable
maceta-sim,2746,3,sim-1.0,1791095400,15.3,65.0,9,145.0,4.0,2066,1757.0,,962,892.0,24.5,1,saludable,propagada,-78,,saludable
maceta-sim,2747,3,sim-1.0,1791095700,14.4,69.0,8,144.0,4.0,2070,1760.0,,953,885.0,24.5,1,saludable,propagada,-72,,saludable
maceta-sim,2748,3,sim-1.0,1791096000,14.7,66.0,11,146.0,4.0,2079,1766.0,,946,879.0,24.2,1,saludable,propagada,-76,,saludable
maceta-sim,2749,3,sim-1.0,1791096300,14.8,67.0,8,144.0,4.0,2073,1762.0,,965,894.0,24.0,1,saludable,propagada,-76,,saludable
maceta-sim,2750,3,sim-1.0,1791096600,14.7,69.0,11,146.0,4.0,2080,1767.0,,948,882.0,24.0,1,saludable,propagada,-72,,saludable
maceta-sim,2751,3,sim-1.0,1791096900,14.8,67.0,12,147.0,4.0,2063,1755.0,,949,882.0,24.2,1,saludable,propagada,-73,,saludable
maceta-sim,2752,3,sim-1.0,1791097200,15.1,65.0,12,147.0,4.0,2088,1773.0,,958,891.0,24.3,1,saludable,propagada,-74,,saludable
maceta-sim,2753,3,sim-1.0,1791097500,14.8,68.0,11,146.0,4.0,2070,1760.0,,952,883.0,24.3,1,saludable,propagada,-75,,saludable
maceta-sim,2754,3,sim-1.0,1791097800,15.0,66.0,8,144.0,4.0,2081,1768.0,,961,891.0,23.8,1,saludable,propagada,-72,,saludable
maceta-sim,2755,3,sim-1.0,1791098100,14.7,65.0,8,144.0,4.0,2085,1771.0,,959,889.0,24.3,1,saludable,propagada,-74,,saludable
maceta-sim,2756,3,sim-1.0,1791098400,15.6,66.0,8,144.0,4.0,2106,1786.0,,964,891.0,24.7,1,saludable,propagada,-68,,saludable
maceta-sim,2757,3,sim-1.0,1791098700,14.8,69.0,8,144.0,4.0,2094,1777.0,,956,889.0,23.9,1,saludable,propagada,-76,,saludable
maceta-sim,2758,3,sim-1.0,1791099000,14.7,68.0,8,144.0,4.0,2087,1772.0,,953,883.0,24.4,1,saludable,propagada,-72,,saludable
maceta-sim,2759,3,sim-1.0,1791099300,14.6,68.0,11,146.0,4.0,2098,1780.0,,955,888.0,24.1,1,saludable,propagada,-74,,saludable
maceta-sim,2760,3,sim-1.0,1791099600,15.2,67.0,8,144.0,4.0,2102,1783.0,,960,891.0,24.6,1,saludable,propagada,-76,,saludable
maceta-sim,2761,3,sim-1.0,1791099900,14.6,67.0,8,144.0,4.0,2087,1772.0,,953,884.0,24.2,1,saludable,propagada,-73,,saludable
maceta-sim,2762,3,sim-1.0,1791100200,15.5,63.0,11,146.0,4.0,2099,1781.0,,967,897.0,24.7,1,saludable,propagada,-73,,saludable
maceta-sim,2763,3,sim-1.0,1791100500,14.8,67.0,8,144.0,4.0,2102,1783.0,,962,892.0,24.2,1,saludable,propagada,-76,,saludable
maceta-sim,2764,3,sim-1.0,1791100800,15.1,64.0,8,144.0,4.0,2099,1781.0,,962,895.0,24.4,1,saludable,propagada,-70,,saludable
maceta-sim,2765,3,sim-1.0,1791101100,14.5,70.0,12,147.0,4.0,2102,1783.0,,948,883.0,24.2,1,saludable,propagada,-73,,saludable
maceta-sim,2766,3,sim-1.0,1791101400,14.8,69.0,12,147.0,4.0,2109,1788.0,,952,885.0,23.9,1,saludable,propagada,-74,,saludable
maceta-sim,2767,3,sim-1.0,1791101700,15.7,65.0,9,145.0,4.0,2098,1780.0,,968,899.0,24.3,1,saludable,propagada,-71,,saludable
maceta-sim,2768,3,sim-1.0,1791102000,15.5,66.0,9,145.0,4.0,2124,1799.0,,971,900.0,24.3,1,saludable,propagada,-70,,saludable
maceta-sim,2769,3,sim-1.0,1791102300,14.8,67.0,12,147.0,4.0,2112,1790.0,,955,887.0,24.0,1,saludable,propagada,-71,,saludable
maceta-sim,2770,3,sim-1.0,1791102600,15.6,67.0,9,145.0,4.0,2139,1810.0,,965,895.0,24.7,1,saludable,propagada,-67,,saludable
maceta-sim,2771,3,sim-1.0,1791102900,15.5,66.0,11,146.0,4.0,2117,1794.0,,965,894.0,24.2,1,saludable,propagada,-78,,saludable
maceta-sim,2772,3,sim-1.0,1791103200,15.2,65.0,9,145.0,4.0,2096,1779.0,,962,893.0,24.4,1,saludable,propagada,-72,,saludable
maceta-sim,2773,3,sim-1.0,1791103500,15.1,67.0,11,146.0,4.0,2127,1801.0,,957,889.0,24.1,1,saludable,propagada,-71,,saludable
maceta-sim,2774,3,sim-1.0,1791103800,14.8,70.0,9,145.0,4.0,2123,1798.0,,954,889.0,24.6,1,saludable,propagada,-70,,saludable
maceta-sim,2775,3,sim-1.0,1791104100,15.6,64.0,11,146.0,4.0,2125,1800.0,,972,901.0,24.1,1,saludable,propagada,-66,,saludable
maceta-sim,2776,3,sim-1.0,1791104400,15.8,66.0,9,145.0,4.0,2123,1798.0,,978,906.0,24.5,1,saludable,propagada,-72,,saludable
maceta-sim,2777,3,sim-1.0,1791104700,15.4,66.0,8,144.0,4.0,2120,1796.0,,968,899.0,24.5,1,saludable,propagada,-76,,saludable
maceta-sim,2778,3,sim-1.0,1791105000,14.9,67.0,11,146.0,4.0,2120,1796.0,,956,886.0,23.8,1,saludable,propagada,-80,,saludable
maceta-sim,2779,3,sim-1.0,1791105300,15.8,63.0,8,144.0,4.0,2135,1807.0,,969,898.0,24.4,1,saludable,propagada,-71,,saludable
maceta-sim,2780,3,sim-1.0,1791105600,15.8,66.0,8,144.0,4.0,2140,1811.0,,967,898.0,24.3,1,saludable,propagada,-76,,saludable
maceta-sim,2781,3,sim-1.0,1791105900,15.4,64.0,8,144.0,4.0,2127,1801.0,,965,894.0,24.3,1,saludable,propagada,-72,,saludable
maceta-sim,2782,3,sim-1.0,1791106200,15.7,65.0,9,145.0,4.0,2138,1809.0,,970,900.0,24.4,1,saludable,propagada,-65,,saludable
maceta-sim,2783,3,sim-1.0,1791106500,16.3,62.0,90,209.0,6.0,2129,1803.0,,980,908.0,24.9,1,saludable,propagada,-73,,saludable
maceta-sim,2784,3,sim-1.0,1791106800,15.2,68.0,170,273.0,8.0,2118,1795.0,,964,894.0,24.3,1,saludable,propagada,-71,,saludable
maceta-sim,2785,3,sim-1.0,1791107100,16.1,65.0,230,321.0,10.0,2125,1800.0,,973,903.0,24.5,1,saludable,propagada,-72,,saludable
maceta-sim,2786,3,sim-1.0,1791107400,16.0,64.0,322,394.0,12.0,2128,1802.0,,971,902.0,24.3,1,saludable,propagada,-73,,saludable
maceta-sim,2787,3,sim-1.0,1791107700,16.2,64.0,402,458.0,14.0,2145,1814.0,,978,907.0,24.7,1,saludable,propagada,-71,,saludable
maceta-sim,2788,3,sim-1.0,1791108000,16.0,67.0,495,532.0,16.0,2121,1797.0,,975,905.0,24.3,1,saludable,propagada,-72,,saludable
maceta-sim,2789,3,sim-1.0,1791108300,15.8,65.0,512,545.0,17.0,2129,1803.0,,973,903.0,24.8,1,saludable,propagada,-68,,saludable
maceta-sim,2790,3,sim-1.0,1791108600,16.9,61.0,607,621.0,19.0,2136,1808.0,,988,919.0,24.8,1,saludable,propagada,-71,,saludable
maceta-sim,2791,3,sim-1.0,1791108900,16.2,63.0,699,694.0,21.0,2139,1810.0,,985,911.0,24.3,1,saludable,propagada,-79,,saludable
maceta-sim,2792,3,sim-1.0,1791109200,16.2,64.0,813,785.0,24.0,2150,1818.0,,975,903.0,24.7,1,saludable,propagada,-75,,saludable
maceta-sim,2793,3,sim-1.0,1791109500,16.7,61.0,883,841.0,25.0,2157,1823.0,,975,906.0,24.7,1,saludable,propagada,-73,,saludable
maceta-sim,2794,3,sim-1.0,1791109800,16.5,65.0,876,835.0,25.0,2177,1838.0,,976,905.0,24.8,1,saludable,propagada,-72,,saludable
maceta-sim,2795,3,sim-1.0,1791110100,16.4,63.0,978,916.0,28.0,2161,1826.0,,981,910.0,24.7,1,saludable,propagada,-74,,saludable
maceta-sim,2796,3,sim-1.0,1791110400,16.5,63.0,999,933.0,28.0,2151,1819.0,,983,911.0,24.5,1,saludable,propagada,-66,,saludable
maceta-sim,2797,3,sim-1.0,1791110700,16.6,62.0,1117,1027.0,31.0,2161,1826.0,,983,911.0,24.7,1,saludable,propagada,-76,,saludable
maceta-sim,2798,3,sim-1.0,1791111000,16.6,63.0,1327,1195.0,36.0,2171,1833.0,,975,905.0,24.5,1,saludable,propagada,-74,,saludable
maceta-sim,2799,3,sim-1.0,1791111300,17.3,62.0,1313,1184.0,36.0,2171,1833.0,,995,923.0,24.6,1,saludable,propagada,-68,,saludable
maceta-sim,2800,3,sim-1.0,1791111600,17.1,63.0,1347,1211.0,37.0,2182,1841.0,,983,911.0,24.8,1,saludable,propagada,-73,,saludable
maceta-sim,2801,3,sim-1.0,1791111900,17.0,64.0,1501,1335.0,40.0,2157,1823.0,,984,913.0,24.7,1,saludable,propagada,-70,,saludable
maceta-sim,2802,3,sim-1.0,1791112200,17.2,63.0,1410,1262.0,38.0,2160,1825.0,,984,912.0,24.9,1,saludable,propagada,-78,,saludable
maceta-sim,2803,3,sim-1.0,1791112500,,,1509,1341.0,41.0,2173,1835.0,,991,917.0,24.8,1,saludable,propagada,-74,dht_sin_respuesta,saludable
maceta-sim,2804,3,sim-1.0,1791112800,17.5,62.0,1781,1558.0,47.0,2193,1849.0,,995,921.0,25.0,1,saludable,propagada,-72,,saludable
maceta-sim,2805,3,sim-1.0,1791113100,17.3,62.0,1751,1535.0,47.0,2177,1838.0,,990,918.0,24.6,1,saludable,propagada,-72,,saludable
maceta-sim,2806,3,sim-1.0,1791113400,17.8,58.0,1682,1480.0,45.0,2179,1839.0,,995,924.0,24.9,1,saludable,propagada,-71,,saludable
maceta-sim,2807,3,sim-1.0,1791113700,17.6,59.0,2051,1753.0,53.0,2173,1835.0,,990,921.0,24.7,1,saludable,propagada,-65,,saludable
maceta-sim,2808,3,sim-1.0,1791114000,17.6,59.0,2170,1833.0,56.0,2195,1851.0,,993,922.0,24.8,1,saludable,propagada,-68,,saludable
maceta-sim,2809,3,sim-1.0,1791114300,17.4,59.0,2185,1843.0,56.0,2216,1866.0,,996,923.0,24.8,1,saludable,propagada,-75,,saludable
maceta-sim,2810,3,sim-1.0,1791114600,18.1,62.0,2106,1790.0,54.0,2209,1861.0,,1004,929.0,24.9,1,saludable,propagada,-67,,saludable
maceta-sim,2811,3,sim-1.0,1791114900,18.1,61.0,2181,1840.0,56.0,2177,1838.0,,999,924.0,25.0,1,saludable,propagada,-72,,saludable
maceta-sim,2812,3,sim-1.0,1791115200,18.0,60.0,2469,2033.0,62.0,2187,1845.0,,996,925.0,25.0,1,saludable,propagada,-79,,saludable
maceta-sim,2813,3,sim-1.0,1791115500,18.7,61.0,2159,1825.0,55.0,2198,1853.0,,1005,933.0,25.1,1,saludable,propagada,-79,,saludable
maceta-sim,2814,3,sim-1.0,1791115800,18.4,60.0,2661,2162.0,66.0,2204,1857.0,,1009,935.0,25.3,1,saludable,propagada,-75,,saludable
maceta-sim,2815,3,sim-1.0,1791116100,18.6,58.0,2598,2120.0,64.0,2198,1853.0,,1010,938.0,25.4,1,saludable,propagada,-69,,saludable
maceta-sim,2816,3,sim-1.0,1791116400,18.4,59.0,2697,2186.0,66.0,2188,1846.0,,1009,936.0,25.1,1,saludable,propagada,-68,,saludable
maceta-sim,2817,3,sim-1.0,1791116700,18.9,57.0,2418,1999.0,61.0,2193,1849.0,,1013,940.0,25.4,1,saludable,propagada,-77,,saludable
maceta-sim,2818,3,sim-1.0,1791117000,18.2,57.0,2537,2079.0,63.0,2205,1858.0,,1009,933.0,25.0,1,saludable,propagada,-69,,saludable
maceta-sim,2819,3,sim-1.0,1791117300,19.0,59.0,2530,2074.0,63.0,2213,1864.0,,1009,938.0,25.8,1,saludable,propagada,-71,,saludable
maceta-sim,2820,3,sim-1.0,1791117600,19.1,55.0,3029,2409.0,73.0,2220,1869.0,,1016,939.0,25.3,1,saludable,propagada,-81,,saludable
maceta-sim,2821,3,sim-1.0,1791117900,19.0,59.0,2683,2177.0,66.0,2219,1868.0,,1011,940.0,25.5,1,saludable,propagada,-75,,saludable
maceta-sim,2822,3,sim-1.0,1791118200,18.9,57.0,2744,2218.0,67.0,2217,1867.0,,1009,936.0,25.3,1,saludable,propagada,-71,,saludable
maceta-sim,2823,3,sim-1.0,1791118500,19.9,55.0,3385,2648.0,80.0,2213,1864.0,,1025,952.0,25.2,1,saludable,propagada,-77,,saludable
maceta-sim,2824,3,sim-1.0,1791118800,19.5,56.0,3247,2555.0,77.0,2224,1872.0,,1024,949.0,25.4,1,saludable,propagada,-76,,saludable
maceta-sim,2825,3,sim-1.0,1791119100,19.2,55.0,3405,2661.0,81.0,2231,1877.0,,1012,939.0,25.1,1,saludable,propagada,-75,,saludable
maceta-sim,2826,3,sim-1.0,1791119400,19.8,54.0,3102,2458.0,74.0,2224,1872.0,,1023,948.0,25.3,1,saludable,propagada,-72,,saludable
maceta-sim,2827,3,sim-1.0,1791119700,19.5,56.0,3114,2466.0,75.0,2209,1861.0,,1017,946.0,25.6,1,saludable,propagada,-75,,saludable
maceta-sim,2828,3,sim-1.0,1791120000,20.0,55.0,3573,2774.0,84.0,2223,1871.0,,1023,949.0,25.7,1,saludable,propagada,-78,,saludable
maceta-sim,2829,3,sim-1.0,1791120300,19.9,53.0,3633,2814.0,85.0,2228,1875.0,,1021,949.0,25.6,1,saludable,propagada,-69,,saludable
maceta-sim,2830,3,sim-1.0,1791120600,20.5,54.0,3672,2840.0,86.0,2230,1876.0,,1033,959.0,25.4,1,saludable,propagada,-75,,saludable
maceta-sim,2831,3,sim-1.0,1791120900,20.2,53.0,3616,2803.0,85.0,2216,1866.0,,1032,958.0,25.6,1,saludable,propagada,-71,,saludable
maceta-sim,2832,3,sim-1.0,1791121200,19.6,57.0,3415,2668.0,81.0,2248,1889.0,,1018,944.0,25.5,1,saludable,propagada,-67,,saludable
maceta-sim,2833,3,sim-1.0,1791121500,20.3,54.0,3452,2693.0,82.0,2249,1890.0,,1033,957.0,25.4,1,saludable,propagada,-74,,saludable
maceta-sim,2834,3,sim-1.0,1791121800,19.9,55.0,4026,3078.0,93.0,2230,1876.0,,1026,952.0,25.6,1,saludable,propagada,-73,,saludable
maceta-sim,2835,3,sim-1.0,1791122100,20.4,53.0,3846,2957.0,90.0,2259,1897.0,,1026,952.0,25.6,1,saludable,propagada,-72,,saludable
maceta-sim,2836,3,sim-1.0,1791122400,20.2,56.0,3406,2662.0,81.0,2250,1891.0,,1035,958.0,25.3,1,saludable,propagada,-70,,saludable
maceta-sim,2837,3,sim-1.0,1791122700,20.8,52.0,4029,3080.0,93.0,2254,1894.0,,1036,960.0,26.0,1,saludable,propagada,-73,,saludable
maceta-sim,2838,3,sim-1.0,1791123000,20.7,52.0,3675,2842.0,86.0,2254,1894.0,,1030,957.0,26.0,1,saludable,propagada,-72,,saludable
maceta-sim,2839,3,sim-1.0,1791123300,20.5,52.0,3655,2829.0,86.0,2272,1907.0,,1033,960.0,25.9,1,saludable,propagada,-72,,saludable
maceta-sim,2840,3,sim-1.0,1791123600,20.4,55.0,3652,2827.0,86.0,2253,1893.0,,1028,954.0,26.0,1,saludable,propagada,-73,,saludable
maceta-sim,2841,3,sim-1.0,1791123900,21.1,53.0,4095,3124.0,95.0,2272,1907.0,,1039,964.0,25.6,1,saludable,propagada,-67,luz_saturada,saludable
maceta-sim,2842,3,sim-1.0,1791124200,21.0,53.0,4037,3085.0,93.0,2245,1887.0,,1040,964.0,25.9,1,saludable,propagada,-67,,saludable
maceta-sim,2843,3,sim-1.0,1791124500,20.9,52.0,3839,2952.0,89.0,2272,1907.0,,1036,961.0,25.4,1,saludable,propagada,-73,,saludable
maceta-sim,2844,3,sim-1.0,1791124800,21.4,51.0,4095,3124.0,95.0,2256,1895.0,,1038,964.0,26.1,1,saludable,propagada,-74,luz_saturada,saludable
maceta-sim,2845,3,sim-1.0,1791125100,21.7,50.0,3831,2947.0,89.0,2272,1907.0,,1046,970.0,26.3,1,saludable,propagada,-76,,saludable
maceta-sim,2846,3,sim-1.0,1791125400,22.0,50.0,3667,2837.0,86.0,2286,1917.0,,1049,973.0,26.0,1,saludable,propagada,-77,,saludable
maceta-sim,2847,3,sim-1.0,1791125700,21.6,50.0,3675,2842.0,86.0,2286,1917.0,,1051,974.0,26.0,1,saludable,propagada,-76,,saludable
maceta-sim,2848,3,sim-1.0,1791126000,20.9,51.0,4095,3124.0,95.0,2282,1914.0,,1036,960.0,25.7,1,saludable,propagada,-66,luz_saturada,saludable
maceta-sim,2849,3,sim-1.0,1791126300,21.5,50.0,4095,3124.0,95.0,2282,1914.0,,1042,968.0,25.7,1,saludable,propagada,-70,luz_saturada,saludable
maceta-sim,2850,3,sim-1.0,1791126600,21.7,51.0,4095,3124.0,95.0,2290,1920.0,,1041,967.0,26.1,1,saludable,propagada,-73,luz_saturada,saludable
maceta-sim,2851,3,sim-1.0,1791126900,21.5,49.0,4095,3124.0,95.0,2285,1916.0,,1045,970.0,26.1,1,saludable,propagada,-70,luz_saturada,saludable
maceta-sim,2852,3,sim-1.0,1791127200,21.5,51.0,4095,3124.0,95.0,2274,1908.0,,1049,974.0,25.8,1,saludable,propagada,-73,luz_saturada,saludable
maceta-sim,2853,3,sim-1.0,1791127500,22.0,49.0,4095,3124.0,95.0,2301,1928.0,,1052,976.0,26.0,1,saludable,propagada,-75,luz_saturada,saludable
maceta-sim,2854,3,sim-1.0,1791127800,22.1,48.0,3889,2986.0,90.0,2285,1916.0,,1055,979.0,26.3,1,saludable,propagada,-78,,saludable
maceta-sim,2855,3,sim-1.0,1791128100,22.5,48.0,4019,3073.0,93.0,2291,1921.0,,1063,987.0,26.2,1,saludable,propagada,-78,,saludable
maceta-sim,2856,3,sim-1.0,1791128400,22.3,48.0,4095,3124.0,95.0,2312,1936.0,,1057,982.0,26.3,1,saludable,propagada,-73,luz_saturada,saludable
maceta-sim,2857,3,sim-1.0,1791128700,22.4,48.0,3868,2972.0,90.0,2301,1928.0,,1052,978.0,26.3,1,saludable,propagada,-76,,saludable
maceta-sim,2858,3,sim-1.0,1791129000,22.2,48.0,4095,3124.0,95.0,2301,1928.0,,1065,988.0,26.0,1,saludable,propagada,-71,luz_saturada,saludable
maceta-sim,2859,3,sim-1.0,1791129300,22.2,48.0,4095,3124.0,95.0,2296,1924.0,,1051,973.0,26.0,1,saludable,propagada,-71,luz_saturada,saludable
maceta-sim,2860,3,sim-1.0,1791129600,22.3,50.0,4095,3124.0,95.0,2334,1952.0,,1054,979.0,25.5,1,saludable,propagada,-74,luz_saturada,saludable
maceta-sim,2861,3,sim-1.0,1791129900,22.7,48.0,4095,3124.0,95.0,2323,1944.0,,1056,979.0,26.2,1,saludable,propagada,-73,luz_saturada,saludable
maceta-sim,2862,3,sim-1.0,1791130200,22.4,48.0,4095,3124.0,95.0,2318,1940.0,,1060,986.0,26.1,1,saludable,propagada,-67,luz_saturada,saludable
maceta-sim,2863,3,sim-1.0,1791130500,22.8,48.0,4095,3124.0,95.0,2333,1951.0,,1066,988.0,26.3,1,saludable,propagada,-68,luz_saturada,saludable
maceta-sim,2864,3,sim-1.0,1791130800,23.0,48.0,4095,3124.0,95.0,2323,1944.0,,1064,986.0,26.1,1,saludable,propagada,-72,luz_saturada,saludable
maceta-sim,2865,3,sim-1.0,1791131100,23.0,48.0,4095,3124.0,95.0,2307,1932.0,,1067,990.0,26.4,1,saludable,propagada,-73,luz_saturada,saludable
maceta-sim,2866,3,sim-1.0,1791131400,23.0,46.0,4095,3124.0,95.0,2338,1955.0,,1059,983.0,26.1,1,saludable,propagada,-75,luz_saturada,saludable
maceta-sim,2867,3,sim-1.0,1791131700,22.5,48.0,4095,3124.0,95.0,2335,1953.0,,1054,977.0,26.2,1,saludable,propagada,-71,luz_saturada,saludable
maceta-sim,2868,3,sim-1.0,1791132000,23.0,49.0,4095,3124.0,95.0,2322,1943.0,,1069,990.0,26.1,1,saludable,propagada,-74,luz_saturada,saludable
maceta-sim,2869,3,sim-1.0,1791132300,22.7,49.0,4095,3124.0,95.0,2316,1939.0,,1062,984.0,25.9,1,saludable,propagada,-71,luz_saturada,saludable
maceta-sim,2870,3,sim-1.0,1791132600,23.3,46.0,4095,3124.0,95.0,2338,1955.0,,1067,989.0,26.4,1,saludable,propagada,-72,luz_saturada,saludable
maceta-sim,2871,3,sim-1.0,1791132900,23.1,48.0,3833,2948.0,89.0,2331,1950.0,,1062,985.0,26.1,1,saludable,propagada,-75,,saludable
maceta-sim,2872,3,sim-1.0,1791133200,23.2,42.0,3982,3048.0,92.0,2335,1953.0,,1064,988.0,26.2,1,saludable,propagada,-67,,saludable
maceta-sim,2873,3,sim-1.0,1791133500,23.6,44.0,3983,3049.0,92.0,2346,1961.0,,1081,1002.0,26.4,1,saludable,propagada,-74,,saludable
maceta-sim,2874,3,sim-1.0,1791133800,22.9,45.0,4095,3124.0,95.0,2340,1956.0,,1069,988.0,26.0,1,saludable,propagada,-69,luz_saturada,saludable
maceta-sim,2875,3,sim-1.0,1791134100,23.5,46.0,3991,3054.0,93.0,2349,1963.0,,1075,998.0,26.6,1,saludable,propagada,-75,,saludable
maceta-sim,2876,3,sim-1.0,1791134400,23.2,46.0,4095,3124.0,95.0,2357,1969.0,,1061,985.0,26.4,1,saludable,propagada,-69,luz_saturada,saludable
maceta-sim,2877,3,sim-1.0,1791134700,22.6,49.0,3728,2878.0,87.0,2367,1976.0,,1059,983.0,26.1,1,saludable,propagada,-71,,saludable
maceta-sim,2878,3,sim-1.0,1791135000,23.9,46.0,3690,2852.0,86.0,2374,1981.0,,1072,995.0,26.3,1,saludable,propagada,-71,,saludable
maceta-sim,2879,3,sim-1.0,1791135300,23.5,45.0,4095,3124.0,95.0,2351,1964.0,,1066,989.0,26.5,1,saludable,propagada,-72,luz_saturada,saludable
maceta-sim,2880,3,sim-1.0,1791135600,23.3,45.0,3849,2959.0,90.0,2373,1980.0,,1070,992.0,26.7,1,saludable,propagada,-70,,saludable
maceta-sim,2881,3,sim-1.0,1791135900,23.3,48.0,3740,2886.0,87.0,2375,1982.0,,1072,993.0,26.6,1,saludable,propagada,-78,,saludable
maceta-sim,2882,3,sim-1.0,1791136200,23.1,49.0,3563,2767.0,84.0,2371,1979.0,,1062,986.0,26.2,1,saludable,propagada,-74,,saludable
maceta-sim,2883,3,sim-1.0,1791136500,23.8,46.0,3944,3023.0,92.0,2378,1984.0,,1072,996.0,26.6,1,saludable,propagada,-74,,saludable
maceta-sim,2884,3,sim-1.0,1791136800,23.5,44.0,4037,3085.0,93.0,2388,1991.0,,1074,992.0,26.4,1,saludable,propagada,-68,,saludable
maceta-sim,2885,3,sim-1.0,1791137100,24.0,44.0,3499,2724.0,83.0,2378,1984.0,,1079,1000.0,26.4,1,saludable,propagada,-78,,saludable
maceta-sim,2886,3,sim-1.0,1791137400,23.9,45.0,3698,2858.0,87.0,2384,1988.0,,1078,1000.0,26.3,1,saludable,propagada,-70,,saludable
maceta-sim,2887,3,sim-1.0,1791137700,23.7,48.0,3973,3042.0,92.0,2385,1989.0,,1070,992.0,26.5,1,saludable,propagada,-72,,saludable
maceta-sim,2888,3,sim-1.0,1791138000,,,3930,3013.0,91.0,2389,1992.0,,1084,1005.0,26.6,1,saludable,propagada,-72,dht_sin_respuesta,saludable
maceta-sim,2889,3,sim-1.0,1791138300,23.6,48.0,3648,2824.0,86.0,2390,1993.0,,1068,993.0,26.4,1,saludable,propagada,-71,,saludable
maceta-sim,2890,3,sim-1.0,1791138600,24.5,46.0,3767,2904.0,88.0,2384,1988.0,,1083,1006.0,26.2,1,saludable,propagada,-74,,saludable
maceta-sim,2891,3,sim-1.0,1791138900,23.7,44.0,3299,2590.0,78.0,2384,1988.0,,1076,997.0,26.4,1,saludable,propagada,-76,,saludable
maceta-sim,2892,3,sim-1.0,1791139200,,,3499,2724.0,83.0,2400,2000.0,,1072,994.0,26.6,1,saludable,propagada,-71,dht_sin_respuesta,saludable
maceta-sim,2893,3,sim-1.0,1791139500,23.2,48.0,3433,2680.0,81.0,2403,2002.0,,1066,989.0,26.2,1,saludable,propagada,-77,,saludable
maceta-sim,2894,3,sim-1.0,1791139800,24.3,42.0,3075,2440.0,74.0,2403,2002.0,,1079,999.0,26.7,1,saludable,propagada,-70,,saludable
maceta-sim,2895,3,sim-1.0,1791140100,23.3,46.0,3008,2395.0,73.0,2401,2001.0,,1066,991.0,26.4,1,saludable,propagada,-66,,saludable
maceta-sim,2896,3,sim-1.0,1791140400,23.9,46.0,3119,2469.0,75.0,2399,1999.0,,1073,996.0,26.7,1,saludable,propagada,-68,,saludable
maceta-sim,2897,3,sim-1.0,1791140700,23.6,44.0,3178,2509.0,76.0,2421,2015.0,,1068,991.0,26.5,1,saludable,manual,-67,,saludable
maceta-sim,2898,3,sim-1.0,1791141000,23.2,48.0,2971,2370.0,72.0,2414,2010.0,,1071,994.0,26.4,1,saludable,propagada,-70,,saludable
maceta-sim,2899,3,sim-1.0,1791141300,23.6,46.0,2722,2203.0,67.0,2427,2019.0,,1074,997.0,26.4,1,saludable,propagada,-73,,saludable
maceta-sim,2900,3,sim-1.0,1791141600,24.1,45.0,2761,2229.0,68.0,2420,2014.0,,1076,1000.0,26.3,1,saludable,propagada,-68,,saludable
maceta-sim,2901,3,sim-1.0,1791141900,23.9,46.0,2823,2271.0,69.0,2413,2009.0,,1075,998.0,26.8,1,saludable,propagada,-71,,saludable
maceta-sim,2902,3,sim-1.0,1791142200,23.6,46.0,2950,2356.0,71.0,2439,2027.0,,1068,991.0,26.6,1,saludable,propagada,-79,,saludable
maceta-sim,2903,3,sim-1.0,1791142500,23.6,43.0,2798,2254.0,68.0,2411,2008.0,,1075,995.0,26.6,1,saludable,manual,-72,,saludable
maceta-sim,2904,3,sim-1.0,1791142800,23.8,47.0,2473,2036.0,62.0,2451,2036.0,,1081,1002.0,26.6,1,saludable,propagada,-75,,saludable
maceta-sim,2905,3,sim-1.0,1791143100,23.8,46.0,2446,2018.0,61.0,2434,2024.0,,1075,996.0,26.6,1,saludable,propagada,-73,,saludable
maceta-sim,2906,3,sim-1.0,1791143400,24.1,48.0,2285,1910.0,58.0,2439,2027.0,,1077,1000.0,26.5,1,saludable,propagada,-69,,saludable
maceta-sim,2907,3,sim-1.0,1791143700,,,2402,1988.0,60.0,2454,2038.0,,1078,1001.0,26.9,1,saludable,propagada,-77,dht_sin_respuesta,saludable
maceta-sim,2908,3,sim-1.0,1791144000,23.7,46.0,2507,2059.0,62.0,2451,2036.0,,1067,990.0,26.4,1,saludable,propagada,-71,,saludable
maceta-sim,2909,3,sim-1.0,1791144300,23.1,47.0,1957,1690.0,51.0,2450,2035.0,,1064,987.0,26.0,1,saludable,propagada,-70,,saludable
maceta-sim,2910,3,sim-1.0,1791144600,23.3,48.0,2109,1792.0,54.0,2436,2025.0,,1072,995.0,26.0,1,saludable,propagada,-74,,saludable
maceta-sim,2911,3,sim-1.0,1791144900,23.1,46.0,2236,1877.0,57.0,2434,2024.0,,1062,984.0,26.4,1,saludable,propagada,-72,,saludable
maceta-sim,2912,3,sim-1.0,1791145200,23.3,46.0,1775,1554.0,47.0,2444,2031.0,,1070,994.0,26.4,1,saludable,propagada,-70,,saludable
maceta-sim,2913,3,sim-1.0,1791145500,23.5,46.0,1757,1540.0,47.0,2470,2049.0,,1071,995.0,26.1,1,saludable,propagada,-77,,saludable
maceta-sim,2914,3,sim-1.0,1791145800,24.0,46.0,1950,1685.0,51.0,2473,2051.0,,1073,994.0,26.7,1,saludable,propagada,-70,,saludable
maceta-sim,2915,3,sim-1.0,1791146100,23.8,45.0,1730,1519.0,46.0,2453,2037.0,,1073,995.0,26.6,1,saludable,propagada,-71,,saludable
maceta-sim,2916,3,sim-1.0,1791146400,23.5,47.0,1760,1542.0,47.0,2474,2052.0,,1074,997.0,26.3,1,saludable,propagada,-74,,saludable
maceta-sim,2917,3,sim-1.0,1791146700,23.7,47.0,1551,1375.0,42.0,2483,2058.0,,1076,998.0,26.5,1,saludable,propagada,-69,,saludable
maceta-sim,2918,3,sim-1.0,1791147000,23.2,48.0,1484,1321.0,40.0,2473,2051.0,,1076,996.0,26.6,1,saludable,propagada,-74,,saludable
maceta-sim,2919,3,sim-1.0,1791147300,22.7,48.0,1354,1217.0,37.0,2463,2044.0,,1062,986.0,26.2,1,saludable,propagada,-71,,saludable
maceta-sim,2920,3,sim-1.0,1791147600,23.1,47.0,1511,1343.0,41.0,2487,2061.0,,1059,986.0,26.5,1,saludable,propagada,-79,,saludable
maceta-sim,2921,3,sim-1.0,1791147900,23.3,51.0,1268,1148.0,35.0,2479,2055.0,,1066,991.0,26.0,1,saludable,propagada,-77,,saludable
maceta-sim,2922,3,sim-1.0,1791148200,23.4,45.0,1153,1056.0,32.0,2480,2056.0,,1071,994.0,26.8,1,saludable,propagada,-72,,saludable
maceta-sim,2923,3,sim-1.0,1791148500,23.2,48.0,1161,1062.0,32.0,2493,2065.0,,1073,994.0,26.8,1,saludable,propagada,-77,,saludable
maceta-sim,2924,3,sim-1.0,1791148800,23.1,49.0,1063,984.0,30.0,2503,2072.0,,1067,990.0,26.5,1,saludable,propagada,-69,,saludable
maceta-sim,2925,3,sim-1.0,1791149100,22.8,47.0,1002,935.0,28.0,2493,2065.0,,1070,991.0,26.2,1,saludable,propagada,-71,,saludable
maceta-sim,2926,3,sim-1.0,1791149400,22.9,48.0,904,857.0,26.0,2500,2070.0,,1060,986.0,26.1,1,saludable,propagada,-68,,saludable
maceta-sim,2927,3,sim-1.0,1791149700,22.6,49.0,817,788.0,24.0,2484,2059.0,,1057,982.0,26.3,1,saludable,manual,-76,,saludable
maceta-sim,2928,3,sim-1.0,1791150000,22.7,49.0,757,740.0,22.0,2490,2063.0,,1065,988.0,26.1,1,saludable,propagada,-70,,saludable
maceta-sim,2929,3,sim-1.0,1791154200,21.7,48.0,9,145.0,4.0,2534,2094.0,,1045,970.0,25.6,1,saludable,propagada,-71,,saludable
maceta-sim,2930,3,sim-1.0,1791154500,21.7,52.0,12,147.0,4.0,2540,2098.0,,1044,969.0,25.8,1,saludable,propagada,-74,,saludable
maceta-sim,2931,3,sim-1.0,1791154800,21.7,51.0,12,147.0,4.0,2529,2090.0,,1051,974.0,25.9,1,saludable,propagada,-70,,saludable
maceta-sim,2932,3,sim-1.0,1791155100,21.4,52.0,12,147.0,4.0,2533,2093.0,,1049,970.0,26.2,1,saludable,propagada,-74,,saludable
maceta-sim,2933,3,sim-1.0,1791155400,21.2,49.0,9,145.0,4.0,2533,2093.0,,1044,968.0,25.8,1,saludable,propagada,-68,,saludable
maceta-sim,2934,3,sim-1.0,1791155700,21.2,49.0,11,146.0,4.0,2541,2099.0,,1039,962.0,26.1,1,saludable,propagada,-69,,saludable
maceta-sim,2935,3,sim-1.0,1791156000,21.1,53.0,9,145.0,4.0,2529,2090.0,,1035,958.0,25.7,1,saludable,propagada,-72,,saludable
maceta-sim,2936,3,sim-1.0,1791156300,21.2,53.0,12,147.0,4.0,2546,2102.0,,1039,967.0,25.9,1,saludable,propagada,-71,,saludable
maceta-sim,2937,3,sim-1.0,1791156600,20.4,53.0,11,146.0,4.0,2536,2095.0,,1027,955.0,25.4,1,saludable,propagada,-64,,saludable
maceta-sim,2938,3,sim-1.0,1791156900,20.8,51.0,9,145.0,4.0,2531,2092.0,,1039,962.0,25.7,1,saludable,propagada,-74,,saludable
maceta-sim,2939,3,sim-1.0,1791157200,20.9,56.0,11,146.0,4.0,2527,2089.0,,1037,962.0,25.6,1,saludable,propagada,-72,,saludable
maceta-sim,2940,3,sim-1.0,1791157500,20.7,50.0,9,145.0,4.0,2541,2099.0,,1038,962.0,25.7,1,saludable,propagada,-74,,saludable
maceta-sim,2941,3,sim-1.0,1791157800,21.0,51.0,11,146.0,4.0,2550,2105.0,,1039,963.0,26.0,1,saludable,propagada,-69,,saludable
maceta-sim,2942,3,sim-1.0,1791158100,20.7,54.0,8,144.0,4.0,2554,2108.0,,1034,957.0,25.5,1,saludable,propagada,-76,,saludable
maceta-sim,2943,3,sim-1.0,1791158400,20.4,53.0,11,146.0,4.0,2556,2109.0,,1038,959.0,25.4,1,saludable,propagada,-76,,saludable
maceta-sim,2944,3,sim-1.0,1791158700,20.4,53.0,9,145.0,4.0,2553,2107.0,,1032,957.0,25.6,1,saludable,propagada,-73,,saludable
maceta-sim,2945,3,sim-1.0,1791159000,20.5,56.0,11,146.0,4.0,2559,2111.0,,1024,950.0,25.3,1,saludable,propagada,-76,,saludable
maceta-sim,2946,3,sim-1.0,1791159300,20.0,53.0,11,146.0,4.0,2557,2110.0,,1026,952.0,25.5,1,saludable,propagada,-69,,saludable
maceta-sim,2947,3,sim-1.0,1791159600,20.0,54.0,12,147.0,4.0,2561,2113.0,,1025,953.0,25.7,1,saludable,propagada,-72,,saludable
maceta-sim,2948,3,sim-1.0,1791159900,20.2,54.0,9,145.0,4.0,2580,2126.0,,1027,952.0,25.5,1,saludable,propagada,-75,,saludable
maceta-sim,2949,3,sim-1.0,1791160200,20.0,58.0,9,145.0,4.0,2570,2119.0,,1023,950.0,25.6,1,saludable,propagada,-75,,saludable
maceta-sim,2950,3,sim-1.0,1791160500,19.4,55.0,11,146.0,4.0,2591,2134.0,,1011,938.0,25.1,1,saludable,propagada,-71,,saludable
maceta-sim,2951,3,sim-1.0,1791160800,19.2,56.0,12,147.0,4.0,2577,2124.0,,1018,944.0,25.4,1,saludable,propagada,-70,,saludable
maceta-sim,2952,3,sim-1.0,1791161100,19.5,56.0,12,147.0,4.0,2573,2121.0,,1022,948.0,25.6,1,saludable,propagada,-69,,saludable
maceta-sim,2953,3,sim-1.0,1791161400,19.6,55.0,11,146.0,4.0,2576,2123.0,,1020,947.0,25.5,1,saludable,propagada,-75,,saludable
maceta-sim,2954,3,sim-1.0,1791161700,19.1,57.0,8,144.0,4.0,2579,2125.0,,1015,940.0,25.1,1,saludable,propagada,-73,,saludable
maceta-sim,2955,3,sim-1.0,1791162000,19.1,58.0,8,144.0,4.0,2593,2135.0,,1014,942.0,25.4,1,saludable,propagada,-68,,saludable
maceta-sim,2956,3,sim-1.0,1791162300,19.3,57.0,12,147.0,4.0,2596,2137.0,,1016,945.0,25.3,1,saludable,propagada,-75,,saludable
maceta-sim,2957,3,sim-1.0,1791162600,19.4,59.0,11,146.0,4.0,2584,2129.0,,1015,940.0,25.6,1,saludable,propagada,-71,,saludable
maceta-sim,2958,3,sim-1.0,1791162900,18.7,57.0,8,144.0,4.0,2587,2131.0,,1008,936.0,25.3,1,saludable,propagada,-80,,saludable
maceta-sim,2959,3,sim-1.0,1791163200,18.7,60.0,9,145.0,4.0,2611,2148.0,,1009,936.0,25.1,1,saludable,propagada,-71,,saludable
maceta-sim,2960,3,sim-1.0,1791163500,18.6,58.0,12,147.0,4.0,2577,2124.0,,1003,932.0,25.4,1,saludable,propagada,-71,,saludable
maceta-sim,2961,3,sim-1.0,1791163800,18.9,58.0,11,146.0,4.0,2594,2136.0,,1016,941.0,25.7,1,saludable,propagada,-74,,saludable
maceta-sim,2962,3,sim-1.0,1791164100,18.4,58.0,9,145.0,4.0,2606,2144.0,,1001,930.0,25.1,1,saludable,propagada,-77,,saludable
maceta-sim,2963,3,sim-1.0,1791164400,18.4,57.0,9,145.0,4.0,2606,2144.0,,1010,936.0,25.6,1,saludable,propagada,-71,,saludable
maceta-sim,2964,3,sim-1.0,1791164700,18.5,58.0,11,146.0,4.0,2604,2143.0,,1001,928.0,24.9,1,saludable,propagada,-75,,saludable
maceta-sim,2965,3,sim-1.0,1791165000,18.5,59.0,8,144.0,4.0,2599,2139.0,,1001,928.0,25.4,1,saludable,propagada,-68,,saludable
maceta-sim,2966,3,sim-1.0,1791165300,18.2,61.0,8,144.0,4.0,2617,2152.0,,998,926.0,25.1,1,saludable,propagada,-73,,saludable
maceta-sim,2967,3,sim-1.0,1791165600,18.2,57.0,11,146.0,4.0,2631,2162.0,,1002,930.0,25.1,1,saludable,propagada,-73,,saludable
maceta-sim,2968,3,sim-1.0,1791165900,17.7,61.0,8,144.0,4.0,2604,2143.0,,991,921.0,25.0,1,saludable,propagada,-67,,saludable
maceta-sim,2969,3,sim-1.0,1791166200,18.4,59.0,12,147.0,4.0,2624,2157.0,,1005,932.0,25.1,1,saludable,propagada,-71,,saludable
maceta-sim,2970,3,sim-1.0,1791166500,17.6,60.0,9,145.0,4.0,2597,2138.0,,1001,928.0,24.5,1,saludable,propagada,-67,,saludable
maceta-sim,2971,3,sim-1.0,1791166800,17.7,61.0,8,144.0,4.0,2640,2168.0,,995,922.0,24.8,1,saludable,propagada,-71,,saludable
maceta-sim,2972,3,sim-1.0,1791167100,18.4,59.0,11,146.0,4.0,2616,2151.0,,1003,930.0,25.5,1,saludable,propagada,-74,,saludable
maceta-sim,2973,3,sim-1.0,1791167400,17.8,59.0,9,145.0,4.0,2604,2143.0,,993,922.0,25.1,1,saludable,propagada,-65,,saludable
maceta-sim,2974,3,sim-1.0,1791167700,17.3,60.0,11,146.0,4.0,2610,2147.0,,992,922.0,24.7,1,saludable,propagada,-68,,saludable
maceta-sim,2975,3,sim-1.0,1791168000,17.2,64.0,11,146.0,4.0,2599,2139.0,,984,915.0,24.9,1,saludable,propagada,-70,,saludable
maceta-sim,2976,3,sim-1.0,1791168300,17.2,62.0,12,147.0,4.0,2601,2141.0,,991,920.0,25.0,1,saludable,propagada,-70,,saludable
maceta-sim,2977,3,sim-1.0,1791168600,17.1,63.0,9,145.0,4.0,2629,2160.0,,987,915.0,24.5,1,saludable,propagada,-75,,saludable
maceta-sim,2978,3,sim-1.0,1791168900,17.4,60.0,11,146.0,4.0,2607,2145.0,,993,919.0,25.0,1,saludable,propagada,-73,,saludable
maceta-sim,2979,3,sim-1.0,1791169200,15.0,82.0,9,145.0,4.0,2633,2163.0,,964,891.0,24.3,1,saludable,propagada,-79,,saludable
maceta-sim,2980,3,sim-1.0,1791169500,15.2,81.0,8,144.0,4.0,2616,2151.0,,959,891.0,24.4,1,saludable,propagada,-69,,saludable
maceta-sim,2981,4,sim-1.0,,15.0,81.0,12,147.0,4.0,2629,2160.0,,958,890.0,24.4,1,saludable,propagada,-72,hora_sin_sincronizar,estresada
maceta-sim,2982,4,sim-1.0,1791170100,15.2,84.0,11,146.0,4.0,2629,2160.0,,960,890.0,24.3,1,saludable,propagada,-72,,estresada
maceta-sim,2983,4,sim-1.0,1791170400,15.1,84.0,9,145.0,4.0,2629,2160.0,,960,893.0,24.1,1,saludable,propagada,-69,,estresada
maceta-sim,2984,4,sim-1.0,1791170700,15.0,82.0,11,146.0,4.0,2639,2167.0,,963,891.0,24.0,1,saludable,propagada,-69,,estresada
maceta-sim,2985,4,sim-1.0,1791171000,15.0,84.0,9,145.0,4.0,2630,2161.0,,957,890.0,24.3,1,saludable,propagada,-76,,estresada
maceta-sim,2986,4,sim-1.0,1791171300,14.5,85.0,12,147.0,4.0,2650,2175.0,,953,886.0,24.1,1,saludable,propagada,-73,,estresada
maceta-sim,2987,4,sim-1.0,1791171600,15.2,81.0,9,145.0,4.0,2624,2157.0,,958,891.0,24.3,1,saludable,propagada,-73,,estresada
maceta-sim,2988,4,sim-1.0,1791171900,14.7,86.0,8,144.0,4.0,2631,2162.0,,958,889.0,24.3,1,saludable,propagada,-79,,estresada
maceta-sim,2989,4,sim-1.0,1791172200,15.2,81.0,12,147.0,4.0,2626,2158.0,,967,896.0,24.4,1,saludable,propagada,-78,,estresada
maceta-sim,2990,4,sim-1.0,1791172500,14.8,82.0,12,147.0,4.0,2644,2171.0,,957,889.0,24.3,1,saludable,propagada,-71,,estresada
maceta-sim,2991,4,sim-1.0,1791172800,14.7,82.0,12,147.0,4.0,2644,2171.0,,957,889.0,24.1,1,saludable,propagada,-67,,estresada
maceta-sim,2992,4,sim-1.0,1791173100,14.5,82.0,12,147.0,4.0,2626,2158.0,,958,888.0,24.6,1,saludable,propagada,-75,,estresada
maceta-sim,2993,4,sim-1.0,1791173400,14.4,87.0,8,144.0,4.0,2613,2149.0,,955,884.0,24.0,1,saludable,propagada,-74,,estresada
maceta-sim,2994,4,sim-1.0,1791173700,14.6,85.0,11,146.0,4.0,2639,2167.0,,964,892.0,23.9,1,saludable,propagada,-67,,estresada
maceta-sim,2995,4,sim-1.0,1791174000,14.8,85.0,12,147.0,4.0,2646,2172.0,,954,887.0,24.6,1,saludable,propagada,-75,,estresada
maceta-sim,2996,4,sim-1.0,1791174300,14.2,84.0,9,145.0,4.0,2639,2167.0,,945,878.0,24.0,1,saludable,propagada,-70,,estresada
maceta-sim,2997,4,sim-1.0,1791174600,14.2,84.0,8,144.0,4.0,2656,2179.0,,951,882.0,24.2,1,saludable,propagada,-72,,estresada
maceta-sim,2998,4,sim-1.0,1791174900,14.3,85.0,12,147.0,4.0,2653,2177.0,,951,881.0,24.1,1,saludable,propagada,-68,,estresada
maceta-sim,2999,4,sim-1.0,1791175200,14.1,86.0,8,144.0,4.0,2651,2176.0,,947,879.0,24.0,1,saludable,propagada,-75,,estresada
maceta-sim,3000,4,sim-1.0,1791175500,14.5,83.0,9,145.0,4.0,2657,2180.0,,958,888.0,24.4,1,saludable,propagada,-70,,estresada
maceta-sim,3001,4,sim-1.0,1791175800,13.9,84.0,12,147.0,4.0,2669,2188.0,,942,874.0,23.9,1,saludable,propagada,-70,,estresada
maceta-sim,3002,4,sim-1.0,1791176100,14.1,85.0,9,145.0,4.0,2657,2180.0,,947,880.0,24.2,1,saludable,propagada,-70,,estresada
maceta-sim,3003,4,sim-1.0,1791176400,13.8,87.0,9,145.0,4.0,2653,2177.0,,942,874.0,24.3,1,saludable,propagada,-77,,estresada
maceta-sim,3004,4,sim-1.0,1791176700,14.6,83.0,9,145.0,4.0,2649,2174.0,,945,879.0,24.2,1,saludable,propagada,-71,,estresada
maceta-sim,3005,4,sim-1.0,1791177000,14.2,84.0,8,144.0,4.0,2651,2176.0,,950,882.0,24.1,1,saludable,propagada,-72,,estresada
maceta-sim,3006,4,sim-1.0,1791177300,14.8,83.0,8,144.0,4.0,2644,2171.0,,959,888.0,24.2,1,saludable,propagada,-74,,estresada
maceta-sim,3007,4,sim-1.0,1791177600,14.0,85.0,11,146.0,4.0,2650,2175.0,,950,881.0,24.2,1,saludable,propagada,-70,,estresada
maceta-sim,3008,4,sim-1.0,1791177900,13.7,84.0,9,145.0,4.0,2660,2182.0,,942,874.0,24.0,1,saludable,propagada,-68,,estresada
maceta-sim,3009,4,sim-1.0,1791178200,14.0,86.0,8,144.0,4.0,2646,2172.0,,947,877.0,24.1,1,saludable,propagada,-75,,estresada
maceta-sim,3010,4,sim-1.0,1791178500,14.1,85.0,12,147.0,4.0,2664,2185.0,,949,878.0,24.1,1,saludable,propagada,-71,,estresada
maceta-sim,3011,4,sim-1.0,1791178800,14.4,83.0,8,144.0,4.0,2663,2184.0,,955,885.0,24.2,1,saludable,propagada,-72,,estresada
maceta-sim,3012,4,sim-1.0,1791179100,14.2,84.0,9,145.0,4.0,2654,2178.0,,952,885.0,23.9,1,saludable,propagada,-70,,estresada
maceta-sim,3013,4,sim-1.0,1791179400,14.0,86.0,9,145.0,4.0,2651,2176.0,,943,875.0,23.9,1,saludable,propagada,-72,,estresada
maceta-sim,3014,4,sim-1.0,1791179700,14.3,84.0,11,146.0,4.0,2650,2175.0,,949,881.0,23.9,1,saludable,propagada,-70,,estresada
maceta-sim,3015,4,sim-1.0,1791180000,13.9,84.0,12,147.0,4.0,2664,2185.0,,945,876.0,24.0,1,saludable,propagada,-70,,estresada
maceta-sim,3016,4,sim-1.0,1791180300,14.0,86.0,11,146.0,4.0,2674,2192.0,,951,883.0,24.1,1,saludable,propagada,-69,,estresada
maceta-sim,3017,4,sim-1.0,1791180600,14.1,88.0,8,144.0,4.0,2656,2179.0,,948,879.0,23.9,1,saludable,propagada,-69,,estresada
maceta-sim,3018,4,sim-1.0,1791180900,13.7,85.0,12,147.0,4.0,2666,2186.0,,941,872.0,24.5,1,saludable,propagada,-72,,estresada
maceta-sim,3019,4,sim-1.0,1791181200,13.9,87.0,12,147.0,4.0,2673,2191.0,,950,881.0,23.7,1,saludable,propagada,-67,,estresada
maceta-sim,3020,4,sim-1.0,1791181500,14.1,86.0,11,146.0,4.0,2669,2188.0,,946,877.0,24.1,1,saludable,propagada,-76,,estresada
maceta-sim,3021,4,sim-1.0,1791181800,14.1,82.0,11,146.0,4.0,2679,2195.0,,949,879.0,24.0,1,saludable,propagada,-66,,estresada
maceta-sim,3022,4,sim-1.0,1791182100,13.9,87.0,8,144.0,4.0,2661,2183.0,,947,880.0,24.0,1,saludable,propagada,-68,,estresada
maceta-sim,3023,4,sim-1.0,1791182400,14.3,85.0,8,144.0,4.0,2664,2185.0,,963,892.0,23.9,1,saludable,propagada,-70,,estresada
maceta-sim,3024,4,sim-1.0,1791182700,14.1,83.0,11,146.0,4.0,2679,2195.0,,948,878.0,23.8,1,saludable,propagada,-72,,estresada
maceta-sim,3025,4,sim-1.0,1791183000,14.0,87.0,11,146.0,4.0,2659,2181.0,,944,875.0,24.0,1,saludable,propagada,-77,,estresada
maceta-sim,3026,4,sim-1.0,1791183300,13.3,87.0,11,146.0,4.0,2683,2198.0,,947,878.0,23.9,1,saludable,propagada,-73,,estresada
maceta-sim,3027,4,sim-1.0,1791183600,13.9,87.0,12,147.0,4.0,2679,2195.0,,946,878.0,24.2,1,saludable,propagada,-73,,estresada
maceta-sim,3028,4,sim-1.0,1791183900,13.9,88.0,11,146.0,4.0,2690,2203.0,,943,873.0,24.3,1,saludable,propagada,-67,,estresada
maceta-sim,3029,4,sim-1.0,1791184200,13.6,85.0,11,146.0,4.0,2660,2182.0,,939,870.0,23.9,1,saludable,propagada,-75,,estresada
maceta-sim,3030,4,sim-1.0,1791184500,14.3,83.0,9,145.0,4.0,2679,2195.0,,951,881.0,24.2,1,saludable,propagada,-76,,estresada
maceta-sim,3031,4,sim-1.0,1791184800,14.0,85.0,12,147.0,4.0,2686,2200.0,,944,875.0,24.0,1,saludable,propagada,-69,,estresada
maceta-sim,3032,4,sim-1.0,1791185100,13.5,88.0,8,144.0,4.0,2664,2185.0,,942,872.0,23.9,1,saludable,propagada,-72,,estresada
maceta-sim,3033,4,sim-1.0,1791185400,13.7,84.0,8,144.0,4.0,2669,2188.0,,941,873.0,24.0,1,saludable,propagada,-68,,estresada
maceta-sim,3034,4,sim-1.0,1791185700,13.8,86.0,12,147.0,4.0,2703,2212.0,,948,879.0,23.9,1,saludable,propagada,-73,,estresada
maceta-sim,3035,4,sim-1.0,1791186000,13.9,86.0,11,146.0,4.0,2679,2195.0,,944,876.0,24.1,1,saludable,propagada,-75,,estresada
maceta-sim,3036,4,sim-1.0,1791186300,14.3,85.0,8,144.0,4.0,2679,2195.0,,954,883.0,24.5,1,saludable,propagada,-71,,estresada
maceta-sim,3037,4,sim-1.0,1791186600,13.9,87.0,12,147.0,4.0,2696,2207.0,,942,878.0,23.8,1,saludable,propagada,-76,,estresada
maceta-sim,3038,4,sim-1.0,1791186900,14.1,86.0,8,144.0,4.0,2680,2196.0,,953,882.0,24.0,1,saludable,propagada,-72,,estresada
maceta-sim,3039,4,sim-1.0,1791187200,14.0,87.0,9,145.0,4.0,2691,2204.0,,950,879.0,24.1,1,saludable,propagada,-68,,estresada
maceta-sim,3040,4,sim-1.0,1791187500,13.9,85.0,8,144.0,4.0,2684,2199.0,,948,877.0,24.4,1,saludable,propagada,-79,,estresada
maceta-sim,3041,4,sim-1.0,1791187800,13.7,87.0,9,145.0,4.0,2693,2205.0,,936,868.0,23.7,1,saludable,propagada,-72,,estresada
maceta-sim,3042,4,sim-1.0,1791188100,14.0,84.0,11,146.0,4.0,2703,2212.0,,949,880.0,23.6,1,saludable,propagada,-73,,estresada
maceta-sim,3043,4,sim-1.0,1791188400,14.4,85.0,11,146.0,4.0,2687,2201.0,,949,880.0,24.1,1,saludable,propagada,-74,,estresada
maceta-sim,3044,4,sim-1.0,1791188700,14.9,83.0,11,146.0,4.0,2691,2204.0,,960,891.0,24.1,1,saludable,propagada,-74,,estresada
maceta-sim,3045,4,sim-1.0,1791189000,14.5,85.0,11,146.0,4.0,2691,2204.0,,959,890.0,24.1,1,saludable,propagada,-72,,estresada
maceta-sim,3046,4,sim-1.0,1791189300,14.4,83.0,11,146.0,4.0,2709,2216.0,,952,884.0,24.1,1,saludable,propagada,-72,,estresada
maceta-sim,3047,4,sim-1.0,1791189600,14.4,84.0,12,147.0,4.0,2700,2210.0,,949,881.0,23.9,1,saludable,propagada,-73,,estresada
maceta-sim,3048,4,sim-1.0,1791189900,14.9,81.0,12,147.0,4.0,2689,2202.0,,956,888.0,24.1,1,saludable,propagada,-71,,estresada
maceta-sim,3049,4,sim-1.0,1791190200,14.5,84.0,12,147.0,4.0,2696,2207.0,,955,889.0,24.3,1,saludable,propagada,-75,,estresada
maceta-sim,3050,4,sim-1.0,1791190500,14.1,87.0,8,144.0,4.0,2694,2206.0,,948,878.0,24.1,1,saludable,propagada,-72,,estresada
maceta-sim,3051,4,sim-1.0,1791190800,14.3,83.0,11,146.0,4.0,2714,2220.0,,951,882.0,24.0,1,saludable,propagada,-70,,estresada
maceta-sim,3052,4,sim-1.0,1791191100,14.7,84.0,12,147.0,4.0,2723,2226.0,,953,885.0,24.5,1,saludable,propagada,-72,,estresada
maceta-sim,3053,4,sim-1.0,1791191400,14.1,84.0,9,145.0,4.0,2704,2213.0,,949,879.0,24.0,1,saludable,propagada,-71,,estresada
maceta-sim,3054,4,sim-1.0,1791191700,14.3,85.0,11,146.0,4.0,2699,2209.0,,953,885.0,24.5,1,saludable,propagada,-75,,estresada
maceta-sim,3055,4,sim-1.0,1791192000,14.3,82.0,11,146.0,4.0,2701,2211.0,,953,884.0,24.1,1,saludable,propagada,-75,,estresada
maceta-sim,3056,4,sim-1.0,1791192300,14.1,86.0,11,146.0,4.0,2699,2209.0,,954,883.0,23.7,1,saludable,propagada,-69,,estresada
maceta-sim,3057,4,sim-1.0,1791192600,14.4,82.0,8,144.0,4.0,2733,2233.0,,955,885.0,24.3,1,saludable,propagada,-70,,estresada
maceta-sim,3058,4,sim-1.0,1791192900,14.5,86.0,47,175.0,5.0,2721,2225.0,,959,888.0,24.2,1,saludable,propagada,-74,,estresada
maceta-sim,3059,4,sim-1.0,1791193200,15.4,81.0,86,206.0,6.0,2733,2233.0,,962,892.0,24.1,1,saludable,propagada,-69,,estresada
maceta-sim,3060,4,sim-1.0,1791193500,15.1,85.0,135,245.0,7.0,2701,2211.0,,958,890.0,24.2,1,saludable,propagada,-78,,estresada
maceta-sim,3061,4,sim-1.0,1791193800,15.2,80.0,183,283.0,9.0,2716,2221.0,,963,894.0,24.7,1,saludable,propagada,-72,,estresada
maceta-sim,3062,4,sim-1.0,1791194100,15.3,85.0,228,319.0,10.0,2701,2211.0,,965,894.0,24.0,1,saludable,propagada,-73,,estresada
maceta-sim,3063,4,sim-1.0,1791194400,15.0,84.0,229,320.0,10.0,2717,2222.0,,963,893.0,24.3,1,saludable,propagada,-76,,estresada
maceta-sim,3064,4,sim-1.0,1791194700,15.0,82.0,278,359.0,11.0,2706,2214.0,,973,902.0,24.3,1,saludable,propagada,-75,,estresada
maceta-sim,3065,4,sim-1.0,1791195000,15.0,81.0,304,380.0,12.0,2713,2219.0,,962,890.0,24.5,1,saludable,propagada,-71,,estresada
maceta-sim,3066,4,sim-1.0,1791195300,15.3,83.0,382,442.0,13.0,2727,2229.0,,968,897.0,24.5,1,saludable,propagada,-74,,estresada
maceta-sim,3067,4,sim-1.0,1791195600,14.6,85.0,410,464.0,14.0,2700,2210.0,,953,886.0,24.0,1,saludable,propagada,-76,,estresada
maceta-sim,3068,4,sim-1.0,1791195900,14.9,84.0,494,531.0,16.0,2709,2216.0,,954,888.0,24.2,1,saludable,propagada,-74,,estresada
maceta-sim,3069,4,sim-1.0,1791196200,15.0,83.0,478,518.0,16.0,2727,2229.0,,960,890.0,24.1,1,saludable,propagada,-74,,estresada
maceta-sim,3070,4,sim-1.0,1791196500,15.2,82.0,553,578.0,18.0,2727,2229.0,,959,892.0,24.4,1,saludable,propagada,-74,,estresada
maceta-sim,3071,4,sim-1.0,1791196800,14.9,84.0,519,551.0,17.0,2717,2222.0,,959,890.0,24.3,1,saludable,propagada,-70,,estresada
maceta-sim,3072,4,sim-1.0,1791197100,15.7,82.0,645,651.0,20.0,2729,2230.0,,974,902.0,24.5,1,saludable,propagada,-76,,estresada
maceta-sim,3073,4,sim-1.0,1791197400,15.2,82.0,691,688.0,21.0,2724,2227.0,,966,894.0,24.0,1,saludable,propagada,-68,,estresada
maceta-sim,3074,4,sim-1.0,1791197700,15.4,81.0,622,633.0,19.0,2734,2234.0,,966,896.0,24.1,1,saludable,propagada,-77,,estresada
maceta-sim,3075,4,sim-1.0,1791198000,15.3,84.0,680,679.0,21.0,2729,2230.0,,969,898.0,24.4,1,saludable,propagada,-73,,estresada
maceta-sim,3076,4,sim-1.0,1791198300,15.4,81.0,829,798.0,24.0,2739,2237.0,,970,902.0,24.5,1,saludable,propagada,-70,,estresada
maceta-sim,3077,4,sim-1.0,1791198600,15.5,82.0,744,730.0,22.0,2736,2235.0,,967,897.0,24.2,1,saludable,propagada,-77,,estresada
maceta-sim,3078,4,sim-1.0,1791198900,15.6,80.0,883,841.0,25.0,2733,2233.0,,966,897.0,24.0,1,saludable,propagada,-72,,estresada
maceta-sim,3079,4,sim-1.0,1791199200,15.9,80.0,811,783.0,24.0,2736,2235.0,,976,904.0,24.3,1,saludable,propagada,-76,,estresada
maceta-sim,3080,4,sim-1.0,1791199500,15.9,79.0,905,858.0,26.0,2729,2230.0,,975,906.0,24.4,1,saludable,propagada,-74,,estresada
maceta-sim,3081,4,sim-1.0,1791199800,15.6,81.0,858,821.0,25.0,2747,2243.0,,968,901.0,24.4,1,saludable,propagada,-72,,estresada
maceta-sim,3082,4,sim-1.0,1791200100,15.7,81.0,1048,972.0,29.0,2751,2246.0,,977,906.0,24.6,2,estresada,manual,-67,,estresada
maceta-sim,3083,4,sim-1.0,1791200400,15.1,83.0,992,927.0,28.0,2749,2244.0,,962,893.0,24.2,2,estresada,propagada,-76,,estresada
maceta-sim,3084,4,sim-1.0,1791200700,16.0,80.0,1136,1042.0,32.0,2740,2238.0,,972,903.0,24.3,2,estresada,propagada,-65,,estresada
maceta-sim,3085,4,sim-1.0,1791201000,15.9,79.0,1022,951.0,29.0,2737,2236.0,,971,900.0,24.4,2,estresada,propagada,-73,,estresada
maceta-sim,3086,4,sim-1.0,1791201300,15.9,82.0,1152,1055.0,32.0,2741,2239.0,,971,901.0,24.2,2,estresada,propagada,-75,,estresada
maceta-sim,3087,4,sim-1.0,1791201600,16.5,77.0,1168,1068.0,32.0,2733,2233.0,,979,907.0,24.7,2,estresada,propagada,-64,,estresada
maceta-sim,3088,4,sim-1.0,1791201900,16.0,80.0,1290,1166.0,35.0,2744,2241.0,,975,903.0,24.2,2,estresada,propagada,-77,,estresada
maceta-sim,3089,4,sim-1.0,1791202200,16.9,78.0,1099,1013.0,31.0,2759,2251.0,,984,914.0,24.9,2,estresada,propagada,-76,,estresada
maceta-sim,3090,4,sim-1.0,1791202500,16.0,79.0,1257,1139.0,35.0,2766,2256.0,,978,906.0,24.6,2,estresada,propagada,-70,,estresada
maceta-sim,3091,4,sim-1.0,1791202800,16.5,80.0,1277,1155.0,35.0,2759,2251.0,,984,912.0,24.6,2,estresada,propagada,-69,,estresada
maceta-sim,3092,4,sim-1.0,1791203100,16.0,81.0,1413,1264.0,38.0,2746,2242.0,,971,901.0,24.9,2,estresada,propagada,-68,,estresada
maceta-sim,3093,4,sim-1.0,1791203400,16.3,79.0,1422,1271.0,39.0,2750,2245.0,,985,914.0,24.7,2,estresada,propagada,-73,,estresada
maceta-sim,3094,4,sim-1.0,1791203700,16.6,79.0,1409,1261.0,38.0,2743,2240.0,,982,910.0,24.6,2,estresada,propagada,-74,,estresada
maceta-sim,3095,4,sim-1.0,1791204000,16.6,80.0,1281,1158.0,35.0,2769,2258.0,,986,913.0,24.8,2,estresada,propagada,-71,,estresada
maceta-sim,3096,4,sim-1.0,1791204300,17.1,79.0,1510,1342.0,41.0,2771,2260.0,,983,915.0,24.6,2,estresada,propagada,-71,,estresada
maceta-sim,3097,4,sim-1.0,1791204600,17.4,75.0,1380,1238.0,38.0,2783,2268.0,,993,921.0,24.7,2,estresada,propagada,-74,,estresada
maceta-sim,3098,4,sim-1.0,1791204900,17.1,78.0,1566,1387.0,42.0,2769,2258.0,,987,915.0,24.8,2,estresada,propagada,-70,,estresada
maceta-sim,3099,4,sim-1.0,1791205200,16.8,78.0,1626,1435.0,43.0,2760,2252.0,,986,915.0,24.5,2,estresada,propagada,-70,,estresada
maceta-sim,3100,4,sim-1.0,1791205500,17.2,77.0,1671,1471.0,45.0,2789,2272.0,,993,920.0,24.8,2,estresada,propagada,-73,,estresada
maceta-sim,3101,4,sim-1.0,1791205800,16.9,79.0,1665,1466.0,44.0,2776,2263.0,,991,916.0,24.7,2,estresada,propagada,-74,,estresada
maceta-sim,3102,4,sim-1.0,1791206100,16.9,77.0,1603,1416.0,43.0,2786,2270.0,,984,913.0,24.4,2,estresada,propagada,-66,,estresada
maceta-sim,3103,4,sim-1.0,1791206400,17.0,80.0,1595,1410.0,43.0,2751,2246.0,,988,917.0,24.8,2,estresada,propagada,-65,,estresada
maceta-sim,3104,4,sim-1.0,1791206700,17.0,77.0,1623,1432.0,43.0,2783,2268.0,,986,916.0,24.8,2,estresada,propagada,-72,,estresada
maceta-sim,3105,4,sim-1.0,1791207000,17.7,75.0,1530,1358.0,41.0,2793,2275.0,,989,917.0,24.7,2,estresada,propagada,-68,,estresada
maceta-sim,3106,4,sim-1.0,1791207300,17.2,75.0,1581,1399.0,42.0,2767,2257.0,,991,922.0,25.1,2,estresada,propagada,-70,,estresada
maceta-sim,3107,4,sim-1.0,1791207600,17.4,80.0,1699,1495.0,45.0,2789,2272.0,,993,921.0,24.8,2,estresada,propagada,-77,,estresada
maceta-sim,3108,4,sim-1.0,1791207900,17.4,76.0,1825,1592.0,48.0,2791,2274.0,,996,923.0,24.4,2,estresada,propagada,-66,,estresada
maceta-sim,3109,4,sim-1.0,1791208200,17.2,80.0,1752,1536.0,47.0,2781,2267.0,,988,916.0,24.8,2,estresada,propagada,-66,,estresada
maceta-sim,3110,4,sim-1.0,1791208500,17.7,76.0,1717,1509.0,46.0,2800,2280.0,,997,927.0,25.0,2,estresada,propagada,-69,,estresada
maceta-sim,3111,4,sim-1.0,1791208800,17.1,78.0,1664,1465.0,44.0,2790,2273.0,,994,921.0,24.9,2,estresada,propagada,-73,,estresada
maceta-sim,3112,4,sim-1.0,1791209100,17.9,74.0,1786,1562.0,47.0,2811,2288.0,,1003,929.0,24.7,2,estresada,propagada,-76,,estresada
maceta-sim,3113,4,sim-1.0,1791209400,17.9,76.0,1995,1715.0,52.0,2787,2271.0,,995,923.0,24.7,2,estresada,propagada,-72,,estresada
maceta-sim,3114,4,sim-1.0,1791209700,17.1,76.0,1761,1543.0,47.0,2799,2279.0,,998,924.0,24.8,2,estresada,propagada,-66,,estresada
maceta-sim,3115,4,sim-1.0,1791210000,17.9,77.0,1713,1506.0,46.0,2780,2266.0,,999,928.0,24.9,2,estresada,propagada,-74,,estresada
maceta-sim,3116,4,sim-1.0,1791210300,17.5,75.0,1680,1478.0,45.0,2801,2281.0,,992,920.0,24.7,2,estresada,propagada,-69,,estresada
maceta-sim,3117,4,sim-1.0,1791210600,17.9,75.0,1980,1705.0,52.0,2784,2269.0,,997,927.0,24.9,2,estresada,propagada,-74,,estresada
maceta-sim,3118,4,sim-1.0,1791210900,17.5,76.0,1834,1599.0,48.0,2801,2281.0,,988,917.0,24.5,2,estresada,propagada,-72,,estresada
maceta-sim,3119,4,sim-1.0,1791211200,18.3,74.0,1873,1629.0,49.0,2780,2266.0,,1003,930.0,25.2,2,estresada,propagada,-68,,estresada
maceta-sim,3120,4,sim-1.0,1791211500,17.7,78.0,2083,1774.0,54.0,2801,2281.0,,988,917.0,25.1,2,estresada,propagada,-74,,estresada
maceta-sim,3121,4,sim-1.0,1791211800,17.9,75.0,1791,1566.0,47.0,2801,2281.0,,994,924.0,25.2,2,estresada,propagada,-67,,estresada
maceta-sim,3122,4,sim-1.0,1791212100,17.9,77.0,1980,1705.0,52.0,2800,2280.0,,994,923.0,24.6,2,estresada,propagada,-64,,estresada
maceta-sim,3123,4,sim-1.0,1791212400,18.1,77.0,1987,1710.0,52.0,2794,2276.0,,998,926.0,24.7,2,estresada,propagada,-72,,estresada
maceta-sim,3124,4,sim-1.0,1791212700,18.2,75.0,1969,1698.0,51.0,2774,2262.0,,1001,929.0,25.2,2,estresada,propagada,-74,,estresada
maceta-sim,3125,4,sim-1.0,1791218100,18.9,73.0,2167,1831.0,55.0,2851,2316.0,,1007,933.0,25.2,2,estresada,propagada,-75,,estresada
maceta-sim,3126,4,sim-1.0,1791218400,19.1,73.0,2080,1772.0,54.0,2834,2304.0,,1010,935.0,24.9,2,estresada,propagada,-71,,estresada
maceta-sim,3127,4,sim-1.0,1791218700,19.3,75.0,2039,1745.0,53.0,2854,2318.0,,1012,940.0,25.3,2,estresada,propagada,-76,,estresada
maceta-sim,3128,4,sim-1.0,1791219000,19.7,72.0,2054,1755.0,53.0,2827,2299.0,,1018,942.0,25.3,2,estresada,propagada,-72,,estresada
maceta-sim,3129,4,sim-1.0,1791219300,19.5,70.0,2080,1772.0,54.0,2843,2310.0,,1019,946.0,25.4,2,estresada,propagada,-75,,estresada
maceta-sim,3130,4,sim-1.0,1791219600,18.8,72.0,1929,1671.0,51.0,2834,2304.0,,1009,935.0,25.0,2,estresada,propagada,-71,,estresada
maceta-sim,3131,4,sim-1.0,1791219900,19.5,73.0,1924,1668.0,51.0,2854,2318.0,,1018,945.0,25.2,2,estresada,propagada,-68,,estresada
maceta-sim,3132,4,sim-1.0,1791220200,19.3,70.0,1799,1572.0,48.0,2857,2320.0,,1012,941.0,25.5,2,estresada,propagada,-72,,estresada
maceta-sim,3133,4,sim-1.0,1791220500,19.1,72.0,1829,1595.0,48.0,2850,2315.0,,1011,939.0,25.5,2,estresada,propagada,-73,,estresada
maceta-sim,3134,4,sim-1.0,1791220800,19.3,74.0,1894,1645.0,50.0,2873,2331.0,,1013,941.0,25.1,2,estresada,propagada,-73,,estresada
maceta-sim,3135,4,sim-1.0,1791221100,20.4,69.0,2074,1768.0,54.0,2846,2312.0,,1030,955.0,25.5,2,estresada,propagada,-71,,estresada
maceta-sim,3136,4,sim-1.0,1791221400,19.1,70.0,1945,1682.0,51.0,2870,2329.0,,1012,939.0,25.7,2,estresada,propagada,-72,,estresada
maceta-sim,3137,4,sim-1.0,1791221700,19.5,73.0,2032,1740.0,53.0,2869,2328.0,,1019,945.0,25.6,2,estresada,propagada,-68,,estresada
maceta-sim,3138,4,sim-1.0,1791222000,19.6,68.0,1933,1674.0,51.0,2869,2328.0,,1022,946.0,25.5,2,estresada,propagada,-74,,estresada
maceta-sim,3139,4,sim-1.0,1791222300,19.9,70.0,1687,1484.0,45.0,2869,2328.0,,1026,951.0,25.6,2,estresada,propagada,-80,,estresada
maceta-sim,3140,4,sim-1.0,1791222600,19.3,72.0,1685,1483.0,45.0,2869,2328.0,,1020,945.0,25.4,2,estresada,propagada,-70,,estresada
maceta-sim,3141,4,sim-1.0,1791222900,19.5,74.0,1682,1480.0,45.0,2854,2318.0,,1022,950.0,25.8,2,estresada,propagada,-74,,estresada
maceta-sim,3142,4,sim-1.0,1791223200,19.5,71.0,1739,1526.0,46.0,2870,2329.0,,1025,948.0,25.2,2,estresada,propagada,-73,,estresada
maceta-sim,3143,4,sim-1.0,1791223500,19.5,72.0,1709,1503.0,46.0,2873,2331.0,,1020,947.0,25.5,2,estresada,propagada,-74,,estresada
maceta-sim,3144,4,sim-1.0,1791223800,19.6,73.0,1675,1474.0,45.0,2856,2319.0,,1014,942.0,25.5,2,estresada,propagada,-74,,estresada
maceta-sim,3145,4,sim-1.0,1791224100,19.8,70.0,1611,1423.0,43.0,2876,2333.0,,1024,951.0,25.4,2,estresada,propagada,-74,,estresada
maceta-sim,3146,4,sim-1.0,1791224400,19.7,73.0,1743,1529.0,46.0,2894,2346.0,,1021,949.0,25.3,2,estresada,propagada,-72,,estresada
maceta-sim,3147,4,sim-1.0,1791224700,19.3,73.0,1685,1483.0,45.0,2884,2339.0,,1015,941.0,25.4,2,estresada,propagada,-75,,estresada
maceta-sim,3148,4,sim-1.0,1791225000,19.4,70.0,1521,1351.0,41.0,2879,2335.0,,1019,945.0,25.3,2,estresada,propagada,-71,,estresada
maceta-sim,3149,4,sim-1.0,1791225300,20.0,70.0,1600,1414.0,43.0,2866,2326.0,,1023,949.0,25.6,2,estresada,propagada,-75,,estresada
maceta-sim,3150,4,sim-1.0,1791225600,19.6,71.0,1661,1463.0,44.0,2871,2330.0,,1019,948.0,25.6,2,estresada,propagada,-74,,estresada
maceta-sim,3151,4,sim-1.0,1791225900,20.3,69.0,1717,1509.0,46.0,2867,2327.0,,1037,962.0,25.4,2,estresada,propagada,-70,,estresada
maceta-sim,3152,4,sim-1.0,1791226200,19.3,72.0,1708,1502.0,46.0,2889,2342.0,,1013,940.0,25.0,2,estresada,propagada,-74,,estresada
maceta-sim,3153,4,sim-1.0,1791226500,19.8,73.0,1484,1321.0,40.0,2884,2339.0,,1023,947.0,25.9,2,estresada,propagada,-75,,estresada
maceta-sim,3154,4,sim-1.0,1791226800,19.5,71.0,1430,1278.0,39.0,2894,2346.0,,1020,945.0,25.3,2,estresada,propagada,-67,,estresada
maceta-sim,3155,4,sim-1.0,1791227100,20.1,70.0,1388,1244.0,38.0,2889,2342.0,,1026,951.0,25.4,2,estresada,propagada,-69,,estresada
maceta-sim,3156,4,sim-1.0,1791227400,19.0,73.0,1581,1399.0,42.0,2897,2348.0,,1017,943.0,25.6,2,estresada,propagada,-68,,estresada
maceta-sim,3157,4,sim-1.0,1791227700,19.2,71.0,1324,1193.0,36.0,2894,2346.0,,1014,942.0,25.5,2,estresada,propagada,-65,,estresada
maceta-sim,3158,4,sim-1.0,1791228000,19.0,73.0,1459,1301.0,39.0,2881,2337.0,,1013,940.0,25.1,2,estresada,propagada,-77,,estresada
maceta-sim,3159,4,sim-1.0,1791228300,19.6,75.0,1344,1209.0,37.0,2876,2333.0,,1020,945.0,25.3,2,estresada,propagada,-72,,estresada
maceta-sim,3160,4,sim-1.0,1791228600,19.6,71.0,1399,1253.0,38.0,2914,2360.0,,1022,949.0,25.4,2,estresada,propagada,-73,,estresada
maceta-sim,3161,4,sim-1.0,1791228900,19.4,73.0,1395,1250.0,38.0,2890,2343.0,,1018,942.0,25.5,2,estresada,manual,-74,,estresada
maceta-sim,3162,4,sim-1.0,1791229200,19.2,72.0,1183,1080.0,33.0,2893,2345.0,,1015,942.0,25.2,2,estresada,propagada,-77,,estresada
maceta-sim,3163,4,sim-1.0,1791229500,19.5,72.0,1288,1164.0,35.0,2897,2348.0,,1025,952.0,25.2,2,estresada,propagada,-79,,estresada
maceta-sim,3164,4,sim-1.0,1791229800,19.9,74.0,1304,1177.0,36.0,2921,2365.0,,1024,950.0,25.3,2,estresada,propagada,-70,,estresada
maceta-sim,3165,4,sim-1.0,1791230100,19.5,69.0,1117,1027.0,31.0,2909,2356.0,,1022,947.0,25.3,2,estresada,propagada,-68,,estresada
maceta-sim,3166,4,sim-1.0,1791230400,19.7,69.0,1047,971.0,29.0,2891,2344.0,,1024,948.0,25.5,2,estresada,propagada,-76,,estresada
maceta-sim,3167,4,sim-1.0,1791230700,19.9,74.0,1073,992.0,30.0,2911,2358.0,,1025,950.0,25.6,2,estresada,propagada,-66,,estresada
maceta-sim,3168,4,sim-1.0,1791231000,19.3,73.0,1112,1023.0,31.0,2897,2348.0,,1017,943.0,25.5,2,estresada,propagada,-77,,estresada
maceta-sim,3169,4,sim-1.0,1791231300,19.3,72.0,1068,988.0,30.0,2903,2352.0,,1017,945.0,25.7,2,estresada,propagada,-69,,estresada
maceta-sim,3170,4,sim-1.0,1791231600,19.5,71.0,1078,996.0,30.0,2921,2365.0,,1021,947.0,25.5,2,estresada,propagada,-79,,estresada
maceta-sim,3171,4,sim-1.0,1791231900,20.1,71.0,1046,970.0,29.0,2921,2365.0,,1031,956.0,25.7,2,estresada,propagada,-74,,estresada
maceta-sim,3172,4,sim-1.0,1791232200,19.6,72.0,891,847.0,26.0,2909,2356.0,,1019,945.0,25.3,2,estresada,propagada,-64,,estresada
maceta-sim,3173,4,sim-1.0,1791232500,19.2,72.0,833,801.0,24.0,2916,2361.0,,1016,942.0,25.0,2,estresada,propagada,-74,,estresada
maceta-sim,3174,4,sim-1.0,1791232800,19.3,73.0,822,792.0,24.0,2927,2369.0,,1018,942.0,25.0,2,estresada,propagada,-73,,estresada
maceta-sim,3175,4,sim-1.0,1791233100,19.8,72.0,845,810.0,25.0,2917,2362.0,,1022,949.0,25.6,2,estresada,propagada,-70,,estresada
maceta-sim,3176,4,sim-1.0,1791233400,19.3,75.0,853,817.0,25.0,2917,2362.0,,1014,940.0,25.5,2,estresada,propagada,-75,,estresada
maceta-sim,3177,4,sim-1.0,1791233700,19.3,74.0,812,784.0,24.0,2914,2360.0,,1013,940.0,25.4,2,estresada,propagada,-70,,estresada
maceta-sim,3178,4,sim-1.0,1791234000,19.0,76.0,686,684.0,21.0,2924,2367.0,,1012,938.0,25.3,2,estresada,propagada,-73,,estresada
maceta-sim,3179,4,sim-1.0,1791234300,19.1,75.0,748,733.0,22.0,2920,2364.0,,1017,943.0,25.3,2,estresada,propagada,-72,,estresada
maceta-sim,3180,4,sim-1.0,1791234600,19.2,72.0,618,630.0,19.0,2939,2377.0,,1010,937.0,25.2,2,estresada,propagada,-71,,estresada
maceta-sim,3181,4,sim-1.0,1791234900,18.7,74.0,615,627.0,19.0,2923,2366.0,,1014,937.0,25.4,2,estresada,propagada,-73,,estresada
maceta-sim,3182,4,sim-1.0,1791235200,19.0,73.0,592,609.0,18.0,2947,2383.0,,1009,937.0,25.1,2,estresada,propagada,-72,,estresada
maceta-sim,3183,4,sim-1.0,1791235500,18.9,75.0,552,577.0,17.0,2934,2374.0,,1011,937.0,25.1,2,estresada,propagada,-73,,estresada
maceta-sim,3184,4,sim-1.0,1791235800,19.0,76.0,492,529.0,16.0,2939,2377.0,,1012,938.0,25.1,2,estresada,propagada,-76,,estresada
maceta-sim,3185,4,sim-1.0,1791236100,19.2,71.0,441,489.0,15.0,2929,2370.0,,1007,936.0,25.5,2,estresada,propagada,-69,,estresada
maceta-sim,3186,4,sim-1.0,1791236400,18.5,77.0,438,486.0,15.0,2937,2376.0,,1001,927.0,25.3,2,estresada,propagada,-76,,estresada
maceta-sim,3187,4,sim-1.0,1791236700,19.4,74.0,353,419.0,13.0,2933,2373.0,,1017,944.0,25.4,2,estresada,propagada,-70,,estresada
maceta-sim,3188,4,sim-1.0,1791237000,18.8,76.0,302,378.0,11.0,2939,2377.0,,1016,943.0,25.6,2,estresada,propagada,-71,,estresada
maceta-sim,3189,4,sim-1.0,1791237300,19.0,73.0,296,373.0,11.0,2956,2389.0,,1007,934.0,25.4,2,estresada,propagada,-72,,estresada
maceta-sim,3190,4,sim-1.0,1791237600,18.4,74.0,267,350.0,11.0,2947,2383.0,,1009,936.0,25.1,2,estresada,propagada,-69,,estresada
maceta-sim,3191,4,sim-1.0,1791237900,19.3,72.0,215,309.0,9.0,2943,2380.0,,1019,946.0,25.7,2,estresada,propagada,-72,,estresada
maceta-sim,3192,4,sim-1.0,1791238200,18.9,73.0,161,266.0,8.0,2949,2384.0,,1003,932.0,25.5,2,estresada,propagada,-72,,estresada
maceta-sim,3193,4,sim-1.0,1791238500,18.4,75.0,140,249.0,8.0,2950,2385.0,,1001,930.0,25.0,2,estresada,propagada,-71,,estresada
maceta-sim,3194,4,sim-1.0,1791238800,18.8,74.0,96,214.0,6.0,2957,2390.0,,1010,937.0,25.0,2,estresada,propagada,-75,,estresada
maceta-sim,3195,4,sim-1.0,1791239100,18.8,72.0,52,179.0,5.0,2957,2390.0,,1008,934.0,25.2,2,estresada,propagada,-70,,estresada
maceta-sim,3196,4,sim-1.0,1791239400,18.6,73.0,9,145.0,4.0,2961,2393.0,,1006,934.0,25.2,2,estresada,propagada,-69,,estresada
maceta-sim,3197,4,sim-1.0,1791239700,18.4,75.0,9,145.0,4.0,2961,2393.0,,1007,934.0,24.9,2,estresada,propagada,-75,,estresada
maceta-sim,3198,4,sim-1.0,1791240000,19.1,75.0,12,147.0,4.0,2940,2378.0,,1009,937.0,25.4,2,estresada,propagada,-70,,estresada
maceta-sim,3199,4,sim-1.0,1791240300,17.8,74.0,9,145.0,4.0,2944,2381.0,,996,923.0,24.9,2,estresada,propagada,-67,,estresada
maceta-sim,3200,4,sim-1.0,1791240600,18.1,77.0,9,145.0,4.0,2954,2388.0,,999,929.0,25.1,2,estresada,propagada,-69,,estresada
maceta-sim,3201,4,sim-1.0,1791240900,18.2,73.0,9,145.0,4.0,2957,2390.0,,1006,931.0,24.8,2,estresada,propagada,-67,,estresada
maceta-sim,3202,4,sim-1.0,1791241200,19.3,74.0,8,144.0,4.0,2961,2393.0,,1011,939.0,25.3,2,estresada,propagada,-70,,estresada
maceta-sim,3203,4,sim-1.0,1791241500,18.2,74.0,9,145.0,4.0,2971,2400.0,,1004,930.0,25.1,2,estresada,propagada,-74,,estresada
maceta-sim,3204,4,sim-1.0,1791241800,18.1,77.0,12,147.0,4.0,2964,2395.0,,1000,928.0,25.3,2,estresada,propagada,-74,,estresada
maceta-sim,3205,4,sim-1.0,1791242100,18.1,76.0,12,147.0,4.0,2961,2393.0,,996,926.0,25.1,2,estresada,propagada,-76,,estresada
maceta-sim,3206,4,sim-1.0,1791242400,18.1,74.0,12,147.0,4.0,2964,2395.0,,999,927.0,25.1,2,estresada,propagada,-68,,estresada
maceta-sim,3207,4,sim-1.0,1791242700,18.3,74.0,9,145.0,4.0,2951,2386.0,,1002,928.0,25.0,2,estresada,propagada,-70,,estresada
maceta-sim,3208,4,sim-1.0,1791243000,,,9,145.0,4.0,2971,2400.0,,1000,927.0,25.2,2,estresada,propagada,-80,dht_sin_respuesta,estresada
maceta-sim,3209,4,sim-1.0,1791243300,17.8,78.0,8,144.0,4.0,2974,2402.0,,995,923.0,25.0,2,estresada,propagada,-78,,estresada
maceta-sim,3210,4,sim-1.0,1791243600,18.1,76.0,12,147.0,4.0,2960,2392.0,,1003,931.0,25.3,2,estresada,propagada,-70,,estresada
maceta-sim,3211,4,sim-1.0,1791243900,17.4,76.0,11,146.0,4.0,2954,2388.0,,984,914.0,24.9,2,estresada,propagada,-67,,estresada
maceta-sim,3212,4,sim-1.0,1791244200,17.7,78.0,11,146.0,4.0,2977,2404.0,,993,921.0,24.8,2,estresada,propagada,-68,,estresada
maceta-sim,3213,4,sim-1.0,1791244500,17.6,78.0,9,145.0,4.0,2974,2402.0,,994,920.0,24.9,2,estresada,propagada,-75,,estresada
maceta-sim,3214,4,sim-1.0,1791244800,17.8,77.0,11,146.0,4.0,2964,2395.0,,1002,927.0,25.2,2,estresada,propagada,-70,,estresada
maceta-sim,3215,4,sim-1.0,1791245100,17.6,77.0,12,147.0,4.0,2963,2394.0,,998,926.0,24.8,2,estresada,propagada,-72,,estresada
maceta-sim,3216,4,sim-1.0,1791245400,17.2,76.0,11,146.0,4.0,2999,2419.0,,988,916.0,25.4,2,estresada,propagada,-68,,estresada
maceta-sim,3217,4,sim-1.0,1791245700,17.5,77.0,11,146.0,4.0,2967,2397.0,,984,914.0,24.9,2,estresada,propagada,-72,,estresada
maceta-sim,3218,4,sim-1.0,1791246000,17.1,78.0,9,145.0,4.0,2970,2399.0,,986,916.0,24.5,2,estresada,propagada,-71,,estresada
maceta-sim,3219,4,sim-1.0,1791246300,17.8,74.0,8,144.0,4.0,2976,2403.0,,997,925.0,25.1,2,estresada,propagada,-70,,estresada
maceta-sim,3220,4,sim-1.0,1791246600,16.9,78.0,11,146.0,4.0,2973,2401.0,,987,915.0,24.7,2,estresada,propagada,-71,,estresada
maceta-sim,3221,4,sim-1.0,1791246900,17.6,76.0,8,144.0,4.0,2993,2415.0,,1002,927.0,25.0,2,estresada,propagada,-71,,estresada
maceta-sim,3222,4,sim-1.0,1791247200,16.9,78.0,8,144.0,4.0,2973,2401.0,,986,915.0,24.5,2,estresada,propagada,-72,,estresada
maceta-sim,3223,4,sim-1.0,1791247500,17.0,76.0,9,145.0,4.0,2973,2401.0,,987,914.0,24.9,2,estresada,propagada,-70,,estresada
maceta-sim,3224,4,sim-1.0,1791247800,17.1,78.0,9,145.0,4.0,2987,2411.0,,986,914.0,24.9,2,estresada,propagada,-69,,estresada
maceta-sim,3225,4,sim-1.0,1791248100,16.9,80.0,8,144.0,4.0,3006,2424.0,,989,919.0,24.8,2,estresada,propagada,-74,,estresada
maceta-sim,3226,4,sim-1.0,1791248400,16.1,80.0,8,144.0,4.0,2980,2406.0,,978,906.0,24.5,2,estresada,propagada,-77,,estresada
maceta-sim,3227,4,sim-1.0,1791248700,16.5,77.0,12,147.0,4.0,2983,2408.0,,976,907.0,24.5,2,estresada,propagada,-73,,estresada
maceta-sim,3228,4,sim-1.0,1791249000,16.7,80.0,11,146.0,4.0,2969,2398.0,,979,911.0,24.7,2,estresada,propagada,-73,,estresada
maceta-sim,3229,4,sim-1.0,1791249300,16.5,78.0,11,146.0,4.0,2981,2407.0,,978,908.0,24.7,2,estresada,propagada,-77,,estresada
maceta-sim,3230,4,sim-1.0,1791249600,16.5,81.0,12,147.0,4.0,2964,2395.0,,979,908.0,24.7,2,estresada,propagada,-76,,estresada
maceta-sim,3231,4,sim-1.0,1791249900,16.1,78.0,8,144.0,4.0,2981,2407.0,,974,903.0,24.8,2,estresada,propagada,-68,,estresada
maceta-sim,3232,4,sim-1.0,1791250200,17.0,81.0,12,147.0,4.0,2989,2412.0,,985,917.0,24.8,2,estresada,propagada,-71,,estresada
maceta-sim,3233,4,sim-1.0,1791250500,16.3,79.0,8,144.0,4.0,2979,2405.0,,975,904.0,24.6,2,estresada,propagada,-75,,estresada
maceta-sim,3234,4,sim-1.0,1791250800,16.4,81.0,9,145.0,4.0,2993,2415.0,,982,911.0,24.6,2,estresada,propagada,-71,,estresada
maceta-sim,3235,4,sim-1.0,1791251100,16.4,80.0,11,146.0,4.0,2997,2418.0,,976,906.0,24.2,2,estresada,propagada,-76,,estresada
maceta-sim,3236,4,sim-1.0,1791251400,16.3,81.0,8,144.0,4.0,2999,2419.0,,977,907.0,24.8,2,estresada,propagada,-75,,estresada
maceta-sim,3237,4,sim-1.0,1791251700,16.4,79.0,9,145.0,4.0,3000,2420.0,,981,908.0,24.9,2,estresada,propagada,-78,,estresada
maceta-sim,3238,4,sim-1.0,1791252000,15.8,79.0,9,145.0,4.0,2997,2418.0,,977,905.0,24.5,2,estresada,propagada,-72,,estresada
maceta-sim,3239,4,sim-1.0,1791252300,16.2,78.0,11,146.0,4.0,2991,2414.0,,972,901.0,24.6,2,estresada,propagada,-67,,estresada
maceta-sim,3240,4,sim-1.0,1791252600,16.3,80.0,11,146.0,4.0,3004,2423.0,,976,908.0,24.7,2,estresada,propagada,-75,,estresada
maceta-sim,3241,4,sim-1.0,1791252900,16.2,81.0,11,146.0,4.0,2994,2416.0,,981,908.0,24.5,2,estresada,propagada,-73,,estresada
maceta-sim,3242,4,sim-1.0,1791253200,15.4,80.0,8,144.0,4.0,3007,2425.0,,965,895.0,24.1,2,estresada,propagada,-74,,estresada
maceta-sim,3243,4,sim-1.0,1791253500,16.3,81.0,9,145.0,4.0,3004,2423.0,,980,910.0,24.5,2,estresada,propagada,-67,,estresada
maceta-sim,3244,4,sim-1.0,1791253800,16.1,81.0,12,147.0,4.0,2994,2416.0,,975,904.0,24.8,2,estresada,propagada,-73,,estresada
maceta-sim,3245,4,sim-1.0,1791254100,16.2,80.0,9,145.0,4.0,3014,2430.0,,978,907.0,24.9,2,estresada,propagada,-75,,estresada
maceta-sim,3246,4,sim-1.0,1791254400,15.3,80.0,9,145.0,4.0,3006,2424.0,,962,893.0,24.3,2,estresada,propagada,-74,,estresada
maceta-sim,3247,4,sim-1.0,1791254700,15.5,81.0,8,144.0,4.0,3007,2425.0,,967,898.0,24.4,2,estresada,propagada,-70,,estresada
maceta-sim,3248,4,sim-1.0,1791255000,15.5,85.0,12,147.0,4.0,3011,2428.0,,968,899.0,24.7,2,estresada,propagada,-72,,estresada
maceta-sim,3249,4,sim-1.0,1791255300,15.2,83.0,11,146.0,4.0,3014,2430.0,,970,901.0,24.3,2,estresada,propagada,-67,,estresada
maceta-sim,3250,4,sim-1.0,1791255600,20.1,53.0,11,146.0,4.0,3010,2427.0,,1026,950.0,25.7,2,estresada,propagada,-77,,estresada
maceta-sim,3251,4,sim-1.0,1791255900,19.7,57.0,9,145.0,4.0,3019,2433.0,,1020,947.0,25.3,2,estresada,propagada,-76,,estresada
maceta-sim,3252,4,sim-1.0,1791256200,19.5,58.0,12,147.0,4.0,2999,2419.0,,1014,939.0,25.4,2,estresada,propagada,-75,,estresada
maceta-sim,3253,4,sim-1.0,1791256500,19.5,58.0,11,146.0,4.0,3000,2420.0,,1021,947.0,25.4,2,estresada,propagada,-76,,estresada
maceta-sim,3254,4,sim-1.0,1791256800,19.6,56.0,8,144.0,4.0,3026,2438.0,,1019,946.0,25.2,2,estresada,propagada,-73,,estresada
maceta-sim,3255,4,sim-1.0,1791257100,20.0,55.0,9,145.0,4.0,3023,2436.0,,1025,949.0,25.2,2,estresada,propagada,-76,,estresada
maceta-sim,3256,4,sim-1.0,1791257400,19.4,55.0,11,146.0,4.0,3003,2422.0,,1023,947.0,25.4,2,estresada,propagada,-73,,estresada
maceta-sim,3257,4,sim-1.0,1791257700,18.5,57.0,12,147.0,4.0,3003,2422.0,,1003,932.0,25.2,2,estresada,propagada,-78,,estresada
maceta-sim,3258,4,sim-1.0,1791258000,19.1,57.0,11,146.0,4.0,3017,2432.0,,1015,942.0,25.5,2,estresada,propagada,-72,,estresada
maceta-sim,3259,4,sim-1.0,1791258300,19.4,58.0,9,145.0,4.0,3019,2433.0,,1015,944.0,25.4,2,estresada,propagada,-76,,estresada
maceta-sim,3260,4,sim-1.0,1791258600,19.5,54.0,9,145.0,4.0,3006,2424.0,,1015,943.0,25.2,2,estresada,propagada,-77,,estresada
maceta-sim,3261,4,sim-1.0,1791258900,18.6,60.0,11,146.0,4.0,3029,2440.0,,1006,935.0,25.0,2,estresada,propagada,-74,,estresada
maceta-sim,3262,4,sim-1.0,1791259200,18.8,58.0,8,144.0,4.0,3026,2438.0,,1004,931.0,25.3,2,estresada,propagada,-70,,estresada
maceta-sim,3263,4,sim-1.0,1791259500,18.3,59.0,8,144.0,4.0,3021,2435.0,,1010,935.0,25.1,2,estresada,propagada,-73,,estresada
maceta-sim,3264,4,sim-1.0,1791259800,18.8,56.0,9,145.0,4.0,3036,2445.0,,1012,939.0,25.3,2,estresada,propagada,-63,,estresada
maceta-sim,3265,4,sim-1.0,1791260100,18.9,58.0,11,146.0,4.0,3017,2432.0,,1011,937.0,25.1,2,estresada,propagada,-71,,estresada
maceta-sim,3266,4,sim-1.0,1791260400,18.5,61.0,12,147.0,4.0,3039,2447.0,,1006,933.0,25.2,2,estresada,propagada,-73,,estresada
maceta-sim,3267,4,sim-1.0,1791260700,19.2,58.0,12,147.0,4.0,3020,2434.0,,1014,941.0,25.7,2,estresada,propagada,-74,,estresada
maceta-sim,3268,4,sim-1.0,1791261000,18.7,57.0,12,147.0,4.0,3031,2442.0,,1003,931.0,25.2,2,estresada,propagada,-72,,estresada
maceta-sim,3269,4,sim-1.0,1791261300,18.6,60.0,9,145.0,4.0,3033,2443.0,,998,928.0,25.1,2,estresada,propagada,-68,,estresada
maceta-sim,3270,4,sim-1.0,1791261600,18.4,56.0,12,147.0,4.0,3040,2448.0,,1000,927.0,25.0,2,estresada,propagada,-72,,estresada
maceta-sim,3271,4,sim-1.0,1791261900,18.3,61.0,12,147.0,4.0,3049,2454.0,,1005,932.0,25.0,2,estresada,propagada,-74,,estresada
maceta-sim,3272,4,sim-1.0,1791262200,18.0,60.0,9,145.0,4.0,3036,2445.0,,996,922.0,25.0,2,estresada,propagada,-72,,estresada
maceta-sim,3273,4,sim-1.0,1791262500,17.8,62.0,11,146.0,4.0,3046,2452.0,,994,924.0,24.7,2,estresada,propagada,-77,,estresada
maceta-sim,3274,4,sim-1.0,1791262800,18.1,57.0,9,145.0,4.0,3037,2446.0,,1007,934.0,25.2,2,estresada,propagada,-80,,estresada
maceta-sim,3275,4,sim-1.0,1791263100,17.9,62.0,9,145.0,4.0,3021,2435.0,,1002,926.0,24.9,2,estresada,propagada,-71,,estresada
maceta-sim,3276,4,sim-1.0,1791263400,17.4,59.0,11,146.0,4.0,3034,2444.0,,993,921.0,25.0,2,estresada,propagada,-75,,estresada
maceta-sim,3277,4,sim-1.0,1791263700,18.1,59.0,12,147.0,4.0,3047,2453.0,,999,926.0,25.3,2,estresada,propagada,-68,,estresada
maceta-sim,3278,4,sim-1.0,1791264000,17.7,60.0,11,146.0,4.0,3049,2454.0,,1000,927.0,25.0,2,estresada,propagada,-72,,estresada
maceta-sim,3279,4,sim-1.0,1791264300,18.2,59.0,8,144.0,4.0,3043,2450.0,,1002,928.0,25.3,2,estresada,propagada,-72,,estresada
maceta-sim,3280,4,sim-1.0,1791264600,17.7,61.0,8,144.0,4.0,3049,2454.0,,1000,926.0,24.8,2,estresada,propagada,-76,,estresada
maceta-sim,3281,4,sim-1.0,1791264900,18.0,61.0,9,145.0,4.0,3043,2450.0,,1001,928.0,25.1,2,estresada,propagada,-69,,estresada
maceta-sim,3282,4,sim-1.0,1791265200,17.9,60.0,9,145.0,4.0,3050,2455.0,,1001,927.0,25.0,2,estresada,propagada,-69,,estresada
maceta-sim,3283,4,sim-1.0,1791265500,17.4,59.0,12,147.0,4.0,3050,2455.0,,992,923.0,24.7,2,estresada,propagada,-69,,estresada
maceta-sim,3284,4,sim-1.0,1791265800,17.3,59.0,11,146.0,4.0,3034,2444.0,,992,919.0,24.8,2,estresada,propagada,-65,,estresada
maceta-sim,3285,4,sim-1.0,1791266100,17.3,60.0,12,147.0,4.0,3060,2462.0,,991,919.0,24.6,2,estresada,propagada,-71,,estresada
maceta-sim,3286,4,sim-1.0,1791266400,17.6,62.0,12,147.0,4.0,3069,2468.0,,995,924.0,24.7,2,estresada,propagada,-69,,estresada
maceta-sim,3287,4,sim-1.0,1791266700,17.7,62.0,11,146.0,4.0,3054,2458.0,,991,921.0,24.9,2,estresada,propagada,-70,,estresada
maceta-sim,3288,4,sim-1.0,1791267000,17.5,61.0,8,144.0,4.0,3054,2458.0,,987,915.0,24.8,2,estresada,propagada,-75,,estresada
maceta-sim,3289,4,sim-1.0,1791267300,,,9,145.0,4.0,3050,2455.0,,998,927.0,25.0,2,estresada,propagada,-79,dht_sin_respuesta,estresada
maceta-sim,3290,4,sim-1.0,1791267600,17.3,60.0,11,146.0,4.0,3034,2444.0,,995,921.0,25.0,2,estresada,propagada,-67,,estresada
maceta-sim,3291,4,sim-1.0,1791267900,17.3,62.0,8,144.0,4.0,3071,2470.0,,990,920.0,24.7,2,estresada,propagada,-71,,estresada
maceta-sim,3292,4,sim-1.0,1791268200,17.8,62.0,12,147.0,4.0,3061,2463.0,,993,922.0,24.6,2,estresada,propagada,-71,,estresada
maceta-sim,3293,4,sim-1.0,1791268500,17.8,63.0,11,146.0,4.0,3061,2463.0,,993,921.0,25.1,2,estresada,propagada,-74,,estresada
maceta-sim,3294,4,sim-1.0,1791268800,17.1,63.0,12,147.0,4.0,3047,2453.0,,986,916.0,24.9,2,estresada,propagada,-71,,estresada
maceta-sim,3295,4,sim-1.0,1791269100,17.1,62.0,8,144.0,4.0,3053,2457.0,,991,921.0,24.7,2,estresada,propagada,-69,,estresada
maceta-sim,3296,4,sim-1.0,1791269400,17.5,61.0,12,147.0,4.0,3049,2454.0,,989,918.0,24.9,2,estresada,propagada,-71,,estresada
maceta-sim,3297,4,sim-1.0,1791269700,17.7,59.0,11,146.0,4.0,3066,2466.0,,995,924.0,25.1,2,estresada,propagada,-72,,estresada
maceta-sim,3298,4,sim-1.0,1791270000,17.2,61.0,12,147.0,4.0,3050,2455.0,,983,912.0,24.6,2,estresada,propagada,-68,,estresada
maceta-sim,3299,4,sim-1.0,1791270300,18.1,59.0,8,144.0,4.0,3064,2465.0,,997,923.0,25.0,2,estresada,propagada,-72,,estresada
maceta-sim,3300,4,sim-1.0,1791270600,18.0,58.0,8,144.0,4.0,3066,2466.0,,1002,928.0,25.3,2,estresada,propagada,-71,,estresada
maceta-sim,3301,4,sim-1.0,1791270900,17.5,61.0,8,144.0,4.0,3057,2460.0,,991,921.0,25.2,2,estresada,propagada,-72,,estresada
maceta-sim,3302,4,sim-1.0,1791271200,16.8,63.0,12,147.0,4.0,3063,2464.0,,980,909.0,24.6,2,estresada,propagada,-72,,estresada
maceta-sim,3303,4,sim-1.0,1791271500,17.3,60.0,11,146.0,4.0,3077,2474.0,,992,919.0,25.0,2,estresada,propagada,-78,,estresada
maceta-sim,3304,4,sim-1.0,1791271800,17.7,62.0,11,146.0,4.0,3084,2479.0,,992,918.0,25.3,2,estresada,propagada,-78,,estresada
maceta-sim,3305,4,sim-1.0,1791272100,17.6,62.0,8,144.0,4.0,3059,2461.0,,995,922.0,24.9,2,estresada,propagada,-70,,estresada
maceta-sim,3306,4,sim-1.0,1791272400,17.5,58.0,11,146.0,4.0,3057,2460.0,,990,916.0,25.1,2,estresada,propagada,-70,,estresada
maceta-sim,3307,4,sim-1.0,1791272700,17.4,63.0,12,147.0,4.0,3064,2465.0,,994,922.0,25.1,2,estresada,propagada,-70,,estresada
maceta-sim,3308,4,sim-1.0,1791273000,18.0,61.0,8,144.0,4.0,3083,2478.0,,1004,932.0,25.2,2,estresada,propagada,-77,,estresada
maceta-sim,3309,4,sim-1.0,1791273300,17.5,62.0,8,144.0,4.0,3057,2460.0,,991,919.0,24.8,2,estresada,propagada,-71,,estresada
maceta-sim,3310,4,sim-1.0,1791273600,18.0,60.0,8,144.0,4.0,3064,2465.0,,997,925.0,25.2,2,estresada,propagada,-75,,estresada
maceta-sim,3311,4,sim-1.0,1791273900,17.7,60.0,8,144.0,4.0,3069,2468.0,,995,924.0,25.0,2,estresada,propagada,-72,,estresada
maceta-sim,3312,4,sim-1.0,1791274200,18.3,61.0,9,145.0,4.0,3084,2479.0,,1003,931.0,25.3,2,estresada,propagada,-82,,estresada
maceta-sim,3313,4,sim-1.0,1791274500,18.0,58.0,12,147.0,4.0,3087,2481.0,,997,927.0,25.0,2,estresada,propagada,-71,,estresada
maceta-sim,3314,4,sim-1.0,1791274800,17.9,60.0,12,147.0,4.0,3060,2462.0,,995,920.0,25.2,2,estresada,propagada,-74,,estresada
maceta-sim,3315,4,sim-1.0,1791275100,18.2,59.0,12,147.0,4.0,3067,2467.0,,1006,933.0,25.3,2,estresada,propagada,-70,,estresada
maceta-sim,3316,4,sim-1.0,1791275400,18.1,59.0,11,146.0,4.0,3083,2478.0,,1002,929.0,25.4,2,estresada,propagada,-70,,estresada
maceta-sim,3317,4,sim-1.0,1791275700,17.9,61.0,12,147.0,4.0,3089,2482.0,,995,924.0,24.4,2,estresada,propagada,-71,,estresada
maceta-sim,3318,4,sim-1.0,1791276000,18.0,59.0,11,146.0,4.0,3109,2496.0,,999,926.0,24.7,2,estresada,propagada,-73,,estresada
maceta-sim,3319,4,sim-1.0,1791276300,18.2,57.0,8,144.0,4.0,3081,2477.0,,1003,930.0,25.1,2,estresada,propagada,-67,,estresada
maceta-sim,3320,4,sim-1.0,1791276600,17.9,58.0,12,147.0,4.0,3091,2484.0,,1000,927.0,25.1,2,estresada,propagada,-75,,estresada
maceta-sim,3321,4,sim-1.0,1791276900,18.5,59.0,9,145.0,4.0,3083,2478.0,,1001,928.0,25.1,2,estresada,propagada,-67,,estresada
maceta-sim,3322,4,sim-1.0,1791277200,17.7,61.0,11,146.0,4.0,3094,2486.0,,994,921.0,24.9,2,estresada,propagada,-73,,estresada
maceta-sim,3323,4,sim-1.0,1791277500,17.9,59.0,8,144.0,4.0,3101,2491.0,,994,920.0,24.8,2,estresada,propagada,-73,,estresada
maceta-sim,3324,4,sim-1.0,1791277800,18.5,60.0,11,146.0,4.0,3093,2485.0,,1009,934.0,25.1,2,estresada,propagada,-73,,estresada
maceta-sim,3325,4,sim-1.0,1791278100,18.2,57.0,8,144.0,4.0,3106,2494.0,,996,926.0,25.0,2,estresada,propagada,-69,,estresada
maceta-sim,3326,4,sim-1.0,1791278400,18.2,60.0,9,145.0,4.0,3097,2488.0,,1004,933.0,24.9,2,estresada,propagada,-68,,estresada
maceta-sim,3327,4,sim-1.0,1791278700,18.6,61.0,8,144.0,4.0,3081,2477.0,,1005,933.0,25.0,2,estresada,propagada,-72,,estresada
maceta-sim,3328,4,sim-1.0,1791279000,18.2,60.0,11,146.0,4.0,3089,2482.0,,1008,932.0,24.9,2,estresada,propagada,-73,,estresada
maceta-sim,3329,4,sim-1.0,1791279300,18.2,56.0,91,210.0,6.0,3096,2487.0,,997,926.0,25.4,2,estresada,propagada,-71,,estresada
maceta-sim,3330,4,sim-1.0,1791279600,18.5,59.0,190,289.0,9.0,3110,2497.0,,1005,930.0,25.1,2,estresada,propagada,-68,,estresada
maceta-sim,3331,4,sim-1.0,1791279900,18.6,59.0,264,348.0,11.0,3097,2488.0,,1009,935.0,25.1,2,estresada,propagada,-71,,estresada
maceta-sim,3332,4,sim-1.0,1791280200,18.8,59.0,363,427.0,13.0,3094,2486.0,,1008,935.0,25.3,2,estresada,propagada,-71,,estresada
maceta-sim,3333,4,sim-1.0,1791280500,19.0,55.0,424,475.0,14.0,3090,2483.0,,1016,943.0,25.5,2,estresada,propagada,-73,,estresada
maceta-sim,3334,4,sim-1.0,1791280800,19.1,59.0,531,560.0,17.0,3104,2493.0,,1014,942.0,25.3,2,estresada,propagada,-70,,estresada
maceta-sim,3335,4,sim-1.0,1791281100,18.9,59.0,598,614.0,19.0,3091,2484.0,,1010,937.0,24.8,2,estresada,propagada,-75,,estresada
maceta-sim,3336,4,sim-1.0,1791281400,18.9,59.0,730,719.0,22.0,3090,2483.0,,1008,936.0,25.4,2,estresada,propagada,-76,,estresada
maceta-sim,3337,4,sim-1.0,1791281700,19.5,56.0,734,722.0,22.0,3096,2487.0,,1025,951.0,25.4,2,estresada,propagada,-77,,estresada
maceta-sim,3338,4,sim-1.0,1791282000,19.1,56.0,861,823.0,25.0,3116,2501.0,,1013,941.0,25.3,2,estresada,propagada,-71,,estresada
maceta-sim,3339,4,sim-1.0,1791282300,19.4,53.0,847,812.0,25.0,3120,2504.0,,1010,937.0,25.1,2,estresada,propagada,-69,,estresada
maceta-sim,3340,4,sim-1.0,1791282600,19.4,55.0,1098,1012.0,31.0,3124,2507.0,,1013,939.0,25.4,2,estresada,propagada,-72,,estresada
maceta-sim,3341,4,sim-1.0,1791282900,19.6,58.0,1034,961.0,29.0,3119,2503.0,,1022,948.0,25.6,2,estresada,propagada,-72,,estresada
maceta-sim,3342,4,sim-1.0,1791283200,19.7,57.0,1266,1146.0,35.0,3114,2500.0,,1025,953.0,25.2,2,estresada,propagada,-75,,estresada
maceta-sim,3343,4,sim-1.0,1791283500,19.5,54.0,1357,1219.0,37.0,3110,2497.0,,1019,945.0,25.5,2,estresada,propagada,-64,,estresada
maceta-sim,3344,4,sim-1.0,1791283800,19.8,55.0,1389,1245.0,38.0,3094,2486.0,,1021,948.0,25.6,2,estresada,propagada,-67,,estresada
maceta-sim,3345,4,sim-1.0,1791284100,19.5,56.0,1549,1373.0,42.0,3123,2506.0,,1022,947.0,25.7,2,estresada,propagada,-76,,estresada
maceta-sim,3346,4,sim-1.0,1791284400,20.1,53.0,1465,1306.0,40.0,3117,2502.0,,1023,951.0,25.6,2,estresada,propagada,-71,,estresada
maceta-sim,3347,4,sim-1.0,1791284700,19.6,57.0,1535,1362.0,41.0,3111,2498.0,,1019,946.0,25.4,2,estresada,propagada,-69,,estresada
maceta-sim,3348,5,sim-1.0,,20.0,54.0,1692,1489.0,45.0,3124,2507.0,,1023,951.0,25.4,2,estresada,propagada,-74,hora_sin_sincronizar,estresada
maceta-sim,3349,5,sim-1.0,1791285300,20.4,55.0,1625,1434.0,43.0,3116,2501.0,,1034,961.0,25.3,2,estresada,propagada,-70,,estresada
maceta-sim,3350,5,sim-1.0,1791285600,19.8,53.0,1804,1576.0,48.0,3110,2497.0,,1020,947.0,25.6,2,estresada,propagada,-73,,estresada
maceta-sim,3351,5,sim-1.0,1791285900,20.4,55.0,2029,1738.0,53.0,3126,2508.0,,1028,955.0,25.7,2,estresada,propagada,-77,,estresada
maceta-sim,3352,5,sim-1.0,1791286200,20.3,52.0,1965,1695.0,51.0,3123,2506.0,,1024,950.0,25.7,2,estresada,propagada,-71,,estresada
maceta-sim,3353,5,sim-1.0,1791286500,20.6,55.0,1993,1714.0,52.0,3134,2514.0,,1032,957.0,25.6,2,estresada,propagada,-71,,estresada
maceta-sim,3354,5,sim-1.0,1791286800,20.1,54.0,1995,1715.0,52.0,3134,2514.0,,1030,954.0,25.3,2,estresada,propagada,-66,,estresada
maceta-sim,3355,5,sim-1.0,1791287100,20.5,55.0,2427,2005.0,61.0,3120,2504.0,,1025,951.0,25.3,2,estresada,propagada,-71,,estresada
maceta-sim,3356,5,sim-1.0,1791287400,21.0,51.0,2488,2046.0,62.0,3121,2505.0,,1041,963.0,25.9,2,estresada,propagada,-71,,estresada
maceta-sim,3357,5,sim-1.0,1791287700,20.8,53.0,2607,2126.0,64.0,3121,2505.0,,1035,958.0,25.6,2,estresada,propagada,-71,,estresada
maceta-sim,3358,5,sim-1.0,1791288000,21.3,51.0,2749,2221.0,67.0,3121,2505.0,,1043,967.0,25.8,2,estresada,propagada,-65,,estresada
maceta-sim,3359,5,sim-1.0,1791288300,20.9,54.0,2762,2230.0,68.0,3134,2514.0,,1040,964.0,25.8,2,estresada,propagada,-70,,estresada
maceta-sim,3360,5,sim-1.0,1791288600,21.4,53.0,2504,2057.0,62.0,3146,2522.0,,1045,969.0,25.4,2,estresada,propagada,-76,,estresada
maceta-sim,3361,5,sim-1.0,1791288900,21.3,49.0,2823,2271.0,69.0,3143,2520.0,,1040,964.0,25.8,2,estresada,propagada,-75,,estresada
maceta-sim,3362,5,sim-1.0,1791289200,21.2,53.0,2890,2316.0,70.0,3126,2508.0,,1045,970.0,25.7,2,estresada,propagada,-74,,estresada
maceta-sim,3363,5,sim-1.0,1791289500,21.5,52.0,3056,2427.0,74.0,3124,2507.0,,1038,966.0,25.9,2,estresada,propagada,-67,,estresada
maceta-sim,3364,5,sim-1.0,1791289800,21.6,52.0,2743,2217.0,67.0,3137,2516.0,,1050,972.0,26.1,2,estresada,propagada,-75,,estresada
maceta-sim,3365,5,sim-1.0,1791290100,21.6,50.0,2761,2229.0,68.0,3141,2519.0,,1047,970.0,26.1,2,estresada,propagada,-66,,estresada
maceta-sim,3366,5,sim-1.0,1791290400,21.9,50.0,2795,2252.0,68.0,3149,2524.0,,1052,977.0,26.2,2,estresada,propagada,-75,,estresada
maceta-sim,3367,5,sim-1.0,1791290700,21.4,50.0,3241,2551.0,77.0,3133,2513.0,,1041,965.0,26.1,2,estresada,propagada,-66,,estresada
maceta-sim,3368,5,sim-1.0,1791291000,22.3,51.0,3280,2577.0,78.0,3143,2520.0,,1053,979.0,25.9,2,estresada,propagada,-71,,estresada
maceta-sim,3369,5,sim-1.0,1791291300,22.6,46.0,3028,2408.0,73.0,3160,2532.0,,1060,983.0,25.8,2,estresada,propagada,-71,,estresada
maceta-sim,3370,5,sim-1.0,1791291600,22.2,50.0,3487,2716.0,82.0,3144,2521.0,,1050,974.0,26.3,2,estresada,propagada,-76,,estresada
maceta-sim,3371,5,sim-1.0,1791291900,21.7,52.0,3412,2666.0,81.0,3140,2518.0,,1048,971.0,26.2,2,estresada,propagada,-78,,estresada
maceta-sim,3372,5,sim-1.0,1791292200,21.8,48.0,3688,2851.0,86.0,3150,2525.0,,1042,970.0,25.9,2,estresada,propagada,-78,,estresada
maceta-sim,3373,5,sim-1.0,1791292500,22.4,50.0,3807,2931.0,89.0,3146,2522.0,,1053,976.0,26.0,2,estresada,propagada,-70,,estresada
maceta-sim,3374,5,sim-1.0,1791292800,23.0,48.0,3870,2973.0,90.0,3164,2535.0,,1059,985.0,26.2,2,estresada,propagada,-74,,estresada
maceta-sim,3375,5,sim-1.0,1791293100,22.2,49.0,4095,3124.0,95.0,3141,2519.0,,1052,976.0,25.8,2,estresada,propagada,-74,luz_saturada,estresada
maceta-sim,3376,5,sim-1.0,1791293400,23.0,46.0,3687,2850.0,86.0,3159,2531.0,,1059,983.0,26.4,2,estresada,propagada,-66,,estresada
maceta-sim,3377,5,sim-1.0,1791293700,22.7,51.0,3503,2727.0,83.0,3144,2521.0,,1058,984.0,26.4,2,estresada,propagada,-73,,estresada
maceta-sim,3378,5,sim-1.0,1791294000,23.1,46.0,3567,2770.0,84.0,3154,2528.0,,1063,988.0,26.5,2,estresada,propagada,-73,,estresada
maceta-sim,3379,5,sim-1.0,1791294300,23.4,46.0,3552,2760.0,84.0,3167,2537.0,,1071,994.0,26.3,2,estresada,propagada,-69,,estresada
maceta-sim,3380,5,sim-1.0,1791294600,23.7,47.0,3840,2953.0,89.0,3154,2528.0,,1074,998.0,26.3,2,estresada,propagada,-76,,estresada
maceta-sim,3381,5,sim-1.0,1791294900,23.2,45.0,3998,3059.0,93.0,3141,2519.0,,1062,983.0,26.3,2,estresada,propagada,-71,,estresada
maceta-sim,3382,5,sim-1.0,1791295200,23.2,47.0,3952,3028.0,92.0,3184,2549.0,,1066,988.0,26.2,2,estresada,propagada,-72,,estresada
maceta-sim,3383,5,sim-1.0,1791295500,23.3,47.0,3854,2962.0,90.0,3170,2539.0,,1071,992.0,26.5,2,estresada,propagada,-73,,estresada
maceta-sim,3384,5,sim-1.0,1791295800,23.6,45.0,3900,2993.0,91.0,3147,2523.0,,1070,990.0,26.7,2,estresada,propagada,-73,,estresada
maceta-sim,3385,5,sim-1.0,1791296100,23.9,46.0,4095,3124.0,95.0,3153,2527.0,,1078,1000.0,26.4,2,estresada,propagada,-67,luz_saturada,estresada
maceta-sim,3386,5,sim-1.0,1791296400,24.2,45.0,4095,3124.0,95.0,3164,2535.0,,1078,1000.0,26.8,2,estresada,propagada,-78,luz_saturada,estresada
maceta-sim,3387,5,sim-1.0,1791296700,24.6,42.0,3882,2981.0,90.0,3177,2544.0,,1081,1000.0,26.6,2,estresada,propagada,-76,,estresada
maceta-sim,3388,5,sim-1.0,1791297000,24.9,45.0,4095,3124.0,95.0,3163,2534.0,,1089,1009.0,26.4,2,estresada,propagada,-70,luz_saturada,estresada
maceta-sim,3389,5,sim-1.0,1791297300,24.9,42.0,4095,3124.0,95.0,3171,2540.0,,1083,1008.0,26.7,2,estresada,propagada,-71,luz_saturada,estresada
maceta-sim,3390,5,sim-1.0,1791297600,24.4,46.0,4019,3073.0,93.0,3186,2550.0,,1084,1005.0,26.2,2,estresada,propagada,-67,,estresada
maceta-sim,3391,5,sim-1.0,1791297900,24.6,43.0,4095,3124.0,95.0,3171,2540.0,,1081,1004.0,26.8,2,estresada,propagada,-70,luz_saturada,estresada
maceta-sim,3392,5,sim-1.0,1791298200,25.2,44.0,3980,3047.0,92.0,3167,2537.0,,1087,1012.0,26.7,2,estresada,propagada,-72,,estresada
maceta-sim,3393,5,sim-1.0,1791298500,24.4,44.0,4095,3124.0,95.0,3170,2539.0,,1088,1007.0,26.6,2,estresada,propagada,-76,luz_saturada,estresada
maceta-sim,3394,5,sim-1.0,1791298800,24.5,44.0,4095,3124.0,95.0,3194,2556.0,,1082,1005.0,26.9,2,estresada,propagada,-73,luz_saturada,estresada
maceta-sim,3395,5,sim-1.0,1791299100,24.8,42.0,4095,3124.0,95.0,3197,2558.0,,1085,1007.0,26.5,2,estresada,propagada,-75,luz_saturada,estresada
maceta-sim,3396,5,sim-1.0,1791299400,25.0,44.0,4089,3120.0,95.0,3193,2555.0,,1091,1011.0,26.8,2,estresada,propagada,-69,luz_saturada,estresada
maceta-sim,3397,5,sim-1.0,1791299700,24.6,44.0,4095,3124.0,95.0,3173,2541.0,,1089,1010.0,27.0,2,estresada,propagada,-72,luz_saturada,estresada
maceta-sim,3398,5,sim-1.0,1791300000,25.2,42.0,4095,3124.0,95.0,3187,2551.0,,1093,1013.0,26.8,2,estresada,propagada,-73,luz_saturada,estresada
maceta-sim,3399,5,sim-1.0,1791300300,25.4,42.0,4095,3124.0,95.0,3194,2556.0,,1097,1019.0,26.7,2,estresada,propagada,-69,luz_saturada,estresada
maceta-sim,3400,5,sim-1.0,1791300600,25.4,40.0,4095,3124.0,95.0,3194,2556.0,,1097,1015.0,26.6,2,estresada,propagada,-72,luz_saturada,estresada
maceta-sim,3401,5,sim-1.0,1791300900,25.4,42.0,4095,3124.0,95.0,3196,2557.0,,1096,1015.0,26.6,2,estresada,propagada,-69,luz_saturada,estresada
maceta-sim,3402,5,sim-1.0,1791301200,25.8,42.0,4095,3124.0,95.0,3186,2550.0,,1096,1017.0,27.2,2,estresada,propagada,-72,luz_saturada,estresada
maceta-sim,3403,5,sim-1.0,1791301500,25.7,40.0,4095,3124.0,95.0,3190,2553.0,,1099,1020.0,27.4,2,estresada,propagada,-75,luz_saturada,estresada
maceta-sim,3404,5,sim-1.0,1791301800,25.8,40.0,4095,3124.0,95.0,3199,2559.0,,1102,1024.0,27.0,2,estresada,propagada,-68,luz_saturada,estresada
maceta-sim,3405,5,sim-1.0,1791302100,25.4,40.0,4095,3124.0,95.0,3187,2551.0,,1094,1014.0,27.2,2,estresada,propagada,-69,luz_saturada,estresada
maceta-sim,3406,5,sim-1.0,1791302400,25.6,41.0,4095,3124.0,95.0,3204,2563.0,,1098,1020.0,27.0,2,estresada,propagada,-72,luz_saturada,estresada
maceta-sim,3407,5,sim-1.0,1791302700,25.8,41.0,4095,3124.0,95.0,3191,2554.0,,1097,1019.0,26.9,2,estresada,propagada,-72,luz_saturada,estresada
maceta-sim,3408,5,sim-1.0,1791303000,25.4,40.0,4095,3124.0,95.0,3203,2562.0,,1092,1016.0,26.5,2,estresada,propagada,-71,luz_saturada,estresada
maceta-sim,3409,5,sim-1.0,1791303300,25.8,43.0,4095,3124.0,95.0,3226,2578.0,,1102,1023.0,27.0,2,estresada,propagada,-72,luz_saturada,estresada
maceta-sim,3410,5,sim-1.0,1791303600,26.1,42.0,4095,3124.0,95.0,3209,2566.0,,1098,1018.0,27.0,2,estresada,propagada,-74,luz_saturada,estresada
maceta-sim,3411,5,sim-1.0,1791303900,26.2,40.0,4095,3124.0,95.0,3217,2572.0,,1108,1028.0,27.2,2,estresada,propagada,-71,luz_saturada,estresada
maceta-sim,3412,5,sim-1.0,1791304200,26.4,41.0,4095,3124.0,95.0,3220,2574.0,,1108,1027.0,26.8,2,estresada,propagada,-72,luz_saturada,estresada
maceta-sim,3413,5,sim-1.0,1791304500,25.9,43.0,4095,3124.0,95.0,3194,2556.0,,1102,1023.0,27.0,2,estresada,propagada,-73,luz_saturada,estresada
maceta-sim,3414,5,sim-1.0,1791304800,26.2,39.0,4095,3124.0,95.0,3219,2573.0,,1101,1019.0,27.3,2,estresada,propagada,-77,luz_saturada,estresada
maceta-sim,3415,5,sim-1.0,1791305100,25.9,42.0,4095,3124.0,95.0,3214,2570.0,,1106,1022.0,26.9,2,estresada,propagada,-74,luz_saturada,estresada
maceta-sim,3416,5,sim-1.0,1791305400,26.1,38.0,4095,3124.0,95.0,3220,2574.0,,1102,1023.0,27.0,2,estresada,propagada,-72,luz_saturada,estresada
maceta-sim,3417,5,sim-1.0,1791305700,26.3,39.0,4095,3124.0,95.0,3203,2562.0,,1107,1028.0,27.0,2,estresada,propagada,-72,luz_saturada,estresada
maceta-sim,3418,5,sim-1.0,1791306000,26.3,40.0,4053,3096.0,94.0,3213,2569.0,,1112,1028.0,27.3,2,estresada,propagada,-69,,estresada
maceta-sim,3419,5,sim-1.0,1791306300,27.1,36.0,4095,3124.0,95.0,3220,2574.0,,1111,1032.0,27.6,2,estresada,propagada,-72,luz_saturada,estresada
maceta-sim,3420,5,sim-1.0,1791306600,26.7,41.0,4095,3124.0,95.0,3194,2556.0,,1111,1031.0,27.2,2,estresada,propagada,-69,luz_saturada,estresada
maceta-sim,3421,5,sim-1.0,1791306900,26.6,39.0,4095,3124.0,95.0,3223,2576.0,,1114,1035.0,27.5,2,estresada,propagada,-71,luz_saturada,estresada
maceta-sim,3422,5,sim-1.0,1791307200,26.6,40.0,3971,3041.0,92.0,3210,2567.0,,1107,1025.0,27.2,2,estresada,propagada,-68,,estresada
maceta-sim,3423,5,sim-1.0,1791307500,27.0,39.0,4095,3124.0,95.0,3220,2574.0,,1115,1034.0,27.1,2,estresada,propagada,-72,luz_saturada,estresada
maceta-sim,3424,5,sim-1.0,1791307800,26.5,41.0,3967,3038.0,92.0,3223,2576.0,,1107,1029.0,27.1,2,estresada,propagada,-68,,estresada
maceta-sim,3425,5,sim-1.0,1791308100,26.8,41.0,4095,3124.0,95.0,3214,2570.0,,1116,1035.0,27.2,2,estresada,propagada,-70,luz_saturada,estresada
maceta-sim,3426,5,sim-1.0,1791308400,26.5,41.0,3943,3022.0,92.0,3227,2579.0,,1111,1030.0,26.9,2,estresada,propagada,-70,,estresada
maceta-sim,3427,5,sim-1.0,1791308700,,,3848,2958.0,90.0,3233,2583.0,,1111,1031.0,27.5,2,estresada,propagada,-70,dht_sin_respuesta,estresada
maceta-sim,3428,5,sim-1.0,1791309000,26.8,40.0,4095,3124.0,95.0,3231,2582.0,,1119,1038.0,27.4,2,estresada,propagada,-70,luz_saturada,estresada
maceta-sim,3429,5,sim-1.0,1791309300,26.6,41.0,4095,3124.0,95.0,3227,2579.0,,1107,1028.0,27.1,2,estresada,propagada,-72,luz_saturada,estresada
maceta-sim,3430,5,sim-1.0,1791309600,26.7,39.0,3956,3031.0,92.0,3229,2580.0,,1108,1030.0,27.1,2,estresada,propagada,-69,,estresada
maceta-sim,3431,5,sim-1.0,1791309900,27.3,36.0,3904,2996.0,91.0,3227,2579.0,,1116,1037.0,27.7,2,estresada,propagada,-71,,estresada
maceta-sim,3432,5,sim-1.0,1791310200,,,3897,2991.0,91.0,3240,2588.0,,1115,1036.0,27.1,2,estresada,propagada,-74,dht_sin_respuesta,estresada
maceta-sim,3433,5,sim-1.0,1791310500,26.8,40.0,4095,3124.0,95.0,3241,2589.0,,1111,1033.0,27.5,2,estresada,propagada,-74,luz_saturada,estresada
maceta-sim,3434,5,sim-1.0,1791310800,26.6,39.0,3855,2963.0,90.0,3240,2588.0,,1111,1031.0,27.2,2,estresada,propagada,-74,,estresada
maceta-sim,3435,5,sim-1.0,1791311100,26.8,38.0,3761,2900.0,88.0,3239,2587.0,,1120,1036.0,27.4,2,estresada,propagada,-75,,estresada
maceta-sim,3436,5,sim-1.0,1791311400,27.0,37.0,3783,2915.0,88.0,3239,2587.0,,1112,1033.0,27.3,2,estresada,propagada,-65,,estresada
maceta-sim,3437,5,sim-1.0,1791311700,27.3,38.0,3876,2977.0,90.0,3223,2576.0,,1112,1034.0,27.4,2,estresada,propagada,-71,,estresada
maceta-sim,3438,5,sim-1.0,1791312000,26.7,37.0,3861,2967.0,90.0,3234,2584.0,,1115,1035.0,27.0,2,estresada,propagada,-73,,estresada
maceta-sim,3439,5,sim-1.0,1791312300,27.5,38.0,3910,3000.0,91.0,3256,2599.0,,1121,1039.0,27.2,2,estresada,propagada,-63,,estresada
maceta-sim,3440,5,sim-1.0,1791312600,27.1,37.0,3751,2893.0,88.0,3259,2601.0,,1117,1036.0,27.6,2,estresada,propagada,-73,,estresada
maceta-sim,3441,5,sim-1.0,1791312900,26.9,39.0,3512,2733.0,83.0,3266,2606.0,,1119,1037.0,27.2,2,estresada,propagada,-69,,estresada
maceta-sim,3442,5,sim-1.0,1791313200,27.4,39.0,3378,2643.0,80.0,3253,2597.0,,1125,1043.0,27.0,2,estresada,propagada,-69,,estresada
maceta-sim,3443,5,sim-1.0,1791313500,27.0,37.0,3447,2689.0,81.0,3246,2592.0,,1112,1031.0,27.5,2,estresada,propagada,-71,,estresada
maceta-sim,3444,5,sim-1.0,1791313800,27.6,37.0,3385,2648.0,80.0,3249,2594.0,,1127,1046.0,27.5,2,estresada,propagada,-70,,estresada
maceta-sim,3445,5,sim-1.0,1791314100,27.2,39.0,3169,2503.0,76.0,3257,2600.0,,1119,1039.0,27.2,2,estresada,propagada,-73,,estresada
maceta-sim,3446,5,sim-1.0,1791314400,27.3,41.0,2923,2338.0,71.0,3243,2590.0,,1117,1035.0,27.2,2,estresada,propagada,-73,,estresada
maceta-sim,3447,5,sim-1.0,1791314700,27.2,37.0,3218,2536.0,77.0,3264,2605.0,,1119,1036.0,27.2,2,estresada,propagada,-68,,estresada
maceta-sim,3448,5,sim-1.0,1791315000,26.8,39.0,3189,2516.0,76.0,3254,2598.0,,1117,1034.0,27.5,2,estresada,propagada,-67,,estresada
maceta-sim,3449,5,sim-1.0,1791315300,27.3,40.0,3160,2497.0,76.0,3250,2595.0,,1120,1040.0,27.2,2,estresada,propagada,-69,,estresada
maceta-sim,3450,5,sim-1.0,1791315600,26.9,39.0,2928,2341.0,71.0,3241,2589.0,,1113,1030.0,27.5,2,estresada,propagada,-77,,estresada
maceta-sim,3451,5,sim-1.0,1791315900,27.0,37.0,2803,2257.0,68.0,3267,2607.0,,1116,1036.0,27.0,2,estresada,propagada,-79,,estresada
maceta-sim,3452,5,sim-1.0,1791316200,26.4,40.0,2399,1986.0,60.0,3250,2595.0,,1116,1035.0,27.3,2,estresada,propagada,-71,,estresada
maceta-sim,3453,5,sim-1.0,1791316500,26.5,40.0,2704,2191.0,66.0,3269,2608.0,,1104,1025.0,27.3,2,estresada,propagada,-67,,estresada
maceta-sim,3454,5,sim-1.0,1791316800,27.7,38.0,2713,2197.0,67.0,3263,2604.0,,1125,1042.0,27.7,2,estresada,propagada,-73,,estresada
maceta-sim,3455,5,sim-1.0,1791317100,27.0,40.0,2545,2084.0,63.0,3264,2605.0,,1110,1032.0,27.3,2,estresada,propagada,-70,,estresada
maceta-sim,3456,5,sim-1.0,1791317400,26.9,37.0,2124,1802.0,55.0,3251,2596.0,,1111,1030.0,27.3,2,estresada,propagada,-72,,estresada
maceta-sim,3457,5,sim-1.0,1791317700,26.6,38.0,2405,1990.0,60.0,3246,2592.0,,1112,1032.0,27.1,2,estresada,propagada,-76,,estresada
maceta-sim,3458,5,sim-1.0,1791318000,26.8,36.0,2224,1869.0,57.0,3276,2613.0,,1120,1036.0,27.3,2,estresada,propagada,-74,,estresada
maceta-sim,3459,5,sim-1.0,1791318300,26.6,41.0,2241,1880.0,57.0,3290,2623.0,,1109,1029.0,27.5,2,estresada,propagada,-68,,estresada
maceta-sim,3460,5,sim-1.0,1791318600,26.9,38.0,2024,1735.0,53.0,3270,2609.0,,1118,1038.0,27.1,2,estresada,propagada,-68,,estresada
maceta-sim,3461,5,sim-1.0,1791318900,26.9,39.0,1868,1625.0,49.0,3279,2615.0,,1115,1034.0,27.4,2,estresada,propagada,-76,,estresada
maceta-sim,3462,5,sim-1.0,1791319200,26.7,40.0,1932,1673.0,51.0,3287,2621.0,,1111,1030.0,27.4,2,estresada,propagada,-73,,estresada
maceta-sim,3463,5,sim-1.0,1791319500,26.5,39.0,1699,1495.0,45.0,3286,2620.0,,1116,1032.0,27.3,2,estresada,propagada,-71,,estresada
maceta-sim,3464,5,sim-1.0,1791319800,26.6,37.0,1742,1528.0,46.0,3279,2615.0,,1109,1028.0,27.2,2,estresada,propagada,-76,,estresada
maceta-sim,3465,5,sim-1.0,1791320100,26.1,41.0,1570,1390.0,42.0,3270,2609.0,,1105,1024.0,27.1,2,estresada,propagada,-68,,estresada
maceta-sim,3466,5,sim-1.0,1791320400,26.4,40.0,1581,1399.0,42.0,3277,2614.0,,1107,1024.0,27.2,2,estresada,propagada,-75,,estresada
maceta-sim,3467,5,sim-1.0,1791320700,26.8,37.0,1372,1231.0,37.0,3289,2622.0,,1112,1031.0,27.2,2,estresada,propagada,-71,,estresada
maceta-sim,3468,5,sim-1.0,1791321000,25.9,40.0,1236,1122.0,34.0,3291,2624.0,,1108,1028.0,26.7,2,estresada,propagada,-70,,estresada
maceta-sim,3469,5,sim-1.0,1791321300,25.8,41.0,1329,1197.0,36.0,3274,2612.0,,1101,1020.0,26.4,2,estresada,propagada,-74,,estresada
maceta-sim,3470,5,sim-1.0,1791321600,26.0,41.0,1133,1040.0,32.0,3280,2616.0,,1106,1025.0,27.0,2,estresada,propagada,-72,,estresada
maceta-sim,3471,5,sim-1.0,1791321900,26.0,42.0,1173,1072.0,32.0,3290,2623.0,,1104,1027.0,26.8,2,estresada,propagada,-74,,estresada
maceta-sim,3472,5,sim-1.0,1791325800,25.0,47.0,9,145.0,4.0,3300,2630.0,,1085,1007.0,26.7,2,estresada,propagada,-69,,estresada
maceta-sim,3473,5,sim-1.0,1791326100,24.9,43.0,9,145.0,4.0,3300,2630.0,,1087,1007.0,27.0,2,estresada,propagada,-75,,estresada
maceta-sim,3474,5,sim-1.0,1791326400,25.3,42.0,11,146.0,4.0,3300,2630.0,,1098,1018.0,26.6,2,estresada,propagada,-71,,estresada
maceta-sim,3475,5,sim-1.0,1791326700,25.1,42.0,9,145.0,4.0,3304,2633.0,,1091,1011.0,26.4,2,estresada,propagada,-72,,estresada
maceta-sim,3476,5,sim-1.0,1791327000,24.9,43.0,12,147.0,4.0,3289,2622.0,,1090,1011.0,26.7,2,estresada,propagada,-76,,estresada
maceta-sim,3477,5,sim-1.0,1791327300,24.4,45.0,11,146.0,4.0,3321,2645.0,,1084,1005.0,26.6,2,estresada,propagada,-75,,estresada
maceta-sim,3478,5,sim-1.0,1791327600,25.2,43.0,1136,1042.0,32.0,3297,2628.0,,1093,1015.0,26.6,2,estresada,propagada,-74,,estresada
maceta-sim,3479,5,sim-1.0,1791327900,24.7,43.0,1221,1110.0,34.0,3309,2636.0,,1088,1012.0,26.7,2,estresada,propagada,-67,,estresada
maceta-sim,3480,5,sim-1.0,1791328200,23.8,48.0,1261,1142.0,35.0,3296,2627.0,,1072,993.0,26.1,2,estresada,propagada,-71,,estresada
maceta-sim,3481,5,sim-1.0,1791328500,24.1,44.0,1264,1145.0,35.0,3311,2638.0,,1080,1002.0,26.5,2,estresada,propagada,-70,,estresada
maceta-sim,3482,5,sim-1.0,1791328800,24.4,45.0,1258,1140.0,35.0,3309,2636.0,,1083,1006.0,26.8,2,estresada,propagada,-69,,estresada
maceta-sim,3483,5,sim-1.0,1791329100,23.9,47.0,1182,1079.0,33.0,3316,2641.0,,1074,997.0,26.6,2,estresada,propagada,-72,,estresada
maceta-sim,3484,5,sim-1.0,1791329400,24.4,41.0,1272,1151.0,35.0,3303,2632.0,,1081,1002.0,26.8,2,estresada,propagada,-73,,estresada
maceta-sim,3485,5,sim-1.0,1791329700,24.2,43.0,1139,1045.0,32.0,3317,2642.0,,1079,1003.0,26.8,2,estresada,manual,-82,,estresada
maceta-sim,3486,5,sim-1.0,1791330000,24.1,46.0,1223,1112.0,34.0,3330,2651.0,,1085,1006.0,26.4,2,estresada,propagada,-70,,estresada
maceta-sim,3487,5,sim-1.0,1791330300,23.8,45.0,1176,1074.0,33.0,3316,2641.0,,1073,998.0,26.6,2,estresada,propagada,-67,,estresada
maceta-sim,3488,5,sim-1.0,1791330600,23.9,45.0,1228,1116.0,34.0,3320,2644.0,,1074,997.0,26.5,2,estresada,propagada,-70,,estresada
maceta-sim,3489,5,sim-1.0,1791330900,23.6,45.0,1194,1089.0,33.0,3336,2655.0,,1075,996.0,26.4,2,estresada,propagada,-72,,estresada
maceta-sim,3490,5,sim-1.0,1791331200,23.9,46.0,1191,1086.0,33.0,3327,2649.0,,1073,997.0,26.9,2,estresada,propagada,-69,,estresada
maceta-sim,3491,5,sim-1.0,1791331500,23.3,47.0,1189,1085.0,33.0,3321,2645.0,,1068,992.0,26.4,2,estresada,propagada,-71,,estresada
maceta-sim,3492,5,sim-1.0,1791331800,23.9,46.0,1253,1136.0,34.0,3330,2651.0,,1075,998.0,26.4,2,estresada,propagada,-70,,estresada
maceta-sim,3493,5,sim-1.0,1791332100,22.6,50.0,1218,1108.0,34.0,3326,2648.0,,1058,981.0,26.3,2,estresada,propagada,-72,,estresada
maceta-sim,3494,5,sim-1.0,1791332400,23.0,48.0,1269,1149.0,35.0,3340,2658.0,,1064,988.0,26.3,2,estresada,propagada,-72,,estresada
maceta-sim,3495,5,sim-1.0,1791332700,23.3,47.0,1199,1093.0,33.0,3331,2652.0,,1069,992.0,26.3,2,estresada,propagada,-72,,estresada
maceta-sim,3496,5,sim-1.0,1791333000,23.0,45.0,1204,1097.0,33.0,3321,2645.0,,1067,991.0,26.1,2,estresada,propagada,-66,,estresada
maceta-sim,3497,5,sim-1.0,1791333300,23.0,44.0,1286,1162.0,35.0,3336,2655.0,,1067,989.0,26.4,2,estresada,propagada,-66,,estresada
maceta-sim,3498,5,sim-1.0,1791333600,22.5,50.0,1214,1105.0,33.0,3333,2653.0,,1059,981.0,26.2,2,estresada,propagada,-71,,estresada
maceta-sim,3499,5,sim-1.0,1791333900,22.6,48.0,1268,1148.0,35.0,3339,2657.0,,1064,987.0,26.0,2,estresada,propagada,-69,,estresada
maceta-sim,3500,5,sim-1.0,1791334200,22.8,49.0,1227,1115.0,34.0,3333,2653.0,,1055,979.0,26.3,2,estresada,propagada,-76,,estresada
maceta-sim,3501,5,sim-1.0,1791334500,23.0,48.0,1227,1115.0,34.0,3333,2653.0,,1062,986.0,26.3,2,estresada,propagada,-73,,estresada
maceta-sim,3502,5,sim-1.0,1791334800,,,1212,1103.0,33.0,3341,2659.0,,1063,986.0,26.4,2,estresada,propagada,-74,dht_sin_respuesta,estresada
maceta-sim,3503,5,sim-1.0,1791335100,21.8,49.0,1300,1174.0,36.0,3329,2650.0,,1041,969.0,25.9,2,estresada,propagada,-74,,estresada
maceta-sim,3504,5,sim-1.0,1791335400,22.1,50.0,1233,1120.0,34.0,3353,2667.0,,1055,978.0,26.2,2,estresada,propagada,-72,,estresada
maceta-sim,3505,5,sim-1.0,1791335700,21.4,54.0,1251,1134.0,34.0,3336,2655.0,,1037,962.0,26.0,2,estresada,propagada,-78,,estresada
maceta-sim,3506,5,sim-1.0,1791336000,22.0,49.0,1221,1110.0,34.0,3347,2663.0,,1052,975.0,25.9,2,estresada,propagada,-74,,estresada
maceta-sim,3507,5,sim-1.0,1791336300,22.3,51.0,1254,1137.0,34.0,3329,2650.0,,1057,978.0,26.3,2,estresada,propagada,-75,,estresada
maceta-sim,3508,5,sim-1.0,1791336600,22.1,52.0,1227,1115.0,34.0,3330,2651.0,,1058,979.0,26.1,2,estresada,propagada,-72,,estresada
maceta-sim,3509,5,sim-1.0,1791336900,21.7,52.0,1166,1066.0,32.0,3347,2663.0,,1040,963.0,25.7,2,estresada,propagada,-73,,estresada
maceta-sim,3510,5,sim-1.0,1791337200,21.3,52.0,1183,1080.0,33.0,3350,2665.0,,1045,971.0,25.6,2,estresada,propagada,-73,,estresada
maceta-sim,3511,5,sim-1.0,1791337500,21.6,52.0,1183,1080.0,33.0,3334,2654.0,,1043,968.0,26.0,2,estresada,propagada,-69,,estresada
maceta-sim,3512,5,sim-1.0,1791337800,21.6,50.0,1217,1107.0,34.0,3326,2648.0,,1043,968.0,26.1,2,estresada,propagada,-74,,estresada
maceta-sim,3513,5,sim-1.0,1791338100,20.8,51.0,1212,1103.0,33.0,3351,2666.0,,1034,958.0,25.4,2,estresada,propagada,-71,,estresada
maceta-sim,3514,5,sim-1.0,1791338400,21.2,52.0,1188,1084.0,33.0,3349,2664.0,,1043,968.0,25.9,2,estresada,propagada,-75,,estresada
maceta-sim,3515,5,sim-1.0,1791338700,21.1,51.0,1267,1147.0,35.0,3336,2655.0,,1042,967.0,26.2,2,estresada,propagada,-71,,estresada
maceta-sim,3516,5,sim-1.0,1791339000,20.5,51.0,1218,1108.0,34.0,3333,2653.0,,1027,953.0,25.9,2,estresada,propagada,-69,,estresada
maceta-sim,3517,5,sim-1.0,1791339300,21.0,52.0,1266,1146.0,35.0,3333,2653.0,,1039,966.0,25.6,2,estresada,propagada,-74,,estresada
maceta-sim,3518,5,sim-1.0,1791339600,20.4,55.0,1247,1131.0,34.0,3359,2671.0,,1030,957.0,25.6,2,estresada,propagada,-69,,estresada
maceta-sim,3519,5,sim-1.0,1791339900,20.1,55.0,1315,1186.0,36.0,3336,2655.0,,1024,949.0,25.7,2,estresada,propagada,-75,,estresada
maceta-sim,3520,5,sim-1.0,1791340200,20.5,53.0,11,146.0,4.0,3356,2669.0,,1030,958.0,25.7,2,estresada,propagada,-76,,estresada
maceta-sim,3521,5,sim-1.0,1791340500,19.7,52.0,9,145.0,4.0,3349,2664.0,,1019,949.0,25.7,2,estresada,propagada,-74,,estresada
maceta-sim,3522,5,sim-1.0,1791340800,20.1,53.0,12,147.0,4.0,3340,2658.0,,1026,952.0,25.7,2,estresada,propagada,-75,,estresada
maceta-sim,3523,5,sim-1.0,1791341100,20.4,52.0,12,147.0,4.0,3351,2666.0,,1033,959.0,25.6,2,estresada,propagada,-77,,estresada
maceta-sim,3524,5,sim-1.0,1791341400,19.9,54.0,9,145.0,4.0,3373,2681.0,,1019,948.0,25.2,2,estresada,propagada,-77,,estresada
maceta-sim,3525,5,sim-1.0,1791341700,20.3,54.0,8,144.0,4.0,3366,2676.0,,1026,952.0,25.6,2,estresada,propagada,-72,,estresada
maceta-sim,3526,5,sim-1.0,1791342000,18.0,61.0,11,146.0,4.0,3363,2674.0,,988,918.0,24.9,2,estresada,propagada,-74,,estresada
maceta-sim,3527,5,sim-1.0,1791342300,18.1,59.0,8,144.0,4.0,3360,2672.0,,1006,933.0,24.9,2,estresada,propagada,-73,,estresada
maceta-sim,3528,5,sim-1.0,1791342600,17.7,60.0,8,144.0,4.0,3361,2673.0,,999,927.0,25.0,2,estresada,propagada,-72,,estresada
maceta-sim,3529,5,sim-1.0,1791342900,17.3,61.0,8,144.0,4.0,3353,2667.0,,992,921.0,25.0,2,estresada,propagada,-71,,estresada
maceta-sim,3530,5,sim-1.0,1791343200,17.6,62.0,8,144.0,4.0,3366,2676.0,,992,920.0,25.0,2,estresada,propagada,-68,,estresada
maceta-sim,3531,5,sim-1.0,1791343500,17.4,64.0,8,144.0,4.0,3366,2676.0,,989,919.0,24.9,2,estresada,propagada,-69,,estresada
maceta-sim,3532,5,sim-1.0,1791343800,16.9,62.0,12,147.0,4.0,3341,2659.0,,979,910.0,25.1,2,estresada,propagada,-74,,estresada
maceta-sim,3533,5,sim-1.0,1791344100,,,8,144.0,4.0,3353,2667.0,,988,917.0,24.4,2,estresada,propagada,-70,dht_sin_respuesta,estresada
maceta-sim,3534,5,sim-1.0,1791344400,16.9,62.0,8,144.0,4.0,3351,2666.0,,983,909.0,24.9,2,estresada,propagada,-64,,estresada
maceta-sim,3535,5,sim-1.0,1791344700,16.8,59.0,9,145.0,4.0,3366,2676.0,,983,913.0,24.8,2,estresada,propagada,-68,,estresada
maceta-sim,3536,5,sim-1.0,1791345000,17.0,60.0,12,147.0,4.0,3376,2683.0,,994,921.0,24.8,2,estresada,propagada,-67,,estresada
maceta-sim,3537,5,sim-1.0,1791345300,16.9,59.0,8,144.0,4.0,3369,2678.0,,980,909.0,24.5,2,estresada,propagada,-80,,estresada
maceta-sim,3538,5,sim-1.0,1791345600,17.1,61.0,12,147.0,4.0,3371,2680.0,,984,916.0,24.9,2,estresada,propagada,-67,,estresada
maceta-sim,3539,5,sim-1.0,1791345900,17.4,65.0,8,144.0,4.0,3364,2675.0,,989,919.0,25.0,2,estresada,propagada,-71,,estresada
maceta-sim,3540,5,sim-1.0,1791346200,16.8,63.0,12,147.0,4.0,3353,2667.0,,989,917.0,24.6,2,estresada,propagada,-74,,estresada
maceta-sim,3541,5,sim-1.0,1791346500,17.0,60.0,8,144.0,4.0,3343,2660.0,,983,912.0,24.5,2,estresada,propagada,-73,,estresada
maceta-sim,3542,5,sim-1.0,1791346800,17.0,63.0,9,145.0,4.0,3367,2677.0,,986,916.0,24.9,2,estresada,propagada,-68,,estresada
maceta-sim,3543,5,sim-1.0,1791347100,16.6,63.0,12,147.0,4.0,3369,2678.0,,981,908.0,24.7,2,estresada,propagada,-76,,estresada
maceta-sim,3544,5,sim-1.0,1791347400,16.6,62.0,9,145.0,4.0,3366,2676.0,,988,917.0,24.7,2,estresada,propagada,-71,,estresada
maceta-sim,3545,5,sim-1.0,1791347700,16.6,62.0,8,144.0,4.0,3357,2670.0,,978,907.0,24.7,2,estresada,propagada,-72,,estresada
maceta-sim,3546,5,sim-1.0,1791348000,16.7,61.0,11,146.0,4.0,3374,2682.0,,990,918.0,24.6,2,estresada,propagada,-76,,estresada
maceta-sim,3547,5,sim-1.0,1791348300,16.3,64.0,11,146.0,4.0,3380,2686.0,,976,906.0,24.5,2,estresada,propagada,-75,,estresada
maceta-sim,3548,5,sim-1.0,1791348600,16.5,63.0,9,145.0,4.0,3357,2670.0,,980,908.0,24.6,2,estresada,propagada,-70,,estresada
maceta-sim,3549,5,sim-1.0,1791348900,15.9,67.0,12,147.0,4.0,3369,2678.0,,969,901.0,24.9,2,estresada,propagada,-75,,estresada
maceta-sim,3550,5,sim-1.0,1791349200,16.5,65.0,9,145.0,4.0,3364,2675.0,,975,905.0,24.6,2,estresada,propagada,-72,,estresada
maceta-sim,3551,5,sim-1.0,1791349500,16.2,64.0,11,146.0,4.0,3369,2678.0,,973,902.0,24.7,2,estresada,propagada,-70,,estresada
maceta-sim,3552,5,sim-1.0,1791349800,16.2,63.0,12,147.0,4.0,3361,2673.0,,975,904.0,24.6,2,estresada,propagada,-68,,estresada
maceta-sim,3553,5,sim-1.0,1791350100,16.4,64.0,12,147.0,4.0,3369,2678.0,,975,908.0,24.7,2,estresada,propagada,-70,,estresada
maceta-sim,3554,5,sim-1.0,1791350400,15.8,63.0,9,145.0,4.0,3371,2680.0,,972,901.0,24.5,2,estresada,propagada,-71,,estresada
maceta-sim,3555,5,sim-1.0,1791350700,16.5,62.0,9,145.0,4.0,3379,2685.0,,982,909.0,24.5,2,estresada,propagada,-72,,estresada
maceta-sim,3556,5,sim-1.0,1791351000,15.8,63.0,9,145.0,4.0,3367,2677.0,,964,895.0,24.4,2,estresada,propagada,-70,,estresada
maceta-sim,3557,5,sim-1.0,1791351300,16.1,63.0,11,146.0,4.0,3376,2683.0,,969,896.0,24.7,2,estresada,propagada,-69,,estresada
maceta-sim,3558,5,sim-1.0,1791351600,16.1,65.0,9,145.0,4.0,3379,2685.0,,977,905.0,24.8,2,estresada,propagada,-69,,estresada
maceta-sim,3559,5,sim-1.0,1791351900,16.0,67.0,11,146.0,4.0,3384,2689.0,,975,904.0,24.6,2,estresada,propagada,-77,,estresada
maceta-sim,3560,5,sim-1.0,1791352200,15.6,65.0,11,146.0,4.0,3391,2694.0,,971,901.0,24.4,2,estresada,propagada,-76,,estresada
maceta-sim,3561,5,sim-1.0,1791352500,16.0,64.0,9,145.0,4.0,3370,2679.0,,974,904.0,24.5,2,estresada,propagada,-75,,estresada
maceta-sim,3562,5,sim-1.0,1791352800,15.5,67.0,9,145.0,4.0,3391,2694.0,,967,898.0,24.7,2,estresada,propagada,-74,,estresada
maceta-sim,3563,5,sim-1.0,1791353100,16.0,64.0,8,144.0,4.0,3374,2682.0,,981,909.0,24.5,2,estresada,propagada,-70,,estresada
maceta-sim,3564,5,sim-1.0,1791353400,16.5,62.0,11,146.0,4.0,3360,2672.0,,980,909.0,24.8,2,estresada,propagada,-75,,estresada
maceta-sim,3565,5,sim-1.0,1791353700,15.5,67.0,12,147.0,4.0,3367,2677.0,,971,900.0,24.4,2,estresada,propagada,-69,,estresada
maceta-sim,3566,5,sim-1.0,1791354000,15.6,63.0,11,146.0,4.0,3400,2700.0,,966,897.0,24.5,2,estresada,propagada,-74,,estresada
maceta-sim,3567,5,sim-1.0,1791354300,15.6,65.0,9,145.0,4.0,3390,2693.0,,958,891.0,24.6,2,estresada,propagada,-74,,estresada
maceta-sim,3568,5,sim-1.0,1791354600,15.7,67.0,8,144.0,4.0,3369,2678.0,,966,895.0,24.5,2,estresada,propagada,-70,,estresada
maceta-sim,3569,5,sim-1.0,1791354900,15.8,64.0,8,144.0,4.0,3377,2684.0,,970,899.0,24.2,2,estresada,propagada,-73,,estresada
maceta-sim,3570,5,sim-1.0,1791355200,15.3,66.0,8,144.0,4.0,3383,2688.0,,964,895.0,24.4,2,estresada,propagada,-70,,estresada
maceta-sim,3571,5,sim-1.0,1791355500,15.7,66.0,12,147.0,4.0,3391,2694.0,,970,899.0,24.6,2,estresada,propagada,-68,,estresada
maceta-sim,3572,5,sim-1.0,1791355800,15.5,63.0,12,147.0,4.0,3400,2700.0,,965,896.0,24.4,2,estresada,propagada,-76,,estresada
maceta-sim,3573,5,sim-1.0,1791356100,16.5,66.0,12,147.0,4.0,3361,2673.0,,981,911.0,24.6,2,estresada,propagada,-68,,estresada
maceta-sim,3574,5,sim-1.0,1791356400,15.9,66.0,11,146.0,4.0,3370,2679.0,,966,896.0,24.4,2,estresada,propagada,-70,,estresada
maceta-sim,3575,5,sim-1.0,1791356700,16.0,64.0,9,145.0,4.0,3374,2682.0,,973,903.0,24.4,2,estresada,propagada,-65,,estresada
maceta-sim,3576,5,sim-1.0,1791357000,,,8,144.0,4.0,3397,2698.0,,954,888.0,24.3,2,estresada,propagada,-66,dht_sin_respuesta,estresada
maceta-sim,3577,5,sim-1.0,1791357300,15.5,65.0,9,145.0,4.0,3381,2687.0,,971,900.0,24.5,2,estresada,propagada,-76,,estresada
maceta-sim,3578,5,sim-1.0,1791357600,15.3,68.0,12,147.0,4.0,3369,2678.0,,969,897.0,24.4,2,estresada,propagada,-68,,estresada
maceta-sim,3579,5,sim-1.0,1791357900,15.5,67.0,9,145.0,4.0,3373,2681.0,,961,893.0,24.5,2,estresada,propagada,-72,,estresada
maceta-sim,3580,5,sim-1.0,1791358200,15.8,66.0,12,147.0,4.0,3387,2691.0,,977,905.0,24.6,2,estresada,propagada,-72,,estresada
maceta-sim,3581,5,sim-1.0,1791358500,15.6,65.0,8,144.0,4.0,3396,2697.0,,963,894.0,24.2,2,estresada,propagada,-77,,estresada
maceta-sim,3582,5,sim-1.0,1791358800,15.8,64.0,9,145.0,4.0,3377,2684.0,,973,900.0,24.4,2,estresada,propagada,-75,,marchita
maceta-sim,3583,5,sim-1.0,1791359100,15.6,68.0,12,147.0,4.0,3390,2693.0,,970,900.0,24.3,2,estresada,propagada,-78,,marchita
maceta-sim,3584,5,sim-1.0,1791359400,16.1,64.0,12,147.0,4.0,3400,2700.0,,975,905.0,24.5,2,estresada,propagada,-64,,marchita
maceta-sim,3585,5,sim-1.0,1791359700,15.8,65.0,9,145.0,4.0,3403,2702.0,,971,901.0,24.3,2,estresada,propagada,-74,,marchita
maceta-sim,3586,5,sim-1.0,1791360000,15.7,65.0,9,145.0,4.0,3403,2702.0,,964,895.0,24.5,2,estresada,propagada,-70,,marchita
maceta-sim,3587,5,sim-1.0,1791360300,15.6,63.0,11,146.0,4.0,3396,2697.0,,968,897.0,24.5,2,estresada,propagada,-78,,marchita
maceta-sim,3588,5,sim-1.0,1791360600,16.1,64.0,8,144.0,4.0,3381,2687.0,,971,900.0,24.4,2,estresada,propagada,-66,,marchita
maceta-sim,3589,5,sim-1.0,1791360900,15.9,64.0,9,145.0,4.0,3394,2696.0,,974,903.0,24.4,2,estresada,propagada,-69,,marchita
maceta-sim,3590,5,sim-1.0,1791361200,16.2,66.0,11,146.0,4.0,3383,2688.0,,976,904.0,24.4,2,estresada,propagada,-74,,marchita
maceta-sim,3591,5,sim-1.0,1791361500,15.7,66.0,9,145.0,4.0,3386,2690.0,,975,903.0,24.4,2,estresada,propagada,-76,,marchita
maceta-sim,3592,5,sim-1.0,1791361800,16.2,63.0,8,144.0,4.0,3391,2694.0,,976,905.0,24.5,2,estresada,propagada,-80,,marchita
maceta-sim,3593,5,sim-1.0,1791362100,16.1,62.0,12,147.0,4.0,3384,2689.0,,974,904.0,24.6,2,estresada,propagada,-72,,marchita
maceta-sim,3594,5,sim-1.0,1791362400,16.4,68.0,8,144.0,4.0,3384,2689.0,,978,906.0,24.4,2,estresada,propagada,-73,,marchita
maceta-sim,3595,5,sim-1.0,1791362700,15.6,67.0,9,145.0,4.0,3397,2698.0,,970,898.0,24.7,2,estresada,propagada,-77,,marchita
maceta-sim,3596,5,sim-1.0,1791363000,16.1,63.0,8,144.0,4.0,3407,2705.0,,977,907.0,24.5,2,estresada,propagada,-70,,marchita
maceta-sim,3597,5,sim-1.0,1791363300,15.9,63.0,12,147.0,4.0,3393,2695.0,,973,903.0,24.5,2,estresada,propagada,-69,,marchita
maceta-sim,3598,5,sim-1.0,1791363600,16.4,66.0,9,145.0,4.0,3401,2701.0,,975,907.0,24.8,2,estresada,propagada,-72,,marchita
maceta-sim,3599,5,sim-1.0,1791363900,16.7,64.0,8,144.0,4.0,3407,2705.0,,986,913.0,24.5,2,estresada,propagada,-71,,marchita
maceta-sim,3600,5,sim-1.0,1791364200,15.9,66.0,11,146.0,4.0,3396,2697.0,,979,908.0,24.6,2,estresada,propagada,-71,,marchita
maceta-sim,3601,5,sim-1.0,1791364500,16.7,61.0,12,147.0,4.0,3404,2703.0,,986,914.0,25.0,2,estresada,propagada,-69,,marchita
maceta-sim,3602,5,sim-1.0,1791364800,16.6,63.0,11,146.0,4.0,3401,2701.0,,988,916.0,24.4,2,estresada,propagada,-76,,marchita
maceta-sim,3603,5,sim-1.0,1791365100,16.6,60.0,9,145.0,4.0,3396,2697.0,,982,909.0,24.6,2,estresada,propagada,-73,,marchita
maceta-sim,3604,5,sim-1.0,1791365400,16.6,64.0,8,144.0,4.0,3407,2705.0,,982,910.0,25.2,2,estresada,propagada,-75,,marchita
maceta-sim,3605,5,sim-1.0,1791365700,16.4,64.0,81,202.0,6.0,3396,2697.0,,977,909.0,24.7,2,estresada,propagada,-78,,marchita
maceta-sim,3606,5,sim-1.0,1791366000,17.0,62.0,154,260.0,8.0,3396,2697.0,,993,920.0,24.5,2,estresada,propagada,-72,,marchita
maceta-sim,3607,5,sim-1.0,1791366300,16.9,66.0,235,325.0,10.0,3391,2694.0,,983,915.0,25.0,2,estresada,propagada,-76,,marchita
maceta-sim,3608,5,sim-1.0,1791366600,17.0,62.0,288,367.0,11.0,3394,2696.0,,983,912.0,25.2,2,estresada,propagada,-71,,marchita
maceta-sim,3609,5,sim-1.0,1791366900,16.9,62.0,356,421.0,13.0,3401,2701.0,,982,910.0,25.2,2,estresada,propagada,-72,,marchita
maceta-sim,3610,5,sim-1.0,1791367200,16.8,65.0,443,490.0,15.0,3407,2705.0,,984,914.0,25.0,2,estresada,propagada,-65,,marchita
maceta-sim,3611,5,sim-1.0,1791367500,16.7,63.0,487,525.0,16.0,3403,2702.0,,985,913.0,24.7,2,estresada,propagada,-74,,marchita
maceta-sim,3612,5,sim-1.0,1791367800,17.2,61.0,526,556.0,17.0,3416,2711.0,,987,917.0,25.0,2,estresada,propagada,-76,,marchita
maceta-sim,3613,5,sim-1.0,1791368100,16.6,62.0,618,630.0,19.0,3407,2705.0,,977,909.0,24.6,2,estresada,propagada,-72,,marchita
maceta-sim,3614,5,sim-1.0,1791368400,17.2,63.0,700,695.0,21.0,3420,2714.0,,983,914.0,24.6,2,estresada,propagada,-70,,marchita
maceta-sim,3615,5,sim-1.0,1791368700,17.4,61.0,729,718.0,22.0,3416,2711.0,,994,920.0,25.0,2,estresada,propagada,-75,,marchita
maceta-sim,3616,5,sim-1.0,1791369000,17.5,60.0,871,831.0,25.0,3427,2719.0,,989,918.0,24.9,2,estresada,propagada,-69,,marchita
maceta-sim,3617,5,sim-1.0,1791369300,18.0,60.0,867,828.0,25.0,3400,2700.0,,997,926.0,24.9,2,estresada,propagada,-75,,marchita
maceta-sim,3618,5,sim-1.0,1791369600,17.7,62.0,1034,961.0,29.0,3393,2695.0,,989,920.0,25.1,2,estresada,propagada,-70,,marchita
maceta-sim,3619,5,sim-1.0,1791369900,18.1,59.0,1076,994.0,30.0,3429,2720.0,,1005,933.0,25.2,2,estresada,propagada,-70,,marchita
maceta-sim,3620,5,sim-1.0,1791370200,17.6,59.0,1043,968.0,29.0,3406,2704.0,,991,921.0,25.1,2,estresada,propagada,-77,,marchita
maceta-sim,3621,5,sim-1.0,1791370500,17.5,60.0,1051,974.0,30.0,3404,2703.0,,991,920.0,24.6,2,estresada,propagada,-72,,marchita
maceta-sim,3622,5,sim-1.0,1791370800,17.6,61.0,1107,1019.0,31.0,3413,2709.0,,992,920.0,25.0,2,estresada,propagada,-75,,marchita
maceta-sim,3623,5,sim-1.0,1791371100,17.3,61.0,1330,1198.0,36.0,3414,2710.0,,999,925.0,25.2,2,estresada,propagada,-73,,marchita
maceta-sim,3624,5,sim-1.0,1791371400,17.8,62.0,1254,1137.0,34.0,3429,2720.0,,1000,925.0,25.1,2,estresada,propagada,-75,,marchita
maceta-sim,3625,5,sim-1.0,1791371700,18.5,57.0,1302,1175.0,36.0,3423,2716.0,,1005,932.0,24.9,2,estresada,propagada,-72,,marchita
maceta-sim,3626,5,sim-1.0,1791372000,17.9,62.0,1576,1395.0,42.0,3419,2713.0,,1001,929.0,24.8,2,estresada,propagada,-70,,marchita
maceta-sim,3627,5,sim-1.0,1791372300,18.3,58.0,1682,1480.0,45.0,3413,2709.0,,1005,931.0,24.9,2,estresada,propagada,-72,,marchita
maceta-sim,3628,5,sim-1.0,1791372600,18.0,61.0,1648,1452.0,44.0,3421,2715.0,,1003,928.0,25.3,2,estresada,propagada,-69,,marchita
maceta-sim,3629,5,sim-1.0,1791372900,18.4,57.0,1689,1486.0,45.0,3429,2720.0,,999,929.0,25.0,2,estresada,propagada,-69,,marchita
maceta-sim,3630,5,sim-1.0,1791373200,18.3,61.0,1581,1399.0,42.0,3420,2714.0,,1006,934.0,25.3,2,estresada,propagada,-78,,marchita
maceta-sim,3631,5,sim-1.0,1791373500,18.5,58.0,1785,1561.0,47.0,3399,2699.0,,1005,933.0,25.4,2,estresada,propagada,-67,,marchita
maceta-sim,3632,5,sim-1.0,1791373800,18.6,58.0,1817,1586.0,48.0,3443,2730.0,,1012,938.0,25.5,2,estresada,propagada,-70,,marchita
maceta-sim,3633,5,sim-1.0,1791374100,18.6,58.0,2097,1784.0,54.0,3419,2713.0,,1009,937.0,25.2,2,estresada,propagada,-74,,marchita
maceta-sim,3634,5,sim-1.0,1791374400,18.3,61.0,1854,1614.0,49.0,3441,2729.0,,998,926.0,25.2,2,estresada,propagada,-71,,marchita
maceta-sim,3635,5,sim-1.0,1791374700,18.7,59.0,2184,1842.0,56.0,3410,2707.0,,1009,937.0,25.7,2,estresada,propagada,-74,,marchita
maceta-sim,3636,5,sim-1.0,1791375000,19.1,57.0,2027,1737.0,53.0,3431,2722.0,,1018,945.0,25.3,2,estresada,propagada,-77,,marchita
maceta-sim,3637,5,sim-1.0,1791375300,19.0,58.0,2105,1789.0,54.0,3434,2724.0,,1012,938.0,24.9,2,estresada,propagada,-69,,marchita
maceta-sim,3638,5,sim-1.0,1791375600,19.8,58.0,2133,1808.0,55.0,3419,2713.0,,1020,946.0,25.4,2,estresada,propagada,-74,,marchita
maceta-sim,3639,5,sim-1.0,1791375900,19.2,56.0,2330,1940.0,59.0,3416,2711.0,,1017,942.0,25.5,2,estresada,propagada,-69,,marchita
maceta-sim,3640,5,sim-1.0,1791376200,18.9,56.0,2287,1911.0,58.0,3417,2712.0,,1012,937.0,25.2,2,estresada,propagada,-68,,marchita
maceta-sim,3641,5,sim-1.0,1791376500,19.4,58.0,2645,2151.0,65.0,3417,2712.0,,1015,942.0,25.3,2,estresada,propagada,-76,,marchita
maceta-sim,3642,5,sim-1.0,1791376800,19.5,56.0,2325,1937.0,59.0,3043,2450.0,,1022,948.0,25.2,2,estresada,propagada,-73,,marchita
maceta-sim,3643,5,sim-1.0,1791376860,18.8,59.0,2312,1928.0,58.0,2973,2401.0,,1010,937.0,25.1,2,estresada,propagada,-71,,marchita
maceta-sim,3644,5,sim-1.0,1791376920,18.9,56.0,2385,1977.0,60.0,2924,2367.0,,1020,943.0,25.5,2,estresada,propagada,-70,,marchita
maceta-sim,3645,5,sim-1.0,1791376980,19.3,55.0,2738,2214.0,67.0,2856,2319.0,,1011,939.0,25.2,2,estresada,propagada,-74,,marchita
maceta-sim,3646,5,sim-1.0,1791377040,19.2,60.0,2655,2158.0,65.0,2807,2285.0,,1012,941.0,25.4,2,estresada,propagada,-67,,marchita
maceta-sim,3647,5,sim-1.0,1791377100,19.2,57.0,2311,1927.0,58.0,2731,2232.0,,1007,933.0,25.3,2,estresada,propagada,-66,,marchita
maceta-sim,3648,5,sim-1.0,1791377160,19.7,58.0,2528,2073.0,63.0,2679,2195.0,,1019,944.0,25.5,2,estresada,propagada,-70,,marchita
maceta-sim,3649,5,sim-1.0,1791377220,19.6,56.0,2792,2250.0,68.0,2639,2167.0,,1023,947.0,25.6,2,estresada,propagada,-72,,marchita
maceta-sim,3650,5,sim-1.0,1791377280,20.5,52.0,2715,2198.0,67.0,2587,2131.0,,1022,949.0,25.7,2,estresada,propagada,-72,,marchita
maceta-sim,3651,5,sim-1.0,1791377340,19.8,52.0,2479,2040.0,62.0,2547,2103.0,,1025,950.0,25.3,2,estresada,propagada,-70,,marchita
maceta-sim,3652,5,sim-1.0,1791377400,19.9,54.0,2425,2004.0,61.0,2486,2060.0,,1025,952.0,25.4,2,estresada,propagada,-74,,marchita
maceta-sim,3653,5,sim-1.0,1791377460,19.5,55.0,2489,2047.0,62.0,2461,2043.0,,1018,944.0,25.5,2,estresada,propagada,-67,,estresada
maceta-sim,3654,5,sim-1.0,1791377520,19.7,54.0,2551,2088.0,63.0,2413,2009.0,,1021,947.0,25.7,2,estresada,propagada,-74,,estresada
maceta-sim,3655,5,sim-1.0,1791377580,19.7,54.0,2843,2284.0,69.0,2379,1985.0,,1023,948.0,25.5,2,estresada,propagada,-80,,estresada
maceta-sim,3656,5,sim-1.0,1791377640,20.0,54.0,2703,2190.0,66.0,2326,1946.0,,1023,947.0,25.4,2,estresada,propagada,-63,,estresada
maceta-sim,3657,5,sim-1.0,1791377700,19.7,55.0,2665,2165.0,66.0,2302,1929.0,,1021,948.0,25.3,2,estresada,propagada,-75,,estresada
maceta-sim,3658,5,sim-1.0,1791377760,19.4,57.0,2372,1968.0,60.0,2264,1901.0,,1010,939.0,25.3,2,estresada,propagada,-72,,estresada
maceta-sim,3659,5,sim-1.0,1791377820,20.1,52.0,2421,2001.0,61.0,2223,1871.0,,1021,945.0,25.8,2,estresada,propagada,-78,,estresada
maceta-sim,3660,5,sim-1.0,1791377880,19.7,58.0,2944,2352.0,71.0,2205,1858.0,,1022,947.0,25.5,3,marchita,manual,-73,,estresada
maceta-sim,3661,5,sim-1.0,1791377940,20.2,55.0,2852,2290.0,69.0,2176,1837.0,,1026,951.0,25.6,3,marchita,propagada,-74,,estresada
maceta-sim,3662,5,sim-1.0,1791378000,19.8,54.0,2560,2094.0,63.0,2142,1812.0,,1030,953.0,25.5,3,marchita,propagada,-74,,estresada
maceta-sim,3663,5,sim-1.0,1791378060,19.9,56.0,2561,2095.0,63.0,2102,1783.0,,1020,948.0,25.6,3,marchita,propagada,-76,,estresada
maceta-sim,3664,5,sim-1.0,1791378120,19.8,54.0,2613,2130.0,65.0,2090,1774.0,,1023,950.0,25.7,3,marchita,propagada,-68,,estresada
maceta-sim,3665,5,sim-1.0,1791378180,19.6,56.0,2914,2332.0,71.0,2054,1748.0,,1028,951.0,25.4,3,marchita,propagada,-64,,estresada
maceta-sim,3666,5,sim-1.0,1791378240,19.8,54.0,2543,2083.0,63.0,2026,1728.0,,1020,948.0,25.3,3,marchita,propagada,-76,,estresada
maceta-sim,3667,5,sim-1.0,1791378300,20.3,55.0,2969,2369.0,72.0,2033,1733.0,,1028,952.0,25.7,3,marchita,propagada,-63,,estresada
maceta-sim,3668,5,sim-1.0,1791378360,20.5,53.0,2685,2178.0,66.0,2003,1711.0,,1029,956.0,25.8,3,marchita,propagada,-69,,estresada
maceta-sim,3669,5,sim-1.0,1791378420,19.7,55.0,2744,2218.0,67.0,1965,1683.0,,1023,947.0,25.1,3,marchita,propagada,-76,,estresada
maceta-sim,3670,5,sim-1.0,1791378480,20.4,54.0,2537,2079.0,63.0,1952,1674.0,,1027,952.0,25.7,3,marchita,propagada,-75,,estresada
maceta-sim,3671,5,sim-1.0,1791378540,20.1,55.0,2692,2183.0,66.0,1927,1656.0,,1029,954.0,25.6,3,marchita,propagada,-70,,estresada
maceta-sim,3672,5,sim-1.0,1791378600,20.0,55.0,2981,2377.0,72.0,1923,1653.0,,1023,951.0,25.5,3,marchita,propagada,-76,,estresada
maceta-sim,3673,5,sim-1.0,1791378660,19.4,56.0,3008,2395.0,73.0,1907,1641.0,,1022,949.0,25.3,3,marchita,propagada,-75,,estresada
maceta-sim,3674,5,sim-1.0,1791378720,20.2,55.0,2737,2213.0,67.0,1886,1626.0,,1026,952.0,25.5,3,marchita,propagada,-68,,estresada
maceta-sim,3675,5,sim-1.0,1791378780,20.1,54.0,3136,2481.0,75.0,1866,1611.0,,1027,951.0,25.4,3,marchita,propagada,-74,,estresada
maceta-sim,3676,5,sim-1.0,1791378840,20.2,55.0,2999,2389.0,72.0,1852,1601.0,,1032,955.0,25.9,3,marchita,propagada,-65,,estresada
maceta-sim,3677,5,sim-1.0,1791378900,19.6,56.0,2615,2131.0,65.0,1848,1598.0,,1018,947.0,24.9,3,marchita,propagada,-73,,estresada
maceta-sim,3678,5,sim-1.0,1791378960,19.6,56.0,3108,2462.0,75.0,1818,1576.0,,1014,940.0,25.3,3,marchita,propagada,-66,,estresada
maceta-sim,3679,5,sim-1.0,1791379020,20.1,55.0,3129,2476.0,75.0,1809,1570.0,,1029,956.0,25.6,3,marchita,propagada,-71,,estresada
maceta-sim,3680,5,sim-1.0,1791379080,20.2,54.0,2655,2158.0,65.0,1785,1552.0,,1026,952.0,25.7,3,marchita,propagada,-75,,estresada
maceta-sim,3681,5,sim-1.0,1791379140,20.2,55.0,2788,2247.0,68.0,1778,1547.0,,1029,956.0,25.8,3,marchita,propagada,-77,,estresada
maceta-sim,3682,5,sim-1.0,1791379200,20.6,52.0,3080,2443.0,74.0,1769,1541.0,,1030,954.0,25.7,3,marchita,propagada,-77,,estresada
maceta-sim,3683,5,sim-1.0,1791379260,20.0,54.0,2955,2359.0,71.0,1771,1542.0,,1024,948.0,25.5,3,marchita,propagada,-73,,estresada
maceta-sim,3684,5,sim-1.0,1791379320,19.9,57.0,2697,2186.0,66.0,1752,1528.0,,1023,947.0,25.4,3,marchita,propagada,-69,,estresada
maceta-sim,3685,5,sim-1.0,1791379380,20.9,52.0,3168,2502.0,76.0,1739,1519.0,,1038,965.0,25.7,3,marchita,propagada,-65,,estresada
maceta-sim,3686,5,sim-1.0,1791379440,20.3,53.0,2859,2295.0,70.0,1720,1505.0,,1021,948.0,25.4,3,marchita,propagada,-66,,estresada
maceta-sim,3687,5,sim-1.0,1791379500,19.8,54.0,2776,2239.0,68.0,1720,1505.0,,1017,946.0,25.6,3,marchita,propagada,-74,,estresada
maceta-sim,3688,5,sim-1.0,1791379560,20.1,55.0,2773,2237.0,68.0,1717,1503.0,,1031,955.0,25.5,3,marchita,propagada,-70,,estresada
maceta-sim,3689,5,sim-1.0,1791379620,20.0,52.0,2890,2316.0,70.0,1701,1491.0,,1025,952.0,25.9,3,marchita,propagada,-74,,estresada
maceta-sim,3690,5,sim-1.0,1791379680,20.4,53.0,3129,2476.0,75.0,1680,1476.0,,1030,954.0,25.4,3,marchita,propagada,-72,,estresada
maceta-sim,3691,5,sim-1.0,1791379740,20.5,52.0,3093,2452.0,74.0,1673,1471.0,,1032,959.0,25.8,3,marchita,propagada,-75,,estresada
maceta-sim,3692,5,sim-1.0,1791379800,19.8,55.0,3202,2525.0,77.0,1688,1482.0,,1022,948.0,25.5,3,marchita,propagada,-75,,estresada
maceta-sim,3693,5,sim-1.0,1791379860,19.9,53.0,2870,2302.0,70.0,1680,1476.0,,1027,951.0,25.4,3,marchita,propagada,-67,,estresada
maceta-sim,3694,5,sim-1.0,1791379920,20.6,53.0,3338,2616.0,79.0,1661,1462.0,,1031,955.0,25.8,3,marchita,propagada,-75,,estresada
maceta-sim,3695,5,sim-1.0,1791379980,20.3,51.0,2995,2386.0,72.0,1660,1461.0,,1025,950.0,25.5,3,marchita,propagada,-72,,estresada
maceta-sim,3696,5,sim-1.0,1791380040,20.6,52.0,3329,2610.0,79.0,1658,1460.0,,1037,960.0,25.5,3,marchita,propagada,-67,,estresada
maceta-sim,3697,5,sim-1.0,1791380100,19.8,56.0,2937,2347.0,71.0,1639,1446.0,,1022,949.0,25.7,3,marchita,propagada,-72,,estresada
maceta-sim,3698,5,sim-1.0,1791380160,20.9,54.0,2862,2297.0,70.0,1623,1433.0,,1030,957.0,25.9,3,marchita,propagada,-67,,estresada
maceta-sim,3699,5,sim-1.0,1791380220,20.5,54.0,3177,2508.0,76.0,1628,1437.0,,1029,955.0,25.6,3,marchita,propagada,-80,,estresada
maceta-sim,3700,5,sim-1.0,1791380280,20.2,55.0,2879,2308.0,70.0,1623,1433.0,,1028,953.0,25.6,3,marchita,propagada,-77,,estresada
maceta-sim,3701,5,sim-1.0,1791380340,20.8,51.0,2853,2291.0,69.0,1635,1443.0,,1037,962.0,25.6,3,marchita,propagada,-76,,estresada
maceta-sim,3702,5,sim-1.0,1791380400,20.2,53.0,3411,2665.0,81.0,1613,1425.0,,1030,955.0,25.4,3,marchita,propagada,-66,,estresada
maceta-sim,3703,5,sim-1.0,1791380460,20.7,53.0,3022,2404.0,73.0,1609,1422.0,,1041,965.0,25.7,3,marchita,propagada,-72,,estresada
maceta-sim,3704,5,sim-1.0,1791380520,20.7,55.0,3020,2403.0,73.0,1620,1431.0,,1039,967.0,25.7,3,marchita,propagada,-71,,estresada
maceta-sim,3705,5,sim-1.0,1791380580,20.9,55.0,3060,2430.0,74.0,1601,1416.0,,1038,960.0,25.4,3,marchita,propagada,-66,,estresada
maceta-sim,3706,5,sim-1.0,1791380640,21.0,53.0,3025,2406.0,73.0,1610,1423.0,,1037,961.0,26.0,3,marchita,propagada,-71,,estresada
maceta-sim,3707,5,sim-1.0,1791380700,20.7,52.0,3162,2498.0,76.0,1618,1429.0,,1032,959.0,25.7,3,marchita,propagada,-73,,estresada
maceta-sim,3708,5,sim-1.0,1791380760,20.6,55.0,2920,2336.0,71.0,1587,1405.0,,1030,956.0,25.9,3,marchita,propagada,-73,,estresada
maceta-sim,3709,5,sim-1.0,1791380820,20.5,54.0,2823,2271.0,69.0,1583,1402.0,,1029,955.0,25.7,3,marchita,propagada,-74,,estresada
maceta-sim,3710,5,sim-1.0,1791380880,20.4,54.0,2917,2334.0,71.0,1591,1408.0,,1036,958.0,25.5,3,marchita,propagada,-72,,estresada
maceta-sim,3711,5,sim-1.0,1791380940,20.6,53.0,3409,2664.0,81.0,1591,1408.0,,1027,955.0,25.8,3,marchita,propagada,-75,,estresada
maceta-sim,3712,5,sim-1.0,1791381000,21.3,50.0,3116,2467.0,75.0,1591,1408.0,,1048,970.0,25.9,3,marchita,propagada,-64,,estresada
maceta-sim,3713,5,sim-1.0,1791381060,20.5,54.0,3128,2475.0,75.0,1576,1396.0,,1026,956.0,25.6,3,marchita,propagada,-77,,estresada
maceta-sim,3714,5,sim-1.0,1791381120,20.4,55.0,3056,2427.0,74.0,1589,1406.0,,1029,953.0,25.7,3,marchita,propagada,-73,,estresada
maceta-sim,3715,5,sim-1.0,1791381180,21.0,51.0,3333,2613.0,79.0,1557,1381.0,,1042,966.0,25.7,3,marchita,propagada,-67,,estresada
maceta-sim,3716,5,sim-1.0,1791381240,20.8,55.0,3218,2536.0,77.0,1578,1398.0,,1030,959.0,25.6,3,marchita,propagada,-74,,estresada
maceta-sim,3717,5,sim-1.0,1791381300,20.7,53.0,3447,2689.0,81.0,1583,1402.0,,1040,964.0,25.9,3,marchita,propagada,-74,,estresada
maceta-sim,3718,5,sim-1.0,1791381360,20.7,55.0,3004,2392.0,72.0,1561,1384.0,,1036,958.0,25.4,3,marchita,propagada,-73,,estresada
maceta-sim,3719,5,sim-1.0,1791381420,20.4,53.0,2913,2331.0,71.0,1573,1394.0,,1039,964.0,25.4,3,marchita,propagada,-75,,estresada
maceta-sim,3720,5,sim-1.0,1791381480,20.8,52.0,2996,2387.0,72.0,1566,1388.0,,1033,957.0,26.0,3,marchita,propagada,-69,,estresada
maceta-sim,3721,5,sim-1.0,1791381540,20.7,55.0,3227,2542.0,77.0,1547,1373.0,,1038,965.0,25.7,3,marchita,propagada,-72,,estresada
maceta-sim,3722,5,sim-1.0,1791381600,20.6,53.0,3457,2696.0,82.0,1575,1395.0,,1031,957.0,25.8,3,marchita,propagada,-68,,estresada
maceta-sim,3723,5,sim-1.0,1791381660,21.0,54.0,3579,2778.0,84.0,1558,1382.0,,1039,964.0,25.5,3,marchita,propagada,-66,,estresada
maceta-sim,3724,5,sim-1.0,1791381720,20.8,54.0,3432,2679.0,81.0,1565,1387.0,,1033,959.0,25.5,3,marchita,propagada,-70,,estresada
maceta-sim,3725,5,sim-1.0,1791381780,21.3,54.0,3344,2620.0,79.0,1575,1395.0,,1037,962.0,26.3,3,marchita,propagada,-71,,estresada
maceta-sim,3726,5,sim-1.0,1791381840,20.7,52.0,3423,2673.0,81.0,1566,1388.0,,1037,963.0,25.7,3,marchita,propagada,-69,,estresada
maceta-sim,3727,5,sim-1.0,1791381900,20.7,55.0,3306,2595.0,79.0,1567,1389.0,,1031,957.0,25.7,3,marchita,propagada,-69,,estresada
maceta-sim,3728,5,sim-1.0,1791381960,20.7,53.0,2987,2381.0,72.0,1565,1387.0,,1038,964.0,25.7,3,marchita,propagada,-71,,estresada
maceta-sim,3729,5,sim-1.0,1791382020,20.8,51.0,3332,2612.0,79.0,1568,1390.0,,1031,959.0,26.0,3,marchita,propagada,-74,,estresada
maceta-sim,3730,5,sim-1.0,1791382080,20.9,52.0,3494,2721.0,82.0,1551,1376.0,,1038,964.0,25.5,3,marchita,propagada,-69,,estresada
maceta-sim,3731,5,sim-1.0,1791382140,20.7,54.0,3470,2705.0,82.0,1551,1376.0,,1037,962.0,26.1,3,marchita,propagada,-68,,estresada
maceta-sim,3732,5,sim-1.0,1791382200,21.2,51.0,3177,2508.0,76.0,1556,1380.0,,1045,969.0,26.3,3,marchita,propagada,-75,,estresada
maceta-sim,3733,5,sim-1.0,1791382260,21.4,54.0,3184,2513.0,76.0,1547,1373.0,,1048,973.0,25.8,3,marchita,propagada,-72,,estresada
maceta-sim,3734,5,sim-1.0,1791382320,20.7,51.0,3687,2850.0,86.0,1552,1377.0,,1034,959.0,25.6,3,marchita,propagada,-72,,estresada
maceta-sim,3735,5,sim-1.0,1791382380,21.4,53.0,3687,2850.0,86.0,1541,1368.0,,1042,967.0,26.1,3,marchita,propagada,-66,,estresada
maceta-sim,3736,5,sim-1.0,1791382440,21.3,53.0,3166,2501.0,76.0,1565,1387.0,,1040,965.0,25.8,3,marchita,propagada,-77,,estresada
maceta-sim,3737,5,sim-1.0,1791382500,21.6,51.0,3475,2708.0,82.0,1551,1376.0,,1045,969.0,25.7,3,marchita,propagada,-71,,estresada
maceta-sim,3738,5,sim-1.0,1791382560,20.6,54.0,3217,2535.0,77.0,1537,1365.0,,1033,959.0,25.6,3,marchita,propagada,-75,,estresada
maceta-sim,3739,5,sim-1.0,1791382620,21.3,52.0,3241,2551.0,77.0,1561,1384.0,,1044,967.0,25.7,3,marchita,propagada,-68,,estresada
maceta-sim,3740,5,sim-1.0,1791382680,21.3,51.0,3688,2851.0,86.0,1546,1372.0,,1047,971.0,26.1,3,marchita,propagada,-74,,estresada
maceta-sim,3741,5,sim-1.0,1791382740,21.1,52.0,3675,2842.0,86.0,1534,1363.0,,1037,961.0,25.9,3,marchita,propagada,-70,,estresada
maceta-sim,3742,5,sim-1.0,1791382800,21.3,52.0,3227,2542.0,77.0,1549,1375.0,,1041,966.0,25.6,3,marchita,propagada,-71,,estresada
maceta-sim,3743,5,sim-1.0,1791382860,21.7,45.0,3038,2415.0,73.0,1561,1384.0,,1046,971.0,26.2,3,marchita,propagada,-71,,estresada
maceta-sim,3744,5,sim-1.0,1791382920,21.2,52.0,3078,2442.0,74.0,1541,1368.0,,1044,969.0,25.7,3,marchita,propagada,-78,,estresada
maceta-sim,3745,5,sim-1.0,1791382980,21.0,52.0,3496,2722.0,82.0,1558,1382.0,,1037,962.0,25.7,2,estresada,manual,-74,,estresada
maceta-sim,3746,5,sim-1.0,1791383040,20.9,54.0,3767,2904.0,88.0,1566,1388.0,,1040,965.0,25.5,2,estresada,propagada,-72,,estresada
maceta-sim,3747,5,sim-1.0,1791383100,21.6,51.0,3551,2759.0,84.0,1547,1373.0,,1052,975.0,25.9,2,estresada,propagada,-74,,estresada
maceta-sim,3748,5,sim-1.0,1791383160,21.7,51.0,3363,2633.0,80.0,1552,1377.0,,1048,972.0,26.0,2,estresada,propagada,-73,,estresada
maceta-sim,3749,5,sim-1.0,1791383220,21.0,54.0,3078,2442.0,74.0,1565,1387.0,,1041,966.0,25.7,2,estresada,propagada,-73,,estresada
maceta-sim,3750,5,sim-1.0,1791383280,21.9,47.0,3676,2843.0,86.0,1548,1374.0,,1053,977.0,25.9,2,estresada,propagada,-73,,estresada
maceta-sim,3751,5,sim-1.0,1791383340,21.1,48.0,3142,2485.0,75.0,1546,1372.0,,1040,965.0,25.7,2,estresada,propagada,-71,,estresada
maceta-sim,3752,5,sim-1.0,1791383400,21.5,51.0,3766,2903.0,88.0,1548,1374.0,,1046,971.0,25.9,2,estresada,propagada,-73,,estresada
maceta-sim,3753,5,sim-1.0,1791383460,21.1,53.0,3642,2820.0,85.0,1541,1368.0,,1038,963.0,25.9,2,estresada,propagada,-72,,estresada
maceta-sim,3754,5,sim-1.0,1791383520,21.0,51.0,3217,2535.0,77.0,1542,1369.0,,1041,965.0,25.8,2,estresada,propagada,-66,,estresada
maceta-sim,3755,5,sim-1.0,1791383580,21.1,50.0,3421,2672.0,81.0,1543,1370.0,,1036,960.0,25.6,2,estresada,propagada,-68,,estresada
maceta-sim,3756,5,sim-1.0,1791383640,21.8,48.0,3210,2530.0,77.0,1554,1379.0,,1050,972.0,26.1,2,estresada,propagada,-75,,estresada
maceta-sim,3757,5,sim-1.0,1791383700,21.9,48.0,3126,2474.0,75.0,1548,1374.0,,1051,974.0,26.0,2,estresada,propagada,-76,,estresada
maceta-sim,3758,5,sim-1.0,1791383760,21.4,52.0,3195,2520.0,76.0,1556,1380.0,,1048,973.0,25.6,2,estresada,propagada,-75,,estresada
maceta-sim,3759,5,sim-1.0,1791383820,21.6,51.0,3212,2532.0,77.0,1537,1365.0,,1045,969.0,25.9,2,estresada,propagada,-76,,estresada
maceta-sim,3760,5,sim-1.0,1791383880,21.4,50.0,3667,2837.0,86.0,1551,1376.0,,1045,969.0,25.7,2,estresada,propagada,-69,,estresada
maceta-sim,3761,5,sim-1.0,1791383940,21.7,51.0,3393,2653.0,80.0,1553,1378.0,,1050,974.0,26.3,2,estresada,propagada,-72,,estresada
maceta-sim,3762,5,sim-1.0,1791384000,21.9,50.0,3514,2734.0,83.0,1560,1383.0,,1052,977.0,26.2,2,estresada,propagada,-75,,estresada
maceta-sim,3763,5,sim-1.0,1791384060,21.5,51.0,3886,2984.0,90.0,1554,1379.0,,1043,967.0,26.0,2,estresada,propagada,-80,,estresada
maceta-sim,3764,5,sim-1.0,1791384120,21.6,52.0,3867,2971.0,90.0,1557,1381.0,,1039,963.0,26.0,2,estresada,propagada,-70,,estresada
maceta-sim,3765,5,sim-1.0,1791384180,22.1,52.0,3312,2599.0,79.0,1551,1376.0,,1054,978.0,25.9,2,estresada,propagada,-73,,estresada
maceta-sim,3766,5,sim-1.0,1791384240,21.9,52.0,3684,2848.0,86.0,1562,1385.0,,1050,974.0,26.0,2,estresada,propagada,-71,,estresada
maceta-sim,3767,5,sim-1.0,1791384300,21.7,51.0,3263,2566.0,78.0,1553,1378.0,,1051,974.0,25.4,2,estresada,propagada,-71,,estresada
maceta-sim,3768,5,sim-1.0,1791384360,21.7,52.0,3599,2791.0,85.0,1557,1381.0,,1045,968.0,26.4,2,estresada,propagada,-67,,estresada
maceta-sim,3769,5,sim-1.0,1791384420,21.3,53.0,3766,2903.0,88.0,1553,1378.0,,1043,968.0,26.0,2,estresada,propagada,-71,,estresada
maceta-sim,3770,5,sim-1.0,1791384480,21.5,50.0,3773,2908.0,88.0,1547,1373.0,,1040,965.0,26.0,2,estresada,propagada,-70,,estresada
maceta-sim,3771,5,sim-1.0,1791384540,21.4,52.0,3274,2573.0,78.0,1565,1387.0,,1046,970.0,25.7,2,estresada,propagada,-67,,estresada
maceta-sim,3772,5,sim-1.0,1791384600,22.0,50.0,3651,2826.0,86.0,1548,1374.0,,1051,976.0,25.8,2,estresada,propagada,-73,,estresada
maceta-sim,3773,5,sim-1.0,1791384660,21.6,47.0,3359,2630.0,80.0,1562,1385.0,,1046,969.0,26.2,2,estresada,propagada,-72,,estresada
maceta-sim,3774,5,sim-1.0,1791384720,21.3,52.0,3637,2817.0,85.0,1553,1378.0,,1043,969.0,25.9,2,estresada,propagada,-68,,estresada
maceta-sim,3775,5,sim-1.0,1791384780,21.7,50.0,3277,2575.0,78.0,1576,1396.0,,1052,974.0,25.8,2,estresada,propagada,-73,,estresada
maceta-sim,3776,5,sim-1.0,1791384840,21.4,50.0,3356,2628.0,80.0,1561,1384.0,,1048,970.0,25.8,2,estresada,propagada,-72,,estresada
maceta-sim,3777,5,sim-1.0,1791384900,21.7,53.0,3330,2611.0,79.0,1563,1386.0,,1046,972.0,26.0,2,estresada,propagada,-70,,estresada
maceta-sim,3778,5,sim-1.0,1791384960,21.4,51.0,3946,3024.0,92.0,1570,1391.0,,1040,965.0,25.7,2,estresada,propagada,-74,,estresada
maceta-sim,3779,5,sim-1.0,1791385020,21.8,52.0,3764,2902.0,88.0,1551,1376.0,,1042,967.0,25.9,2,estresada,propagada,-74,,saludable
maceta-sim,3780,5,sim-1.0,1791385080,21.9,49.0,3229,2543.0,77.0,1575,1395.0,,1054,978.0,25.8,2,estresada,propagada,-68,,saludable
maceta-sim,3781,5,sim-1.0,1791385140,21.8,52.0,3466,2702.0,82.0,1565,1387.0,,1049,974.0,25.9,2,estresada,propagada,-69,,saludable
maceta-sim,3782,5,sim-1.0,1791385200,22.1,49.0,3415,2668.0,81.0,1568,1390.0,,1051,974.0,26.3,2,estresada,propagada,-67,,saludable
maceta-sim,3783,5,sim-1.0,1791385260,22.1,52.0,3725,2876.0,87.0,1561,1384.0,,1060,981.0,26.2,2,estresada,propagada,-71,,saludable
maceta-sim,3784,5,sim-1.0,1791385320,22.1,51.0,3314,2600.0,79.0,1561,1384.0,,1055,977.0,26.5,2,estresada,propagada,-75,,saludable
maceta-sim,3785,5,sim-1.0,1791385380,22.3,48.0,3526,2742.0,83.0,1552,1377.0,,1056,981.0,25.9,2,estresada,propagada,-75,,saludable
maceta-sim,3786,5,sim-1.0,1791385440,22.0,50.0,3953,3029.0,92.0,1556,1380.0,,1053,976.0,26.4,2,estresada,propagada,-69,,saludable
maceta-sim,3787,5,sim-1.0,1791385500,21.5,50.0,3824,2942.0,89.0,1566,1388.0,,1045,969.0,25.6,2,estresada,propagada,-71,,saludable
maceta-sim,3788,5,sim-1.0,1791385560,21.8,48.0,3783,2915.0,88.0,1556,1380.0,,1051,975.0,25.9,2,estresada,propagada,-66,,saludable
maceta-sim,3789,5,sim-1.0,1791385620,22.1,49.0,3478,2710.0,82.0,1577,1397.0,,1048,975.0,25.8,2,estresada,propagada,-71,,saludable
maceta-sim,3790,5,sim-1.0,1791385680,21.4,49.0,3368,2636.0,80.0,1571,1392.0,,1044,970.0,25.8,2,estresada,propagada,-74,,saludable
maceta-sim,3791,5,sim-1.0,1791385740,21.8,52.0,3690,2852.0,86.0,1571,1392.0,,1052,977.0,26.0,2,estresada,propagada,-74,,saludable
maceta-sim,3792,5,sim-1.0,1791385800,21.5,50.0,3294,2587.0,78.0,1565,1387.0,,1046,971.0,25.8,2,estresada,propagada,-74,,saludable
maceta-sim,3793,5,sim-1.0,1791385860,22.1,50.0,3645,2822.0,86.0,1572,1393.0,,1055,978.0,25.9,2,estresada,propagada,-70,,saludable
maceta-sim,3794,5,sim-1.0,1791385920,21.8,52.0,3333,2613.0,79.0,1558,1382.0,,1047,974.0,25.9,2,estresada,propagada,-70,,saludable
maceta-sim,3795,5,sim-1.0,1791385980,22.2,48.0,3763,2901.0,88.0,1572,1393.0,,1047,973.0,25.8,1,saludable,manual,-74,,saludable
maceta-sim,3796,5,sim-1.0,1791386040,21.9,52.0,3783,2915.0,88.0,1571,1392.0,,1051,975.0,25.6,1,saludable,propagada,-69,,saludable
maceta-sim,3797,5,sim-1.0,1791386100,22.2,50.0,3871,2974.0,90.0,1572,1393.0,,1053,978.0,26.5,1,saludable,propagada,-73,,saludable
maceta-sim,3798,5,sim-1.0,1791386160,22.0,49.0,3549,2758.0,84.0,1586,1404.0,,1050,973.0,26.3,1,saludable,propagada,-66,,saludable
maceta-sim,3799,5,sim-1.0,1791386220,21.1,51.0,3542,2753.0,83.0,1580,1399.0,,1034,959.0,26.0,1,saludable,propagada,-75,,saludable
maceta-sim,3800,5,sim-1.0,1791386280,22.3,47.0,3365,2634.0,80.0,1573,1394.0,,1053,974.0,25.7,1,saludable,propagada,-69,,saludable
maceta-sim,3801,5,sim-1.0,1791386340,22.5,51.0,3648,2824.0,86.0,1566,1388.0,,1061,984.0,25.9,1,saludable,propagada,-75,,saludable
maceta-sim,3802,5,sim-1.0,1791386400,22.0,48.0,3339,2617.0,79.0,1571,1392.0,,1055,977.0,25.8,1,saludable,propagada,-73,,saludable
maceta-sim,3803,5,sim-1.0,1791386460,21.8,51.0,3785,2916.0,88.0,1576,1396.0,,1056,978.0,25.8,1,saludable,propagada,-71,,saludable
maceta-sim,3804,5,sim-1.0,1791386520,22.5,50.0,3529,2744.0,83.0,1568,1390.0,,1055,980.0,26.1,1,saludable,propagada,-71,,saludable
maceta-sim,3805,5,sim-1.0,1791386580,21.9,49.0,3605,2795.0,85.0,1572,1393.0,,1050,973.0,25.8,1,saludable,propagada,-72,,saludable
maceta-sim,3806,5,sim-1.0,1791386640,22.7,47.0,3454,2694.0,82.0,1582,1401.0,,1062,985.0,26.4,1,saludable,propagada,-74,,saludable
maceta-sim,3807,5,sim-1.0,1791386700,22.0,50.0,4056,3098.0,94.0,1576,1396.0,,1053,979.0,26.1,1,saludable,propagada,-76,,saludable
maceta-sim,3808,5,sim-1.0,1791386760,21.9,53.0,3552,2760.0,84.0,1580,1399.0,,1045,970.0,26.1,1,saludable,propagada,-75,,saludable
maceta-sim,3809,5,sim-1.0,1791386820,21.8,49.0,3278,2576.0,78.0,1577,1397.0,,1045,968.0,25.7,1,saludable,propagada,-73,,saludable
maceta-sim,3810,5,sim-1.0,1791386880,22.0,49.0,4055,3097.0,94.0,1594,1410.0,,1055,980.0,26.1,1,saludable,propagada,-67,,saludable
maceta-sim,3811,5,sim-1.0,1791386940,22.6,47.0,3323,2606.0,79.0,1583,1402.0,,1061,984.0,26.2,1,saludable,propagada,-69,,saludable
maceta-sim,3812,5,sim-1.0,1791387000,22.8,46.0,3986,3051.0,92.0,1586,1404.0,,1060,983.0,26.4,1,saludable,propagada,-76,,saludable
maceta-sim,3813,5,sim-1.0,1791387060,22.4,51.0,3444,2687.0,81.0,1586,1404.0,,1051,975.0,26.1,1,saludable,propagada,-72,,saludable
maceta-sim,3814,5,sim-1.0,1791387120,22.8,50.0,3552,2760.0,84.0,1580,1399.0,,1059,983.0,26.5,1,saludable,propagada,-79,,saludable
maceta-sim,3815,5,sim-1.0,1791387180,22.5,47.0,3588,2784.0,84.0,1591,1408.0,,1054,977.0,26.0,1,saludable,propagada,-69,,saludable
maceta-sim,3816,5,sim-1.0,1791387240,22.1,47.0,3628,2811.0,85.0,1585,1403.0,,1052,977.0,25.9,1,saludable,propagada,-69,,saludable
maceta-sim,3817,5,sim-1.0,1791387300,22.4,50.0,3616,2803.0,85.0,1583,1402.0,,1058,982.0,26.4,1,saludable,propagada,-75,,saludable
maceta-sim,3818,5,sim-1.0,1791387360,21.8,52.0,3651,2826.0,86.0,1586,1404.0,,1042,967.0,26.3,1,saludable,propagada,-77,,saludable
maceta-sim,3819,5,sim-1.0,1791387420,22.0,50.0,4089,3120.0,95.0,1573,1394.0,,1050,974.0,26.1,1,saludable,propagada,-77,luz_saturada,saludable
maceta-sim,3820,5,sim-1.0,1791387480,22.0,48.0,3545,2755.0,83.0,1581,1400.0,,1052,975.0,26.1,1,saludable,propagada,-70,,saludable
maceta-sim,3821,5,sim-1.0,1791387540,22.2,49.0,3458,2697.0,82.0,1605,1419.0,,1058,980.0,26.1,1,saludable,propagada,-76,,saludable
maceta-sim,3822,5,sim-1.0,1791387600,22.7,52.0,3472,2706.0,82.0,1576,1396.0,,1057,982.0,26.4,1,saludable,propagada,-69,,saludable
maceta-sim,3823,5,sim-1.0,1791387660,22.5,50.0,3423,2673.0,81.0,1585,1403.0,,1055,979.0,26.1,1,saludable,propagada,-78,,saludable
maceta-sim,3824,5,sim-1.0,1791387720,22.5,48.0,3767,2904.0,88.0,1576,1396.0,,1064,984.0,26.1,1,saludable,propagada,-77,,saludable
maceta-sim,3825,5,sim-1.0,1791387780,22.4,47.0,3546,2756.0,84.0,1583,1402.0,,1055,979.0,26.0,1,saludable,propagada,-69,,saludable
maceta-sim,3826,5,sim-1.0,1791387840,22.6,48.0,3451,2692.0,82.0,1591,1408.0,,1050,975.0,26.3,1,saludable,propagada,-71,,saludable
maceta-sim,3827,5,sim-1.0,1791387900,22.5,46.0,3864,2969.0,90.0,1592,1409.0,,1059,981.0,26.2,1,saludable,propagada,-67,,saludable
maceta-sim,3828,5,sim-1.0,1791387960,22.2,49.0,3971,3041.0,92.0,1597,1413.0,,1053,978.0,26.4,1,saludable,propagada,-72,,saludable
maceta-sim,3829,5,sim-1.0,1791388020,22.8,48.0,3354,2627.0,80.0,1592,1409.0,,1066,988.0,26.1,1,saludable,propagada,-71,,saludable
maceta-sim,3830,5,sim-1.0,1791388080,22.0,50.0,3822,2941.0,89.0,1592,1409.0,,1049,972.0,25.8,1,saludable,propagada,-74,,saludable
maceta-sim,3831,5,sim-1.0,1791388140,22.3,52.0,4059,3100.0,94.0,1589,1406.0,,1049,975.0,25.8,1,saludable,propagada,-71,luz_saturada,saludable
maceta-sim,3832,5,sim-1.0,1791388200,22.4,47.0,3388,2650.0,80.0,1594,1410.0,,1054,982.0,26.2,1,saludable,propagada,-65,,saludable
maceta-sim,3833,5,sim-1.0,1791388260,22.9,48.0,3634,2815.0,85.0,1596,1412.0,,1070,990.0,26.2,1,saludable,propagada,-72,,saludable
maceta-sim,3834,5,sim-1.0,1791388320,23.1,47.0,3754,2895.0,88.0,1604,1418.0,,1062,986.0,26.5,1,saludable,propagada,-76,,saludable
maceta-sim,3835,5,sim-1.0,1791388380,23.0,47.0,3484,2714.0,82.0,1607,1421.0,,1060,984.0,25.9,1,saludable,propagada,-76,,saludable
maceta-sim,3836,5,sim-1.0,1791388440,22.8,48.0,3409,2664.0,81.0,1597,1413.0,,1058,981.0,26.4,1,saludable,propagada,-75,,saludable
maceta-sim,3837,5,sim-1.0,1791388500,22.7,45.0,3368,2636.0,80.0,1578,1398.0,,1059,982.0,26.2,1,saludable,propagada,-68,,saludable
maceta-sim,3838,5,sim-1.0,1791388560,23.2,47.0,3308,2596.0,79.0,1602,1417.0,,1070,991.0,26.3,1,saludable,propagada,-70,,saludable
maceta-sim,3839,5,sim-1.0,1791388620,22.6,49.0,3567,2770.0,84.0,1599,1414.0,,1064,985.0,26.4,1,saludable,propagada,-74,,saludable
maceta-sim,3840,5,sim-1.0,1791388680,22.9,48.0,3758,2898.0,88.0,1606,1420.0,,1062,985.0,26.2,1,saludable,propagada,-64,,saludable
maceta-sim,3841,5,sim-1.0,1791388740,23.0,48.0,3479,2711.0,82.0,1601,1416.0,,1062,984.0,25.9,1,saludable,propagada,-73,,saludable
maceta-sim,3842,5,sim-1.0,1791388800,22.4,47.0,3962,3035.0,92.0,1601,1416.0,,1059,982.0,26.2,1,saludable,propagada,-74,,saludable
maceta-sim,3843,5,sim-1.0,1791388860,22.1,49.0,3989,3053.0,93.0,1576,1396.0,,1048,975.0,26.2,1,saludable,propagada,-75,,saludable
maceta-sim,3844,5,sim-1.0,1791388920,23.2,44.0,3594,2788.0,84.0,1607,1421.0,,1063,988.0,26.4,1,saludable,propagada,-72,,saludable
maceta-sim,3845,5,sim-1.0,1791388980,23.0,50.0,4043,3089.0,94.0,1606,1420.0,,1061,985.0,26.1,1,saludable,propagada,-77,,saludable
maceta-sim,3846,5,sim-1.0,1791389040,22.8,47.0,4095,3124.0,95.0,1594,1410.0,,1068,991.0,26.3,1,saludable,propagada,-77,luz_saturada,saludable
maceta-sim,3847,5,sim-1.0,1791389100,22.7,46.0,3724,2875.0,87.0,1621,1432.0,,1064,987.0,26.2,1,saludable,propagada,-80,,saludable
maceta-sim,3848,5,sim-1.0,1791389160,,,3357,2629.0,80.0,1609,1422.0,,1060,982.0,25.8,1,saludable,propagada,-69,dht_sin_respuesta,saludable
maceta-sim,3849,5,sim-1.0,1791389220,23.3,45.0,3812,2934.0,89.0,1606,1420.0,,1069,992.0,26.3,1,saludable,propagada,-70,,saludable
maceta-sim,3850,5,sim-1.0,1791389280,22.7,47.0,3627,2810.0,85.0,1616,1428.0,,1057,982.0,26.4,1,saludable,propagada,-79,,saludable
maceta-sim,3851,5,sim-1.0,1791389340,22.6,50.0,3788,2918.0,88.0,1601,1416.0,,1054,980.0,26.1,1,saludable,propagada,-71,,saludable
maceta-sim,3852,5,sim-1.0,1791389400,23.0,47.0,3400,2658.0,81.0,1596,1412.0,,1061,983.0,26.2,1,saludable,propagada,-63,,saludable
maceta-sim,3853,5,sim-1.0,1791389460,23.3,48.0,3900,2993.0,91.0,1619,1430.0,,1069,991.0,26.2,1,saludable,propagada,-69,,saludable
maceta-sim,3854,5,sim-1.0,1791389520,23.1,47.0,3602,2793.0,85.0,1601,1416.0,,1064,985.0,26.5,1,saludable,propagada,-77,,saludable
maceta-sim,3855,5,sim-1.0,1791389580,23.0,48.0,3624,2808.0,85.0,1625,1435.0,,1067,991.0,26.5,1,saludable,propagada,-76,,saludable
maceta-sim,3856,5,sim-1.0,1791389640,23.1,46.0,4061,3101.0,94.0,1619,1430.0,,1067,990.0,26.2,1,saludable,propagada,-72,luz_saturada,saludable
maceta-sim,3857,5,sim-1.0,1791389700,22.2,49.0,3958,3032.0,92.0,1614,1426.0,,1055,978.0,25.7,1,saludable,propagada,-79,,saludable
maceta-sim,3858,5,sim-1.0,1791389760,22.5,49.0,3660,2832.0,86.0,1611,1424.0,,1056,979.0,26.1,1,saludable,propagada,-78,,saludable
maceta-sim,3859,5,sim-1.0,1791389820,22.8,48.0,3751,2893.0,88.0,1623,1433.0,,1061,982.0,26.1,1,saludable,propagada,-74,,saludable
maceta-sim,3860,5,sim-1.0,1791389880,23.0,46.0,3712,2867.0,87.0,1619,1430.0,,1069,990.0,26.3,1,saludable,propagada,-78,,saludable
maceta-sim,3861,5,sim-1.0,1791389940,22.5,48.0,3625,2809.0,85.0,1630,1439.0,,1054,977.0,26.3,1,saludable,propagada,-69,,saludable
maceta-sim,3862,5,sim-1.0,1791390000,22.7,49.0,3329,2610.0,79.0,1607,1421.0,,1060,985.0,26.3,1,saludable,propagada,-72,,saludable
maceta-sim,3863,5,sim-1.0,1791390060,22.9,51.0,3719,2872.0,87.0,1620,1431.0,,1067,989.0,26.4,1,saludable,propagada,-71,,saludable
maceta-sim,3864,5,sim-1.0,1791390120,23.0,49.0,3660,2832.0,86.0,1616,1428.0,,1067,989.0,26.1,1,saludable,propagada,-67,,saludable
maceta-sim,3865,5,sim-1.0,1791390180,23.1,47.0,3971,3041.0,92.0,1611,1424.0,,1067,990.0,26.5,1,saludable,propagada,-73,,saludable
maceta-sim,3866,5,sim-1.0,1791390240,22.6,48.0,3852,2961.0,90.0,1629,1438.0,,1062,982.0,26.3,1,saludable,propagada,-72,,saludable
maceta-sim,3867,5,sim-1.0,1791390300,22.6,50.0,3625,2809.0,85.0,1604,1418.0,,1053,976.0,26.1,1,saludable,propagada,-72,,saludable
maceta-sim,3868,5,sim-1.0,1791390360,22.8,46.0,3494,2721.0,82.0,1614,1426.0,,1066,988.0,26.9,1,saludable,propagada,-75,,saludable
maceta-sim,3869,5,sim-1.0,1791390420,23.3,48.0,3379,2644.0,80.0,1616,1428.0,,1069,992.0,26.5,1,saludable,propagada,-76,,saludable
maceta-sim,3870,5,sim-1.0,1791390480,23.1,46.0,3801,2927.0,89.0,1626,1436.0,,1062,985.0,25.9,1,saludable,manual,-67,,saludable
maceta-sim,3871,5,sim-1.0,1791390540,22.9,48.0,3859,2966.0,90.0,1628,1437.0,,1062,985.0,26.1,1,saludable,propagada,-74,,saludable
maceta-sim,3872,5,sim-1.0,1791390600,23.6,44.0,3727,2877.0,87.0,1618,1429.0,,1068,991.0,26.4,1,saludable,propagada,-65,,saludable
maceta-sim,3873,5,sim-1.0,1791390660,23.0,48.0,3511,2732.0,83.0,1628,1437.0,,1058,982.0,26.3,1,saludable,propagada,-70,,saludable
maceta-sim,3874,5,sim-1.0,1791390720,23.0,49.0,3821,2940.0,89.0,1634,1442.0,,1062,985.0,26.3,1,saludable,propagada,-69,,saludable
maceta-sim,3875,5,sim-1.0,1791390780,23.6,45.0,4013,3069.0,93.0,1635,1443.0,,1069,995.0,26.2,1,saludable,propagada,-70,,saludable
maceta-sim,3876,5,sim-1.0,1791390840,23.1,46.0,3438,2683.0,81.0,1614,1426.0,,1064,988.0,26.5,1,saludable,propagada,-71,,saludable
maceta-sim,3877,5,sim-1.0,1791390900,22.6,45.0,4029,3080.0,93.0,1620,1431.0,,1058,981.0,26.3,1,saludable,propagada,-71,,saludable
maceta-sim,3878,5,sim-1.0,1791390960,23.2,47.0,3567,2770.0,84.0,1638,1445.0,,1066,989.0,26.5,1,saludable,propagada,-73,,saludable
maceta-sim,3879,5,sim-1.0,1791391020,23.3,49.0,3365,2634.0,80.0,1616,1428.0,,1072,994.0,26.3,1,saludable,propagada,-76,,saludable
maceta-sim,3880,5,sim-1.0,1791391080,23.1,50.0,3466,2702.0,82.0,1633,1441.0,,1059,984.0,26.8,1,saludable,propagada,-72,,saludable
maceta-sim,3881,5,sim-1.0,1791391140,23.1,46.0,3856,2964.0,90.0,1634,1442.0,,1065,987.0,26.3,1,saludable,propagada,-71,,saludable
maceta-sim,3882,5,sim-1.0,1791391200,22.7,48.0,3442,2686.0,81.0,1624,1434.0,,1060,984.0,26.6,1,saludable,propagada,-70,,saludable
maceta-sim,3883,5,sim-1.0,1791391260,23.2,46.0,3922,3008.0,91.0,1628,1437.0,,1067,990.0,26.6,1,saludable,propagada,-79,,saludable
maceta-sim,3884,5,sim-1.0,1791391320,22.8,46.0,3543,2754.0,83.0,1653,1456.0,,1062,986.0,26.1,1,saludable,propagada,-73,,saludable
maceta-sim,3885,5,sim-1.0,1791391380,22.8,48.0,3278,2576.0,78.0,1629,1438.0,,1059,983.0,26.2,1,saludable,propagada,-69,,saludable
maceta-sim,3886,5,sim-1.0,1791391440,23.1,46.0,3365,2634.0,80.0,1636,1444.0,,1058,983.0,26.2,1,saludable,propagada,-68,,saludable
maceta-sim,3887,6,sim-1.0,,23.4,47.0,3433,2680.0,81.0,1625,1435.0,,1057,982.0,26.3,1,saludable,propagada,-76,hora_sin_sincronizar,saludable
maceta-sim,3888,6,sim-1.0,1791391560,23.3,45.0,3248,2556.0,77.0,1639,1446.0,,1075,995.0,25.9,1,saludable,propagada,-67,,saludable
maceta-sim,3889,6,sim-1.0,1791391620,22.9,48.0,3606,2796.0,85.0,1643,1449.0,,1064,986.0,26.3,1,saludable,propagada,-70,,saludable
maceta-sim,3890,6,sim-1.0,1791391680,23.1,46.0,3430,2678.0,81.0,1630,1439.0,,1064,985.0,26.1,1,saludable,propagada,-71,,saludable
maceta-sim,3891,6,sim-1.0,1791391740,23.6,44.0,3545,2755.0,83.0,1643,1449.0,,1071,995.0,26.3,1,saludable,propagada,-77,,saludable
maceta-sim,3892,6,sim-1.0,1791391800,22.7,48.0,3454,2694.0,82.0,1633,1441.0,,1058,981.0,26.0,1,saludable,propagada,-72,,saludable
maceta-sim,3893,6,sim-1.0,1791391860,24.1,43.0,3865,2970.0,90.0,1653,1456.0,,1080,1003.0,26.6,1,saludable,propagada,-70,,saludable
maceta-sim,3894,6,sim-1.0,1791391920,23.0,46.0,3746,2890.0,88.0,1638,1445.0,,1066,988.0,26.1,1,saludable,propagada,-75,,saludable
maceta-sim,3895,6,sim-1.0,1791391980,22.8,46.0,3606,2796.0,85.0,1636,1444.0,,1061,987.0,26.0,1,saludable,propagada,-75,,saludable
maceta-sim,3896,6,sim-1.0,1791392040,23.0,46.0,3447,2689.0,81.0,1640,1447.0,,1067,991.0,26.4,1,saludable,propagada,-72,,saludable
maceta-sim,3897,6,sim-1.0,1791392100,23.5,46.0,3450,2691.0,82.0,1649,1453.0,,1067,991.0,26.2,1,saludable,propagada,-82,,saludable
maceta-sim,3898,6,sim-1.0,1791392160,23.5,47.0,3469,2704.0,82.0,1654,1457.0,,1066,989.0,26.8,1,saludable,propagada,-73,,saludable
maceta-sim,3899,6,sim-1.0,1791392220,22.9,48.0,3308,2596.0,79.0,1646,1451.0,,1060,985.0,26.5,1,saludable,propagada,-72,,saludable
maceta-sim,3900,6,sim-1.0,1791392280,24.0,44.0,3748,2891.0,88.0,1649,1453.0,,1077,998.0,26.5,1,saludable,propagada,-65,,saludable
maceta-sim,3901,6,sim-1.0,1791392340,23.1,45.0,3982,3048.0,92.0,1649,1453.0,,1066,988.0,26.4,1,saludable,propagada,-71,,saludable
maceta-sim,3902,6,sim-1.0,1791392400,23.0,50.0,3259,2563.0,78.0,1635,1443.0,,1066,989.0,26.7,1,saludable,propagada,-71,,saludable
maceta-sim,3903,6,sim-1.0,1791392460,23.4,44.0,3576,2776.0,84.0,1644,1450.0,,1070,992.0,26.5,1,saludable,propagada,-75,,saludable
maceta-sim,3904,6,sim-1.0,1791392520,23.4,46.0,3724,2875.0,87.0,1646,1451.0,,1062,986.0,26.2,1,saludable,propagada,-72,,saludable
maceta-sim,3905,6,sim-1.0,1791392580,23.5,49.0,3511,2732.0,83.0,1649,1453.0,,1074,996.0,26.1,1,saludable,propagada,-69,,saludable
maceta-sim,3906,6,sim-1.0,1791392640,23.3,46.0,3924,3009.0,91.0,1655,1458.0,,1072,995.0,26.2,1,saludable,propagada,-74,,saludable
maceta-sim,3907,6,sim-1.0,1791392700,23.4,45.0,3239,2550.0,77.0,1661,1462.0,,1062,986.0,26.2,1,saludable,propagada,-80,,saludable
maceta-sim,3908,6,sim-1.0,1791392760,23.2,48.0,3701,2860.0,87.0,1654,1457.0,,1063,987.0,26.4,1,saludable,propagada,-75,,saludable
maceta-sim,3909,6,sim-1.0,1791392820,23.6,49.0,3201,2524.0,76.0,1650,1454.0,,1073,994.0,26.3,1,saludable,propagada,-76,,saludable
maceta-sim,3910,6,sim-1.0,1791392880,23.4,44.0,3698,2858.0,87.0,1665,1465.0,,1065,989.0,26.4,1,saludable,propagada,-70,,saludable
maceta-sim,3911,6,sim-1.0,1791392940,23.1,48.0,3946,3024.0,92.0,1661,1462.0,,1066,986.0,26.2,1,saludable,propagada,-75,,saludable
maceta-sim,3912,6,sim-1.0,1791393000,23.4,48.0,3490,2718.0,82.0,1675,1472.0,,1067,992.0,26.5,1,saludable,propagada,-67,,saludable
maceta-sim,3913,6,sim-1.0,1791393060,23.7,45.0,3803,2928.0,89.0,1675,1472.0,,1072,996.0,26.8,1,saludable,propagada,-71,,saludable
maceta-sim,3914,6,sim-1.0,1791393120,23.5,46.0,3709,2865.0,87.0,1655,1458.0,,1064,987.0,26.5,1,saludable,propagada,-71,,saludable
maceta-sim,3915,6,sim-1.0,1791393180,23.5,45.0,3171,2504.0,76.0,1668,1467.0,,1072,994.0,26.4,1,saludable,propagada,-75,,saludable
maceta-sim,3916,6,sim-1.0,1791393240,23.4,47.0,3168,2502.0,76.0,1655,1458.0,,1072,995.0,26.4,1,saludable,propagada,-65,,saludable
maceta-sim,3917,6,sim-1.0,1791393300,23.7,49.0,3317,2602.0,79.0,1654,1457.0,,1074,997.0,26.3,1,saludable,propagada,-77,,saludable
maceta-sim,3918,6,sim-1.0,1791393360,23.3,43.0,3247,2555.0,77.0,1672,1470.0,,1066,990.0,26.5,1,saludable,propagada,-72,,saludable
maceta-sim,3919,6,sim-1.0,1791393420,23.6,46.0,3429,2677.0,81.0,1655,1458.0,,1071,994.0,26.1,1,saludable,propagada,-74,,saludable
maceta-sim,3920,6,sim-1.0,1791393480,23.4,48.0,3215,2534.0,77.0,1661,1462.0,,1074,995.0,26.2,1,saludable,propagada,-68,,saludable
maceta-sim,3921,6,sim-1.0,1791393540,23.7,46.0,3177,2508.0,76.0,1660,1461.0,,1082,1000.0,26.9,1,saludable,propagada,-69,,saludable
maceta-sim,3922,6,sim-1.0,1791393600,23.2,50.0,3175,2507.0,76.0,1671,1469.0,,1069,991.0,26.3,1,saludable,propagada,-67,,saludable
maceta-sim,3923,6,sim-1.0,1791393660,23.6,47.0,3201,2524.0,76.0,1668,1467.0,,1073,996.0,26.4,1,saludable,propagada,-71,,saludable
maceta-sim,3924,6,sim-1.0,1791393720,23.8,44.0,3376,2642.0,80.0,1658,1460.0,,1074,996.0,26.7,1,saludable,propagada,-68,,saludable
maceta-sim,3925,6,sim-1.0,1791393780,23.5,47.0,3342,2619.0,79.0,1666,1466.0,,1073,997.0,26.7,1,saludable,propagada,-71,,saludable
maceta-sim,3926,6,sim-1.0,1791393840,23.9,46.0,3812,2934.0,89.0,1654,1457.0,,1074,997.0,26.4,1,saludable,propagada,-69,,saludable
maceta-sim,3927,6,sim-1.0,1791393900,23.0,47.0,3257,2562.0,78.0,1677,1474.0,,1064,988.0,26.2,1,saludable,propagada,-72,,saludable
maceta-sim,3928,6,sim-1.0,1791393960,24.0,46.0,3758,2898.0,88.0,1695,1487.0,,1081,1000.0,26.7,1,saludable,propagada,-76,,saludable
maceta-sim,3929,6,sim-1.0,1791394020,23.4,46.0,3681,2846.0,86.0,1662,1463.0,,1074,996.0,26.4,1,saludable,propagada,-74,,saludable
maceta-sim,3930,6,sim-1.0,1791394080,23.8,46.0,3818,2938.0,89.0,1686,1480.0,,1065,991.0,26.5,1,saludable,propagada,-68,,saludable
maceta-sim,3931,6,sim-1.0,1791394140,23.3,45.0,3162,2498.0,76.0,1675,1472.0,,1061,983.0,26.5,1,saludable,propagada,-68,,saludable
maceta-sim,3932,6,sim-1.0,1791394200,23.8,46.0,3658,2831.0,86.0,1666,1466.0,,1071,994.0,26.8,1,saludable,propagada,-72,,saludable
maceta-sim,3933,6,sim-1.0,1791394260,23.2,46.0,3256,2561.0,78.0,1664,1464.0,,1066,989.0,26.3,1,saludable,propagada,-70,,saludable
maceta-sim,3934,6,sim-1.0,1791394320,23.4,48.0,3616,2803.0,85.0,1664,1464.0,,1067,990.0,26.3,1,saludable,propagada,-76,,saludable
maceta-sim,3935,6,sim-1.0,1791394380,23.7,45.0,3362,2632.0,80.0,1671,1469.0,,1070,994.0,26.7,1,saludable,propagada,-71,,saludable
maceta-sim,3936,6,sim-1.0,1791394440,23.6,46.0,3375,2641.0,80.0,1687,1481.0,,1071,992.0,26.5,1,saludable,propagada,-75,,saludable
maceta-sim,3937,6,sim-1.0,1791394500,23.8,46.0,3640,2819.0,85.0,1672,1470.0,,1079,1002.0,26.7,1,saludable,propagada,-76,,saludable
maceta-sim,3938,6,sim-1.0,1791394560,24.1,45.0,3148,2489.0,75.0,1691,1484.0,,1071,994.0,26.6,1,saludable,propagada,-69,,saludable
maceta-sim,3939,6,sim-1.0,1791394620,23.3,49.0,3102,2458.0,74.0,1691,1484.0,,1066,988.0,26.1,1,saludable,propagada,-69,,saludable
maceta-sim,3940,6,sim-1.0,1791394680,23.6,45.0,3148,2489.0,75.0,1688,1482.0,,1070,992.0,26.5,1,saludable,propagada,-78,,saludable
maceta-sim,3941,6,sim-1.0,1791394740,23.6,45.0,3736,2883.0,87.0,1668,1467.0,,1070,991.0,26.4,1,saludable,propagada,-72,,saludable
maceta-sim,3942,6,sim-1.0,1791394800,23.7,47.0,3130,2477.0,75.0,1672,1470.0,,1070,992.0,26.5,1,saludable,propagada,-75,,saludable
maceta-sim,3943,6,sim-1.0,1791394860,23.5,46.0,3305,2594.0,79.0,1677,1474.0,,1071,994.0,26.6,1,saludable,propagada,-61,,saludable
maceta-sim,3944,6,sim-1.0,1791394920,23.5,47.0,3509,2731.0,83.0,1697,1488.0,,1069,991.0,26.7,1,saludable,propagada,-74,,saludable
maceta-sim,3945,6,sim-1.0,1791394980,23.2,47.0,3542,2753.0,83.0,1675,1472.0,,1067,989.0,26.5,1,saludable,propagada,-77,,saludable
maceta-sim,3946,6,sim-1.0,1791395040,23.8,43.0,3153,2492.0,76.0,1676,1473.0,,1073,993.0,26.2,1,saludable,propagada,-65,,saludable
maceta-sim,3947,6,sim-1.0,1791395100,23.5,46.0,3417,2669.0,81.0,1679,1475.0,,1075,995.0,26.3,1,saludable,propagada,-71,,saludable
maceta-sim,3948,6,sim-1.0,1791395160,23.8,48.0,3166,2501.0,76.0,1698,1489.0,,1071,992.0,27.0,1,saludable,propagada,-66,,saludable
maceta-sim,3949,6,sim-1.0,1791395220,23.4,47.0,3406,2662.0,81.0,1697,1488.0,,1068,993.0,26.5,1,saludable,propagada,-70,,saludable
maceta-sim,3950,6,sim-1.0,1791395280,24.1,45.0,3284,2580.0,78.0,1691,1484.0,,1078,1000.0,26.6,1,saludable,propagada,-73,,saludable
maceta-sim,3951,6,sim-1.0,1791395340,23.4,47.0,3029,2409.0,73.0,1669,1468.0,,1068,992.0,26.6,1,saludable,propagada,-74,,saludable
maceta-sim,3952,6,sim-1.0,1791395400,24.2,48.0,2969,2369.0,72.0,1680,1476.0,,1082,1004.0,26.5,1,saludable,manual,-73,,saludable
maceta-sim,3953,6,sim-1.0,1791395460,23.7,43.0,3119,2469.0,75.0,1701,1491.0,,1077,997.0,26.6,1,saludable,propagada,-70,,saludable
maceta-sim,3954,6,sim-1.0,1791395520,23.9,47.0,3028,2408.0,73.0,1687,1481.0,,1074,997.0,26.5,1,saludable,propagada,-75,,saludable
maceta-sim,3955,6,sim-1.0,1791395580,24.2,44.0,2992,2384.0,72.0,1688,1482.0,,1079,1002.0,26.7,1,saludable,propagada,-70,,saludable
maceta-sim,3956,6,sim-1.0,1791395640,23.6,49.0,3169,2503.0,76.0,1691,1484.0,,1072,992.0,26.3,1,saludable,propagada,-74,,saludable
maceta-sim,3957,6,sim-1.0,1791395700,24.0,44.0,3078,2442.0,74.0,1686,1480.0,,1080,1002.0,26.8,1,saludable,propagada,-68,,saludable
maceta-sim,3958,6,sim-1.0,1791395760,23.3,48.0,3278,2576.0,78.0,1687,1481.0,,1064,987.0,26.5,1,saludable,propagada,-71,,saludable
maceta-sim,3959,6,sim-1.0,1791395820,23.7,46.0,3145,2487.0,75.0,1705,1494.0,,1077,999.0,26.7,1,saludable,propagada,-68,,saludable
maceta-sim,3960,6,sim-1.0,1791395880,23.8,44.0,3275,2574.0,78.0,1688,1482.0,,1072,995.0,26.4,1,saludable,propagada,-72,,saludable
maceta-sim,3961,6,sim-1.0,1791395940,23.4,45.0,2998,2388.0,72.0,1697,1488.0,,1072,994.0,26.3,1,saludable,propagada,-67,,saludable
maceta-sim,3962,6,sim-1.0,1791396000,23.5,47.0,3105,2460.0,75.0,1712,1499.0,,1071,992.0,26.2,1,saludable,propagada,-71,,saludable
maceta-sim,3963,6,sim-1.0,1791396060,24.1,44.0,3546,2756.0,84.0,1710,1498.0,,1075,1000.0,26.3,1,saludable,propagada,-71,,saludable
maceta-sim,3964,6,sim-1.0,1791396120,23.4,45.0,3204,2526.0,77.0,1684,1479.0,,1065,990.0,26.5,1,saludable,propagada,-74,,saludable
maceta-sim,3965,6,sim-1.0,1791396180,23.7,45.0,3156,2494.0,76.0,1702,1492.0,,1072,994.0,26.4,1,saludable,propagada,-72,,saludable
maceta-sim,3966,6,sim-1.0,1791396240,24.0,45.0,3536,2749.0,83.0,1705,1494.0,,1075,998.0,26.6,1,saludable,propagada,-74,,saludable
maceta-sim,3967,6,sim-1.0,1791396300,23.3,44.0,3130,2477.0,75.0,1710,1498.0,,1069,989.0,25.9,1,saludable,propagada,-69,,saludable
maceta-sim,3968,6,sim-1.0,1791396360,24.0,46.0,3452,2693.0,82.0,1705,1494.0,,1071,998.0,26.8,1,saludable,propagada,-69,,saludable
maceta-sim,3969,6,sim-1.0,1791396420,23.7,46.0,3044,2419.0,73.0,1710,1498.0,,1069,994.0,26.6,1,saludable,propagada,-72,,saludable
maceta-sim,3970,6,sim-1.0,1791396480,24.1,45.0,3363,2633.0,80.0,1695,1487.0,,1074,998.0,26.7,1,saludable,propagada,-74,,saludable
maceta-sim,3971,6,sim-1.0,1791396540,23.9,45.0,3037,2414.0,73.0,1717,1503.0,,1071,994.0,26.2,1,saludable,propagada,-75,,saludable
maceta-sim,3972,6,sim-1.0,1791396600,23.9,46.0,3051,2424.0,73.0,1721,1506.0,,1077,998.0,26.1,1,saludable,propagada,-75,,saludable
maceta-sim,3973,6,sim-1.0,1791396660,23.9,45.0,2822,2270.0,69.0,1717,1503.0,,1080,1000.0,26.4,1,saludable,propagada,-65,,saludable
maceta-sim,3974,6,sim-1.0,1791396720,23.4,46.0,3046,2420.0,73.0,1698,1489.0,,1069,990.0,26.7,1,saludable,propagada,-65,,saludable
maceta-sim,3975,6,sim-1.0,1791396780,23.8,42.0,3107,2461.0,75.0,1709,1497.0,,1066,990.0,26.3,1,saludable,propagada,-71,,saludable
maceta-sim,3976,6,sim-1.0,1791396840,23.7,44.0,3286,2581.0,78.0,1717,1503.0,,1069,993.0,26.8,1,saludable,propagada,-74,,saludable
maceta-sim,3977,6,sim-1.0,1791396900,23.7,45.0,3196,2521.0,76.0,1717,1503.0,,1075,998.0,26.4,1,saludable,propagada,-78,,saludable
maceta-sim,3978,6,sim-1.0,1791396960,23.7,45.0,3317,2602.0,79.0,1706,1495.0,,1072,996.0,26.0,1,saludable,propagada,-66,,saludable
maceta-sim,3979,6,sim-1.0,1791397020,24.1,43.0,2981,2377.0,72.0,1710,1498.0,,1084,1006.0,26.7,1,saludable,propagada,-71,,saludable
maceta-sim,3980,6,sim-1.0,1791397080,23.8,47.0,2831,2276.0,69.0,1715,1501.0,,1071,995.0,26.5,1,saludable,propagada,-74,,saludable
maceta-sim,3981,6,sim-1.0,1791397140,23.9,46.0,2914,2332.0,71.0,1710,1498.0,,1080,1002.0,26.8,1,saludable,propagada,-79,,saludable
maceta-sim,3982,6,sim-1.0,1791397200,23.6,47.0,3108,2462.0,75.0,1704,1493.0,,1074,997.0,26.4,1,saludable,propagada,-73,,saludable
maceta-sim,3983,6,sim-1.0,1791397260,24.1,46.0,3315,2601.0,79.0,1715,1501.0,,1072,997.0,26.6,1,saludable,propagada,-75,,saludable
maceta-sim,3984,6,sim-1.0,1791397320,24.4,44.0,3032,2411.0,73.0,1721,1506.0,,1087,1011.0,26.5,1,saludable,propagada,-72,,saludable
maceta-sim,3985,6,sim-1.0,1791397380,24.0,46.0,3171,2504.0,76.0,1721,1506.0,,1077,998.0,26.9,1,saludable,propagada,-72,,saludable
maceta-sim,3986,6,sim-1.0,1791397440,23.5,47.0,3351,2625.0,80.0,1713,1500.0,,1073,996.0,26.7,1,saludable,propagada,-70,,saludable
maceta-sim,3987,6,sim-1.0,1791397500,24.4,43.0,3165,2500.0,76.0,1720,1505.0,,1080,1001.0,26.9,1,saludable,propagada,-73,,saludable
maceta-sim,3988,6,sim-1.0,1791397560,23.9,46.0,3202,2525.0,77.0,1730,1512.0,,1081,1002.0,26.6,1,saludable,propagada,-71,,saludable
maceta-sim,3989,6,sim-1.0,1791397620,24.0,49.0,3271,2571.0,78.0,1730,1512.0,,1079,1000.0,26.4,1,saludable,propagada,-72,,saludable
maceta-sim,3990,6,sim-1.0,1791397680,23.2,46.0,2770,2235.0,68.0,1705,1494.0,,1066,990.0,26.4,1,saludable,propagada,-73,,saludable
maceta-sim,3991,6,sim-1.0,1791397740,24.2,45.0,3248,2556.0,77.0,1724,1508.0,,1075,998.0,26.9,1,saludable,propagada,-75,,saludable
maceta-sim,3992,6,sim-1.0,1791397800,24.4,45.0,2837,2280.0,69.0,1721,1506.0,,1081,1004.0,26.7,1,saludable,propagada,-69,,saludable
maceta-sim,3993,6,sim-1.0,1791397860,23.8,46.0,3205,2527.0,77.0,1739,1519.0,,1078,999.0,26.3,1,saludable,propagada,-73,,saludable
maceta-sim,3994,6,sim-1.0,1791397920,23.8,47.0,3268,2569.0,78.0,1730,1512.0,,1073,997.0,26.3,1,saludable,propagada,-62,,saludable
maceta-sim,3995,6,sim-1.0,1791397980,23.8,42.0,3004,2392.0,72.0,1724,1508.0,,1072,995.0,26.5,1,saludable,propagada,-72,,saludable
maceta-sim,3996,6,sim-1.0,1791398040,24.0,45.0,2882,2310.0,70.0,1727,1510.0,,1084,1004.0,26.8,1,saludable,propagada,-72,,saludable
maceta-sim,3997,6,sim-1.0,1791398100,23.5,46.0,2653,2157.0,65.0,1723,1507.0,,1070,993.0,26.5,1,saludable,propagada,-69,,saludable
maceta-sim,3998,6,sim-1.0,1791398160,23.8,45.0,3066,2434.0,74.0,1728,1511.0,,1075,997.0,26.6,1,saludable,propagada,-73,,saludable
maceta-sim,3999,6,sim-1.0,1791398220,24.0,45.0,2832,2277.0,69.0,1710,1498.0,,1078,1000.0,26.3,1,saludable,propagada,-74,,saludable
maceta-sim,4000,6,sim-1.0,1791398280,24.4,44.0,2650,2155.0,65.0,1719,1504.0,,1083,1003.0,26.3,1,saludable,propagada,-74,,saludable
maceta-sim,4001,6,sim-1.0,1791398340,23.3,47.0,2776,2239.0,68.0,1730,1512.0,,1071,993.0,26.3,1,saludable,propagada,-73,,saludable
maceta-sim,4002,6,sim-1.0,1791398400,24.3,46.0,3101,2457.0,74.0,1739,1519.0,,1083,1003.0,26.5,1,saludable,propagada,-71,,saludable
maceta-sim,4003,6,sim-1.0,1791398700,24.4,43.0,2573,2103.0,64.0,1741,1520.0,,1078,999.0,26.5,1,saludable,propagada,-70,,saludable
maceta-sim,4004,6,sim-1.0,1791399000,23.4,44.0,2859,2295.0,70.0,1739,1519.0,,1072,994.0,26.3,1,saludable,propagada,-74,,saludable
maceta-sim,4005,6,sim-1.0,1791399300,24.1,43.0,2965,2366.0,72.0,1732,1514.0,,1079,1002.0,26.6,1,saludable,propagada,-73,,saludable
maceta-sim,4006,6,sim-1.0,1791399600,23.5,45.0,2764,2231.0,68.0,1735,1516.0,,1072,997.0,26.5,1,saludable,propagada,-70,,saludable
maceta-sim,4007,6,sim-1.0,1791399900,23.8,48.0,2557,2092.0,63.0,1761,1535.0,,1076,999.0,26.1,1,saludable,propagada,-67,,saludable
maceta-sim,4008,6,sim-1.0,1791400200,23.5,47.0,2679,2174.0,66.0,1763,1536.0,,1076,996.0,26.4,1,saludable,propagada,-75,,saludable
maceta-sim,4009,6,sim-1.0,1791400500,23.9,47.0,2504,2057.0,62.0,1771,1542.0,,1075,998.0,26.5,1,saludable,propagada,-70,,saludable
maceta-sim,4010,6,sim-1.0,1791400800,24.0,46.0,2579,2107.0,64.0,1779,1548.0,,1071,994.0,26.5,1,saludable,propagada,-74,,saludable
maceta-sim,4011,6,sim-1.0,1791401100,23.9,45.0,2381,1974.0,60.0,1768,1540.0,,1073,994.0,26.6,1,saludable,propagada,-76,,saludable
maceta-sim,4012,6,sim-1.0,1791401400,24.1,45.0,2127,1804.0,55.0,1772,1543.0,,1079,1002.0,26.4,1,saludable,propagada,-67,,saludable
maceta-sim,4013,6,sim-1.0,1791401700,23.9,47.0,2440,2014.0,61.0,1774,1544.0,,1075,997.0,26.7,1,saludable,propagada,-73,,saludable
maceta-sim,4014,6,sim-1.0,1791402000,23.4,50.0,2276,1904.0,58.0,1759,1533.0,,1068,990.0,26.2,1,saludable,propagada,-75,,saludable
maceta-sim,4015,6,sim-1.0,1791402300,23.6,47.0,2026,1736.0,53.0,1805,1567.0,,1073,997.0,26.3,1,saludable,propagada,-73,,saludable
maceta-sim,4016,6,sim-1.0,1791402600,24.2,44.0,1872,1628.0,49.0,1801,1564.0,,1078,1000.0,26.2,1,saludable,propagada,-77,,saludable
maceta-sim,4017,6,sim-1.0,1791402900,23.5,46.0,1995,1715.0,52.0,1808,1569.0,,1070,993.0,26.5,1,saludable,propagada,-69,,saludable
maceta-sim,4018,6,sim-1.0,1791403200,23.6,47.0,2003,1721.0,52.0,1786,1553.0,,1073,994.0,26.3,1,saludable,propagada,-72,,saludable
maceta-sim,4019,6,sim-1.0,1791403500,24.1,46.0,2006,1723.0,52.0,1815,1574.0,,1081,1003.0,26.5,1,saludable,manual,-69,,saludable
maceta-sim,4020,6,sim-1.0,1791403800,23.6,45.0,2020,1732.0,52.0,1801,1564.0,,1074,995.0,26.5,1,saludable,propagada,-76,,saludable
maceta-sim,4021,6,sim-1.0,1791404100,23.6,47.0,1859,1618.0,49.0,1807,1568.0,,1068,993.0,26.5,1,saludable,propagada,-74,,saludable
maceta-sim,4022,6,sim-1.0,1791404400,24.1,44.0,1725,1515.0,46.0,1808,1569.0,,1084,1004.0,26.6,1,saludable,propagada,-71,,saludable
maceta-sim,4023,6,sim-1.0,1791404700,23.3,46.0,1791,1566.0,47.0,1824,1581.0,,1068,991.0,26.2,1,saludable,propagada,-76,,saludable
maceta-sim,4024,6,sim-1.0,1791405000,23.6,46.0,1452,1295.0,39.0,1818,1576.0,,1079,999.0,26.2,1,saludable,propagada,-76,,saludable
maceta-sim,4025,6,sim-1.0,1791405300,23.2,47.0,1408,1260.0,38.0,1816,1575.0,,1067,990.0,26.3,1,saludable,propagada,-72,,saludable
maceta-sim,4026,6,sim-1.0,1791405600,23.4,45.0,1510,1342.0,41.0,1827,1583.0,,1070,994.0,26.3,1,saludable,propagada,-67,,saludable
maceta-sim,4027,6,sim-1.0,1791405900,23.1,44.0,1472,1311.0,40.0,1837,1590.0,,1064,985.0,26.3,1,saludable,propagada,-72,,saludable
maceta-sim,4028,6,sim-1.0,1791406200,23.2,48.0,1317,1187.0,36.0,1840,1592.0,,1071,992.0,26.4,1,saludable,propagada,-72,,saludable
maceta-sim,4029,6,sim-1.0,1791406500,23.1,48.0,1162,1063.0,32.0,1840,1592.0,,1072,992.0,26.0,1,saludable,propagada,-73,,saludable
maceta-sim,4030,6,sim-1.0,1791406800,23.4,46.0,1104,1017.0,31.0,1833,1587.0,,1068,992.0,26.3,1,saludable,propagada,-77,,saludable
maceta-sim,4031,6,sim-1.0,1791407100,23.8,45.0,1083,1000.0,30.0,1857,1605.0,,1070,994.0,25.9,1,saludable,propagada,-73,,saludable
maceta-sim,4032,6,sim-1.0,1791407400,23.3,49.0,1013,944.0,29.0,1856,1604.0,,1071,995.0,26.3,1,saludable,propagada,-70,,saludable
maceta-sim,4033,6,sim-1.0,1791407700,23.5,47.0,1007,939.0,28.0,1868,1613.0,,1073,995.0,26.2,1,saludable,propagada,-76,,saludable
maceta-sim,4034,6,sim-1.0,1791408000,23.1,47.0,919,869.0,26.0,1863,1609.0,,1068,993.0,26.5,1,saludable,propagada,-77,,saludable
maceta-sim,4035,6,sim-1.0,1791408300,23.2,46.0,828,797.0,24.0,1852,1601.0,,1071,994.0,26.4,1,saludable,propagada,-72,,saludable
maceta-sim,4036,6,sim-1.0,1791408600,22.5,51.0,827,796.0,24.0,1857,1605.0,,1062,985.0,26.1,1,saludable,propagada,-72,,saludable
maceta-sim,4037,6,sim-1.0,1791408900,23.4,48.0,706,700.0,21.0,1856,1604.0,,1071,993.0,26.2,1,saludable,propagada,-71,,saludable
maceta-sim,4038,6,sim-1.0,1791409200,23.1,47.0,655,659.0,20.0,1873,1616.0,,1068,991.0,26.5,1,saludable,propagada,-73,,saludable
maceta-sim,4039,6,sim-1.0,1791409500,22.6,50.0,669,670.0,20.0,1856,1604.0,,1061,984.0,26.2,1,saludable,propagada,-72,,saludable
maceta-sim,4040,6,sim-1.0,1791409800,22.6,50.0,508,542.0,16.0,1879,1621.0,,1058,980.0,26.1,1,saludable,propagada,-71,,saludable
maceta-sim,4041,6,sim-1.0,1791410100,23.2,48.0,468,510.0,15.0,1889,1628.0,,1064,988.0,26.6,1,saludable,propagada,-73,,saludable
maceta-sim,4042,6,sim-1.0,1791410400,22.5,49.0,461,505.0,15.0,1889,1628.0,,1056,981.0,26.2,1,saludable,propagada,-77,,saludable
maceta-sim,4043,6,sim-1.0,1791410700,22.8,49.0,376,437.0,13.0,1903,1638.0,,1061,984.0,26.2,1,saludable,propagada,-74,,saludable
maceta-sim,4044,6,sim-1.0,1791411000,22.5,49.0,289,368.0,11.0,1889,1628.0,,1067,989.0,26.2,1,saludable,propagada,-73,,saludable
maceta-sim,4045,6,sim-1.0,1791411300,22.7,49.0,235,325.0,10.0,1905,1640.0,,1063,987.0,26.0,1,saludable,propagada,-84,,saludable
maceta-sim,4046,6,sim-1.0,1791411600,22.8,46.0,156,262.0,8.0,1900,1636.0,,1064,986.0,26.2,1,saludable,propagada,-71,,saludable
maceta-sim,4047,6,sim-1.0,1791411900,22.9,48.0,75,197.0,6.0,1899,1635.0,,1060,984.0,26.3,1,saludable,propagada,-77,,saludable
maceta-sim,4048,6,sim-1.0,1791412200,22.6,49.0,9,145.0,4.0,1897,1634.0,,1061,984.0,26.4,1,saludable,propagada,-67,,saludable
maceta-sim,4049,6,sim-1.0,1791412500,22.4,48.0,9,145.0,4.0,1912,1645.0,,1058,983.0,26.4,1,saludable,propagada,-66,,saludable
maceta-sim,4050,6,sim-1.0,1791412800,22.3,51.0,11,146.0,4.0,1927,1656.0,,1053,978.0,26.0,1,saludable,propagada,-72,,saludable
maceta-sim,4051,6,sim-1.0,1791413100,22.3,46.0,12,147.0,4.0,1911,1644.0,,1050,973.0,26.5,1,saludable,propagada,-72,,saludable
maceta-sim,4052,6,sim-1.0,1791413400,21.5,52.0,12,147.0,4.0,1921,1651.0,,1044,967.0,25.9,1,saludable,propagada,-70,,saludable
maceta-sim,4053,6,sim-1.0,1791413700,21.9,49.0,8,144.0,4.0,1941,1666.0,,1053,977.0,25.6,1,saludable,propagada,-77,,saludable
maceta-sim,4054,6,sim-1.0,1791414000,21.4,53.0,8,144.0,4.0,1927,1656.0,,1043,967.0,25.9,1,saludable,propagada,-71,,saludable
maceta-sim,4055,6,sim-1.0,1791414300,21.4,52.0,12,147.0,4.0,1927,1656.0,,1039,965.0,25.7,1,saludable,propagada,-66,,saludable
maceta-sim,4056,6,sim-1.0,1791414600,21.4,52.0,11,146.0,4.0,1932,1659.0,,1045,969.0,26.0,1,saludable,propagada,-73,,saludable
maceta-sim,4057,6,sim-1.0,1791414900,21.4,51.0,12,147.0,4.0,1932,1659.0,,1044,968.0,26.0,1,saludable,propagada,-72,,saludable
maceta-sim,4058,6,sim-1.0,1791415200,22.0,50.0,12,147.0,4.0,1929,1657.0,,1053,978.0,25.9,1,saludable,propagada,-76,,saludable
maceta-sim,4059,6,sim-1.0,1791415500,21.5,52.0,12,147.0,4.0,1941,1666.0,,1042,968.0,25.8,1,saludable,propagada,-74,,saludable
maceta-sim,4060,6,sim-1.0,1791415800,21.5,50.0,9,145.0,4.0,1958,1678.0,,1050,972.0,26.2,1,saludable,propagada,-70,,saludable
maceta-sim,4061,6,sim-1.0,1791416100,21.5,51.0,12,147.0,4.0,1954,1675.0,,1045,970.0,25.8,1,saludable,propagada,-76,,saludable
maceta-sim,4062,6,sim-1.0,1791416400,20.2,56.0,8,144.0,4.0,1955,1676.0,,1030,953.0,25.7,1,saludable,propagada,-75,,saludable
maceta-sim,4063,6,sim-1.0,1791416700,21.5,52.0,12,147.0,4.0,1954,1675.0,,1045,970.0,25.7,1,saludable,propagada,-69,,saludable
maceta-sim,4064,6,sim-1.0,1791417000,21.2,49.0,8,144.0,4.0,1963,1682.0,,1047,972.0,25.8,1,saludable,propagada,-67,,saludable
maceta-sim,4065,6,sim-1.0,1791417300,20.6,55.0,9,145.0,4.0,1947,1670.0,,1029,956.0,25.5,1,saludable,propagada,-70,,saludable
maceta-sim,4066,6,sim-1.0,1791417600,20.3,53.0,11,146.0,4.0,1963,1682.0,,1029,956.0,25.4,1,saludable,propagada,-67,,saludable
maceta-sim,4067,6,sim-1.0,1791417900,20.8,50.0,8,144.0,4.0,1952,1674.0,,1043,965.0,25.6,1,saludable,propagada,-78,,saludable
maceta-sim,4068,6,sim-1.0,1791418200,21.0,54.0,9,145.0,4.0,1976,1691.0,,1035,959.0,25.9,1,saludable,propagada,-69,,saludable
maceta-sim,4069,6,sim-1.0,1791418500,20.4,56.0,11,146.0,4.0,1956,1677.0,,1030,957.0,25.5,1,saludable,propagada,-76,,saludable
maceta-sim,4070,6,sim-1.0,1791418800,20.5,54.0,8,144.0,4.0,1976,1691.0,,1028,956.0,25.3,1,saludable,propagada,-75,,saludable
maceta-sim,4071,6,sim-1.0,1791419100,20.2,55.0,8,144.0,4.0,1969,1686.0,,1032,956.0,25.3,1,saludable,propagada,-73,,saludable
maceta-sim,4072,6,sim-1.0,1791419400,19.9,55.0,9,145.0,4.0,1976,1691.0,,1021,947.0,25.4,1,saludable,propagada,-72,,saludable
maceta-sim,4073,6,sim-1.0,1791419700,20.1,54.0,9,145.0,4.0,1988,1700.0,,1031,956.0,25.7,1,saludable,propagada,-68,,saludable
maceta-sim,4074,6,sim-1.0,1791420000,19.8,56.0,12,147.0,4.0,1995,1705.0,,1020,946.0,25.5,1,saludable,propagada,-70,,saludable
maceta-sim,4075,6,sim-1.0,1791420300,20.1,53.0,12,147.0,4.0,1980,1694.0,,1026,952.0,25.5,1,saludable,propagada,-74,,saludable
maceta-sim,4076,6,sim-1.0,1791420600,19.5,57.0,8,144.0,4.0,1996,1706.0,,1014,942.0,25.5,1,saludable,propagada,-71,,saludable
maceta-sim,4077,6,sim-1.0,1791420900,19.9,56.0,9,145.0,4.0,1985,1698.0,,1020,946.0,25.4,1,saludable,propagada,-64,,saludable
maceta-sim,4078,6,sim-1.0,1791421200,19.7,54.0,9,145.0,4.0,2003,1711.0,,1014,942.0,25.4,1,saludable,propagada,-73,,saludable
maceta-sim,4079,6,sim-1.0,1791421500,19.8,55.0,11,146.0,4.0,2015,1720.0,,1022,950.0,25.6,1,saludable,propagada,-71,,saludable
maceta-sim,4080,6,sim-1.0,1791421800,19.8,56.0,11,146.0,4.0,2003,1711.0,,1024,947.0,25.4,1,saludable,propagada,-70,,saludable
maceta-sim,4081,6,sim-1.0,1791422100,19.5,55.0,11,146.0,4.0,2009,1715.0,,1017,943.0,25.2,1,saludable,propagada,-67,,saludable
maceta-sim,4082,6,sim-1.0,1791422400,19.6,55.0,11,146.0,4.0,2006,1713.0,,1017,946.0,25.7,1,saludable,manual,-81,,saludable
maceta-sim,4083,6,sim-1.0,1791422700,19.1,54.0,12,147.0,4.0,2014,1719.0,,1011,938.0,25.4,1,saludable,propagada,-66,,saludable
maceta-sim,4084,6,sim-1.0,1791423000,19.1,56.0,11,146.0,4.0,2004,1712.0,,1013,941.0,25.1,1,saludable,propagada,-71,,saludable
maceta-sim,4085,6,sim-1.0,1791423300,18.9,59.0,11,146.0,4.0,2024,1726.0,,1009,936.0,25.6,1,saludable,propagada,-75,,saludable
maceta-sim,4086,6,sim-1.0,1791423600,,,11,146.0,4.0,2022,1725.0,,1011,936.0,25.2,1,saludable,propagada,-72,dht_sin_respuesta,saludable
maceta-sim,4087,6,sim-1.0,1791423900,18.8,57.0,12,147.0,4.0,2020,1723.0,,1005,932.0,25.3,1,saludable,propagada,-77,,saludable
maceta-sim,4088,6,sim-1.0,1791424200,19.0,58.0,11,146.0,4.0,2014,1719.0,,1012,937.0,25.3,1,saludable,propagada,-72,,saludable
maceta-sim,4089,6,sim-1.0,1791424500,18.6,58.0,11,146.0,4.0,2033,1733.0,,1014,940.0,25.2,1,saludable,propagada,-64,,saludable
maceta-sim,4090,6,sim-1.0,1791424800,18.8,57.0,11,146.0,4.0,2022,1725.0,,1012,937.0,25.5,1,saludable,propagada,-73,,saludable
maceta-sim,4091,6,sim-1.0,1791425100,18.6,60.0,9,145.0,4.0,2026,1728.0,,1010,936.0,24.9,1,saludable,propagada,-75,,saludable
maceta-sim,4092,6,sim-1.0,1791425400,18.4,59.0,8,144.0,4.0,2022,1725.0,,999,927.0,25.2,1,saludable,propagada,-73,,saludable
maceta-sim,4093,6,sim-1.0,1791425700,18.3,61.0,12,147.0,4.0,2030,1731.0,,1007,934.0,24.9,1,saludable,propagada,-75,,saludable
maceta-sim,4094,6,sim-1.0,1791426000,18.3,60.0,9,145.0,4.0,2040,1738.0,,1012,937.0,25.0,1,saludable,propagada,-80,,saludable
maceta-sim,4095,6,sim-1.0,1791426300,17.7,61.0,8,144.0,4.0,2043,1740.0,,989,918.0,25.1,1,saludable,propagada,-74,,saludable
maceta-sim,4096,6,sim-1.0,1791426600,18.0,58.0,12,147.0,4.0,2051,1746.0,,1004,930.0,24.8,1,saludable,propagada,-71,,saludable
maceta-sim,4097,6,sim-1.0,1791426900,17.8,61.0,8,144.0,4.0,2055,1749.0,,995,924.0,24.9,1,saludable,propagada,-63,,saludable
maceta-sim,4098,6,sim-1.0,1791427200,18.6,56.0,8,144.0,4.0,2054,1748.0,,1008,936.0,25.1,1,saludable,propagada,-73,,saludable
maceta-sim,4099,6,sim-1.0,1791427500,18.0,60.0,11,146.0,4.0,2047,1743.0,,995,923.0,24.8,1,saludable,propagada,-72,,saludable
maceta-sim,4100,6,sim-1.0,1791427800,18.4,59.0,12,147.0,4.0,2037,1736.0,,1004,933.0,25.0,1,saludable,propagada,-73,,saludable
maceta-sim,4101,6,sim-1.0,1791428100,17.4,59.0,12,147.0,4.0,2054,1748.0,,992,919.0,24.9,1,saludable,propagada,-79,,saludable
maceta-sim,4102,6,sim-1.0,1791428400,19.0,55.0,12,147.0,4.0,2070,1760.0,,1011,938.0,25.4,1,saludable,propagada,-71,,saludable
maceta-sim,4103,6,sim-1.0,1791428700,18.5,60.0,9,145.0,4.0,2072,1761.0,,1005,933.0,24.9,1,saludable,propagada,-75,,saludable
maceta-sim,4104,6,sim-1.0,1791429000,18.9,55.0,8,144.0,4.0,2061,1753.0,,1012,940.0,25.3,1,saludable,propagada,-68,,saludable
maceta-sim,4105,6,sim-1.0,1791429300,18.3,58.0,8,144.0,4.0,2066,1757.0,,1000,929.0,25.2,1,saludable,propagada,-70,,saludable
maceta-sim,4106,6,sim-1.0,1791429600,19.0,56.0,8,144.0,4.0,2058,1751.0,,1008,936.0,25.1,1,saludable,propagada,-72,,saludable
maceta-sim,4107,6,sim-1.0,1791429900,19.0,56.0,8,144.0,4.0,2052,1747.0,,1014,943.0,25.4,1,saludable,propagada,-70,,saludable
maceta-sim,4108,6,sim-1.0,1791430200,17.8,61.0,11,146.0,4.0,2059,1752.0,,1001,927.0,25.1,1,saludable,propagada,-74,,saludable
maceta-sim,4109,6,sim-1.0,1791430500,18.4,54.0,12,147.0,4.0,2069,1759.0,,1000,929.0,24.9,1,saludable,propagada,-80,,saludable
maceta-sim,4110,6,sim-1.0,1791430800,18.2,59.0,8,144.0,4.0,2084,1770.0,,997,927.0,25.1,1,saludable,propagada,-73,,saludable
maceta-sim,4111,6,sim-1.0,1791431100,17.8,59.0,9,145.0,4.0,2073,1762.0,,996,925.0,24.8,1,saludable,propagada,-73,,saludable
maceta-sim,4112,6,sim-1.0,1791431400,17.8,59.0,9,145.0,4.0,2074,1763.0,,998,926.0,24.5,1,saludable,propagada,-78,,saludable
maceta-sim,4113,6,sim-1.0,1791431700,18.2,59.0,9,145.0,4.0,2080,1767.0,,1001,929.0,25.4,1,saludable,propagada,-63,,saludable
maceta-sim,4114,6,sim-1.0,1791432000,17.9,60.0,12,147.0,4.0,2090,1774.0,,999,928.0,25.0,1,saludable,propagada,-70,,saludable
maceta-sim,4115,6,sim-1.0,1791432300,17.4,58.0,11,146.0,4.0,2073,1762.0,,990,917.0,24.8,1,saludable,propagada,-76,,saludable
maceta-sim,4116,6,sim-1.0,1791432600,17.7,59.0,11,146.0,4.0,2079,1766.0,,995,923.0,25.1,1,saludable,propagada,-78,,saludable
maceta-sim,4117,6,sim-1.0,1791432900,17.9,58.0,8,144.0,4.0,2090,1774.0,,1002,927.0,24.9,1,saludable,propagada,-73,,saludable
maceta-sim,4118,6,sim-1.0,1791433200,17.6,60.0,9,145.0,4.0,2081,1768.0,,997,924.0,25.1,1,saludable,propagada,-67,,saludable
maceta-sim,4119,6,sim-1.0,1791433500,17.7,59.0,11,146.0,4.0,2096,1779.0,,997,923.0,24.9,1,saludable,propagada,-71,,saludable
maceta-sim,4120,6,sim-1.0,1791433800,18.0,62.0,9,145.0,4.0,2087,1772.0,,990,920.0,25.1,1,saludable,propagada,-69,,saludable
maceta-sim,4121,6,sim-1.0,1791434100,17.2,61.0,11,146.0,4.0,2105,1785.0,,990,916.0,24.9,1,saludable,propagada,-77,,saludable
maceta-sim,4122,6,sim-1.0,1791434400,17.1,64.0,11,146.0,4.0,2106,1786.0,,990,918.0,24.8,1,saludable,propagada,-69,,saludable
maceta-sim,4123,6,sim-1.0,1791434700,18.0,60.0,12,147.0,4.0,2087,1772.0,,997,926.0,25.2,1,saludable,propagada,-76,,saludable
maceta-sim,4124,6,sim-1.0,1791435000,17.5,61.0,9,145.0,4.0,2117,1794.0,,992,919.0,24.8,1,saludable,propagada,-74,,saludable
maceta-sim,4125,6,sim-1.0,1791435300,16.8,63.0,12,147.0,4.0,2109,1788.0,,984,914.0,24.5,1,saludable,propagada,-72,,saludable
maceta-sim,4126,6,sim-1.0,1791435600,17.8,64.0,12,147.0,4.0,2112,1790.0,,1000,928.0,25.0,1,saludable,propagada,-73,,saludable
maceta-sim,4127,6,sim-1.0,1791435900,17.2,62.0,8,144.0,4.0,2113,1791.0,,993,920.0,25.1,1,saludable,propagada,-67,,saludable
maceta-sim,4128,6,sim-1.0,1791436200,17.4,61.0,9,145.0,4.0,2123,1798.0,,991,921.0,24.8,1,saludable,propagada,-72,,saludable
maceta-sim,4129,6,sim-1.0,1791436500,17.0,63.0,11,146.0,4.0,2107,1787.0,,983,914.0,24.8,1,saludable,propagada,-79,,saludable
maceta-sim,4130,6,sim-1.0,1791436800,17.2,60.0,12,147.0,4.0,2116,1793.0,,995,921.0,24.6,1,saludable,propagada,-71,,saludable
maceta-sim,4131,6,sim-1.0,1791437100,16.8,64.0,8,144.0,4.0,2106,1786.0,,984,913.0,24.9,1,saludable,propagada,-76,,saludable
maceta-sim,4132,6,sim-1.0,1791437400,16.8,63.0,11,146.0,4.0,2127,1801.0,,981,908.0,24.7,1,saludable,propagada,-71,,saludable
maceta-sim,4133,6,sim-1.0,1791437700,16.7,63.0,9,145.0,4.0,2127,1801.0,,979,907.0,24.6,1,saludable,propagada,-76,,saludable
maceta-sim,4134,6,sim-1.0,1791438000,17.1,62.0,11,146.0,4.0,2132,1805.0,,988,917.0,24.8,1,saludable,propagada,-63,,saludable
maceta-sim,4135,6,sim-1.0,1791438300,16.8,62.0,9,145.0,4.0,2109,1788.0,,981,912.0,24.6,1,saludable,propagada,-77,,saludable
maceta-sim,4136,6,sim-1.0,1791438600,16.7,63.0,12,147.0,4.0,2146,1815.0,,985,913.0,24.8,1,saludable,propagada,-72,,saludable
maceta-sim,4137,6,sim-1.0,1791438900,16.5,62.0,9,145.0,4.0,2125,1800.0,,977,906.0,24.5,1,saludable,propagada,-75,,saludable
maceta-sim,4138,6,sim-1.0,1791439200,16.4,63.0,12,147.0,4.0,2129,1803.0,,984,911.0,24.7,1,saludable,propagada,-74,,saludable
maceta-sim,4139,6,sim-1.0,1791439500,17.1,61.0,9,145.0,4.0,2147,1816.0,,988,917.0,25.1,1,saludable,propagada,-70,,saludable
maceta-sim,4140,6,sim-1.0,1791439800,16.7,61.0,9,145.0,4.0,2132,1805.0,,979,907.0,24.5,1,saludable,propagada,-77,,saludable
maceta-sim,4141,6,sim-1.0,1791440100,16.5,64.0,12,147.0,4.0,2136,1808.0,,988,914.0,24.5,1,saludable,propagada,-74,,saludable
maceta-sim,4142,6,sim-1.0,1791440400,16.9,60.0,9,145.0,4.0,2131,1804.0,,988,915.0,24.8,1,saludable,propagada,-65,,saludable
maceta-sim,4143,6,sim-1.0,1791440700,16.2,67.0,12,147.0,4.0,2164,1828.0,,977,905.0,24.5,1,saludable,propagada,-74,,saludable
maceta-sim,4144,6,sim-1.0,1791441000,16.6,62.0,11,146.0,4.0,2146,1815.0,,977,907.0,24.5,1,saludable,propagada,-75,,saludable
maceta-sim,4145,6,sim-1.0,1791441300,16.5,60.0,11,146.0,4.0,2145,1814.0,,982,912.0,24.5,1,saludable,propagada,-76,,saludable
maceta-sim,4146,6,sim-1.0,1791441600,16.4,63.0,8,144.0,4.0,2147,1816.0,,979,907.0,24.7,1,saludable,propagada,-73,,saludable
maceta-sim,4147,6,sim-1.0,1791441900,16.9,65.0,12,147.0,4.0,2149,1817.0,,985,913.0,24.7,1,saludable,propagada,-76,,saludable
maceta-sim,4148,6,sim-1.0,1791442200,16.8,63.0,12,147.0,4.0,2162,1827.0,,984,913.0,24.3,1,saludable,propagada,-67,,saludable
maceta-sim,4149,6,sim-1.0,1791442500,16.7,64.0,11,146.0,4.0,2161,1826.0,,981,912.0,24.8,1,saludable,propagada,-77,,saludable
maceta-sim,4150,6,sim-1.0,1791442800,16.3,63.0,12,147.0,4.0,2150,1818.0,,973,903.0,24.6,1,saludable,propagada,-72,,saludable
maceta-sim,4151,6,sim-1.0,1791443100,17.0,58.0,12,147.0,4.0,2153,1820.0,,985,914.0,25.0,1,saludable,propagada,-74,,saludable
maceta-sim,4152,6,sim-1.0,1791443400,16.8,62.0,11,146.0,4.0,2175,1836.0,,984,912.0,24.8,1,saludable,propagada,-74,,saludable
maceta-sim,4153,6,sim-1.0,1791443700,16.7,63.0,9,145.0,4.0,2173,1835.0,,981,910.0,24.6,1,saludable,propagada,-73,,saludable
maceta-sim,4154,6,sim-1.0,1791444000,16.5,62.0,9,145.0,4.0,2164,1828.0,,976,906.0,25.0,1,saludable,propagada,-71,,saludable
maceta-sim,4155,6,sim-1.0,1791444300,16.6,64.0,9,145.0,4.0,2188,1846.0,,977,905.0,24.9,1,saludable,propagada,-75,,saludable
maceta-sim,4156,6,sim-1.0,1791444600,16.6,62.0,9,145.0,4.0,2172,1834.0,,975,907.0,24.7,1,saludable,propagada,-71,,saludable
maceta-sim,4157,6,sim-1.0,1791444900,16.7,61.0,11,146.0,4.0,2177,1838.0,,982,912.0,24.9,1,saludable,propagada,-77,,saludable
maceta-sim,4158,6,sim-1.0,1791445200,17.4,64.0,8,144.0,4.0,2162,1827.0,,986,917.0,24.8,1,saludable,propagada,-73,,saludable
maceta-sim,4159,6,sim-1.0,1791445500,17.0,61.0,9,145.0,4.0,2176,1837.0,,984,915.0,24.8,1,saludable,propagada,-66,,saludable
maceta-sim,4160,6,sim-1.0,1791445800,17.2,63.0,8,144.0,4.0,2175,1836.0,,988,916.0,24.7,1,saludable,propagada,-77,,saludable
maceta-sim,4161,6,sim-1.0,1791446100,17.1,63.0,12,147.0,4.0,2191,1848.0,,988,915.0,25.0,1,saludable,propagada,-73,,saludable
maceta-sim,4162,6,sim-1.0,1791446400,16.7,63.0,8,144.0,4.0,2173,1835.0,,982,909.0,24.7,1,saludable,propagada,-71,,saludable
maceta-sim,4163,6,sim-1.0,1791446700,16.8,63.0,12,147.0,4.0,2186,1844.0,,979,908.0,24.7,1,saludable,propagada,-77,,saludable
maceta-sim,4164,6,sim-1.0,1791447000,16.4,65.0,8,144.0,4.0,2199,1854.0,,980,909.0,24.6,1,saludable,propagada,-66,,saludable
maceta-sim,4165,6,sim-1.0,1791447300,16.8,63.0,9,145.0,4.0,2171,1833.0,,983,912.0,24.6,1,saludable,propagada,-71,,saludable
maceta-sim,4166,6,sim-1.0,1791447600,17.3,60.0,8,144.0,4.0,2177,1838.0,,990,917.0,25.1,1,saludable,propagada,-74,,saludable
maceta-sim,4167,6,sim-1.0,1791447900,17.3,58.0,9,145.0,4.0,2197,1852.0,,996,923.0,24.7,1,saludable,propagada,-69,,saludable
maceta-sim,4168,6,sim-1.0,1791448200,17.2,60.0,11,146.0,4.0,2180,1840.0,,991,919.0,24.9,1,saludable,propagada,-68,,saludable
maceta-sim,4169,6,sim-1.0,1791448500,17.0,63.0,12,147.0,4.0,2204,1857.0,,983,913.0,24.9,1,saludable,propagada,-67,,saludable
maceta-sim,4170,6,sim-1.0,1791448800,17.0,62.0,11,146.0,4.0,2184,1843.0,,986,914.0,24.7,1,saludable,propagada,-73,,saludable
maceta-sim,4171,6,sim-1.0,1791449100,17.0,63.0,11,146.0,4.0,2198,1853.0,,994,922.0,24.6,1,saludable,propagada,-76,,saludable
maceta-sim,4172,6,sim-1.0,1791449400,17.3,63.0,8,144.0,4.0,2193,1849.0,,992,920.0,24.9,1,saludable,propagada,-71,,saludable
maceta-sim,4173,6,sim-1.0,1791449700,17.6,62.0,12,147.0,4.0,2202,1856.0,,998,923.0,25.3,1,saludable,propagada,-77,,saludable
maceta-sim,4174,6,sim-1.0,1791450000,17.5,60.0,9,145.0,4.0,2226,1873.0,,996,925.0,24.9,1,saludable,propagada,-65,,saludable
maceta-sim,4175,6,sim-1.0,1791450300,17.0,62.0,8,144.0,4.0,2202,1856.0,,989,916.0,24.8,1,saludable,propagada,-73,,saludable
maceta-sim,4176,6,sim-1.0,1791450600,17.2,65.0,12,147.0,4.0,2232,1878.0,,989,919.0,24.6,1,saludable,propagada,-76,,saludable
maceta-sim,4177,6,sim-1.0,1791450900,17.7,61.0,9,145.0,4.0,2195,1851.0,,996,923.0,24.7,1,saludable,propagada,-70,,saludable
maceta-sim,4178,6,sim-1.0,1791451200,17.7,58.0,8,144.0,4.0,2210,1862.0,,1003,929.0,24.8,1,saludable,propagada,-70,,saludable
maceta-sim,4179,6,sim-1.0,1791451500,17.8,59.0,12,147.0,4.0,2210,1862.0,,992,922.0,25.0,1,saludable,propagada,-69,,saludable
maceta-sim,4180,6,sim-1.0,1791451800,17.5,61.0,8,144.0,4.0,2228,1875.0,,993,920.0,25.0,1,saludable,propagada,-72,,saludable
maceta-sim,4181,6,sim-1.0,1791452100,17.3,63.0,100,217.0,7.0,2213,1864.0,,989,919.0,24.7,1,saludable,propagada,-70,,saludable
maceta-sim,4182,6,sim-1.0,1791452400,18.1,58.0,188,287.0,9.0,2215,1865.0,,991,923.0,24.9,1,saludable,propagada,-71,,saludable
maceta-sim,4183,6,sim-1.0,1791452700,17.4,57.0,272,354.0,11.0,2228,1875.0,,993,921.0,24.6,1,saludable,propagada,-76,,saludable
maceta-sim,4184,6,sim-1.0,1791453000,18.3,59.0,341,409.0,12.0,2230,1876.0,,1008,935.0,25.3,1,saludable,propagada,-71,,saludable
maceta-sim,4185,6,sim-1.0,1791454800,18.5,59.0,836,803.0,24.0,2243,1886.0,,1004,932.0,25.3,1,saludable,propagada,-80,,saludable
maceta-sim,4186,6,sim-1.0,1791455100,18.6,60.0,914,865.0,26.0,2253,1893.0,,1009,939.0,25.2,1,saludable,propagada,-68,,saludable
maceta-sim,4187,6,sim-1.0,1791455400,18.2,61.0,1000,934.0,28.0,2235,1880.0,,1001,930.0,25.1,1,saludable,propagada,-76,,saludable
maceta-sim,4188,6,sim-1.0,1791455700,18.6,57.0,1116,1026.0,31.0,2239,1883.0,,1009,934.0,25.2,1,saludable,propagada,-79,,saludable
maceta-sim,4189,6,sim-1.0,1791456000,18.3,58.0,1096,1010.0,31.0,2243,1886.0,,1003,932.0,25.3,1,saludable,propagada,-72,,saludable
maceta-sim,4190,6,sim-1.0,1791456300,19.3,56.0,1217,1107.0,34.0,2263,1900.0,,1010,939.0,24.7,1,saludable,propagada,-75,,saludable
maceta-sim,4191,6,sim-1.0,1791456600,18.8,58.0,1253,1136.0,34.0,2264,1901.0,,1010,939.0,24.9,1,saludable,propagada,-71,,saludable
maceta-sim,4192,6,sim-1.0,1791456900,18.9,56.0,1258,1140.0,35.0,2264,1901.0,,1011,938.0,25.4,1,saludable,propagada,-68,,saludable
maceta-sim,4193,6,sim-1.0,1791457200,19.4,54.0,1458,1300.0,39.0,2265,1902.0,,1014,942.0,25.4,1,saludable,propagada,-71,,saludable
maceta-sim,4194,6,sim-1.0,1791457500,19.1,61.0,1485,1322.0,40.0,2250,1891.0,,1013,941.0,25.4,1,saludable,propagada,-73,,saludable
maceta-sim,4195,6,sim-1.0,1791457800,19.3,56.0,1556,1379.0,42.0,2257,1896.0,,1012,938.0,25.4,1,saludable,propagada,-69,,saludable
maceta-sim,4196,6,sim-1.0,1791458100,18.9,59.0,1598,1412.0,43.0,2248,1889.0,,1011,939.0,25.4,1,saludable,propagada,-76,,saludable
maceta-sim,4197,6,sim-1.0,1791458400,19.1,56.0,1862,1620.0,49.0,2254,1894.0,,1006,933.0,25.5,1,saludable,propagada,-65,,saludable
maceta-sim,4198,6,sim-1.0,1791458700,19.7,56.0,1728,1518.0,46.0,2264,1901.0,,1022,947.0,25.8,1,saludable,propagada,-64,,saludable
maceta-sim,4199,6,sim-1.0,1791459000,19.3,57.0,1753,1537.0,47.0,2274,1908.0,,1016,942.0,25.3,1,saludable,propagada,-71,,saludable
maceta-sim,4200,6,sim-1.0,1791459300,19.4,56.0,1953,1687.0,51.0,2278,1911.0,,1012,938.0,25.3,1,saludable,propagada,-72,,saludable
maceta-sim,4201,6,sim-1.0,1791459600,19.6,57.0,2193,1848.0,56.0,2252,1892.0,,1023,949.0,25.4,1,saludable,propagada,-75,,saludable
maceta-sim,4202,6,sim-1.0,1791459900,20.3,54.0,2278,1905.0,58.0,2289,1919.0,,1039,962.0,25.3,1,saludable,propagada,-65,,saludable
maceta-sim,4203,6,sim-1.0,1791460200,20.1,54.0,2196,1850.0,56.0,2279,1912.0,,1024,952.0,25.6,1,saludable,propagada,-70,,saludable
maceta-sim,4204,6,sim-1.0,1791460500,19.9,57.0,2142,1814.0,55.0,2259,1897.0,,1030,952.0,25.3,1,saludable,propagada,-75,,saludable
maceta-sim,4205,6,sim-1.0,1791460800,,,2132,1807.0,55.0,2286,1917.0,,1024,950.0,25.3,1,saludable,propagada,-70,dht_sin_respuesta,saludable
maceta-sim,4206,6,sim-1.0,1791461100,20.4,53.0,2205,1856.0,56.0,2285,1916.0,,1030,955.0,25.6,1,saludable,propagada,-69,,saludable
maceta-sim,4207,6,sim-1.0,1791461400,19.9,53.0,2758,2227.0,67.0,2304,1930.0,,1022,947.0,25.7,1,saludable,propagada,-74,,saludable
maceta-sim,4208,6,sim-1.0,1791461700,20.8,54.0,2646,2152.0,65.0,2286,1917.0,,1036,962.0,25.4,1,saludable,propagada,-69,,saludable
maceta-sim,4209,6,sim-1.0,1791462000,20.5,54.0,2859,2295.0,70.0,2296,1924.0,,1031,955.0,25.8,1,saludable,propagada,-71,,saludable
maceta-sim,4210,6,sim-1.0,1791462300,20.5,55.0,2688,2180.0,66.0,2300,1927.0,,1029,955.0,25.4,1,saludable,propagada,-74,,saludable
maceta-sim,4211,6,sim-1.0,1791462600,20.7,52.0,2712,2196.0,67.0,2297,1925.0,,1036,962.0,25.8,1,saludable,propagada,-73,,saludable
maceta-sim,4212,6,sim-1.0,1791462900,21.1,52.0,3177,2508.0,76.0,2308,1933.0,,1039,962.0,25.2,1,saludable,propagada,-75,,saludable
maceta-sim,4213,6,sim-1.0,1791463200,21.2,52.0,2661,2162.0,66.0,2291,1921.0,,1044,966.0,25.8,1,saludable,propagada,-72,,saludable
maceta-sim,4214,6,sim-1.0,1791463500,21.2,53.0,3114,2466.0,75.0,2308,1933.0,,1038,964.0,25.9,1,saludable,propagada,-72,,saludable
maceta-sim,4215,6,sim-1.0,1791463800,21.1,51.0,3116,2467.0,75.0,2305,1931.0,,1038,964.0,25.6,1,saludable,propagada,-77,,saludable
maceta-sim,4216,6,sim-1.0,1791464100,21.0,52.0,2943,2351.0,71.0,2307,1932.0,,1045,967.0,25.6,1,saludable,propagada,-74,,saludable
maceta-sim,4217,6,sim-1.0,1791464400,21.4,50.0,3128,2475.0,75.0,2320,1942.0,,1040,964.0,26.0,1,saludable,propagada,-76,,saludable
maceta-sim,4218,6,sim-1.0,1791464700,21.9,50.0,3433,2680.0,81.0,2318,1940.0,,1048,970.0,25.8,1,saludable,propagada,-73,,saludable
maceta-sim,4219,6,sim-1.0,1791465000,21.8,48.0,3408,2663.0,81.0,2329,1948.0,,1049,972.0,25.9,1,saludable,propagada,-69,,saludable
maceta-sim,4220,6,sim-1.0,1791465300,21.8,50.0,3265,2567.0,78.0,2333,1951.0,,1048,973.0,25.7,1,saludable,propagada,-70,,saludable
maceta-sim,4221,6,sim-1.0,1791465600,21.4,53.0,3290,2584.0,78.0,2301,1928.0,,1042,964.0,26.1,1,saludable,propagada,-71,,saludable
maceta-sim,4222,6,sim-1.0,1791465900,21.8,48.0,3694,2855.0,87.0,2319,1941.0,,1055,978.0,25.9,1,saludable,propagada,-72,,saludable
maceta-sim,4223,6,sim-1.0,1791466200,21.5,53.0,3865,2970.0,90.0,2330,1949.0,,1048,972.0,25.9,1,saludable,propagada,-67,,saludable
maceta-sim,4224,6,sim-1.0,1791466500,22.1,49.0,3748,2891.0,88.0,2326,1946.0,,1050,974.0,25.8,1,saludable,propagada,-73,,saludable
maceta-sim,4225,6,sim-1.0,1791466800,21.9,49.0,3455,2695.0,82.0,2324,1945.0,,1049,974.0,26.3,1,saludable,propagada,-69,,saludable
maceta-sim,4226,6,sim-1.0,1791467100,22.3,49.0,3764,2902.0,88.0,2344,1959.0,,1059,982.0,26.0,1,saludable,propagada,-73,,saludable
maceta-sim,4227,6,sim-1.0,1791467400,22.6,50.0,3445,2688.0,81.0,2334,1952.0,,1063,986.0,26.1,1,saludable,propagada,-75,,saludable
maceta-sim,4228,6,sim-1.0,1791467700,22.4,48.0,3873,2975.0,90.0,2356,1968.0,,1056,979.0,26.4,1,saludable,propagada,-72,,saludable
maceta-sim,4229,6,sim-1.0,1791468000,22.3,52.0,4095,3124.0,95.0,2357,1969.0,,1057,980.0,26.7,1,saludable,propagada,-73,luz_saturada,saludable
maceta-sim,4230,6,sim-1.0,1791468300,22.3,49.0,4095,3124.0,95.0,2338,1955.0,,1060,981.0,26.1,1,saludable,propagada,-73,luz_saturada,saludable
maceta-sim,4231,6,sim-1.0,1791468600,22.7,47.0,4020,3074.0,93.0,2342,1958.0,,1065,987.0,26.3,1,saludable,propagada,-73,,saludable
maceta-sim,4232,6,sim-1.0,1791468900,23.0,51.0,3695,2856.0,87.0,2352,1965.0,,1066,989.0,26.2,1,saludable,propagada,-68,,saludable
maceta-sim,4233,6,sim-1.0,1791469200,22.2,47.0,3694,2855.0,87.0,2346,1961.0,,1050,974.0,26.1,1,saludable,propagada,-72,,saludable
maceta-sim,4234,6,sim-1.0,1791469500,22.6,49.0,4095,3124.0,95.0,2346,1961.0,,1061,984.0,26.2,1,saludable,propagada,-70,luz_saturada,saludable
maceta-sim,4235,6,sim-1.0,1791469800,23.3,45.0,3937,3018.0,91.0,2378,1984.0,,1075,996.0,26.2,1,saludable,propagada,-72,,saludable
maceta-sim,4236,6,sim-1.0,1791470100,23.2,47.0,3998,3059.0,93.0,2353,1966.0,,1065,987.0,26.1,1,saludable,propagada,-74,,saludable
maceta-sim,4237,6,sim-1.0,1791470400,23.4,49.0,3809,2932.0,89.0,2349,1963.0,,1065,989.0,26.3,1,saludable,propagada,-73,,saludable
maceta-sim,4238,6,sim-1.0,1791470700,23.6,45.0,4095,3124.0,95.0,2353,1966.0,,1076,997.0,26.3,1,saludable,propagada,-72,luz_saturada,saludable
maceta-sim,4239,6,sim-1.0,1791471000,23.4,46.0,4095,3124.0,95.0,2382,1987.0,,1072,993.0,26.0,1,saludable,propagada,-75,luz_saturada,saludable
maceta-sim,4240,6,sim-1.0,1791471300,23.7,45.0,4095,3124.0,95.0,2390,1993.0,,1066,990.0,26.8,1,saludable,propagada,-68,luz_saturada,saludable
maceta-sim,4241,6,sim-1.0,1791471600,23.8,47.0,4095,3124.0,95.0,2381,1986.0,,1072,994.0,26.7,1,saludable,propagada,-72,luz_saturada,saludable
maceta-sim,4242,6,sim-1.0,1791471900,23.3,47.0,3979,3046.0,92.0,2379,1985.0,,1072,994.0,26.5,1,saludable,propagada,-70,,saludable
maceta-sim,4243,6,sim-1.0,1791472200,23.7,45.0,4095,3124.0,95.0,2371,1979.0,,1077,998.0,26.2,1,saludable,propagada,-75,luz_saturada,saludable
maceta-sim,4244,6,sim-1.0,1791472500,23.6,47.0,4000,3060.0,93.0,2377,1983.0,,1073,996.0,26.4,1,saludable,propagada,-79,,saludable
maceta-sim,4245,6,sim-1.0,1791472800,24.1,43.0,4095,3124.0,95.0,2362,1972.0,,1081,1002.0,26.4,1,saludable,propagada,-73,luz_saturada,saludable
maceta-sim,4246,6,sim-1.0,1791473100,23.9,47.0,4095,3124.0,95.0,2406,2004.0,,1076,996.0,26.7,1,saludable,propagada,-75,luz_saturada,saludable
maceta-sim,4247,6,sim-1.0,1791473400,24.1,44.0,3994,3056.0,93.0,2377,1983.0,,1073,996.0,26.5,1,saludable,propagada,-70,,saludable
maceta-sim,4248,6,sim-1.0,1791473700,23.6,44.0,4095,3124.0,95.0,2382,1987.0,,1073,996.0,26.4,1,saludable,propagada,-70,luz_saturada,saludable
maceta-sim,4249,6,sim-1.0,1791474000,24.4,45.0,4058,3099.0,94.0,2406,2004.0,,1082,1003.0,26.2,1,saludable,propagada,-73,,saludable
maceta-sim,4250,6,sim-1.0,1791474300,24.4,46.0,4095,3124.0,95.0,2390,1993.0,,1080,1002.0,26.9,1,saludable,propagada,-75,luz_saturada,saludable
maceta-sim,4251,6,sim-1.0,1791474600,24.4,45.0,4095,3124.0,95.0,2393,1995.0,,1085,1006.0,26.7,1,saludable,propagada,-75,luz_saturada,saludable
maceta-sim,4252,6,sim-1.0,1791474900,24.4,44.0,4095,3124.0,95.0,2396,1997.0,,1083,1005.0,26.5,1,saludable,propagada,-73,luz_saturada,saludable
maceta-sim,4253,6,sim-1.0,1791475200,24.8,45.0,4095,3124.0,95.0,2409,2006.0,,1088,1012.0,26.8,1,saludable,propagada,-72,luz_saturada,saludable
maceta-sim,4254,6,sim-1.0,1791475500,24.4,45.0,4095,3124.0,95.0,2430,2021.0,,1080,1001.0,26.7,1,saludable,propagada,-76,luz_saturada,saludable
maceta-sim,4255,6,sim-1.0,1791475800,24.8,44.0,4095,3124.0,95.0,2401,2001.0,,1094,1014.0,26.8,1,saludable,propagada,-65,luz_saturada,saludable
maceta-sim,4256,6,sim-1.0,1791476100,25.0,42.0,4095,3124.0,95.0,2413,2009.0,,1088,1010.0,26.5,1,saludable,propagada,-73,luz_saturada,saludable
maceta-sim,4257,6,sim-1.0,1791476400,25.2,41.0,4095,3124.0,95.0,2423,2016.0,,1091,1011.0,27.0,1,saludable,propagada,-76,luz_saturada,saludable
maceta-sim,4258,6,sim-1.0,1791476700,24.7,43.0,4095,3124.0,95.0,2419,2013.0,,1084,1006.0,26.8,1,saludable,propagada,-69,luz_saturada,saludable
maceta-sim,4259,6,sim-1.0,1791477000,25.1,44.0,4095,3124.0,95.0,2420,2014.0,,1090,1008.0,26.7,1,saludable,propagada,-76,luz_saturada,saludable
maceta-sim,4260,6,sim-1.0,1791477300,25.5,40.0,4095,3124.0,95.0,2440,2028.0,,1094,1016.0,26.9,1,saludable,propagada,-76,luz_saturada,saludable
maceta-sim,4261,6,sim-1.0,1791477600,24.9,45.0,4095,3124.0,95.0,2424,2017.0,,1092,1014.0,26.9,1,saludable,propagada,-79,luz_saturada,saludable
maceta-sim,4262,6,sim-1.0,1791477900,25.2,44.0,4095,3124.0,95.0,2437,2026.0,,1094,1014.0,26.7,1,saludable,propagada,-77,luz_saturada,saludable
maceta-sim,4263,6,sim-1.0,1791478200,25.5,41.0,4052,3095.0,94.0,2444,2031.0,,1101,1020.0,26.2,1,saludable,propagada,-70,,saludable
maceta-sim,4264,6,sim-1.0,1791478500,25.1,42.0,4095,3124.0,95.0,2439,2027.0,,1099,1017.0,26.5,1,saludable,propagada,-73,luz_saturada,saludable
maceta-sim,4265,6,sim-1.0,1791478800,25.5,44.0,4003,3062.0,93.0,2437,2026.0,,1095,1015.0,27.0,1,saludable,propagada,-76,,saludable
maceta-sim,4266,6,sim-1.0,1791479100,25.3,42.0,4085,3117.0,94.0,2456,2039.0,,1094,1015.0,26.5,1,saludable,propagada,-68,luz_saturada,saludable
maceta-sim,4267,6,sim-1.0,1791479400,25.0,41.0,4095,3124.0,95.0,2446,2032.0,,1097,1016.0,26.5,1,saludable,propagada,-72,luz_saturada,saludable
maceta-sim,4268,6,sim-1.0,1791479700,25.8,43.0,4095,3124.0,95.0,2456,2039.0,,1103,1022.0,26.9,1,saludable,propagada,-72,luz_saturada,saludable
maceta-sim,4269,6,sim-1.0,1791480000,25.8,40.0,4095,3124.0,95.0,2457,2040.0,,1093,1017.0,26.9,1,saludable,propagada,-73,luz_saturada,saludable
maceta-sim,4270,6,sim-1.0,1791480300,25.6,39.0,3924,3009.0,91.0,2441,2029.0,,1095,1017.0,26.7,1,saludable,propagada,-76,,saludable
maceta-sim,4271,6,sim-1.0,1791480600,25.8,44.0,3938,3019.0,91.0,2443,2030.0,,1102,1022.0,27.0,1,saludable,propagada,-77,,saludable
maceta-sim,4272,6,sim-1.0,1791480900,25.1,42.0,3907,2998.0,91.0,2454,2038.0,,1087,1010.0,26.8,1,saludable,propagada,-74,,saludable
maceta-sim,4273,6,sim-1.0,1791481200,25.9,40.0,4095,3124.0,95.0,2457,2040.0,,1100,1022.0,26.7,1,saludable,propagada,-66,luz_saturada,saludable
maceta-sim,4274,6,sim-1.0,1791481500,25.7,43.0,4095,3124.0,95.0,2500,2070.0,,1095,1018.0,26.8,1,saludable,propagada,-74,luz_saturada,saludable
maceta-sim,4275,6,sim-1.0,1791481800,26.4,41.0,3611,2799.0,85.0,2494,2066.0,,1111,1029.0,27.2,1,saludable,propagada,-70,,saludable
maceta-sim,4276,6,sim-1.0,1791482100,25.9,40.0,3988,3052.0,92.0,2481,2057.0,,1104,1024.0,27.2,1,saludable,propagada,-73,,saludable
maceta-sim,4277,6,sim-1.0,1791482400,26.0,40.0,3591,2786.0,84.0,2486,2060.0,,1101,1023.0,26.9,1,saludable,propagada,-73,,saludable
maceta-sim,4278,6,sim-1.0,1791482700,26.0,41.0,3861,2967.0,90.0,2487,2061.0,,1102,1023.0,26.9,1,saludable,propagada,-66,,saludable
maceta-sim,4279,6,sim-1.0,1791483000,25.6,41.0,3557,2763.0,84.0,2493,2065.0,,1095,1015.0,26.9,1,saludable,propagada,-69,,saludable
maceta-sim,4280,6,sim-1.0,1791483300,25.8,42.0,3429,2677.0,81.0,2486,2060.0,,1106,1025.0,26.8,1,saludable,propagada,-69,,saludable
maceta-sim,4281,6,sim-1.0,1791483600,26.5,41.0,3479,2711.0,82.0,2496,2067.0,,1116,1034.0,27.4,1,saludable,propagada,-72,,saludable
maceta-sim,4282,6,sim-1.0,1791483900,25.7,42.0,3695,2856.0,87.0,2493,2065.0,,1101,1021.0,26.7,1,saludable,propagada,-71,,saludable
maceta-sim,4283,6,sim-1.0,1791484200,25.9,42.0,3350,2624.0,80.0,2511,2078.0,,1102,1022.0,26.9,1,saludable,propagada,-73,,saludable
maceta-sim,4284,6,sim-1.0,1791484500,26.0,41.0,3175,2507.0,76.0,2511,2078.0,,1108,1027.0,27.2,1,saludable,propagada,-70,,saludable
maceta-sim,4285,6,sim-1.0,1791484800,25.9,40.0,3600,2792.0,85.0,2493,2065.0,,1104,1023.0,27.3,1,saludable,propagada,-72,,saludable
maceta-sim,4286,6,sim-1.0,1791485100,26.0,40.0,3509,2731.0,83.0,2506,2074.0,,1102,1024.0,27.0,1,saludable,propagada,-71,,saludable
maceta-sim,4287,6,sim-1.0,1791485400,25.5,39.0,3326,2608.0,79.0,2494,2066.0,,1099,1019.0,26.9,1,saludable,propagada,-67,,saludable
maceta-sim,4288,6,sim-1.0,1791485700,26.4,38.0,3051,2424.0,73.0,2513,2079.0,,1111,1031.0,27.2,1,saludable,propagada,-69,,saludable
maceta-sim,4289,6,sim-1.0,1791486000,26.3,37.0,3223,2539.0,77.0,2521,2085.0,,1112,1032.0,27.1,1,saludable,propagada,-73,,saludable
maceta-sim,4290,6,sim-1.0,1791486300,25.9,42.0,3339,2617.0,79.0,2526,2088.0,,1103,1022.0,27.0,1,saludable,propagada,-72,,saludable
maceta-sim,4291,6,sim-1.0,1791486600,26.1,39.0,2852,2290.0,69.0,2524,2087.0,,1104,1023.0,26.9,1,saludable,propagada,-71,,saludable
maceta-sim,4292,6,sim-1.0,1791486900,,,3153,2492.0,76.0,2519,2083.0,,1104,1023.0,27.2,1,saludable,propagada,-69,dht_sin_respuesta,saludable
maceta-sim,4293,6,sim-1.0,1791487200,25.6,41.0,3157,2495.0,76.0,2510,2077.0,,1100,1022.0,27.1,1,saludable,propagada,-74,,saludable
maceta-sim,4294,6,sim-1.0,1791487500,26.1,39.0,2975,2373.0,72.0,2514,2080.0,,1103,1026.0,26.9,1,saludable,propagada,-69,,saludable
maceta-sim,4295,6,sim-1.0,1791487800,25.8,39.0,2826,2273.0,69.0,2549,2104.0,,1102,1024.0,27.0,1,saludable,propagada,-72,,saludable
maceta-sim,4296,6,sim-1.0,1791488100,26.3,41.0,2665,2165.0,66.0,2547,2103.0,,1115,1031.0,27.3,1,saludable,propagada,-74,,saludable
maceta-sim,4297,6,sim-1.0,1791488400,25.9,43.0,2932,2344.0,71.0,2520,2084.0,,1100,1021.0,27.0,1,saludable,propagada,-71,,saludable
maceta-sim,4298,6,sim-1.0,1791488700,26.0,41.0,2776,2239.0,68.0,2543,2100.0,,1099,1022.0,27.0,1,saludable,propagada,-71,,saludable
maceta-sim,4299,6,sim-1.0,1791489000,25.7,37.0,2574,2104.0,64.0,2544,2101.0,,1099,1021.0,27.2,1,saludable,propagada,-79,,saludable
maceta-sim,4300,6,sim-1.0,1791489300,25.9,39.0,2460,2027.0,61.0,2556,2109.0,,1103,1023.0,27.2,1,saludable,propagada,-74,,saludable
